Date,Open,High,Low,Close,Volume
2014-09-22,22.409782879230033,22.48462810401837,22.141217440637146,22.24688148498535,211153600
2014-09-23,22.145614044438542,22.66073159421945,22.132406461969566,22.594690322875977,253608800
2014-09-24,22.489025668313165,22.640917900909958,22.27769427778856,22.39876937866211,240687200
2014-09-25,22.12580048634954,22.169826876565786,21.51162276968786,21.54464340209961,400368000
2014-09-26,21.689937669657883,22.178638458251953,21.661320676267085,22.178638458251953,249482000
2014-09-29,21.716360349581247,22.110402967993927,21.711956700492816,22.037757873535156,199065200
2014-09-30,22.191846042970848,22.352545601548915,22.13020840828323,22.178638458251953,221056400
2014-10-01,22.143409158177377,22.165424031913158,21.727353572956858,21.833019256591797,205965200
2014-10-02,21.852833594410182,22.061963166799195,21.58206807748978,21.991519927978516,191031200
2014-10-03,21.890261431019457,22.059764924622677,21.802206948323168,21.929885864257812,173878400
2014-10-06,22.002529258945152,22.156625023538556,21.88585778315988,21.929885864257812,148204800
2014-10-07,21.88805343315294,22.039947330972026,21.733959391524223,21.738361358642578,168376800
2014-10-08,21.740569414931482,22.25788719385516,21.64150749162722,22.189645767211914,229618800
2014-10-09,22.352538925325362,22.53745177415871,22.147813025831823,22.238067626953125,309506000
2014-10-10,22.165426868188895,22.46040740360441,22.07957422403069,22.174232482910156,265326400
2014-10-13,22.30632077260837,22.40538103208533,21.97171401977539,21.97171401977539,214333600
2014-10-14,22.09938312431479,22.12800010933181,21.69873693658104,21.738361358642578,254754400
2014-10-15,21.56666029616821,21.826420073794125,20.95248247416711,21.472002029418945,403734400
2014-10-16,21.033937304353575,21.511630700254706,21.003118483940582,21.19023323059082,288618000
2014-10-17,21.463193472684548,21.793396449187387,21.311299566053503,21.5006160736084,272718800
2014-10-20,21.64369993671275,22.00472164944788,21.621686745350626,21.960695266723633,310069200
2014-10-21,22.67834156976872,22.67834156976872,22.293104731870155,22.557268142700195,378495600
2014-10-22,22.638717034763854,22.918289850604097,22.58588502464811,22.671737670898438,273052400
2014-10-23,22.91168644465775,23.125217991820485,22.81262453458775,23.0767879486084,284298800
2014-10-24,23.153837816454967,23.22207924233775,23.01074949294307,23.162643432617188,188215600
2014-10-27,23.081192070736737,23.219878421879475,23.04817143096468,23.138427734375,136750800
2014-10-28,23.202257704673496,23.497238159179688,23.191250269416297,23.497238159179688,192243600
2014-10-29,23.47743741898057,23.63593515324029,23.4135979604871,23.629329681396484,210751600
2014-10-30,23.54567379140394,23.63152643244834,23.312330888001124,23.550077438354492,162619200
2014-10-31,23.776819972595856,23.783423764472833,23.60071101821234,23.77461814880371,178557200
2014-11-03,23.823042101303177,24.28092392197464,23.776813890490054,24.082801818847656,209130400
2014-11-04,24.073991956576176,24.10260893550535,23.712970267706055,23.906688690185547,166297600
2014-11-05,24.016767869134707,24.060795949620932,23.803236297400268,23.96393585205078,149743600
2014-11-06,24.010363956767335,24.05237157955681,23.833493040334794,24.032472610473633,139874000
2014-11-07,24.043521719628117,24.169542869445934,23.999304423362183,24.10100555419922,134766000
2014-11-10,24.10321273868893,24.17175173360968,24.025831634857337,24.061206817626953,108782000
2014-11-11,24.032473012916476,24.26461809767545,23.966147050686903,24.253562927246094,109769200
2014-11-12,24.182811827951483,24.636046782168272,24.180602143510125,24.596250534057617,187769600
2014-11-13,24.717850337094166,25.08264730558386,24.673631347095846,24.943361282348633,238091600
2014-11-14,25.016322926772116,25.24625662890309,24.587407974067983,25.24404525756836,176254400
2014-11-17,25.26394080279144,25.92942183910874,25.049485027961467,25.202035903930664,186986800
2014-11-18,25.190985702590186,25.577893057644907,25.1799305320186,25.529253005981445,176896000
2014-11-19,25.52261325514403,25.588939199196034,25.16002602995825,25.352373123168945,167476800
2014-11-20,25.405435655470736,25.83656019135191,25.39216911736398,25.7149600982666,173582000
2014-11-21,25.98027896697702,25.993543823425547,25.653065118060393,25.75034523010254,228717200
2014-11-24,25.83434844705014,26.25884055113191,25.78349872651811,26.227888107299805,189803200
2014-11-25,26.32517215005574,26.47551333710305,25.967005934412512,26.00016975402832,275361600
2014-11-26,26.075339569867698,26.33180293960322,26.05101954944685,26.309694290161133,163073200
2014-11-28,26.369395460009297,26.398138230723664,26.099667159738036,26.294225692749023,99257600
2014-12-01,26.267688764292007,26.364968853711147,24.600670824712704,25.440813064575195,335256000
2014-12-02,25.093707268517623,25.59115961525035,24.927889819606712,25.343538284301758,237395600
2014-12-03,25.591152775811693,25.72380636213123,25.4496553921666,25.630949020385742,172253600
2014-12-04,25.595567675630058,25.911726185162937,25.489445506808387,25.533662796020508,168178000
2014-12-05,25.64421535215996,25.664114318985703,25.345744344029505,25.425336837768555,153275600
2014-12-08,25.22636380379734,25.34796395508909,24.67806165400412,24.85051155090332,230659600
2014-12-09,24.36189444365549,25.270573986393384,24.176178067125463,25.230777740478516,240832000
2014-12-10,25.294889574511036,25.39216795775507,24.660361122193727,24.751007080078125,178261200
2014-12-11,24.81955796298431,25.16003668433331,24.616153929458036,24.67806053161621,165606800
2014-12-12,24.42158561617403,24.733323126935638,24.227027147547663,24.260190963745117,224112400
2014-12-15,24.47464893391686,24.673630162400315,23.512908297492405,23.928558349609375,268872400
2014-12-16,23.517327712654122,24.35525843804916,23.493007694458836,23.601341247558594,243162800
2014-12-17,23.68314944883713,24.284512528291458,23.616821807615015,24.18944549560547,213647200
2014-12-18,24.733325235400784,24.90577507019043,24.46580668569096,24.90577507019043,236024800
2014-12-19,24.819556221482667,25.036223410094973,24.68690259973072,24.71343231201172,353719200
2014-12-22,24.79744076482196,25.09148901158005,24.755433149521437,24.969890594482422,180670000
2014-12-23,25.034001262526992,25.05610990734887,24.863761155157448,24.88144874572754,104113600
2014-12-24,24.890305329604903,24.91904641396231,24.764284133911133,24.764284133911133,57918400
2014-12-26,24.784176149838448,25.319213274885985,24.764278869539766,25.202035903930664,134884000
2014-12-29,25.157811951178655,25.374479039921265,25.13791298935774,25.184343338012695,110395600
2014-12-30,25.12465258690099,25.18655748035729,24.78638535709917,24.877031326293945,119526000
2014-12-31,24.943358039507107,25.011895356616602,24.366313367610005,24.403898239135742,165613600
2015-01-02,24.62720329616351,24.63825846563847,23.73399991696837,24.1717586517334,212818400
2015-01-05,23.94182443642263,24.02141693191781,23.305086159243192,23.490800857543945,257142000
2015-01-06,23.554920196804904,23.75169008997391,23.13263764142683,23.49301528930664,263188400
2015-01-07,23.70083526618592,23.921925153694303,23.590290322431727,23.82243537902832,160423600
2015-01-08,24.149652697167955,24.79523485856335,24.032473622702987,24.737751007080078,237458000
2015-01-09,24.910202614133336,25.038435181479937,24.366321575519045,24.764284133911133,214798000
2015-01-12,24.894720676810472,24.901353103465542,24.05458012712268,24.154069900512695,198603200
2015-01-13,24.63604307861509,24.93893679296652,24.078897375604033,24.3685245513916,268367600
2015-01-14,24.107638425429208,24.428218046235322,23.988249699167007,24.275667190551758,195826400
2015-01-15,24.319887186095446,24.33315203933582,23.581447784827517,23.6168212890625,240056000
2015-01-16,23.66325280064209,23.784852925871537,23.258657860459195,23.433319091796875,314053200
2015-01-20,23.84232798019317,24.092160583588473,23.54606839872821,24.036888122558594,199599600
2015-01-21,24.087742666751595,24.55424246622366,23.93740147516654,24.22039794921875,194303600
2015-01-22,24.377379176975904,24.865987780451132,24.257990397557418,24.85051155090332,215185600
2015-01-23,24.828391890847477,25.14897151233598,24.658151754473877,24.97873306274414,185859200
2015-01-26,25.14676358405117,25.283839922916894,24.938940234729454,25.005266189575195,222460000
2015-01-27,24.854915973820283,24.868182509398775,24.10542165471889,24.129741668701172,382274800
2015-01-28,26.006805943239854,26.115141215444147,25.493877410888672,25.493877410888672,585908400
2015-01-29,25.71717393553082,26.3517024776813,25.549145159911046,26.287586212158203,337745600
2015-01-30,26.177038282978472,26.530781701644056,25.834348344619567,25.90288734436035,334982000
2015-02-02,26.099657277187507,26.347276827844368,25.664110005973548,26.227888107299805,250956400
2015-02-03,26.19914743365883,26.329589636542504,26.002377600534224,26.232311248779297,207662800
2015-02-04,26.199145603194392,26.643536646484126,26.157137994524646,26.433500289916992,280598800
2015-02-05,26.639932833229228,26.68654643853191,26.469022489729515,26.622177124023438,168984800
2015-02-06,26.639935184459446,26.690987298209635,26.291454170632036,26.39799690246582,174826400
2015-02-09,26.31364763164002,26.599977685665074,26.287011529513478,26.57334327697754,155559200
2015-02-10,26.67322452285019,27.112710874686844,26.67100611784984,27.08385467529297,248034000
2015-02-11,27.25032524044763,27.727544776569264,27.19039613285973,27.718666076660156,294247200
2015-02-12,27.980584954105176,28.295772909406395,27.87182383146466,28.06937026977539,297898000
2015-02-13,28.25137537106141,28.25137537106141,27.88957725115445,28.20698356628418,217088800
2015-02-17,28.297994557330423,28.606523945663774,28.17147601836981,28.373462677001953,252609600
2015-02-18,28.329061150731018,28.584318255260847,28.289107850079056,28.571001052856445,179566800
2015-02-19,28.517736483842516,28.639816516664126,28.484443468926816,28.511077880859375,149449600
2015-02-20,28.54881066804694,28.744138717651367,28.422293826373803,28.744138717651367,195793600
2015-02-23,28.859554753512104,29.5210018157959,28.779648146956642,29.5210018157959,283896400
2015-02-24,29.507684932021636,29.654180943439172,29.114810496630156,29.336772918701172,276912400
2015-02-25,29.201373212436046,29.2102536052122,28.44448060494964,28.586536407470703,298846800
2015-02-26,28.586537737217196,29.04821996360588,28.102661301610702,28.94833755493164,365150000
2015-02-27,28.855116789834128,28.98163700453715,28.464464120263223,28.513296127319336,248059200
2015-03-02,28.688644379661472,28.917265414019177,28.477780746316142,28.65312957763672,192386800
2015-03-03,28.62428056375755,28.748579000464154,28.431170918915576,28.713064193725586,151265200
2015-03-04,28.65534962054463,28.75745043653652,28.48221920483862,28.531047821044922,126665200
2015-03-05,28.53993723201078,28.577670448702055,27.914003080988433,28.058279037475586,226068400
2015-03-06,28.499976172884985,28.715280012385133,28.024978376338545,28.100444793701172,291368400
2015-03-09,28.402315541867832,28.759676923373377,27.758624083605657,28.220306396484375,354114000
2015-03-10,28.058272239386927,28.238061269952983,27.478950148186314,27.63654327392578,275426400
2015-03-11,27.68981472769633,27.69425323143729,27.103834014425015,27.132688522338867,275756000
2015-03-12,27.148224784716703,27.723108369874826,26.997290261725283,27.62322425842285,193450800
2015-03-13,27.612125613115115,27.83408803493527,27.208154073139987,27.432334899902344,207309200
2015-03-16,27.49670172905394,27.734201431274414,27.272520922481597,27.734201431274414,143497200
2015-03-17,27.94506973590977,28.260255973996387,27.889579129481607,28.19810676574707,204092400
2015-03-18,28.189229322482216,28.66866899625074,28.049393597685892,28.515514373779297,261083600
2015-03-19,28.577669779459633,28.688651021321615,28.278020765120164,28.300216674804688,183238000
2015-03-20,28.46667969541809,28.499972702883888,27.780816646601348,27.945068359375,274780400
2015-03-23,28.215858320379294,28.377889909253515,28.08267953779297,28.2358341217041,150838800
2015-03-24,28.240278454406234,28.420065772981385,28.091562351191943,28.120418548583984,131369200
2015-03-25,28.08712518287617,28.149274390306743,27.385723114013672,27.385723114013672,206620800
2015-03-26,27.248116555304584,27.718675964269867,27.212601742999567,27.57662010192871,190291600
2015-03-27,27.649861003464096,27.67871551094298,27.2814042347131,27.356870651245117,158184800
2015-03-30,27.534439933794285,28.05605130210032,27.52334113499331,28.049392700195312,188398800
2015-03-31,27.987234888534164,28.07602017670679,27.603240930337446,27.618778228759766,168362400
2015-04-01,27.705347314713894,27.77193671356621,27.32357170729665,27.578828811645508,162485600
2015-04-02,27.751962555019634,27.86960237283021,27.565514925306033,27.81633186340332,128880400
2015-04-06,27.6276576033256,28.302423439143844,27.596583005720163,28.266908645629883,148776000
2015-04-07,28.33129018335556,28.437831223066524,27.962833355316143,27.969491958618164,140049200
2015-04-08,27.93397534112858,28.05605537189241,27.73864898534564,27.87848472595215,149316800
2015-04-09,27.933972955386533,28.096006282976266,27.669838801244122,28.09156608581543,129936000
2015-04-10,27.956162966326158,28.23583605812348,27.803010065350335,28.2114200592041,160752000
2015-04-13,28.49330973169168,28.53770491734124,28.102657160866446,28.155927658081055,145460400
2015-04-14,28.189226543115986,28.253595846308986,27.94728832500602,28.03385353088379,102098400
2015-04-15,28.058276809630833,28.218088366476408,27.96949148242378,28.14040184020996,115881600
2015-04-16,28.029413254333218,28.21142236533127,27.99168005053286,28.00499725341797,113476000
2015-04-17,27.86738231870997,27.998339332768015,27.6254424019684,27.68981170654297,207828000
2015-04-20,27.87182516731625,28.43782840664329,27.783039847390697,28.32240867614746,188217200
2015-04-21,28.433392075866454,28.455586289423398,28.115984001409522,28.16925621032715,129740400
2015-04-22,28.187005220449002,28.604293930488744,28.038290816138105,28.548803329467773,150618000
2015-04-23,28.47777864751764,28.948337885592863,28.44226384811031,28.7818660736084,183083600
2015-04-24,28.96387471775855,28.994949318200284,28.684199926905492,28.917261123657227,178103600
2015-04-27,29.367854798675836,29.549865655571534,29.110377512428638,29.443321228027344,387816800
2015-04-28,29.845073414042368,29.86282743012304,28.759677136402377,28.97941780090332,475696000
2015-04-29,28.890639020246866,29.20804376083708,28.477788646098105,28.553255081176758,253544400
2015-04-30,28.55325112227763,28.55325112227763,27.65208406384798,27.778602600097656,332781600
2015-05-01,27.989460593249742,28.883970560985873,27.811891674772614,28.622053146362305,234050400
2015-05-04,28.744135184397194,28.981636614324906,28.468900547139256,28.566564559936523,203953200
2015-05-05,28.444476358623902,28.511065746994323,27.91842662556384,27.922866821289062,197085600
2015-05-06,28.091568879027747,28.133742289053895,27.38128967218274,27.747528076171875,288564000
2015-05-07,27.809937979380642,28.101924546751007,27.64277075933011,27.91915512084961,175763600
2015-05-08,28.235650801496316,28.445167541503906,28.108603814590378,28.445167541503906,222201600
2015-05-11,28.39391215898919,28.43180299107451,28.001625901863875,28.155420303344727,168143200
2015-05-12,27.994935504673595,28.280233941837672,27.82108187580879,28.055116653442383,192640000
2015-05-13,28.117523377682865,28.34932876572444,28.055114561770264,28.086318969726562,138776800
2015-05-14,28.398361129602005,28.741609573364258,28.342638736710246,28.741609573364258,180814000
2015-05-15,28.768361775895382,28.861974998052265,28.576676587376436,28.701494216918945,152832000
2015-05-18,28.614566226619402,29.136127043210262,28.610107482598703,29.017995834350586,203531600
2015-05-19,29.129441451142803,29.17179101797366,28.89540669830535,28.99125099182129,178532800
2015-05-20,28.97564656274828,29.19407740762655,28.828538617799044,28.9890193939209,145819600
2015-05-21,28.991250840461213,29.33895805953567,28.937756114055425,29.285463333129883,158921600
2015-05-22,29.332267144490537,29.637624750115435,29.287686512144784,29.541780471801758,182384000
2015-05-26,29.5551588124723,29.62425403610724,28.779500647797832,28.890945434570312,282790400
2015-05-27,29.051428192419124,29.47937579485799,28.986791708108267,29.430339813232422,183332800
2015-05-28,29.390226139921843,29.410285389960727,29.220831248994983,29.372394561767578,122933200
2015-05-29,29.24979600702335,29.298831982306186,28.953352484095202,29.03805160522461,203538000
2015-06-01,29.038062033435267,29.285469669930134,28.986798368511394,29.096012115478516,128451200
2015-06-02,28.94444742383134,29.122759807642176,28.824088520348884,28.966737747192383,134670400
2015-06-03,29.12274835029554,29.18515714992286,28.953350121857543,29.00238609313965,123934000
2015-06-04,28.88203808014571,29.104927705643647,28.732702439185186,28.8330020904541,153800400
2015-06-05,28.86419923940893,28.90654880176201,28.610105266315358,28.674741744995117,142507200
2015-06-08,28.73046896160397,28.799567596586602,28.269089243973,28.485292434692383,210699200
2015-06-09,28.240108224583487,28.54769692371344,27.99938877808449,28.400588989257812,224301600
2015-06-10,28.51203198838768,28.828534754147174,28.496429787273126,28.72600746154785,156349200
2015-06-11,28.792871439215535,29.01576099697763,28.636849428987016,28.661367416381836,141563600
2015-06-12,28.57221218670296,28.60341658791102,28.331491062658774,28.344863891601562,147544800
2015-06-15,28.106377027116736,28.36047102429246,28.019450222846757,28.289146423339844,175955600
2015-06-16,28.31366307517019,28.496432462748732,28.16655683663748,28.440710067749023,125976400
2015-06-17,28.46745927562439,28.503120726470296,28.24902672483484,28.37384605407715,131672400
2015-06-18,28.358241650270774,28.598961101213874,28.35601227835567,28.50311851501465,141628800
2015-06-19,28.465228696609618,28.489746687000903,28.17324388442035,28.21782112121582,218867600
2015-06-22,28.416190490661805,28.54323747614416,28.324806652233242,28.44293785095215,136157200
2015-06-23,28.41396864362743,28.44294368116358,28.280233515275235,28.31366729736328,121075600
2015-06-24,28.35379084524907,28.931075895994205,28.33373159393428,28.554391860961914,221123600
2015-06-25,28.721556532525405,28.797338186982362,28.418426513671875,28.418426513671875,127752400
2015-06-26,28.45631112527636,28.527635719985458,28.197760107148053,28.251253128051758,176267200
2015-06-29,27.963730430215445,28.188849413776683,27.74529956342408,27.75644302368164,196645600
2015-06-30,27.988241373727654,28.11083130927194,27.8299899936238,27.9570369720459,177482800
2015-07-01,28.284688676921608,28.29360446438322,28.081858338323283,28.21782112121582,120955200
2015-07-02,28.1799338662497,28.23788564182807,28.032825905284497,28.18216323852539,108844000
2015-07-06,27.847823067432426,28.135350813154044,27.8277621221199,28.08408546447754,112241600
2015-07-07,28.05956899589914,28.117520762647978,27.587042475701974,28.014991760253906,187787200
2015-07-08,27.745300059575833,27.780961513755635,27.312893661748337,27.319580078125,243046400
2015-07-09,27.604878270746532,27.651684885484176,26.572899973215907,26.76235580444336,314380000
2015-07-10,27.179155852039294,27.604874064361603,27.016445710876685,27.477827072143555,245418000
2015-07-13,27.867886872018197,28.03059703090678,27.709635457489693,28.00830841064453,165762000
2015-07-14,28.093006371960204,28.166560350659324,27.870116764153963,27.997163772583008,127072400
2015-07-15,28.021675161814606,28.340407293884716,27.99047076011647,28.26685333251953,134596800
2015-07-16,28.47191330005847,28.6569137524723,28.38498650348072,28.643537521362305,144889600
2015-07-17,28.770586561307027,28.890945434570312,28.59896063739041,28.890945434570312,184658800
2015-07-20,29.191854657351737,29.6376339103909,29.131673505904224,29.437034606933594,235600800
2015-07-21,29.61088220960279,29.626482711746768,29.0469718415007,29.142812728881836,307025600
2015-07-22,27.190300334606057,27.972643263784516,27.190300334606057,27.910234451293945,461802400
2015-07-23,28.12866570825328,28.3270373082323,27.87457171051582,27.896862030029297,203998000
2015-07-24,27.93252334778628,28.026136567453218,27.61602053814322,27.749753952026367,168649200
2015-07-27,27.435481330336312,27.551384880041798,27.219279836659762,27.36415672302246,177822000
2015-07-28,27.500110626220703,27.618243509962646,27.31511360180114,27.500110626220703,134472400
2015-07-29,27.448852083328312,27.526863096129816,27.25270816484163,27.413188934326172,148046800
2015-07-30,27.263848739167315,27.319571124728114,27.127885982357984,27.274993896484375,134513200
2015-07-31,27.326262085652413,27.335177872887087,26.94957985293466,27.03650665283203,171540000
2015-08-03,27.08108564980745,27.31957744718031,26.193984318156094,26.399044036865234,279904000
2015-08-04,26.171693835570665,26.23410264531658,25.242244703613594,25.552061080932617,496554400
2015-08-05,25.17537606494462,26.176151451205765,24.98592027194948,25.72145652770996,397250400
2015-08-06,25.965512864034878,26.08417881192571,25.551300924114155,25.777437210083008,211612000
2015-08-07,25.654286513066097,26.028196539403755,25.636374225907357,25.864749908447266,154681600
2015-08-10,26.09088763872919,26.86557611627786,26.09088763872919,26.805124282836914,219806400
2015-08-11,26.37748558060016,26.460328652622938,25.374421111088235,25.41024398803711,388331200
2015-08-12,25.19529452559621,25.84236096646408,24.54598862173229,25.802059173583984,404870000
2015-08-13,25.98118713866503,26.06179075081414,25.645339324113845,25.781917572021484,194143200
2015-08-14,25.59607301858743,26.041630495528047,25.526665039524,25.963266372680664,171718000
2015-08-17,25.98117814152705,26.34165480763774,25.860272765172244,26.231945037841797,163538800
2015-08-18,26.068502283275883,26.29464024535976,25.97446532375149,26.08417510986328,138242800
2015-08-19,25.994613097621496,26.088650048930123,25.676677667077175,25.750564575195312,193146000
2015-08-20,25.54234291241586,25.602794759643356,24.993790527645906,25.22216796875,274006400
2015-08-21,24.72510991580904,25.054240964055126,23.654875424376108,23.67950439453125,513102000
2015-08-24,21.24124891448916,24.360154736085217,20.5986596770011,23.088411331176758,648825200
2015-08-25,24.87736060051428,24.87736060051428,23.17349300701332,23.22722816467285,414406400
2015-08-26,23.977293513141916,24.604210100176438,23.52054200077737,24.559431076049805,387098400
2015-08-27,25.1281287694697,25.354265018824652,24.633311593791372,25.282617568969727,338464400
2015-08-28,25.114694413745738,25.36993856788894,24.97363897325923,25.365461349487305,212657600
2015-08-31,25.08334899563872,25.64309525264471,25.076632313868252,25.246795654296875,224917200
2015-09-01,24.66241280050252,25.04975613399898,24.037735965828585,24.11833953857422,307383600
2015-09-02,24.680331491377068,25.152755737304688,24.43404178394238,25.152755737304688,247555200
2015-09-03,25.18634515621451,25.251275934886365,24.63779444111156,24.711681365966797,212935600
2015-09-04,24.398216919917026,24.729585703954335,24.295223827137335,24.46538543701172,199985200
2015-09-08,25.020649758170403,25.202006941334137,24.70047493231018,25.146032333374023,219374400
2015-09-09,25.470692029743567,25.52890440569898,24.577335848265434,24.662418365478516,340043200
2015-09-10,24.68928317884413,25.363218042113143,24.60644183939437,25.20425033569336,251571200
2015-09-11,25.029609680818837,25.571443557739258,25.022893000162675,25.571443557739258,199662000
2015-09-14,26.102083868905392,26.171491847516478,25.716978229754055,25.817731857299805,233453600
2015-09-15,25.956547991660713,26.090886723200867,25.618460845853757,26.034912109375,173364800
2015-09-16,26.028199393312086,26.09313016022468,25.84684216352134,26.064023971557617,148694000
2015-09-17,25.8960923584784,26.081926750858194,25.461728872332426,25.506507873535156,256450400
2015-09-18,25.123651498552046,25.59160027079234,25.047526825406674,25.40128517150879,297141200
2015-09-21,25.450545184122053,25.83117370539688,25.448307428760756,25.79534912109375,200888000
2015-09-22,25.385612015661604,25.564731503889117,25.193059163690542,25.390090942382812,201384800
2015-09-23,25.441582658931672,25.685632880726555,25.367697461699983,25.596073150634766,143026800
2015-09-24,25.356504883973493,25.86027650418489,25.15947482080196,25.748327255249023,200878000
2015-09-25,26.070734713737725,26.126709323337327,25.52889919457434,25.68338966369629,224607600
2015-09-28,25.49084207726823,25.6520492591599,25.175146102905273,25.175146102905273,208436000
2015-09-29,25.262469548383283,25.414720605049194,24.149693669132315,24.418371200561523,293461600
2015-09-30,24.666896969730384,24.973638525143357,24.34448429608788,24.69600486755371,265892000
2015-10-01,24.420607058415772,24.543751905261725,24.026545256718563,24.5347957611084,255716400
2015-10-02,24.18327840613088,24.854973932318234,24.08028529710069,24.713916778564453,232079200
2015-10-05,24.60196544381129,24.93557542351823,24.420608213703833,24.80347442626953,208258800
2015-10-06,24.769889081482127,25.018416539507857,24.577336245386334,24.92214012145996,192787200
2015-10-07,25.018416771488347,25.025133452868637,24.496734588503575,24.80347442626953,187062400
2015-10-08,24.671366672282485,24.671366672282485,24.228047062980956,24.516876220703125,247918400
2015-10-09,24.62883867512287,25.139327057984506,24.514649944784797,25.103504180908203,211064400
2015-10-12,25.240076459852247,25.244553677850178,24.95124721500519,24.987070083618164,121868800
2015-10-13,24.812429785978768,25.17738369784618,24.78108413505567,25.029611587524414,132197200
2015-10-14,24.917664521660804,24.96916022058333,24.530319361136108,24.675853729248047,177849600
2015-10-15,24.83705861516678,25.099019428488592,24.738542736703256,25.045284271240234,150694000
2015-10-16,25.027374938781016,25.07663288383072,24.747501803916833,24.861690521240234,156930400
2015-10-19,24.80795436610727,25.020657256818605,24.65346385520979,25.01618003845215,119036800
2015-10-20,24.9288574995095,25.5624906474361,24.8124310342536,25.472930908203125,195871200
2015-10-21,25.524428749430527,25.878188785928117,25.457258516805933,25.470693588256836,167180800
2015-10-22,25.598314448531912,25.860275268554688,25.546817044869623,25.860275268554688,166616400
2015-10-23,26.128947698109524,26.695412195601318,26.046106367189562,26.661827087402344,237467600
2015-10-26,26.437936407238446,26.449130307785506,25.730416297397827,25.811019897460938,265335200
2015-10-27,25.837894537561212,26.093138762978445,25.522196743475938,25.647581100463867,279537600
2015-10-28,26.180456364120694,26.711096519151894,25.985664019263854,26.704378128051758,342205600
2015-10-29,26.576751762325298,27.022311015545384,26.480475337201515,26.986486434936523,204909200
2015-10-30,27.089479106654476,27.140976513399856,26.74467521077889,26.755870819091797,197461200
2015-11-02,27.04693442912581,27.17231701906884,26.78049471728719,27.132015228271484,128813200
2015-11-03,27.044696394084855,27.649221579751767,27.024544643517416,27.443235397338867,182076000
2015-11-04,27.568621294076515,27.723111803484766,27.23053579384363,27.315616607666016,179544400
2015-11-05,27.398810417433715,27.587691088240014,27.02329984048355,27.189693450927734,158210800
2015-11-06,27.2324234951006,27.38982266316055,27.122244077458635,27.221179962158203,132169200
2015-11-09,27.198688386196107,27.389816393813046,26.994069514554077,27.110994338989258,135485600
2015-11-10,26.2857689753872,26.548851106859324,26.09688830871263,26.25653648376465,236511600
2015-11-11,26.16659467545191,26.402693360504724,25.90575988184487,26.108131408691406,180872000
2015-11-12,26.141863988620223,26.26778330516697,26.00470114072951,26.02044105529785,130102400
2015-11-13,25.903516496024874,25.98671417400718,25.24468565184891,25.260425567626953,183249600
2015-11-16,25.044561880269672,25.687652776569372,24.95911687252824,25.674161911010742,152426800
2015-11-17,25.840555041603942,25.869787537109683,25.480784337672787,25.563982009887695,110467600
2015-11-18,26.02943758532632,26.418439096918082,25.97097430567729,26.37346839904785,186698800
2015-11-19,26.452170758885142,26.92661904803808,26.25429726572351,26.708507537841797,173183200
2015-11-20,26.80294666457502,26.964843936479436,26.724247078377687,26.8254337310791,137148400
2015-11-23,26.818677971561094,26.922113640808906,26.384704146405184,26.476896286010742,129930000
2015-11-24,26.382456619557942,26.836666736115248,26.33523688334568,26.73098373413086,171212800
2015-11-25,26.80518713090661,26.80968522897599,26.515121564214937,26.53985595703125,85553200
2015-11-27,26.59832092904324,26.625304372624704,26.443169130613104,26.490388870239258,52185600
2015-11-30,26.530856267101957,26.85015426198542,26.47689110951773,26.600563049316406,156721200
2015-12-01,26.701757463985018,26.715248329315557,26.27677805085262,26.384708404541016,139409600
2015-12-02,26.38470816546962,26.557848941412235,26.10138970296319,26.146360397338867,133546400
2015-12-03,26.20707691671042,26.26104210170369,25.68315983731395,25.903518676757812,166278000
2015-12-04,25.92374906366475,26.814182073839056,25.88327475795129,26.764713287353516,231108000
2015-12-07,26.753472087127797,26.951345522090133,26.4903882361906,26.596071243286133,128336800
2015-12-08,26.425177542173227,26.668023363707515,26.276772906027855,26.584827423095703,137238000
2015-12-09,26.452161622811104,26.463405152338424,25.876528593864638,25.99795150756836,185445600
2015-12-10,26.092385594517733,26.294757075589867,25.97321175442009,26.12161636352539,116850800
2015-12-11,25.901269381380548,25.946240079549515,25.37510329208836,25.44930648803711,187544800
2015-12-14,25.224450498890103,25.336878963992035,24.68704257294465,25.291908264160156,257274800
2015-12-15,25.17048015678753,25.363857214368085,24.81295681897348,24.844436645507812,213292400
2015-12-16,24.974853819286913,25.181721739036185,24.464429451891355,25.035564422607422,224954000
2015-12-17,25.188467206019784,25.24018504378991,24.50490379333496,24.50490379333496,179091200
2015-12-18,24.489168477940314,24.626329623645198,23.792110639367774,23.84157943725586,385813200
2015-12-21,24.122646621391503,24.142884633341986,23.738141549551425,24.13389015197754,190362400
2015-12-22,24.14963540860604,24.221589559919604,23.936020288862252,24.11141014099121,131157600
2015-12-23,24.120399910081744,24.475674238564384,24.10465999504882,24.421709060668945,130629600
2015-12-24,24.509399823075448,24.509399823075448,24.273299413800387,24.291288375854492,54281600
2015-12-28,24.19235177181853,24.214838833050326,23.87530445160877,24.01921272277832,106816800
2015-12-29,24.05069228904836,24.606089071221,24.02820694358233,24.450937271118164,123724800
2015-12-30,24.414965409425207,24.44194714258074,24.1001653702738,24.13164520263672,100855200
2015-12-31,24.06193753581308,24.066433919018245,23.569500372029918,23.668437957763672,163649200
2016-01-04,23.072563763387645,23.693169210190845,22.935400934284008,23.688671112060547,270597600
2016-01-05,23.77861399486199,23.80109933875041,23.027592872753676,23.095048904418945,223164000
2016-01-06,22.61161137016284,23.018603562708613,22.45646126161648,22.643091201782227,273829600
2016-01-07,22.1888762678676,22.514918047091673,21.682948304264993,21.68744468688965,324377600
2016-01-08,22.1596512507298,22.285570583204915,21.757157138114295,21.802127838134766,283192000
2016-01-11,22.254088957891458,22.2743252566143,21.88757109170476,22.1551513671875,198957600
2016-01-12,22.609358643191765,22.640838467302366,22.224851891300492,22.47669219970703,196616800
2016-01-13,22.557647959573476,22.75327411329118,21.878580761401423,21.89881706237793,249758400
2016-01-14,22.026981809633032,22.593622160679065,21.52779921507601,22.377758026123047,252680400
2016-01-15,21.631234109298173,21.970768524584226,21.44235512788156,21.840351104736328,319335600
2016-01-19,22.128166363980363,22.18213153478481,21.473832020329265,21.73466682434082,212350800
2016-01-20,21.383884529735315,22.0786930375486,21.00612498071098,21.763893127441406,289337600
2016-01-21,21.824605102853514,22.00898764946542,21.347909683356278,21.653715133666992,208646000
2016-01-22,22.177634126383563,22.813979527720896,22.119172570994266,22.80498504638672,263202000
2016-01-25,22.8274708513021,22.829719900561372,22.308051981335268,22.359769821166992,207178000
2016-01-26,22.469949534467872,22.683562898019467,22.051715573484742,22.483440399169922,300308000
2016-01-27,21.59526373031638,21.727928519937482,20.988148878470312,21.00613784790039,533478800
2016-01-28,21.089326118341155,21.2534706733341,20.77452615611461,21.156782150268555,222715200
2016-01-29,21.31418722953494,21.887571334838867,21.21524963773195,21.887571334838867,257666000
2016-02-01,21.6919454553891,21.74591063113724,21.45134864058955,21.682950973510742,163774000
2016-02-02,21.455842520865982,21.59525440043462,21.19950582156241,21.244478225708008,149428800
2016-02-03,21.361400643624762,21.775136422114066,21.154532754380106,21.66495704650879,183857200
2016-02-04,21.671740451478744,22.004073903550463,21.520269281773988,21.83903694152832,185886800
2016-02-05,21.820958604606492,21.911389779923056,21.181161790749695,21.255765914916992,185672400
2016-02-08,21.05455772818862,21.635575751724723,21.034211619015142,21.479583740234375,216085600
2016-02-09,21.316798683574508,21.689826046107488,21.235410832664385,21.475051879882812,177324800
2016-02-10,21.685306155065295,21.78251933732667,21.2738460702259,21.312278747558594,169374400
2016-02-11,21.20376419556052,21.414015895957743,20.93247073304399,21.18341636657715,200298800
2016-02-12,21.294197920790996,21.36428125444165,21.02742693243012,21.248981475830078,161405600
2016-02-16,21.48184372181831,21.895565198709427,21.389153014467205,21.84808921813965,196231600
2016-02-17,21.85486738201881,22.2030262360018,21.73730807831995,22.182680130004883,179452800
2016-02-18,22.34545201182724,22.356756552852104,21.72374020173718,21.762174606323242,156084000
2016-02-19,21.70339148191296,21.875210480764,21.65817677292454,21.712434768676758,141496800
2016-02-22,21.773470421231348,21.906856718144883,21.685300549047078,21.902334213256836,137123200
2016-02-23,21.793827642035104,21.816435001733918,21.37558545069863,21.407236099243164,127770400
2016-02-24,21.246719550791465,21.789303030476482,21.097507886496512,21.726001739501953,145022800
2016-02-25,21.714695354094964,21.87520980834961,21.53383307403958,21.87520980834961,110330800
2016-02-26,21.974685190956883,22.16006827445675,21.83451854540256,21.90912437438965,115964400
2016-02-29,21.897817210770345,22.207543305482968,21.85034125023726,21.859384536743164,140865200
2016-03-01,22.076420718272963,22.78177989666207,22.024422246230593,22.727521896362305,201628400
2016-03-02,22.72300563027612,22.80891429155744,22.526317968463673,22.777263641357422,132678400
2016-03-03,22.738823174705715,22.994289542428934,22.709432063268995,22.946813583374023,147822800
2016-03-04,23.1435017084295,23.455487328583967,22.917424722129894,23.288190841674805,184220400
2016-03-07,23.148021534114374,23.24749595592753,22.824731388052065,23.03046226501465,143315600
2016-03-08,22.784045463693932,23.00560173784954,22.69813680321742,22.840564727783203,126247600
2016-03-09,22.90386387944355,22.964905644840265,22.66874355590432,22.860910415649414,108806800
2016-03-10,22.926471182400185,23.114113796134067,22.641613657275727,22.872211456298828,134054400
2016-03-11,23.114116485526203,23.123159774261975,22.946819955991838,23.11863899230957,109632800
2016-03-14,23.039516137350418,23.265593218200497,23.01012501294791,23.17742156982422,100304400
2016-03-15,23.502964801982564,23.77877901899946,23.478096193901983,23.64313316345215,160270800
2016-03-16,23.64992296407345,24.034253301808956,23.645400456666003,23.957387924194336,153214000
2016-03-17,23.85564040657496,24.070414556590922,23.729037859082837,23.918943405151367,137682800
2016-03-18,24.041036940105595,24.077210102450845,23.78104966628221,23.94608497619629,176820800
2016-03-21,23.948336012271906,24.337188717419153,23.76973498026448,23.943815231323242,142010800
2016-03-22,23.7946043981686,24.255801688020146,23.785561111132616,24.126937866210938,129777600
2016-03-23,24.07267384277581,24.20605841229788,23.941548800824137,23.993545532226562,102814000
2016-03-24,23.844344077095183,24.02068388043272,23.713218988776717,23.889558792114258,104532000
2016-03-28,23.96416393181516,24.007119117223695,23.751650982738123,23.781042098999023,77645600
2016-03-29,23.713218077965223,24.368841769544584,23.710956824851877,24.34397315979004,124760400
2016-03-30,24.563273680322276,24.96342933008116,24.551969137037148,24.76900291442871,182404400
2016-03-31,24.80517180085156,24.845865734905658,24.61526620032215,24.640134811401367,103553600
2016-04-01,24.592650404918903,24.868464560563446,24.46152535964031,24.86620330810547,103496000
2016-04-04,24.96343193706183,25.363589353441085,24.9295200284961,25.121686935424805,149424800
2016-04-05,24.757703190119923,25.033517522368566,24.73735535462991,24.825525283813477,106314800
2016-04-06,24.920469282378427,25.090027037913124,24.68760851591967,25.08550453186035,105616400
2016-04-07,24.857170292431228,24.963426779060946,24.443450612873242,24.538402557373047,127207600
2016-04-08,24.622050034176734,24.816474692097593,24.454751790988905,24.56553077697754,94326800
2016-04-11,24.635616432878443,25.006382657168967,24.60396578384128,24.64691925048828,117630000
2016-04-12,24.71926278907174,24.981512984063105,24.565532057315203,24.96794891357422,108929200
2016-04-13,25.049344357041484,25.397501586909545,25.049344357041484,25.329679489135742,133029200
2016-04-14,25.234719006099134,25.40879756231934,25.169156459648935,25.34323501586914,101895600
2016-04-15,25.345502730695806,25.38845792979743,24.807439876738563,24.83456802368164,187756000
2016-04-18,24.61752523713194,24.63108930565179,24.17667576192985,24.298757553100586,243286000
2016-04-19,24.389190358549207,24.416320224181874,24.016164623877835,24.169897079467773,129539600
2016-04-20,24.10885203656196,24.43666300879299,23.97772695773727,24.219629287719727,122444000
2016-04-21,24.174421709309453,24.174421709309453,23.855652205501148,23.957387924194336,126210000
2016-04-22,23.740345918985675,24.072679380283482,23.652176028212455,23.891817092895508,134732400
2016-04-25,23.73808941754787,23.88503983986078,23.62731214988531,23.756175994873047,112126400
2016-04-26,23.491668014057062,23.805914987885917,23.491668014057062,23.591140747070312,224064800
2016-04-27,21.7033946906059,22.31606322957976,21.631050110630447,22.11485481262207,458408400
2016-04-28,22.067380553082494,22.12842059645249,21.307761542083796,21.438886642456055,328970800
2016-04-29,21.2489783607375,21.414015342196215,20.914385341232986,21.192459106445312,274126000
2016-05-02,21.244457131151787,21.269325740502186,20.889516290677836,21.169851303100586,192640400
2016-05-03,21.29645296422147,21.644611755356102,21.178893681743983,21.518009185791016,227325200
2016-05-04,21.52252786906403,21.680782790425525,21.210542256689823,21.294191360473633,164102000
2016-05-05,21.380623047596245,21.396544718750324,21.080384580596473,21.2077579498291,143562000
2016-05-06,21.237334106521224,21.255529067828576,20.891603811694022,21.089488983154297,174799600
2016-05-09,21.15316891203059,21.32830728893898,21.05991217311499,21.105403900146484,131745600
2016-05-10,21.228238739879952,21.282827102134387,20.95074515080972,21.248708724975586,134747200
2016-05-11,21.262351491200416,21.282821470879867,21.03034797617292,21.04172134399414,114876400
2016-05-12,21.089483696513835,21.103130347906575,20.35026000031779,20.54814338684082,305258800
2016-05-13,20.47081528916561,20.850662223051433,20.47081528916561,20.58909034729004,177571200
2016-05-16,21.01442919028808,21.46933620033494,20.84611408246385,21.353334426879883,245039200
2016-05-17,21.505727420296754,21.53984405433573,21.15544884972697,21.264625549316406,187667600
2016-05-18,21.417019421056718,21.655844521716993,21.35560601279247,21.507999420166016,168249600
2016-05-19,21.526197029031923,21.526197029031923,21.282821876872852,21.426116943359375,121768400
2016-05-20,21.526195775561394,21.705884221040975,21.498900735058548,21.658119201660156,128104000
2016-05-23,21.80596477748378,22.10620328824832,21.760473042318086,21.933338165283203,152074400
2016-05-24,22.1130241542287,22.31090754035163,22.026590734697244,22.26769256591797,140560800
2016-05-25,22.442836513717523,22.686211690228124,22.315463108540385,22.658918380737305,152675200
2016-05-26,22.672564068641318,22.91139092849649,22.43601222959086,22.838605880737305,225324800
2016-05-27,22.617967564541658,22.852244298347866,22.574750861490564,22.824949264526367,145364800
2016-05-31,22.65437020496822,22.836333714780267,22.476956737334422,22.71350860595703,169228800
2016-06-01,22.522440595846764,22.64071736552092,22.365498890213363,22.39506721496582,116693200
2016-06-02,22.199454383892053,22.25404272110802,21.97882427950708,22.226749420166016,160766400
2016-06-03,22.242675173197796,22.35185186766778,22.165340090560306,22.27224349975586,114019600
2016-06-06,22.288166708274215,23.175235654761575,22.188088354006602,22.43373680114746,93170000
2016-06-07,22.574755461453954,22.71577722860276,22.508793751110098,22.524715423583984,89638000
2016-06-08,22.522442624790106,22.645267711132405,22.44510927524069,22.504247665405273,83392400
2016-06-09,22.4041672169554,22.743072407745238,22.395068869744176,22.665739059448242,106405600
2016-06-10,22.410992231830097,22.597504025380122,22.399620598458615,22.479228973388672,126851600
2016-06-13,22.44738339542261,22.545188456438392,22.08573147758946,22.14031982421875,152082000
2016-06-14,22.13577254221866,22.399619411239556,22.006124128394898,22.16761589050293,127727600
2016-06-15,22.24949606499538,22.383694500789666,22.069807634038472,22.09482765197754,117780800
2016-06-16,21.937885363581174,22.233575553567107,21.85145367412832,22.188085556030273,125307200
2016-06-17,21.976556919934417,21.983380247009613,21.676318381298827,21.683141708374023,244032800
2016-06-20,21.835531591109053,21.965179990517978,21.614901463004077,21.630823135375977,137647600
2016-06-21,21.594435217670487,21.915143740976294,21.53529682349623,21.815065383911133,142185600
2016-06-22,21.892399665081168,22.03796976818342,21.68769116530222,21.733182907104492,116876400
2016-06-23,21.821890429797723,21.901498811687553,21.66494695169164,21.8582820892334,128960800
2016-06-24,21.132696572465253,21.530740028973007,21.073558201605493,21.24414825439453,301245600
2016-06-27,21.15316761615492,21.16454098104903,20.811987493313712,20.934812545776367,181958400
2016-06-28,21.130427064931602,21.303292182746873,20.95756194711633,21.287368774414062,161779600
2016-06-29,21.373805947279248,21.505729395454093,21.296470853912698,21.47161102294922,146124000
2016-06-30,21.480707474584726,21.783219287907485,21.44886412581391,21.744552612304688,143345600
2016-07-01,21.719532709372814,21.942437887322246,21.683141054292065,21.810514450073242,104106000
2016-07-05,21.696784262261932,21.69905928263454,21.485252486244054,21.605802536010742,110820800
2016-07-06,21.517096377173566,21.7581982181687,21.4647830545983,21.728628158569336,123796400
2016-07-07,21.767297883971878,21.94926136663653,21.749102923971318,21.821887969970703,100558400
2016-07-08,21.946979523878202,22.037961236929736,21.846901201320176,21.990196228027344,115648400
2016-07-11,22.00612799646269,22.210836510938176,22.001579689622186,22.058443069458008,95179600
2016-07-12,22.101652564474037,22.222202622108583,22.090280932533013,22.15851593017578,96670000
2016-07-13,22.1562418216382,22.21537847033125,22.02659168673724,22.033416748046875,103568800
2016-07-14,22.15169380085942,22.51561901394798,22.13577212701593,22.470129013061523,155676000
2016-07-15,22.499700713300836,22.586134157408587,22.404170655917856,22.467857360839844,120548000
2016-07-18,22.449660537981696,22.774919123726548,22.426915534255787,22.706684112548828,145975600
2016-07-19,22.645268497534165,22.74534858662166,22.595228452990415,22.71578025817871,95119600
2016-07-20,22.74534827125444,22.84997666506233,22.68620987985612,22.736249923706055,105104000
2016-07-21,22.706679592844274,22.972799727665222,22.547461127789845,22.615697860717773,130808000
2016-07-22,22.577029198351884,22.586127544295724,22.360947386682817,22.4405574798584,113254800
2016-07-25,22.347303313825364,22.48150002748326,22.044789783784427,22.14031982421875,161531600
2016-07-26,22.022041030034032,22.283612821681754,21.93105931093935,21.98792266845703,224959200
2016-07-27,23.716572664616915,23.734769358782028,23.37084415214117,23.41633415222168,369379200
2016-07-28,23.389042741889188,23.757516284268405,23.3867677211011,23.73249626159668,159479200
2016-07-29,23.698380236729925,23.780263633885653,23.5823784682039,23.70292854309082,110934800
2016-08-01,23.748421095825154,24.144189705395952,23.748421095825154,24.121444702148438,152671600
2016-08-02,24.121437455560073,24.125985760710165,23.655157220070127,23.76433563232422,135266400
2016-08-03,23.839398372056618,24.07367517574286,23.830300024735596,24.06230354309082,120810400
2016-08-04,24.14463180231835,24.240679358398708,24.076025408127766,24.21095085144043,109634800
2016-08-05,24.302419048789062,24.618006307760453,24.281838181325405,24.579130172729492,162213600
2016-08-08,24.58827726386482,24.78266143798828,24.505952045252684,24.78266143798828,112148800
2016-08-09,24.750656757497364,24.91302341270263,24.700345618894737,24.88329315185547,105260800
2016-08-10,24.860414223228336,24.903865050535522,24.643163576158123,24.698047637939453,96034000
2016-08-11,24.816968693744894,24.910730658006244,24.663749710166492,24.682044982910156,109938000
2016-08-12,24.6477393335857,24.798672701623637,24.6477393335857,24.739213943481445,74641600
2016-08-15,24.73006696327176,25.050227234023364,24.71634638208043,25.03650665283203,103472800
2016-08-16,25.070803224154627,25.20801598828304,24.974755685050955,25.01363182067871,135177600
2016-08-17,24.949604060454995,25.011350162991647,24.77580247796874,24.977046966552734,101424000
2016-08-18,24.97933722754291,25.063949811272032,24.93131170008234,24.94503402709961,87938800
2016-08-19,24.87413637804353,25.084528493542,24.780376172592096,25.009061813354492,101472400
2016-08-22,24.89471590016652,24.949599958605717,24.6637429431663,24.81467628479004,103280800
2016-08-23,24.83297060216803,24.99991187220738,24.819250023302512,24.89242935180664,85030800
2016-08-24,24.828402654511205,24.86956614412529,24.624872551622992,24.704912185668945,94700400
2016-08-25,24.558556506565868,24.670612007952162,24.396189873408847,24.599720001220703,100344800
2016-08-26,24.563127145006252,24.686615863863906,24.31157152765486,24.455644607543945,111065200
2016-08-29,24.382463338384497,24.56998549165305,24.30699665914969,24.428199768066406,99881200
2016-08-30,24.19494235533743,24.355021611699517,24.12633596276337,24.240678787231445,99455600
2016-08-31,24.162917897322902,24.37102085646811,24.158343208923164,24.263538360595703,118649600
2016-09-01,24.272697833124077,24.423631218758697,24.15378204770887,24.407623291015625,106806000
2016-09-02,24.629446634180532,24.698053034948686,24.428203867184916,24.636308670043945,107210000
2016-09-06,24.675180388848958,24.7666549918823,24.585993130693005,24.62944221496582,107521600
2016-09-07,24.659167628540366,24.87184529737556,24.48536609133258,24.780370712280273,169457200
2016-09-08,24.526539784596853,24.531112730626937,24.066881067940617,24.13091278076172,212008000
2016-09-09,23.929668343134992,24.17664928520172,23.584352493286133,23.584352493286133,186228000
2016-09-12,23.47458241005094,24.176647288411548,23.44713950384346,24.11261558532715,181171200
2016-09-13,24.58599069243886,24.878707997329702,24.524244600003367,24.68661117553711,248704800
2016-09-14,24.86499118349854,25.848338419451043,24.83526093273847,25.56019401550293,443554800
2016-09-15,26.038141348204885,26.4657840284791,25.953527052024643,26.4291934967041,359934400
2016-09-16,26.326290082769418,26.557261310484716,26.0793091861753,26.28055191040039,319547600
2016-09-19,26.342299391140802,26.56869768588233,25.89864869187927,25.9741153717041,188092000
2016-09-20,25.85290699791749,26.097600512745842,25.729416568275244,25.97182273864746,138057200
2016-09-21,26.035863107336294,26.067878961467603,25.713417220804327,25.96725845336914,144012800
2016-09-22,26.15020990703074,26.285135379670596,26.07017025956648,26.211956024169922,124296000
2016-09-23,26.166212094527168,26.250826414554755,25.509885384613206,25.77515983581543,209924800
2016-09-26,25.53046569958347,25.930665585095237,25.50988482865758,25.814035415649414,119477600
2016-09-27,25.84147586320979,25.882639345878555,25.690542511846697,25.862056732177734,98429600
2016-09-28,25.999272158841745,26.216522828883264,25.939813401197508,26.05872917175293,118564400
2016-09-29,25.878070081062116,26.024428763645872,25.567057444388357,25.65395736694336,143548000
2016-09-30,25.71798367003567,25.92608841405423,25.56705207364735,25.852909088134766,145516400
2016-10-03,25.7751612689215,25.852915302814093,25.676826362510184,25.73171043395996,86807200
2016-10-04,25.855195111686786,26.141052130858036,25.756860227302564,25.841474533081055,118947200
2016-10-05,25.93294870324469,25.992407450783244,25.77058212838377,25.852909088134766,85812400
2016-10-06,26.001562587763804,26.14792129165761,25.871211812585464,26.045013427734375,115117200
2016-10-07,26.141050871906074,26.19822227298695,25.958103435286883,26.083879470825195,97433600
2016-10-10,26.303419476318798,26.699046370084726,26.234814836554424,26.53896713256836,144944000
2016-10-11,26.91630032966746,27.142700379565017,26.57327185437994,26.596141815185547,256164000
2016-10-12,26.836265998432786,26.980339103122226,26.699054930179397,26.8339786529541,150347200
2016-10-13,26.708193309155366,26.8568393085417,26.463499769759196,26.751644134521484,140769600
2016-10-14,26.957462853376438,27.023781898930597,26.785948621860403,26.900291442871094,142608800
2016-10-17,26.831688845240055,26.948317275365774,26.70591103463414,26.881999969482422,94499600
2016-10-18,27.02606937128049,27.032929661416194,26.859128084135385,26.86370277404785,98214000
2016-10-19,26.81338748219759,26.93001763056003,26.02442283413263,26.783658981323242,80138400
2016-10-20,26.724206802452997,26.84312257990728,26.603003679836185,26.769943237304688,96503200
2016-10-21,26.712767195159202,26.735637153357494,26.59156409353278,26.664743423461914,92770800
2016-10-24,26.779081772648983,26.92544040811582,26.756213562994642,26.90485954284668,94154800
2016-10-25,26.97346782051524,27.067229760933547,26.827109165250445,27.04207420349121,192516000
2016-10-26,26.141055692416426,26.458928601464468,25.912370045922412,26.433773040771484,264536800
2016-10-27,26.388042346310982,26.49552490268791,26.093037588829638,26.17993927001953,138248000
2016-10-28,26.040431502214226,26.34686938759582,25.944382218308068,26.006128311157227,151446800
2016-10-31,25.990125196790462,26.122763296228115,25.887215604578586,25.964969635009766,105677600
2016-11-01,25.94667147935056,26.01756346663362,25.276622510848522,25.49616050720215,175303200
2016-11-02,25.47557482001662,25.692825430449595,25.43669868884147,25.519023895263672,113326800
2016-11-03,25.50983774029462,25.62016944650457,25.18113820298895,25.245498657226562,107730400
2016-11-04,24.94668073850706,25.34203982636608,24.85014005529243,25.01793670654297,123348000
2016-11-07,25.302966267236577,25.40180604772153,25.160452565188898,25.378820419311523,130240000
2016-11-08,25.355832015750337,25.67993515045531,25.215617408299515,25.528226852416992,97016800
2016-11-09,25.256989077727034,25.587987683875674,24.836347061719003,25.486848831176758,236705600
2016-11-10,25.535118842363453,25.535118842363453,24.326057817339162,24.776582717895508,228538000
2016-11-11,24.62257887695074,25.024833469275595,24.491558879883993,24.923694610595703,136575600
2016-11-14,24.758194790163717,24.781180415658593,23.923804484233084,24.29847526550293,204702000
2016-11-15,24.496156727620768,24.751301224165672,24.401915129573986,24.620281219482422,129058000
2016-11-16,24.52603728360043,25.33744376220521,24.50305165684557,25.282276153564453,235362000
2016-11-17,25.240896788695487,25.365021255298394,25.015635231805124,25.2730770111084,110528000
2016-11-18,25.220215064064362,25.408700011438132,25.206424038597554,25.29836654663086,113715600
2016-11-21,25.31215378733923,25.741990354786033,25.286869077055236,25.682228088378906,117058400
2016-11-22,25.73279985776237,25.84083422734658,25.60637803987788,25.698322296142578,103862000
2016-11-23,25.597180023140183,25.631659333849804,25.36042477859301,25.567298889160156,109705600
2016-11-25,25.5443156508187,25.71441314355612,25.50294082200296,25.69602394104004,45903600
2016-11-28,25.613279894177175,25.852334318180123,25.604085290904994,25.64546012878418,108776000
2016-11-29,25.463865874392397,25.75119059630726,25.300665642787664,25.62017059326172,114115200
2016-11-30,25.65234553282995,25.790261020175535,25.34663167085868,25.404096603393555,144649200
2016-12-01,25.369620838821145,25.500640824107702,25.06160786675847,25.167343139648438,148347600
2016-12-02,25.093794436083115,25.30526503533475,25.02023936879163,25.261592864990234,106112000
2016-12-05,25.2845749809842,25.29147049357029,24.882320379013997,25.079999923706055,137298000
2016-12-06,25.169640832451275,25.36732034366806,25.09838487620706,25.2730770111084,104782000
2016-12-07,25.114478860122706,25.55810828458429,25.09149323395342,25.521329879760742,119994800
2016-12-08,25.482255381982473,25.84313516687226,25.422491348076566,25.771879196166992,108273200
2016-12-09,25.815546498559403,26.364911129636067,25.815546498559403,26.192516326904297,137610400
2016-12-12,26.040808898127786,26.433868824113034,25.8569204135273,26.043107986450195,105497600
2016-12-13,26.16723837852127,26.645347175884723,26.14655183861847,26.477550506591797,174935200
2016-12-14,26.443071186396065,26.709707638281518,26.4292801597942,26.477550506591797,136127200
2016-12-15,26.521215662599765,26.83152770861694,26.48673810521173,26.62235450744629,186098000
2016-12-16,26.77177117803946,26.778666691446684,26.583286212247312,26.656841278076172,177404400
2016-12-19,26.617764942849433,26.980942085876432,26.606271251631483,26.81084632873535,111117600
2016-12-20,26.83382690687655,27.008520809100734,26.820035882963577,26.882097244262695,85700000
2016-12-21,26.847620690099358,26.98553619546714,26.84302251282898,26.90738296508789,95132800
2016-12-22,26.74418348086327,26.78096188527395,26.580983257095284,26.730392456054688,104343600
2016-12-23,26.569488791365973,26.78325843811035,26.569488791365973,26.78325843811035,56998000
2016-12-27,26.783258305133447,27.07748026929318,26.77636279296477,26.95335578918457,73187600
2016-12-28,27.01311682853819,27.128046702602873,26.709702031155068,26.838424682617188,83623600
2016-12-29,26.767167413662005,26.918875691723734,26.755675478278704,26.83152961730957,60158000
2016-12-30,26.813138508882915,26.939560311250457,26.532709350856184,26.62235450744629,122345200
2017-01-03,26.61776110407188,26.739586497171988,26.37870674148132,26.698211669921875,115127600
2017-01-04,26.629255404171083,26.78096370212091,26.606269776700465,26.668331146240234,84472400
2017-01-05,26.645345545100454,26.86141430165792,26.620060828750496,26.8039493560791,88774400
2017-01-06,26.843023377261122,27.160230978882005,26.771767410492767,27.102766036987305,127007600
2017-01-09,27.111956924799042,27.452150127850576,27.109659589946716,27.351011276245117,134247600
2017-01-10,27.300438320334116,27.44065289058721,27.192405724450218,27.378591537475586,97848400
2017-01-11,27.29355027919452,27.56708398351671,27.261370049708496,27.52570915222168,110354400
2017-01-12,27.33033318075547,27.42227746027427,27.171729342427824,27.410783767700195,108344800
2017-01-13,27.378593163052493,27.495822118879804,27.30963454110923,27.362503051757812,104447600
2017-01-17,27.201603792195478,27.63833769713795,27.174021742713133,27.583171844482422,137759200
2017-01-18,27.58317067062055,27.6981005484148,27.51651113105699,27.58087158203125,94852000
2017-01-19,27.44525052710972,27.603852539137026,27.438355016198596,27.532596588134766,102389200
2017-01-20,27.686608037422893,27.686608037422893,27.521110479456304,27.583171844482422,130391600
2017-01-23,27.583173296916232,27.769359155489322,27.530304776473134,27.6015625,88200800
2017-01-24,27.479732295697268,27.606154098997923,27.468238607356017,27.57627296447754,92844000
2017-01-25,27.679709554447662,28.06587398897463,27.647529331044638,28.015304565429688,129510400
2017-01-26,27.967035396098858,28.144028385883903,27.950945283726647,28.029098510742188,105350400
2017-01-27,28.075074601809906,28.123344947252377,27.95095010480454,28.031400680541992,82251600
2017-01-30,27.796938846873953,27.957839965820312,27.734877487763406,27.957839965820312,121510000
2017-01-31,27.847510956602637,27.902676809319985,27.725685561410188,27.893482208251953,196804000
2017-02-01,29.19908896851109,29.994405388574847,29.194492544315402,29.59444808959961,447940000
2017-02-02,29.417452924522408,29.741554274953458,29.37147992020151,29.543874740600586,134841600
2017-02-03,29.49330273313571,29.695580427074365,29.458825175024025,29.67029571533203,98029200
2017-02-06,29.6817925388683,29.996699294153608,29.62892226767109,29.948427200317383,107383600
2017-02-07,30.005891327070383,30.362174654170975,29.985204790579903,30.23345375061035,152735200
2017-02-08,30.19207532386738,30.39205215591123,30.162192438203466,30.350675582885742,92016400
2017-02-09,30.39222982462463,30.57691556512335,30.26987627009407,30.569990158081055,113399600
2017-02-10,30.579233887993837,30.690043950455642,30.484581938400783,30.50074005126953,80262000
2017-02-13,30.722363737255407,30.893198705813756,30.646180718408644,30.770841598510742,92141600
2017-02-14,30.812398984391912,31.18638516441006,30.761610302835308,31.17022705078125,132904800
2017-02-15,31.285655086869752,31.45879735793977,31.077882248032616,31.283344268798828,142492400
2017-02-16,31.32028448668585,31.373380467480924,31.128673269585875,31.24641227722168,90338400
2017-02-17,31.188691644039906,31.357215778896258,31.188691644039906,31.33182144165039,88792800
2017-02-21,31.44955503438963,31.569601305385525,31.391840955220733,31.55805778503418,98028800
2017-02-22,31.495733424214876,31.655024885940847,31.421861216256996,31.65271759033203,83347600
2017-02-23,31.71504145494616,31.738124972728265,31.465716213820023,31.51881217956543,83152800
2017-02-24,31.375683973913826,31.54882621765137,31.23024336194614,31.548826217651367,87106400
2017-02-27,31.659647395592497,31.728905021948965,31.46111074541821,31.61116600036621,81029600
2017-02-28,31.645781943570295,31.728890352255455,31.558055422572743,31.6250057220459,93931600
2017-03-01,31.832782418776734,32.35451650915443,31.76583562625202,32.27140808105469,145658400
2017-03-02,32.319884860714694,32.38452434862909,32.03362175524529,32.079795837402344,104844000
2017-03-03,32.038247627559755,32.28064752724133,31.99438435243972,32.26910400390625,84432400
2017-03-06,32.17443639244245,32.26678101161187,31.99667960539202,32.167510986328125,87000000
2017-03-07,32.10287286248171,32.3152602116108,32.040540682247865,32.209068298339844,69785200
2017-03-08,32.077491511304345,32.27372083241931,32.04748257893479,32.08903503417969,74828800
2017-03-09,32.02901394806746,32.040553948462716,31.638866120296644,32.015159606933594,88623600
2017-03-10,32.14675130712464,32.17214565013795,32.00592877270334,32.12135696411133,78451200
2017-03-13,32.05438767794375,32.18828118617697,32.04746227312432,32.13518524169922,69686800
2017-03-14,32.15828822800166,32.23908583184447,32.052092763771405,32.08672332763672,61236400
2017-03-15,32.18368275296958,32.49302939880526,32.09595621777302,32.426082611083984,102767200
2017-03-16,32.48611242181185,32.55537004533195,32.3799169294025,32.47918701171875,76928000
2017-03-17,32.55074866053692,32.55074866053692,32.2944979450717,32.31758499145508,175540000
2017-03-20,32.412233559046285,32.66617697993997,32.37298839810612,32.656944274902344,86168000
2017-03-21,32.80700013593877,32.966291600943265,32.25756082710326,32.282955169677734,158119600
2017-03-22,32.2852473456079,32.689245775275424,32.26446760634478,32.64768981933594,103440800
2017-03-23,32.610754994799294,32.68463069105053,32.46069983034619,32.532264709472656,81385200
2017-03-24,32.66616502927259,32.721571806994355,32.400681704854115,32.467628479003906,89582400
2017-03-27,32.179059798635386,32.60152725405525,32.001299459750086,32.52303695678711,94300400
2017-03-28,32.529957635619034,33.252535360572914,32.463007345113766,33.1971321105957,133499200
2017-03-29,33.1694378122708,33.35643440986911,33.056320458176856,33.27101516723633,116760000
2017-03-30,33.287174863774936,33.35873976262738,33.127883432090165,33.227149963378906,84829200
2017-03-31,33.1786648085328,33.3056364669168,33.01475529996669,33.16481399536133,78646800
2017-04-03,33.17636782480755,33.27101625175768,33.02400178739265,33.17405700683594,79942800
2017-04-04,33.07016750965756,33.44877172977211,33.0516985815315,33.42107009887695,79565600
2017-04-05,33.29409535946504,33.58035843522584,33.19944343248918,33.2479248046875,110871600
2017-04-06,33.31025105624911,33.36335053685614,33.11633262667388,33.16481399536133,84596000
2017-04-07,33.18097237706021,33.28485699929098,33.07478046014424,33.090938568115234,66688800
2017-04-10,33.150966820278995,33.2156063038978,32.9893645886443,33.05169677734375,75733600
2017-04-11,32.9986111713542,33.09326313157314,32.33374367676682,32.696189880371094,121517600
2017-04-12,32.68926110490339,32.81622928141407,32.55305317900341,32.73543167114258,81400000
2017-04-13,32.76082296364392,32.86932572163703,32.562286376953125,32.562286376953125,71291600
2017-04-17,32.661558023380536,32.75390268431767,32.52073549771646,32.74235916137695,66328400
2017-04-18,32.64538994184889,32.79082701421264,32.57613234793934,32.59690856933594,58790000
2017-04-19,32.75389809720652,32.78159973031379,32.423771704796266,32.47686767578125,69313600
2017-04-20,32.601533685099724,32.99398877144453,32.58768286785988,32.8831787109375,93278400
2017-04-21,32.883185899818656,32.93858918089021,32.74698147039898,32.84394073486328,69283600
2017-04-24,33.12787466015891,33.23175927687544,33.05399896310629,33.160194396972656,68537200
2017-04-25,33.2225470319488,33.451092624928684,33.2133108028367,33.36567687988281,75486000
2017-04-26,33.35182356196479,33.381836020448354,33.10019093763208,33.1694450378418,80164800
2017-04-27,33.224844299816404,33.280251089997954,33.08402179036965,33.19483184814453,56985200
2017-04-28,33.264094918328645,33.31257630802334,33.07479451864811,33.16251754760742,83441600
2017-05-01,33.49727309896507,33.982069541915926,33.46495333610168,33.83893966674805,134411600
2017-05-02,34.06054860902605,34.187520321998676,33.89894984823762,34.05362319946289,181408800
2017-05-03,33.61037839972,34.0490076206691,33.30564982001212,33.949737548828125,182788000
2017-05-04,33.82508146750844,33.968211311466995,33.66117186991945,33.827388763427734,93487600
2017-05-05,33.88047234638502,34.39297365997338,33.88047234638502,34.38835906982422,109310800
2017-05-08,34.4045226107652,35.48262137552229,34.4045226107652,35.32332992553711,195009600
2017-05-09,35.521851585629,35.75501866259708,35.42489237917586,35.549556732177734,156521600
2017-05-10,35.4664540764227,35.538018964961594,35.1155515182517,35.38103485107422,103222800
2017-05-11,35.33931694196356,35.71485030550532,35.30686379075656,35.68703079223633,109020400
2017-05-12,35.86088217624112,36.25959427924951,35.85392818328043,36.18541717529297,130108000
2017-05-15,36.164549795802884,36.31290753319906,35.942014958272345,36.092689514160156,104038800
2017-05-16,36.14832973444002,36.17614570849867,35.8655222077506,36.03937911987305,80194000
2017-05-17,35.60590043731387,35.8307556815588,34.70416264131606,34.82933807373047,203070800
2017-05-18,35.065788496094065,35.54563183518866,35.03333534048926,35.36018371582031,134272800
2017-05-19,35.55489734948363,35.6939807515945,35.381040443999204,35.480716705322266,107843200
2017-05-22,35.69860588042536,35.83305559975488,35.445934778623645,35.6962890625,91865600
2017-05-23,35.907244012150436,35.907244012150436,35.53866822949923,35.65225601196289,79675600
2017-05-24,35.66153221262889,35.73802968538322,35.390315829478965,35.54562759399414,76712000
2017-05-25,35.63603058464801,35.779754707038926,35.47376483723376,35.66848373413086,76942400
2017-05-26,35.698628437412,35.754263936914604,35.53867947132973,35.60822296142578,87710400
2017-05-30,35.56415998566432,35.798285957861246,35.543298010712775,35.62211227416992,80507600
2017-05-31,35.69166932845386,35.73803046949931,35.323093482019345,35.41117858886719,97804800
2017-06-01,35.50622047347229,35.54331080037268,35.286002405334635,35.50853729248047,65616400
2017-06-02,35.601254594855675,36.03473663330078,35.441305693340496,36.03473663330078,111082800
2017-06-05,35.77743475102646,35.80293390712862,35.57344503933726,35.68239212036133,101326800
2017-06-06,35.67545596847069,36.1182126562522,35.64763997958551,35.80295181274414,106499600
2017-06-07,35.93506990636486,36.15760479926238,35.8098909341227,36.01620101928711,84278400
2017-06-08,35.98837351124916,36.055596613968014,35.79133430261688,35.928104400634766,85003200
2017-06-09,35.974471743082624,35.974471743082624,33.84878171909158,34.534934997558594,259530800
2017-06-12,33.78387455154509,33.8650056503976,33.035128278392655,33.709693908691406,289229200
2017-06-13,34.11304037291214,34.18026347994899,33.64710164922095,33.98090744018555,136661600
2017-06-14,34.19186595717574,34.19186595717574,33.34344321400546,33.64943313598633,126124800
2017-06-15,33.22289082894984,33.49178676892267,32.965582517386935,33.4477424621582,128661600
2017-06-16,33.3295304773726,33.49643340429505,32.96327147313324,32.97949981689453,201444400
2017-06-19,33.30172637880312,34.01569947924407,33.30172637880312,33.9229736328125,130165600
2017-06-20,34.04582370587389,34.04582370587389,33.59843354738136,33.61465835571289,99600400
2017-06-21,33.7328795134011,33.86037529495847,33.52193226910873,33.81401062011719,85063200
2017-06-22,33.79083786050344,34.006418781116174,33.64015971458918,33.758384704589844,76425200
2017-06-23,33.64247838816975,34.11305089394243,33.63784121266299,33.9090576171875,141757600
2017-06-26,34.115361889100086,34.37267026030625,33.70042494885919,33.80242156982422,102769600
2017-06-27,33.61465144213694,33.88123414935827,33.292436789645436,33.317935943603516,99047600
2017-06-28,33.494121161794965,33.86965103011628,33.1858144223585,33.804744720458984,88329600
2017-06-29,33.545121327163834,33.642480797005575,32.981822956565935,33.30635452270508,125997600
2017-06-30,33.48483861282625,33.60306356993053,33.329526871517864,33.385162353515625,92096400
2017-07-03,33.584519577258064,33.681879021294286,33.171899465192595,33.26462173461914,57111200
2017-07-05,33.308660193167995,33.56364815781455,33.08380501536581,33.40138244628906,86278400
2017-07-06,33.15335488794052,33.26462232063813,33.011951125440845,33.08612823486328,96515200
2017-07-07,33.125548469897744,33.55439710159192,33.125548469897744,33.422264099121094,76806800
2017-07-10,33.40603691736588,33.83256516197805,33.23449676943033,33.62625503540039,84362400
2017-07-11,33.54975466583044,33.80938345354862,33.46862354358563,33.73520278930664,79127200
2017-07-12,33.814003484756064,33.88586376361694,33.57060667884082,33.783870697021484,99538000
2017-07-13,33.72825130843829,34.421362350960955,33.714343317138336,34.254459381103516,100797600
2017-07-14,34.30081694099434,34.61607768026899,34.15245915410795,34.548851013183594,80528400
2017-07-17,34.49784745539633,34.980007487299616,34.4398951543656,34.66938400268555,95174000
2017-07-18,34.58594277384944,34.801527236732724,34.46308414230851,34.78993606567383,71475200
2017-07-19,34.88264500399043,35.100546202803784,34.7597864194897,35.0078239440918,83692000
2017-07-20,35.119092534905725,35.17472801426754,34.81542305978523,34.85019302368164,68974800
2017-07-21,34.769074246616526,34.87338771238873,34.511765811243066,34.833980560302734,105010400
2017-07-24,34.905836319982505,35.33700165449248,34.74820419505378,35.25586700439453,85972800
2017-07-25,35.188631111775315,35.661520240715255,35.188631111775315,35.406532287597656,75415600
2017-07-26,35.54794139887237,35.68238761903824,35.48071475166183,35.57344055175781,63124000
2017-07-27,35.640663606834835,35.69629908680656,34.14549501172972,34.90119171142578,129905200
2017-07-28,34.745877238886,34.82469150979215,34.58361152315942,34.65547180175781,68854800
2017-07-31,34.748198462467116,34.847878260060725,34.337898715784476,34.47698211669922,79383600
2017-08-01,34.56274861002519,34.82237374815517,34.40279971702467,34.78296661376953,141474400
2017-08-02,36.92256997140216,37.03152058096427,36.19932638207736,36.42649841308594,279747200
2017-08-03,36.40562997869936,36.44272029391617,35.935057657908395,36.06255340576172,108389200
2017-08-04,36.17846647449858,36.4867696228177,36.09037783947713,36.25264358520508,82239600
2017-08-07,36.40795538755274,36.83912067658337,36.31754993358477,36.813621520996094,87481200
2017-08-08,36.76493656452155,37.513679209267366,36.68843911232736,37.10801315307617,144823600
2017-08-09,36.91792122864005,37.38385984948406,36.88315127355914,37.33517837524414,104526000
2017-08-10,37.211852254669694,37.235125628594886,35.985422861011024,36.145999908447266,163217200
2017-08-11,36.4438794270249,36.90233718028284,36.320538361530964,36.6486701965332,105028400
2017-08-14,37.07688093621345,37.28400119660953,36.94422908634365,37.20022201538086,88490800
2017-08-15,37.38873353715503,37.74712017547058,37.267718345208976,37.60749053955078,117862000
2017-08-16,37.68658937170964,37.819237615448884,37.2700195558068,37.45619583129883,110686400
2017-08-17,37.356133387139685,37.40035065823449,36.732443309780415,36.737098693847656,111762400
2017-08-18,36.73709947239785,37.11875930059524,36.47179939122427,36.6533203125,109712400
2017-08-21,36.653321596363746,36.744082060180695,36.09712212814853,36.58583450317383,105474000
2017-08-22,36.8232172080712,37.235131848429745,36.77434808609071,37.18393325805664,86418400
2017-08-23,37.01870047325585,37.34450642241073,36.974483190652286,37.230472564697266,77596400
2017-08-24,37.33519858208151,37.40734463100248,36.89768820902417,37.06524658203125,79275600
2017-08-25,37.15367631069479,37.36545196240876,37.065245292642,37.20254898071289,101920400
2017-08-28,37.26771109773419,37.70056963184427,37.21883842650392,37.57722854614258,103864000
2017-08-29,37.25840821357058,37.96121882682648,37.23513483389173,37.912349700927734,118067600
2017-08-30,38.11945925253769,38.14040315773417,37.842522447101416,38.01473617553711,109078400
2017-08-31,38.08222500529962,38.28701933479134,38.04498902702507,38.1660041809082,107140400
2017-09-01,38.35217098805483,38.38475157319191,38.079889622762565,38.17763137817383,66364400
2017-09-05,38.10783765766105,38.224197467302766,37.36546150398379,37.71919631958008,117874000
2017-09-06,37.86579133057755,37.93095250636385,37.356135058449354,37.67961502075195,86606800
2017-09-07,37.721504635375084,37.756414692589225,37.31890087616771,37.52834701538086,87714000
2017-09-08,37.43525757001091,37.502744660143726,36.89302072832762,36.91629409790039,114446000
2017-09-11,37.35148608795261,37.71220208436392,37.2095270268237,37.584205627441406,126323200
2017-09-12,37.842523774144745,38.15669656718192,36.94888161090867,37.435264587402344,286856000
2017-09-13,37.204866024990814,37.22581347915636,36.748737785023984,37.15366744995117,179629600
2017-09-14,37.00007509160223,37.09548738913932,36.79062540811455,36.834842681884766,95042800
2017-09-15,36.879063711510014,37.460862528753474,36.76968524978679,37.20719909667969,196458400
2017-09-18,37.260730149175366,37.35149063859288,36.769691718988625,36.92561340332031,113077600
2017-09-19,37.12108466981991,37.18159401003139,36.87207666138976,36.9395637512207,83242400
2017-09-20,36.746418887106856,36.830198074813886,35.79925207846514,36.3205451965332,211805600
2017-09-21,36.25770476231295,36.25770476231295,35.54790946058853,35.69684982299805,150046800
2017-09-22,35.26632123764253,35.436209076440605,35.038257058745195,35.347774505615234,186581600
2017-09-25,34.905596845969434,35.333799846278,34.712439247228424,35.035919189453125,177549200
2017-09-26,35.32216558216474,35.820185172327,35.301221679316356,35.63866424560547,146640000
2017-09-27,35.792266285759226,36.006367838372455,35.73175693216047,35.892333984375,102016800
2017-09-28,35.81320078569129,35.90396124123209,35.536264035164464,35.671241760253906,88022000
2017-09-29,35.65496147322591,35.869063019024054,35.373369273795674,35.86673355102539,105199200
2017-10-02,35.89932837705668,35.94354567434294,35.54094171398122,35.79460525512695,74795200
2017-10-03,35.84111825703308,36.0924556684043,35.817848444564476,35.950496673583984,64921200
2017-10-04,35.752702571137206,35.80622706881335,35.480421146847824,35.71779251098633,80655200
2017-10-05,35.88070024890902,36.17392916873495,35.85044912063934,36.16229248046875,85135200
2017-10-06,36.06455571514429,36.18557089813813,35.96913982949492,36.141353607177734,69630400
2017-10-09,36.26003224743813,36.47413380572226,36.185563838522064,36.26701354980469,65051600
2017-10-10,36.31820750231765,36.769683936536744,36.0947987530455,36.28097152709961,62468000
2017-10-11,36.297276994540105,36.532322516696084,36.24607839747336,36.432254791259766,67622400
2017-10-12,36.38571354026835,36.62308499288674,36.24142496302748,36.30426025390625,64500400
2017-10-13,36.47412810542701,36.602124547174284,36.39965970814911,36.534637451171875,65576800
2017-10-16,36.746411876689784,37.23512430358156,36.688231994965435,37.20719909667969,96486000
2017-10-17,37.18393965227787,37.43760317937123,37.05594315433459,37.34451675415039,75989200
2017-10-18,37.33287127406661,37.40036193482916,37.142043081984205,37.17927551269531,65496800
2017-10-19,36.47878992922829,36.555587807833106,36.07618609686236,36.29959487915039,170336800
2017-10-20,36.446209754589574,36.71150990600586,36.29494346381537,36.362430572509766,95896400
2017-10-23,36.51136555990022,36.697541887170274,36.18788556728802,36.343807220458984,87937200
2017-10-24,36.37173209112569,36.6347062841316,36.350788186643285,36.560237884521484,71028800
2017-10-25,36.516014127370845,36.66495445117733,36.13435432567814,36.399654388427734,84828400
2017-10-26,36.59050150900512,36.730134688631644,36.48577839979486,36.63239288330078,68002000
2017-10-27,37.069891892041646,38.072916036230644,36.93258822336097,37.94491958618164,177816800
2017-10-30,38.14040684945362,39.113176413503815,38.10084495213601,38.79900360107422,178803200
2017-10-31,39.073612806807134,39.480872037882925,38.85020401718745,39.33891296386719,144187200
2017-11-01,39.53206521312065,39.54835728462217,38.54068129899505,38.83856201171875,134551200
2017-11-02,38.771080850614126,39.213246602579936,38.463889321107885,39.12248611450195,165573600
2017-11-03,40.4931908648947,40.55369665333799,39.82295760390875,40.14411163330078,237594400
2017-11-06,40.113858735493494,40.72358623496925,39.9625924821947,40.55137252807617,140105200
2017-11-07,40.47225170238434,40.78409500021298,40.40010922090348,40.681697845458984,97446000
2017-11-08,40.64679096381511,41.014488220214844,40.569993098457765,41.014488220214844,97638000
2017-11-09,40.75151861425842,40.981912236223316,40.293060838370266,40.93071365356445,117930400
2017-11-10,40.89801520924075,40.96107636396165,40.70182890986884,40.795249938964844,100582000
2017-11-13,40.52198037012979,40.75553645295474,40.49862333633409,40.631752014160156,67928400
2017-11-14,40.41455034592742,40.51731561124466,39.980135810403205,40.01750564575195,99130000
2017-11-15,39.697542276779,39.779288361333066,39.3261888238754,39.48967742919922,116632400
2017-11-16,39.98014528654126,40.14129962136904,39.77461827097618,39.961463928222656,94550000
2017-11-17,39.94743924729169,40.02918531900126,39.620462088020936,39.73957443237305,87598000
2017-11-20,39.77226907364915,39.83533022227053,39.60177410833716,39.699867248535156,65049600
2017-11-21,39.886715563706446,40.568699035095165,39.886715563706446,40.43790817260742,100525200
2017-11-22,40.489296234998555,40.87232819669046,40.4168943952556,40.86298751831055,102355600
2017-11-24,40.89568555462902,40.98910659428749,40.79058243028295,40.86532211303711,56106800
2017-11-27,40.88399784374668,40.891004241956935,40.48461532684453,40.65978240966797,82867200
2017-11-28,40.70883524443442,40.84196038887473,40.13895770201275,40.42156219482422,105715200
2017-11-29,40.31879956588713,40.38652928174377,39.04124713233191,39.58309555053711,166665600
2017-11-30,39.804962967086695,40.204345451649964,39.340188625783696,40.13661575317383,166108800
2017-12-01,39.69286632422728,40.09458318069577,39.35421062507689,39.94977951049805,159037200
2017-12-04,40.28375409121187,40.31645180181726,39.618121361648676,39.6578254699707,130169600
2017-12-05,39.485001333095546,40.05955101829121,39.33085342197184,39.62046432495117,109400800
2017-12-06,39.12065153613966,39.75125237053263,38.87775473048756,39.47332000732422,114240000
2017-12-07,39.477993500762025,39.80730850881267,39.44996790476923,39.54572677612305,102693200
2017-12-08,39.81898887304468,39.93810122531584,39.42895053434626,39.557403564453125,93420800
2017-12-11,39.51770012784191,40.37952289723063,39.42194125040226,40.32814025878906,141095200
2017-12-12,40.20668875490006,40.26274351240947,40.045538009155386,40.10158920288086,77636800
2017-12-13,40.28842377917512,40.53132053418506,40.17164573923548,40.23470687866211,95273600
2017-12-14,40.26506465721678,40.435563152609014,40.08989760639284,40.223026275634766,81906000
2017-12-15,40.55234380130759,40.67846251796855,40.279083612056354,40.631752014160156,160677200
2017-12-18,40.84429321069244,41.386141526801474,40.83962109068416,41.2039680480957,117684400
2017-12-19,40.87932873423201,40.963409082730685,40.659785404053046,40.76488494873047,109745600
2017-12-20,40.84195518484071,40.970411756114494,40.46359543289187,40.72050857543945,93902400
2017-12-21,40.67846658865148,41.110546810628996,40.66211951438505,40.87465286254883,83799600
2017-12-22,40.79757891984987,40.97041172139755,40.75554053135045,40.87465286254883,65397600
2017-12-26,39.89139010250902,40.04787229131358,39.62980479789167,39.83767318725586,132742000
2017-12-27,39.7278951035987,39.88671154525252,39.63680836470116,39.84467315673828,85992800
2017-12-28,39.93810218946852,40.13662634516373,39.8166519919685,39.956787109375,65920800
2017-12-29,39.82599339127674,39.8423404676631,39.52236970108952,39.52470397949219,103999600
2018-01-02,39.74190661487655,40.24171652360329,39.531703987751335,40.23237228393555,102223600
2018-01-03,40.2954475107096,40.767231992876575,40.162322341077946,40.225379943847656,118071600
2018-01-04,40.29776479406131,40.51497380334749,40.19033099212951,40.412208557128906,89738400
2018-01-05,40.50795997310696,40.95872141774744,40.416873260451084,40.87230682373047,94640000
2018-01-08,40.72050857543945,41.01478798653484,40.6224118746243,40.72050857543945,82271200
2018-01-09,40.767222018194126,40.886334358066584,40.500968180291736,40.71583938598633,86336000
2018-01-10,40.44258118326222,40.70883503455394,40.405211346362094,40.70649719238281,95839600
2018-01-11,40.776563140765795,40.98676579221811,40.7532096664602,40.93771743774414,74670800
2018-01-12,41.14792521409421,41.423523353850584,41.02414072640722,41.3604621887207,101672400
2018-01-16,41.54963226482539,41.897632166104536,41.13857477715793,41.15025329589844,118263600
2018-01-17,41.1409054898702,41.86493082363039,40.88866803861023,41.829898834228516,137547200
2018-01-18,41.89296655774629,42.06346511753635,41.631384803459454,41.86727523803711,124773600
2018-01-19,41.7154633623387,41.942013108967615,41.435196700011545,41.6804313659668,129700400
2018-01-22,41.40951459359977,41.52162057071356,41.24602596785368,41.339447021484375,108434400
2018-01-23,41.40950846897786,41.90931851592628,41.29740250844497,41.34878158569336,130756400
2018-01-24,41.397814394375324,41.40949291091029,40.45191157556955,40.69013977050781,204420400
2018-01-25,40.75788033680049,40.86064560766888,39.828327905935794,39.96379089355469,166116000
2018-01-26,40.171656622698116,40.171656622698116,39.71855713477156,40.057212829589844,156572000
2018-01-29,39.74191500654441,39.74191500654441,39.02022736439535,39.228092193603516,202561600
2018-01-30,38.66054294724928,39.09028533816567,38.466690946570125,38.996864318847656,184192800
2018-01-31,38.973506787042304,39.34019158896355,38.8870921670817,39.10429763793945,129915600
2018-02-01,39.043573419865425,39.38222905740429,38.947814562060074,39.18604278564453,188923200
2018-02-02,38.77032242534317,38.95716806545105,37.39234251164283,37.48576354980469,346375200
2018-02-05,37.158768125569104,38.275165733780575,36.43474296171438,36.54918670654297,290954000
2018-02-06,36.161500373275416,38.23781447548652,35.96764833446802,38.07666015625,272975200
2018-02-07,38.09067214468713,38.163073981925415,37.151778975373574,37.26154708862305,206434400
2018-02-08,37.43671508461974,37.602541525249535,36.208210973651525,36.236236572265625,217562000
2018-02-09,36.834223524000194,37.02651848559396,35.232531269697944,36.679447174072266,282690400
2018-02-12,37.16957849038807,38.43357852431035,36.93741390436866,38.1568603515625,243278000
2018-02-13,37.97863336270872,38.63525757586731,37.90828012945707,38.53910827636719,130196800
2018-02-14,38.234238930394085,39.28952648112908,38.19672031477499,39.24966049194336,162579600
2018-02-15,39.817163188660714,40.59104130416006,39.63190320376344,40.56759262084961,204588800
2018-02-16,40.41986557057159,40.99675777482494,40.28150648157054,40.436279296875,160704400
2018-02-20,40.3471595876204,40.865421001998236,40.199418192113605,40.30025863647461,135722000
2018-02-21,40.530077297539975,40.832591485159895,40.103270396242934,40.11734390258789,149886400
2018-02-22,40.28851979932127,40.792711127192405,40.26741491470796,40.452674865722656,123967600
2018-02-23,40.727061180375976,41.191386671149125,40.696573952461684,41.156211853027344,135249600
2018-02-26,41.35555229219334,42.06845615928356,41.32272126367563,41.96996307373047,152648800
2018-02-27,42.00045256808782,42.32407170138227,41.78001411689453,41.83395004272461,155712400
2018-02-28,42.03797696075021,42.35690854658368,41.75422378396798,41.77063751220703,151128400
2018-03-01,41.86911745238018,42.159909082195455,40.49021084632658,41.03895950317383,195208000
2018-03-02,40.523048950701295,41.34382828416562,40.4409695860293,41.322723388671875,153816000
2018-03-05,41.08821589148542,41.68152182188647,40.92640453259168,41.46577453613281,113605600
2018-03-06,41.72138323820596,41.80111522190971,41.30395864315268,41.43059158325195,95154000
2018-03-07,41.024892726201514,41.23829619080357,40.86777255571941,41.045997619628906,126814000
2018-03-08,41.1515203805562,41.5361138952039,41.055374685629104,41.49390411376953,95096400
2018-03-09,41.73312458693935,42.21152024188886,41.59945305524888,42.20682907104492,128740800
2018-03-12,42.27950792605273,42.77197688165048,42.26075040737717,42.6148567199707,128828400
2018-03-13,42.8188823717897,43.03228584704719,42.03328148015338,42.204471588134766,126774000
2018-03-14,42.28655332708337,42.33345428800608,41.697934995814336,41.84567642211914,117473600
2018-03-15,41.859741712209576,42.267787541462646,41.75890483631969,41.89491653442383,90975200
2018-03-16,41.894895809064806,42.00511496856223,41.65335260718197,41.74715805053711,157618800
2018-03-19,41.58302568659741,41.61820051060324,40.72472419771771,41.109317779541016,133787200
2018-03-20,41.09524154663086,41.461073973434026,41.02488833109644,41.09524154663086,78597600
2018-03-21,41.04834729488846,41.06007343013233,40.16190586082606,40.16425323486328,148219600
2018-03-22,39.86642392375612,40.49490465390469,39.53811362865073,39.59674072265625,165963200
2018-03-23,39.48887827668077,39.84767592367951,38.67982482910156,38.67982482910156,164115200
2018-03-26,39.413825421041864,40.59340229446236,39.03157561389641,40.516014099121094,150164800
2018-03-27,40.7294202395115,41.07414789954992,39.144144625182754,39.47714614868164,163690400
2018-03-28,39.221523214294066,39.87111237349299,38.73843656517135,39.040950775146484,166674000
2018-03-29,39.35284871600534,40.27681225973409,39.139445242034746,39.3458137512207,153594000
2018-04-02,39.07845846277731,39.617828206245775,38.56957593985347,39.08783721923828,150347200
2018-04-03,39.31298361843127,39.57328805633437,38.66574179530286,39.48886489868164,121112000
2018-04-04,38.665740123117175,40.337782321799516,38.63994405999684,40.243980407714844,138422000
2018-04-05,40.47146008133661,40.85839750981913,40.35420588139473,40.52305221557617,107732800
2018-04-06,40.09388690761146,40.447993175120004,39.44429787303993,39.48651123046875,140021200
2018-04-09,39.838284944533854,40.59105484435307,39.83124997936275,39.878150939941406,116070800
2018-04-10,40.5699434707003,40.80445181446158,40.22521591910616,40.628570556640625,113634400
2018-04-11,40.389384621884204,40.785704428602784,40.26509544417317,40.43863296508789,89726400
2018-04-12,40.66609779258834,41.03896524660504,40.579327261385,40.83728790283203,91557200
2018-04-13,40.98737310695765,41.23595140956656,40.7692820378696,40.97564697265625,100497200
2018-04-16,41.046002393482574,41.318032979230495,40.999101432084586,41.231266021728516,86313600
2018-04-17,41.388362392937495,41.96290689063918,41.36960130351184,41.79875183105469,106421600
2018-04-18,41.69792490586436,41.9347806054284,41.47983388010552,41.704959869384766,83018000
2018-04-19,40.74817827560862,41.1304281124797,40.490221182725016,40.52305221557617,139235200
2018-04-20,40.00712227776633,40.15251629639191,38.79471107037423,38.86272048950195,261964400
2018-04-23,39.12303532985958,39.14414022627035,38.480481049834914,38.75016784667969,146062000
2018-04-24,38.850991601645205,39.00576794628859,37.807430329391195,38.210784912109375,134768000
2018-04-25,38.135749302540106,38.792373442463585,38.08650454957621,38.37729263305664,113528400
2018-04-26,38.487503547700406,38.865062078325884,38.31162231129064,38.510955810546875,111852000
2018-04-27,38.45937535604153,38.53676355292393,37.66908323921262,38.06540298461914,142623200
2018-04-30,38.02084726576304,39.22387290010459,37.95283782728673,38.75485610961914,169709600
2018-05-01,39.02454068518083,39.678817496129916,38.757201272985704,39.65536880493164,214277600
2018-05-02,41.09290629028131,41.68386846538951,40.75756099293259,41.40715026855469,266157600
2018-05-03,41.24533319861876,41.6252356123869,40.90764057379652,41.48218536376953,136272800
2018-05-04,41.801108061327,43.20815798204488,41.78234696631987,43.10966491699219,224805200
2018-05-07,43.42625741514392,44.01018453355884,43.32542053554756,43.42156982421875,169805600
2018-05-08,43.38171263968228,43.67015698594783,43.072159816712876,43.63029098510742,113611200
2018-05-09,43.74754114603787,43.946871131806425,43.43564455597334,43.93749237060547,92844800
2018-05-10,44.026597421096504,44.64335192738503,44.00548895079558,44.56596374511719,111957200
2018-05-11,44.60835031424025,44.74253367480774,44.12810643235804,44.39647674560547,104848800
2018-05-14,44.49532833541939,44.617743876985536,44.22460531814556,44.29287338256836,83115200
2018-05-15,43.970378343631864,44.0386500297141,43.574886781090854,43.89033889770508,94780800
2018-05-16,43.80323241533357,44.365868491092186,43.786751806031575,44.299949645996094,76732400
2018-05-17,44.2575751900698,44.47180154910727,43.8714986140111,44.01980972290039,69176000
2018-05-18,44.066886380624,44.21284104716232,43.81734959249926,43.85972213745117,73190800
2018-05-21,44.25758800050746,44.55656313800459,44.00098901729243,44.17048645019531,73603200
2018-05-22,44.347044933215415,44.46475128151072,43.97038318182537,44.05984115600586,60962800
2018-05-23,43.86914520823956,44.37528092786658,43.73024902599362,44.342323303222656,80233600
2018-05-24,44.438831617858646,44.45530862977695,43.83617601647254,44.29287338256836,92936000
2018-05-25,44.31172339594766,44.64600893764281,44.17518362391239,44.39411926269531,69844000
2018-05-29,44.16341076203586,44.43413384930617,43.99155695605987,44.234031677246094,90056400
2018-05-30,44.19166075774655,44.25757600911459,43.97037230296309,44.139869689941406,74762000
2018-05-31,44.073953934274336,44.31171940312337,43.819707856715965,43.99155807495117,109931200
2018-06-01,44.25522977936332,44.78961396182632,44.198729444569345,44.784908294677734,93770000
2018-06-04,45.11447741480749,45.5335116194763,45.04620933090354,45.15920639038086,105064800
2018-06-05,45.45111740448041,45.65592523952757,45.28397285957056,45.50761413574219,86264000
2018-06-06,45.58294435150717,45.688879306487344,45.18038721204892,45.66533660888672,83734400
2018-06-07,45.703005644811824,45.71712982719416,45.27926221278443,45.54292678833008,85388800
2018-06-08,45.00384407842098,45.19923704461529,44.674267745149045,45.12861251831055,106627200
2018-06-11,45.04621918925717,45.19217390602885,44.77784886919592,45.017967224121094,73234000
2018-06-12,45.05563482605106,45.34283859669024,44.999134487001314,45.26515197753906,67644400
2018-06-13,45.29810234253357,45.40639374364206,44.8319862945275,44.893192291259766,86553600
2018-06-14,45.093299928876135,45.09800918830484,44.78020063094766,44.91674041748047,86440400
2018-06-15,44.73546388316103,44.76606867596771,44.31878250278761,44.455322265625,246876800
2018-06-18,44.22933815211929,44.54479030035685,44.069255652105554,44.431793212890625,73939600
2018-06-19,43.584294155203395,43.864435759517136,43.186446235941816,43.71377182006836,134314000
2018-06-20,43.869150444974466,44.06924904987307,43.72319215374665,43.90446090698242,82514800
2018-06-21,44.08101686710727,44.33997220811124,43.53721424311076,43.659629821777344,102847600
2018-06-22,43.815014843289504,43.82207693760852,43.48072920777459,43.53252029418945,108801600
2018-06-25,43.174676934564935,43.532505154775784,42.546125613973516,42.8851203918457,126652400
2018-06-26,43.07815742835521,43.91151653812936,42.9722188736952,43.41714859008789,98276800
2018-06-27,43.60548157163157,44.08807819397724,43.32298712678173,43.35359191894531,101141200
2018-06-28,43.33947959489621,43.836200536589885,43.268855066330175,43.6690559387207,69460800
2018-06-29,43.85501370278321,44.066887207854,43.0593215205996,43.57722854614258,90950800
2018-07-02,43.27356150413788,44.09279664258604,43.17939427481984,44.064544677734375,70925200
2018-07-03,44.20813431262822,44.2458011939208,43.20763067800487,43.297088623046875,55819200
2018-07-05,43.61254255857638,43.88326923845472,43.38183918687277,43.64550018310547,66416800
2018-07-06,43.65020826050607,44.35879896476578,43.59841719591709,44.250511169433594,69940800
2018-07-09,44.610698358210996,44.88848356836496,44.56361654538464,44.86494445800781,79026400
2018-07-10,44.89555498516725,45.02973834846083,44.77078295668372,44.81080627441406,63756400
2018-07-11,44.375290498082336,44.67661844327326,44.165773355065014,44.22933578491211,75326000
2018-07-12,44.617759623255736,45.06033655826407,44.5659685524734,44.97087860107422,72164400
2018-07-13,44.982654551959264,45.16156689252232,44.94027840238948,45.041507720947266,50055600
2018-07-16,45.08624028463614,45.35225418695095,44.827284883679084,44.9426383972168,60172400
2018-07-17,44.669547166635304,45.168620799732764,44.54006949990387,45.06974792480469,62138000
2018-07-18,45.147441433912235,45.15215069308998,44.711926558834094,44.82257080078125,65573600
2018-07-19,44.65541674710549,45.32869692797151,44.65541674710549,45.17097091674805,81147200
2018-07-20,45.147426045376015,45.30044279143015,44.76841163328131,45.067386627197266,82704800
2018-07-23,44.88849002002537,45.1898215680699,44.624828956613065,45.107425689697266,63957600
2018-07-24,45.30516130817569,45.59001217970089,45.21099769014568,45.43463897705078,74791600
2018-07-25,45.44877332615458,45.87016405255477,45.30046218207811,45.863101959228516,66839600
2018-07-26,45.813657492271,46.131466017243845,45.578244834398404,45.7194938659668,76304000
2018-07-27,45.90310956660715,45.950191373723,44.75194196088316,44.959102630615234,96096000
2018-07-30,45.17568705463297,45.24631156955065,44.50947240208614,44.707218170166016,84118000
2018-07-31,44.799029246561446,45.2321876723777,44.57303151581136,44.79667282104492,157492000
2018-08-01,46.87772303025375,47.49685586882303,46.44927027493961,47.43564987182617,271742800
2018-08-02,47.21906796740019,49.05528728580015,47.16492406575627,48.822227478027344,249616000
2018-08-03,48.737472770954085,49.140029917969756,48.372582503962036,48.963470458984375,133789600
2018-08-06,48.96583818020829,49.260104034656656,48.74690610871269,49.21773147583008,101701600
2018-08-07,49.2765691420758,49.31894168757005,48.673909844415014,48.75630569458008,102349600
2018-08-08,48.50677025810236,48.92109516921225,48.14658924289564,48.78926467895508,90102000
2018-08-09,49.32600183018251,49.384854980229704,48.77749004068935,49.1729850769043,93970400
2018-08-10,48.98636733184349,49.397423215315094,48.823362350385615,49.026527404785156,98444800
2018-08-13,49.447024012639176,49.83445457088549,49.06668031301187,49.34307861328125,103563600
2018-08-14,49.647830530631445,49.74232438693092,49.19897570143508,49.55097198486328,82992000
2018-08-15,49.42575736641449,49.78484044608294,49.21550550888478,49.66672134399414,115230400
2018-08-16,50.023456126869974,50.51010641019358,49.95730969640134,50.394351959228516,114001600
2018-08-17,50.422699965777916,51.488133330022386,50.35655353456642,51.400726318359375,141708000
2018-08-20,51.523571270388054,51.778705445399396,50.81721750232455,50.89990234375,121150800
2018-08-21,51.21645993387259,51.308592719080146,50.56207888756199,50.80067825317383,104639200
2018-08-22,50.578606324540054,51.112503424952145,50.517182077920815,50.80303192138672,76072400
2018-08-23,50.708543349660324,51.27551736200739,50.696734319896585,50.906986236572266,75532800
2018-08-24,51.16921489424012,51.24008349724806,50.81721854555639,51.065269470214844,73905600
2018-08-27,51.29913331813298,51.67475486622444,51.10541983221715,51.48576354980469,82100400
2018-08-28,51.73853389204528,52.09997809862449,51.71727331629577,51.90153884887695,91107200
2018-08-29,52.00785214367495,52.796890681463665,51.83303813611593,52.67640686035156,109019200
2018-08-30,52.740194102199645,53.92374654449071,52.5393901295794,53.16069793701172,195175200
2018-08-31,53.51032449768809,54.06784690966644,53.38984428836114,53.7749137878418,173360400
2018-09-04,53.95918125564201,54.141082118508926,53.538677445708245,53.94736862182617,109560400
2018-09-05,54.0962064940442,54.25684679851635,53.177239704245125,53.59537887573242,133332000
2018-09-06,53.44418486745145,53.70877419122638,52.279531881836945,52.70476150512695,137160000
2018-09-07,52.40946516440661,53.2410213353136,52.140153662691596,52.27953338623047,150479200
2018-09-10,52.19684302288819,52.40945962051581,51.13849662341598,51.57789993286133,158066000
2018-09-11,51.50229724795152,52.988237791666194,51.159752521935985,52.88193130493164,142996000
2018-09-12,53.13943004010964,53.15360375769151,51.93461357971818,52.225189208984375,197114800
2018-09-13,52.80396981483061,53.94500089042822,52.57954421881991,53.486698150634766,166825600
2018-09-14,53.33079363291841,53.58829250227248,52.56774497032442,52.87957763671875,127997200
2018-09-17,52.48033836730671,52.66932973352161,51.32749788234575,51.47160339355469,148780400
2018-09-18,51.45033432804287,52.40946478981779,51.292055110199634,51.556644439697266,126286800
2018-09-19,51.61806869997937,51.88265444324082,50.86210685872496,51.58735656738281,108495200
2018-09-20,52.02912288853213,52.51104741962864,51.77162040987671,51.97951126098633,106435200
2018-09-21,52.15668660065999,52.29370523412945,51.332213714764634,51.41962432861328,384986800
2018-09-24,51.221183555265625,52.27007844864043,51.17629770710372,52.1590461730957,110773600
2018-09-25,51.91335471262328,52.638607860257046,51.9015420793463,52.489776611328125,98217600
2018-09-26,52.20867012058126,52.85832551800931,51.91573329822691,52.071651458740234,95938800
2018-09-27,52.87484932822745,53.49379241878552,52.808699298788234,53.14179611206055,120724800
2018-09-28,53.10400092790325,53.35205184075627,52.92210004922642,53.32843017578125,91717600
2018-10-01,53.85050113265933,54.19777160188622,53.472522146260154,53.687496185302734,94403200
2018-10-02,53.68515137317123,54.33480667031632,53.53868478695852,54.16471481323242,99152800
2018-10-03,54.34660831900594,55.15454267446678,54.2828229843168,54.82381057739258,114619200
2018-10-04,54.51906948736873,54.88996531394605,53.56230374089691,53.85996627807617,128168000
2018-10-05,53.85287558101716,53.95918207755952,52.10943606076721,52.985877990722656,134322000
2018-10-08,52.49450599592842,53.1063622318355,52.01966478038702,52.863037109375,118655600
2018-10-09,52.832330220069366,53.68987635310737,52.50395914620055,53.59537887573242,107564000
2018-10-10,53.26228031441347,53.47253222410703,51.03927739644141,51.112510681152344,167962400
2018-10-11,50.67783906976985,51.854304746732204,50.15811555179249,50.66130065917969,212497600
2018-10-12,52.07164673313409,52.65279454925669,51.22591316903266,52.470890045166016,161351600
2018-10-15,52.24644558062672,52.40472475540193,51.327479049361656,51.34873962402344,123164000
2018-10-16,51.719643885984794,52.678774311748526,51.20700726110125,52.48033142089844,116736000
2018-10-17,52.51576847933284,52.59608862651848,51.816501609567986,52.253543853759766,91541600
2018-10-18,51.466865935858664,51.91099500494613,50.318747882244416,51.032188415527344,130325200
2018-10-19,51.51411986825671,52.27008165957751,51.36528859514771,51.809417724609375,132314800
2018-10-22,51.92281529140717,52.766187767619336,51.722014895673645,52.125980377197266,115168400
2018-10-23,50.987308828331614,52.74019644792127,50.720358416207795,52.61735153198242,155071200
2018-10-24,52.586644215954536,52.97171017320504,50.68256059159632,50.81249237060547,163702000
2018-10-25,51.43143001575748,52.29842394420903,51.20463971399698,51.925167083740234,119423200
2018-10-26,51.003830186023116,52.017294167067476,50.24078174579032,51.09832763671875,189033600
2018-10-29,51.78107281741949,51.89919196573982,48.68634968954274,50.139217376708984,183742000
2018-10-30,49.88169975873189,50.8337395169499,49.4375743470066,50.38961410522461,146640000
2018-10-31,51.2353476188621,52.07871621140571,51.17392337307562,51.70309829711914,153435600
2018-11-01,51.747997017825796,52.52994516393309,51.21882196206112,52.49687194824219,233292800
2018-11-02,49.50372821693035,50.47230292231517,48.53042413230621,49.014713287353516,365314800
2018-11-05,48.263483105324866,48.28474368617873,46.8153412419974,47.62327575683594,264654800
2018-11-06,47.701232888220325,48.36270079071048,47.64689909334055,48.138275146484375,127531600
2018-11-07,48.65798983895871,49.62420336069003,48.22331234911946,49.59821701049805,133697600
2018-11-08,49.77840714032471,49.8115957619035,49.0126959027858,49.42518615722656,101450400
2018-11-09,48.72820356356081,48.83725030122931,47.9458964943367,48.47217559814453,137463200
2018-11-12,47.17544617439907,47.376950783365466,45.940348730689024,46.030433654785156,204542000
2018-11-13,45.42829839038313,46.74399267153785,45.385625249664386,45.570533752441406,187531600
2018-11-14,45.966421139033315,46.10391783458197,44.07703256697884,44.28327941894531,243204000
2018-11-15,44.66022199101914,45.50890651260284,44.30699742332374,45.37615203857422,185915200
2018-11-16,45.16042002511673,46.2200900127269,44.913876541520615,45.878719329833984,147713200
2018-11-19,45.04188654984463,45.207829618939165,43.854204422517,44.060447692871094,167701200
2018-11-20,42.28484670118081,43.0197420672639,41.60684765041812,41.95532989501953,271300800
2018-11-21,42.60724693877204,42.7352627289544,41.85338983967159,41.90791320800781,124496800
2018-11-23,41.47172767156233,41.86525241632078,40.798470823102626,40.843509674072266,94496000
2018-11-26,41.30577746097213,41.474089835387204,40.362265965846845,41.39585876464844,179994000
2018-11-27,40.65860642592702,41.43143283984159,40.50925944326727,41.305789947509766,165549600
2018-11-28,41.896050316151936,42.97705462654023,41.46933713644964,42.89408493041992,184250000
2018-11-29,43.301835879212355,43.33502448357131,42.12600432124868,42.564571380615234,167080000
2018-11-30,42.74001168122408,42.74949621026611,41.96718895954499,42.33463668823242,158126000
2018-12-03,43.7285573355553,43.84234634091446,42.95810408732895,43.813899993896484,163210000
2018-12-04,42.8964743680744,43.23784507191264,41.787023197888146,41.88658905029297,165377200
2018-12-06,40.71786790117009,41.43379791374435,40.40020490851023,41.41957473754883,172393600
2018-12-07,41.127973766354074,41.36503626254481,39.89761883235829,39.94266128540039,169126400
2018-12-10,39.11531764191258,40.32196505738388,38.71942364894465,40.205806732177734,248104000
2018-12-11,40.69415597889754,40.724971648959276,39.589443688075356,39.97585678100586,189126800
2018-12-12,40.39545486304984,40.75579093217634,40.06831102170334,40.087276458740234,142510800
2018-12-13,40.41679401583242,40.909884536388844,40.19395464798327,40.525840759277344,127594400
2018-12-14,40.063568031120994,40.08253346781374,39.1816951199879,39.22910690307617,162814800
2018-12-17,39.22198817296759,39.90947156304112,38.57717791200247,38.8640251159668,177151600
2018-12-18,39.205406665323395,39.71508971376303,38.97071343268076,39.368980407714844,135366000
2018-12-19,39.35238091263852,39.69612086582762,37.714277923367106,38.1409912109375,196189200
2018-12-20,38.02483942939825,38.430218065260014,36.81582234497566,37.17852783203125,259092000
2018-12-21,37.18563569205263,37.493817763282536,35.47167428612858,35.73244094848633,382978400
2018-12-24,35.120812505498044,35.92682728092065,34.75099553606444,34.807891845703125,148676800
2018-12-26,35.15637365867392,37.27334029939218,34.78181443000984,37.259117126464844,234330000
2018-12-27,36.943826100791895,37.16429614836959,35.575977822212685,37.01731491088867,212468400
2018-12-28,37.3373405032617,37.57914524507539,36.6380069125309,37.03627014160156,169165600
2018-12-31,37.58151145521204,37.778273730881104,37.0955326892618,37.39423370361328,140014000
2019-01-02,36.71860965250056,37.65737872294249,36.56214753787914,37.43690872192383,148158800
2019-01-03,34.132264253567534,34.54475438454186,33.66288142679495,33.707923889160156,365248800
2019-01-04,34.262650244247524,35.21564271315385,34.0895955946681,35.14689254760742,234428400
2019-01-07,35.2511999095662,35.282019198115606,34.587424056502364,35.068660736083984,219111200
2019-01-08,35.45507757862409,35.990841304732,35.20853409612209,35.7371826171875,164101200
2019-01-09,35.865191626259296,36.63327559109025,35.471670542086514,36.344058990478516,180396400
2019-01-10,36.15204586823649,36.50052817352975,35.76326335572206,36.460227966308594,143122800
2019-01-11,36.24212643871853,36.436515862873954,35.91734826183033,36.102256774902344,108092800
2019-01-14,35.760888011805555,35.860453851229586,35.37447488807685,35.559383392333984,129756800
2019-01-15,35.62338698103528,36.36302090848889,35.571232935659744,36.28716278076172,114843600
2019-01-16,36.28953230223316,36.95330810558897,36.27056686587589,36.73046875,122278800
2019-01-17,36.555041764917604,37.37527971845507,36.33220240574262,36.94856643676758,119284800
2019-01-18,37.33735590651915,37.42744084338128,36.97701977635849,37.17615509033203,135004000
2019-01-22,37.07896642354878,37.154824583334396,36.180497039929904,36.34170150756836,121576000
2019-01-23,36.543193727393664,36.77788697397383,35.96239115421121,36.488670349121094,92522400
2019-01-24,36.53371051743065,36.621422505300714,35.971873419279106,36.1994514465332,101766000
2019-01-25,36.85848824802213,37.48670624384689,36.58349840941583,37.398990631103516,134142000
2019-01-28,36.93197130900929,37.05998710557618,36.4270305613809,37.05287551879883,104768400
2019-01-29,37.041028491557945,37.48670730390051,36.53371471002909,36.66883850097656,166348800
2019-01-30,38.70045460226316,39.38793443159078,37.98452481209461,39.17457962036133,244439200
2019-01-31,39.37846066569241,40.06357129642498,39.011012986557645,39.45669174194336,162958400
2019-02-01,39.5799665216834,40.058830287377425,39.33578875751876,39.47565841674805,130672400
2019-02-04,39.68663891563872,40.69415466560486,39.655819629284345,40.59695816040039,125982000
2019-02-05,40.978636596011086,41.50491579851415,40.857735985761174,41.29155731201172,144406400
2019-02-06,41.402982867244425,41.62108364890663,40.97627306845849,41.305789947509766,112958400
2019-02-07,40.86957342612514,41.23465170067158,40.38122525640805,40.52346420288086,126966800
2019-02-08,40.23301855889848,40.630610517833716,40.09731162648508,40.57109069824219,95280000
2019-02-11,40.723459438398876,40.761552993076776,40.29491603027586,40.3377685546875,83973600
2019-02-12,40.497290350510035,40.71156026721677,40.40205645090563,40.68537139892578,89134000
2019-02-13,40.804412092258794,41.06391766381333,40.454435221967046,40.516334533691406,89960800
2019-02-14,40.40442352373039,40.77344338564878,40.32585695005733,40.6639289855957,87342800
2019-02-15,40.77107347735558,40.87820841832707,40.41395458558312,40.57346725463867,98507200
2019-02-19,40.40442811793749,40.816304172692135,40.35205039619982,40.694881439208984,75891200
2019-02-20,40.75678995456549,41.26389995148661,40.70917482812812,40.9567756652832,104457600
2019-02-21,40.902013836844844,41.037717113521,40.54489497965377,40.725833892822266,68998800
2019-02-22,40.84964624668983,41.18771841275426,40.80203111381347,41.18057632446289,75652800
2019-02-25,41.46389663883055,41.87101025536562,41.41389838151457,41.480560302734375,87493600
2019-02-26,41.356756012982544,41.73530122089329,41.228191159064565,41.504364013671875,68280800
2019-02-27,41.23772183367156,41.66388223062613,41.12344114107852,41.632930755615234,111341600
2019-02-28,41.501978939190536,41.64244483272273,41.16866579075333,41.22342300415039,112861600
2019-03-01,41.49245537237755,41.699583177214194,41.16152532850225,41.65673065185547,103544800
2019-03-04,41.82815171089323,42.3185944748955,41.418655034914266,41.86624526977539,109744800
2019-03-05,41.8876638710685,41.90194804483561,41.554350741031215,41.7900505065918,78949600
2019-03-06,41.58530531623897,41.780532059793444,41.41150846773898,41.54959487915039,83241600
2019-03-07,41.39483191254346,41.53053880871638,40.954387544867565,41.06866455078125,99185600
2019-03-08,40.549662045743496,41.2043800226722,40.35443530524196,41.16628646850586,95997600
2019-03-11,41.780536704959346,42.64476207379975,41.74720574903715,42.592384338378906,128044000
2019-03-12,42.854273633241505,43.48994492286504,42.70428251302859,43.070926666259766,129870400
2019-03-13,43.38994808203721,43.63993204857632,43.07330220879454,43.26138687133789,124130000
2019-03-14,43.78277116143453,43.83038991608697,43.46374584894839,43.7422981262207,94318000
2019-03-15,44.0089593533073,44.59939499066683,43.74469118922754,44.311317443847656,156171600
2019-03-18,44.2351166798014,44.85174094419894,44.232733562777256,44.76365280151367,104879200
2019-03-19,44.8422339518956,44.99460454615995,44.26369941100965,44.40892791748047,126585600
2019-03-20,44.337498406840204,45.11363909902574,43.98037952623001,44.796993255615234,124140800
2019-03-21,45.23982042355803,46.74209992048173,45.18982218227039,46.44688034057617,204136800
2019-03-22,46.50639318081825,47.06588079152945,45.42075253712384,45.48503494262695,169630800
2019-03-25,45.594562296617404,45.706459850538906,44.42559577501445,44.93508529663086,175381200
2019-03-26,45.63026979507093,45.92072676985604,43.9446682740036,44.470821380615234,199202000
2019-03-27,44.93746956358584,45.17792835781275,44.41369581046471,44.87080764770508,119393600
2019-03-28,44.98507413606459,45.13030262573335,44.647002032678536,44.93031692504883,83121600
2019-03-29,45.194591438126565,45.254111259812014,44.88746712386078,45.22315979003906,94256000
2019-04-01,45.625507499441596,45.6350290710456,44.84937044927723,45.530277252197266,111448000
2019-04-02,45.494564556613646,46.29689412668294,45.485042984722554,46.192138671875,91062800
2019-04-03,46.008828665948364,46.782586457225634,45.985019280788215,46.50879669189453,93087200
2019-04-04,46.37546339734885,46.75162911226927,45.98263402115057,46.58973693847656,76457200
2019-04-05,46.7706708206856,46.92542452241121,46.64686858586537,46.901615142822266,74106400
2019-04-08,46.76352259873422,47.670603896938765,46.744475824121956,47.63965606689453,103526800
2019-04-09,47.69203381366528,48.2943739839882,47.432524688138955,47.49680709838867,143072800
2019-04-10,47.301576367384655,47.792022598466595,47.18253676070273,47.763450622558594,86781200
2019-04-11,47.81821268200921,47.85392311180823,47.24444089123429,47.36585998535156,83603200
2019-04-12,47.42539124332817,47.64918634491624,46.71353653021887,47.346824645996094,111042800
2019-04-15,47.277779385224925,47.58014105940189,47.142072464719895,47.43252944946289,70146400
2019-04-16,47.48729988834569,47.94202860106376,47.273026333647394,47.43730163574219,102785600
2019-04-17,47.50633845193266,48.420565658052794,47.28492646285772,48.361045837402344,115627200
2019-04-18,48.35865586347392,48.6038771991631,48.21581049384585,48.53483581542969,96783200
2019-04-22,48.28960961121841,48.79195692095308,48.17294948323619,48.69434356689453,77758000
2019-04-23,48.67054404461103,49.46096897486131,48.5443623205219,49.39668655395508,93292000
2019-04-24,49.36810690792531,49.634754470227186,49.294302931416794,49.320491790771484,70162400
2019-04-25,49.241936964004154,49.463348946368356,48.834819804661606,48.8729133605957,74172800
2019-04-26,48.78243276062449,48.80624213673832,48.12057279202839,48.63958740234375,74596400
2019-04-29,48.66339973624621,49.03718592161168,48.53483853310215,48.71339797973633,88818800
2019-04-30,48.34437319932044,48.42531927458395,47.403960863567825,47.77536392211914,186139600
2019-05-01,49.96807847828328,51.260847173955064,49.813324772705464,50.12044906616211,259309200
2019-05-02,49.958560121043945,50.627562381913904,49.551446546864156,49.79428482055664,127985200
2019-05-03,50.208528390389,50.43470293107204,50.05139522758998,50.41327667236328,83569600
2019-05-06,48.63720541769776,49.72046666569017,48.449124420101235,49.63475799560547,129772400
2019-05-07,49.01575322424928,49.382393641433325,47.813452381544515,48.2967529296875,155054800
2019-05-08,48.06819138767236,48.88718445714394,48.03248095903861,48.306270599365234,105358000
2019-05-09,47.71109010219779,48.01583131452178,46.82067584826434,47.78727722167969,139634400
2019-05-10,47.182612149934656,47.52437848755979,46.07128168416476,47.12525177001953,164834800
2019-05-13,44.86196376514138,45.28498427633387,43.70044246376236,44.38636016845703,229722400
2019-05-14,44.55126706777633,45.3375626885166,44.31227095065522,45.08900833129883,146118800
2019-05-15,44.51780472171754,45.827502333135364,44.458055696511366,45.62913513183594,106178800
2019-05-16,45.387746348226955,45.999575728464684,45.13201879261702,45.428375244140625,132125600
2019-05-17,44.67553394929403,45.624348646044616,44.63490505470456,45.170257568359375,131516400
2019-05-20,43.860575112945824,44.05894235797274,43.08622626273383,43.75780487060547,154449200
2019-05-21,44.26686007189899,44.93126897024765,44.14258107279463,44.596675872802734,113459200
2019-05-22,44.13302589344985,44.38397255733177,43.62874391724978,43.683712005615234,118994400
2019-05-23,42.971508631637576,43.148363449235205,42.49590497882846,42.93804931640625,146118800
2019-05-24,43.06709266530931,43.53074564161301,42.68947842323507,42.773128509521484,94858800
2019-05-28,42.76118322768103,43.16030629063083,42.519798471322034,42.596275329589844,111792800
2019-05-29,42.163693385388605,42.86395388562777,42.0633154565731,42.393131256103516,113924800
2019-05-30,42.5293526884522,42.835267386171125,42.223437990733274,42.61300277709961,84873600
2019-05-31,42.118285740184604,42.53892125066101,41.82193288157596,41.8410530090332,108174400
2019-06-03,41.96771001391318,42.52217898232048,40.6938605637744,41.41801834106445,161584400
2019-06-04,41.92947891959907,42.978671716588416,41.70960293183085,42.93326187133789,123872000
2019-06-05,44.04220496698027,44.211893817789964,43.29175729153441,43.62635040283203,119093600
2019-06-06,43.75539810692999,44.326598531462906,43.53312987985579,44.266849517822266,90105200
2019-06-07,44.575157115158966,45.86812677005471,44.39830235170156,45.44510269165039,122737600
2019-06-10,45.841854649486315,46.692680428699035,45.79644479383303,46.025882720947266,104883600
2019-06-11,46.57077698006724,46.84323236940541,46.26964322768004,46.5588264465332,107731600
2019-06-12,46.35328797515427,46.836061067320955,46.21945075676128,46.410648345947266,73012800
2019-06-13,46.53254494248193,47.03204596994404,46.269651392297824,46.40109634399414,86698400
2019-06-14,45.7796886940973,46.26723897386407,45.480943666919416,46.06409454345703,75046000
2019-06-17,46.102347467348565,46.59468250985322,45.927881330772394,46.33895492553711,58676400
2019-06-18,46.85520167461912,47.868543140763386,46.65444575926514,47.42879104614258,106204000
2019-06-19,47.72273967725771,47.77054181487059,47.156320085097796,47.290157318115234,84496800
2019-06-20,47.88764970557996,47.94501008519834,47.32839967976791,47.670166015625,86056000
2019-06-21,47.51242178135948,48.002364478306184,47.35707214014717,47.50764083862305,191202400
2019-06-24,47.450288424202775,47.83746462139094,47.36186102609769,47.4598503112793,72881600
2019-06-25,47.4239923880106,47.622359580324556,46.67354481128587,46.7404670715332,84281200
2019-06-26,47.26626862875501,48.0358365075775,47.165890685446655,47.75143051147461,104270000
2019-06-27,47.86852072527501,48.17443904653246,47.696446911829156,47.73707580566406,83598800
2019-06-28,47.483740662644806,47.67971920381685,47.09417952190008,47.30210494995117,124442400
2019-07-01,48.556831127500786,48.872307690511114,47.95456000971146,48.16965866088867,109012000
2019-07-02,48.136202478362335,48.547276037358415,48.12425194472356,48.45167541503906,67740800
2019-07-03,48.583136009304106,48.86037241242283,48.44212915914246,48.85320281982422,45448000
2019-07-05,48.599874137145854,49.01333650298124,48.49232293987289,48.81018829345703,69062000
2019-07-08,47.99280999831783,48.13381683307876,47.419220772325794,47.80400466918945,101354400
2019-07-09,47.60802314605108,48.160103562324515,47.51481481144376,48.095577239990234,82312000
2019-07-10,48.24137007294178,48.69068031541606,48.17205915336362,48.57118225097656,71588400
2019-07-11,48.59030547775813,48.84842175102384,48.207913835239545,48.217472076416016,80767200
2019-07-12,48.38475394958472,48.7551985897967,48.32500493170507,48.5879020690918,70380800
2019-07-15,48.77670213673965,49.202114806735395,48.75519336783644,49.04438018798828,67789600
2019-07-16,48.896215043761046,49.25949016524323,48.6357101496391,48.87470626831055,67467200
2019-07-17,48.7671576951322,49.01571204861512,48.580741018322186,48.59986114501953,56430000
2019-07-18,48.75521255390398,49.204526464021136,48.6835129825546,49.151947021484375,74162400
2019-07-19,49.18301120924729,49.35270006344837,48.36325624678891,48.4182243347168,83717200
2019-07-22,48.67155105881449,49.52715747734154,48.661992820040304,49.5247688293457,89111600
2019-07-23,49.821129303572306,49.92867682071002,49.54150065350668,49.91194534301758,73420800
2019-07-24,49.63231510960469,49.98602828414967,49.512817070534965,49.87131118774414,59966400
2019-07-25,49.92388833664692,50.00753841889171,49.40765595621234,49.476966857910156,55638400
2019-07-26,49.58689510594735,50.124636171524074,49.50563733126757,49.6490364074707,70475600
2019-07-29,49.821129523719435,50.34213928080888,49.8163485805303,50.112701416015625,86693600
2019-07-30,49.89282876718518,50.2274255237216,49.54628512206538,49.89760971069336,135742800
2019-07-31,51.72354141436402,52.90657151472246,50.49988240999392,50.915733337402344,277125600
2019-08-01,51.1212623066255,52.10831732750633,49.41005306995918,49.8139533996582,216071600
2019-08-02,49.12087352988322,49.33596858476301,48.18879009634884,48.75999069213867,163448400
2019-08-05,47.31884611855073,47.47658079621263,46.02587615195821,46.20751190185547,209572000
2019-08-06,46.917325530412754,47.33796101580563,46.37480334238874,47.08223342895508,143299200
2019-08-07,46.70223638200557,47.69406889981579,46.32223339634937,47.56978988647461,133457600
2019-08-08,47.84702393793063,48.642881479152365,47.65343765837779,48.618980407714844,108038000
2019-08-09,48.292696254195924,48.642954191627155,47.810486668464634,48.218326568603516,98478800
2019-08-12,47.88968288001428,48.47265208264437,47.77692759515677,48.09600067138672,89927600
2019-08-13,48.225529607627415,50.8932623822907,48.095979326471294,50.13276672363281,188874000
2019-08-14,48.738937007183495,49.525822471872054,48.60218985928062,48.64057540893555,146189600
2019-08-15,48.810912822218775,49.213950143233156,47.90167380434236,48.398277282714844,108909600
2019-08-16,49.00762317772249,49.69854835341414,48.90206475803103,49.54021072387695,110481600
2019-08-19,50.52861579041757,51.034813742319905,50.387073206778055,50.463844299316406,97654400
2019-08-20,50.590994943201196,51.18355856408945,50.456649187325645,50.466243743896484,107537200
2019-08-21,51.0971858421528,51.25551979787076,50.76371922258588,51.01321792602539,86141600
2019-08-22,51.14516837923141,51.44504857878068,50.559801644007706,50.97003936767578,89014800
2019-08-23,50.243125301638166,50.87167667544053,48.220735037045706,48.61417770385742,187272000
2019-08-26,49.38667048720254,49.70574345904227,49.194746427216245,49.537811279296875,104174400
2019-08-27,49.866488521091355,50.03202300931841,48.8277028674275,48.978843688964844,103493200
2019-08-28,48.964437759537844,49.35308130541824,48.77731281814011,49.307498931884766,63755200
2019-08-29,50.02002231545943,50.21674550325925,49.578599495883154,50.142372131347656,83962000
2019-08-30,50.41826974069237,50.48784035102953,49.70815166716036,50.077606201171875,84573600
2019-09-03,49.52341086109975,49.65535887288814,48.99322475097742,49.34828186035156,80092000
2019-09-04,49.99362663387558,50.255121283851096,49.73693109197349,50.185550689697266,76752400
2019-09-05,50.859678663980254,51.332290121775586,50.74212431527314,51.16675567626953,95654800
2019-09-06,51.35148694097706,51.44025031008519,50.98203247914074,51.16196060180664,77449200
2019-09-09,51.54101108118064,51.924859218012465,50.63657499459651,51.38027572631836,109237600
2019-09-10,51.30590901786626,52.006428796977275,50.79011648570887,51.98723602294922,127111600
2019-09-11,52.3159027038598,53.66896203989214,52.23433250615887,53.64017105102539,177158400
2019-09-12,53.93045177370637,54.31909531176275,53.465037153213494,53.52021408081055,128906800
2019-09-13,52.77891078404018,52.968433443898334,52.06399747203743,52.47903060913086,159053200
2019-09-16,52.23432939484169,52.81010154946968,52.19354612874398,52.754920959472656,84632400
2019-09-17,52.76932307922049,52.97564081276649,52.567800793429946,52.94684982299805,73274800
2019-09-18,53.033216987486675,53.4626475159437,52.6445733906473,53.44345474243164,101360000
2019-09-19,53.261116540529656,53.68094878345625,52.867673899298595,53.009220123291016,88242400
2019-09-20,53.10997768332739,53.39306280074984,52.171951652718704,52.23432540893555,221652400
2019-09-23,52.52701683843027,52.74053140147138,52.21514068797828,52.471839904785156,76662000
2019-09-24,53.02600846924604,53.37627010251863,52.10477750756929,52.222328186035156,124763200
2019-09-25,52.43105494304572,53.13877148349561,52.092789198613566,53.02601623535156,87613600
2019-09-26,52.778911116876884,53.00442159553428,52.49822371066928,52.75252151489258,75334000
2019-09-27,52.90845079308042,53.00921374061931,52.126364712544174,52.495819091796875,101408000
2019-09-30,52.99482716237936,53.877676369428805,52.96843755851151,53.7313346862793,103909600
2019-10-01,53.99522253227226,54.75091905282625,53.78650345675115,53.88006591796875,139223200
2019-10-02,53.5130199648798,53.63777114984615,52.28231048438784,52.529415130615234,138449200
2019-10-03,52.40225732926954,53.009218145622405,51.61057662923273,52.97563171386719,114426000
2019-10-04,54.131976230110034,54.57580040442291,53.712143936815686,54.46064376831055,138478800
2019-10-07,54.2831030993322,55.16114934535854,54.17994243019771,54.472625732421875,122306000
2019-10-08,54.1751473398334,54.7125301980884,53.817688901647145,53.83448028564453,111820000
2019-10-09,54.46543502807617,54.647760851343286,54.13196842959568,54.46543502807617,74770400
2019-10-10,54.681364290991986,55.28352619499082,54.53022712941724,55.19955825805664,113013600
2019-10-11,55.88567285866777,57.01082394508319,55.73213434401569,56.667762756347656,166795600
2019-10-14,56.35348195750364,57.128374978236515,56.298305029368485,56.58618927001953,96427600
2019-10-15,56.710945890847526,57.01322382343534,56.34869191650956,56.45425033569336,87360000
2019-10-16,55.98643327019431,56.4350565436216,55.945650001818564,56.22633743286133,73903200
2019-10-17,56.39907017958543,56.653368012877294,56.02242253800609,56.44465255737305,67585200
2019-10-18,56.27910911439278,56.9964237826621,56.20713714308924,56.715736389160156,97433600
2019-10-21,56.9820373510636,57.8145050826637,56.93405725098848,57.69934844970703,87247200
2019-10-22,57.85527846851607,58.104777142678074,57.485824073685386,57.5673942565918,82293600
2019-10-23,58.08079246759652,58.35428303469319,57.869675657680986,58.33988571166992,75828800
2019-10-24,58.65895731915361,58.728531566591116,58.0112169023734,58.435848236083984,69275200
2019-10-25,58.33509915752011,59.19155514531401,58.2679262824244,59.15557098388672,73477200
2019-10-28,59.35708964228901,59.796114715182654,59.18915745445604,59.74813461303711,96572800
2019-10-29,59.72893318688571,59.9160581205968,58.19354817678271,58.366275787353516,142839600
2019-10-30,58.718945163935885,58.84849546974143,57.86728826237409,58.35908889770508,124522000
2019-10-31,59.313899074252156,59.77691229315657,56.91965319473829,59.678550720214844,139162000
2019-11-01,59.865675001652114,61.39866224623704,59.774513921473265,61.372276306152344,151125200
2019-11-04,61.73453884355642,61.859293701624026,61.26673008968638,61.775325775146484,103272000
2019-11-05,61.66737659111084,61.940870915106686,61.49225119679719,61.68657302856445,79897600
2019-11-06,61.600184974516274,61.772916252605114,61.264320634147275,61.71294021606445,75864400
2019-11-07,62.259154734223145,62.646563835655755,62.10756018771795,62.42518615722656,94940400
2019-11-08,62.24713806630478,62.668230843713935,61.804389970107614,62.596046447753906,69986400
2019-11-11,62.153294578801074,63.15670179993988,62.148484733219185,63.09173583984375,81821200
2019-11-12,62.935297752615874,63.233676949273935,62.78371057577408,63.03395462036133,87388800
2019-11-13,62.834254786647584,63.7125324344588,62.819817909181324,63.637939453125,102734400
2019-11-14,63.464683238676635,63.736589975912096,63.067654461478035,63.197593688964844,89182800
2019-11-15,63.44786501121118,63.953177918824956,63.28665071196899,63.948368072509766,100206400
2019-11-18,63.95796632642828,64.35018529631039,63.580191577203664,64.27078247070312,86703200
2019-11-19,64.46329911922261,64.48736303677225,63.859336645403346,64.07589721679688,76167200
2019-11-20,63.89540579483597,64.02533768482304,62.65859284317202,63.32993698120117,106234400
2019-11-21,63.45024098588622,63.5272425470032,62.84627146473904,63.04599380493164,121395200
2019-11-22,63.185585950194294,63.3275535225999,62.76449307935028,62.99068069458008,65325200
2019-11-25,63.214422014951836,64.11195349940043,63.168702800207086,64.09510803222656,84020400
2019-11-26,64.23227289237668,64.28521054996122,63.16390005259661,63.59461975097656,105207600
2019-11-27,63.90504649105404,64.48255112060035,63.84008052470446,64.44886016845703,65235600
2019-11-29,64.15048034055641,64.48735310453695,63.98204028692839,64.306884765625,46617600
2019-12-02,64.31168527473677,64.5474998469269,63.392505582875074,63.56334686279297,94487200
2019-12-03,62.15568497851831,62.44924702514498,61.66962635910549,62.43000030517578,114430400
2019-12-04,62.819815271136704,63.35881158930754,62.72596822827263,62.98102951049805,67181600
2019-12-05,63.47431687853907,63.9796296217953,63.21925558453559,63.905029296875,74424400
2019-12-06,64.36220002087657,65.20919503980835,64.31888205952063,65.13941192626953,106075600
2019-12-09,64.96859806309656,65.16109467560312,63.74382055858157,64.22747802734375,128042400
2019-12-10,64.63170272694757,64.98542081982103,63.9723870058688,64.60282897949219,90420400
2019-12-11,64.68224783580021,65.23327979738657,64.60765485527283,65.15386962890625,78756800
2019-12-12,64.43441949509666,65.58460415390351,64.32373429636719,65.31991577148438,137310400
2019-12-13,65.31988967330359,66.24388637643624,65.19235905044793,66.20779418945312,133587600
2019-12-16,66.65296604245897,67.56493467366947,66.64815619751495,67.34114837646484,128186000
2019-12-17,67.27137184882572,67.80074117462817,67.08608634301142,67.47349548339844,114158400
2019-12-18,67.3267156265506,67.83202842109593,67.16309276912453,67.3122787475586,116028400
2019-12-19,67.25450140289101,67.65874852192563,67.1221609564016,67.37962341308594,98369200
2019-12-20,67.91143361344899,68.01249175897426,67.02833874913236,67.2400894165039,275978000
2019-12-23,67.50234405909875,68.39746687445842,67.46384328450273,68.33731079101562,98572000
2019-12-24,68.50336345626253,68.55149127528131,68.07746089671582,68.40229797363281,48478800
2019-12-26,68.53464495904811,69.77626777302233,68.50577120530262,69.7594223022461,93121200
2019-12-27,70.050581938303,70.73636302317358,69.32870865807601,69.73295593261719,146266000
2019-12-30,69.6511344086115,70.4283538378636,68.6308893370176,70.14682006835938,144114400
2019-12-31,69.76421701643756,70.66655834165601,69.66556015035431,70.65933990478516,100805600
2020-01-02,71.28257523373918,72.33170151465225,71.02992253216576,72.27154541015625,135480400
2020-01-03,71.50153415769186,72.32687403151142,71.34512977691992,71.56890869140625,146322800
2020-01-06,70.69305052995288,72.17769909168206,70.442799076604,72.13919830322266,118387200
2020-01-07,72.14882777323544,72.40388908002937,71.5809576466451,71.7999267578125,108872000
2020-01-08,71.50396043802937,73.25570609117467,71.50396043802937,72.95492553710938,132079200
2020-01-09,73.92943603722999,74.6970284371342,73.6791919560673,74.50453186035156,170108400
2020-01-10,74.73795456246773,75.23604892918155,74.17248564445511,74.67298126220703,140644800
2020-01-13,74.98818677177965,76.29477541829935,74.87027582985212,76.26830291748047,121532000
2020-01-14,76.20574860255036,76.41509065064128,75.11572039023919,75.23843383789062,161954400
2020-01-15,75.03870587717718,75.9169832961004,74.48526545986336,74.91598510742188,121923600
2020-01-16,75.4574175522418,75.96513894112196,75.09648089083629,75.85444641113281,108829200
2020-01-17,76.10228772628851,76.69663037690943,75.79669733616299,76.69422912597656,137816400
2020-01-21,76.32366259336249,76.76400206376488,76.03731893774885,76.17447662353516,110843200
2020-01-22,76.65812393494353,76.99740524586852,76.35253356734525,76.44638061523438,101832400
2020-01-23,76.49931964228543,76.89393987673444,75.95309750344295,76.81453704833984,104472000
2020-01-24,77.05997452322455,77.8010945444288,76.40306717879187,76.5931625366211,146537600
2020-01-27,74.60802439684696,75.01949019444557,73.36159137429253,74.34093475341797,161940000
2020-01-28,75.21919986278621,76.61481864871986,75.120542963226,76.44397735595703,162234000
2020-01-29,78.07059329235672,78.88871482326161,77.33187458625076,78.04412078857422,216229200
2020-01-30,77.12975418029563,77.9839679399373,76.69903440937786,77.9310302734375,126743200
2020-01-31,77.22361256770202,77.64470540750402,74.18212296043589,74.4756851196289,199588400
2020-02-03,73.2219921031148,75.43333062820889,72.72149664968535,74.2711181640625,173788400
2020-02-04,75.87130133058464,76.91320940179659,75.46705398186654,76.72311401367188,136616400
2020-02-05,77.84679598712277,78.14517520873252,76.74714816252607,77.34870910644531,118826800
2020-02-06,77.61821910965085,78.2558723391088,77.06237729988993,78.25346374511719,105425600
2020-02-07,77.75418535570422,78.00261640454451,76.70016229061778,77.18978881835938,117684000
2020-02-10,75.7787945932457,77.55640411376953,75.69920332307832,77.55640411376953,109348800
2020-02-11,78.05085298718184,78.12320868151228,76.87140364468625,77.0884780883789,94323200
2020-02-12,77.53713625713554,78.92401071442725,77.53713625713554,78.919189453125,113730400
2020-02-13,78.1931665675849,78.68279311833038,77.99056323907321,78.357177734375,94747600
2020-02-14,78.32582374819955,78.62491117131455,77.86996808406116,78.37648010253906,80113600
2020-02-18,76.06339028176376,77.12224179450247,75.88249370210502,76.94134521484375,152531200
2020-02-19,77.18256041371585,78.28482562119284,77.18256041371585,78.0556869506836,93984000
2020-02-20,77.8169106346844,78.30412292796458,76.75082321347557,77.25492095947266,100566000
2020-02-21,76.84972470852547,77.29111668555649,74.8912180267307,75.50626373291016,129554000
2020-02-24,71.69778958583775,73.36685862415598,69.76098966678205,71.91968536376953,222195200
2020-02-25,72.58779705787798,72.96888275320897,69.0132775682206,69.48360443115234,230673600
2020-02-26,69.10973846221914,71.84730854807512,69.10250289246999,70.58585357666016,198054800
2020-02-27,67.80006024068396,68.98191678336323,65.83672522986622,65.97179412841797,320605600
2020-02-28,62.04996261815576,67.15124645876003,61.835295069493725,65.9332046508789,426510000
2020-03-02,68.08464913181372,72.70595468778731,66.98479850420505,72.07160949707031,341397200
2020-03-03,73.24383324028676,73.32342450844571,68.93366391267253,69.78267669677734,319475600
2020-03-04,71.49997996726277,73.1786982425022,70.70162361460446,73.0195083618164,219178400
2020-03-05,71.27808809920204,72.25010562325896,70.28677817477744,70.65098571777344,187572800
2020-03-06,68.01712645055636,70.14447238483373,67.83140857783133,69.71273040771484,226176800
2020-03-09,63.61530881776465,67.07405117029745,63.43441220501271,64.19900512695312,286744800
2020-03-10,66.8449246964159,69.08803991197644,64.9708309423438,68.82272338867188,285290000
2020-03-11,66.9052206904251,67.82899618098686,65.57140256073914,66.4324722290039,255598800
2020-03-12,61.73158653140695,65.1227952039098,59.816493372480124,59.87196731567383,418474000
2020-03-13,63.89027874713733,67.51544677339488,61.01040024313374,67.04511260986328,370732000
2020-03-16,58.35724684046864,62.4889229945198,57.88691638094368,58.419960021972656,322423600
2020-03-17,59.698292128180576,62.1343642760622,57.50100115086754,60.98868942260742,324056000
2020-03-18,57.83144203035199,60.29887079269061,57.19227179173887,59.495689392089844,300233600
2020-03-19,59.66934960367585,60.98386423258545,58.51643550459872,59.03982925415039,271857200
2020-03-20,59.61870880122068,60.74027021381805,54.99258034410552,55.291664123535156,401693200
2020-03-23,55.01187186548029,55.11317353712298,51.280577065059646,54.117034912109375,336752800
2020-03-24,57.00897443311412,59.74172017285772,56.5121122404974,59.54635238647461,287531200
2020-03-25,60.479778138969706,62.288744583804295,58.92406773248229,59.218326568603516,303602000
2020-03-26,59.45951435519265,62.392448772259634,59.42092219277503,62.334564208984375,252087200
2020-03-27,60.96214915456739,61.714677770573346,59.587335844421716,59.753761291503906,204216800
2020-03-30,60.477347525301404,61.63026146409421,60.154142830219186,61.45901107788086,167976400
2020-03-31,61.64957210604245,63.3114052959559,60.78126682215682,61.33360290527344,197002000
2020-04-01,59.45468128316464,59.990135502333565,57.67707190892179,58.10639953613281,176218400
2020-04-02,57.968932689740605,59.12908259803941,57.13921947921833,59.076019287109375,165934000
2020-04-03,58.56227043050136,59.26173593576545,57.63849118766615,58.22700881958008,129880000
2020-04-06,60.51595333958977,63.46094852152329,60.149338806047744,63.30658721923828,201820400
2020-04-07,65.31573278898928,65.53281460871749,62.46962908019549,62.573341369628906,202887200
2020-04-08,63.37170347185306,64.48843981733701,63.00750327122689,64.17488861083984,168895200
2020-04-09,64.80920110083508,65.13963759143172,63.84441958752573,64.63794708251953,161834800
2020-04-13,64.71517076301717,66.01521817669068,64.11700321080237,65.90667724609375,131022800
2020-04-14,67.53472816549852,69.52459069180338,67.06439407863688,69.23515319824219,194994800
2020-04-15,68.11361434863234,69.0615109892011,67.68670092198845,68.60324096679688,131154400
2020-04-16,69.31474850581405,69.51253053826382,68.10153570587103,69.14832305908203,157125200
2020-04-17,68.66594602627303,69.21105020012682,66.77738117936849,68.2100830078125,215250000
2020-04-20,67.04029751693926,67.93995209285313,66.77498097363504,66.79427337646484,130015200
2020-04-21,66.6374787843657,66.87143866583018,64.02050667372501,64.72962188720703,180991600
2020-04-22,65.99348871174,67.02821933430408,65.65340957801277,66.59407043457031,116862400
2020-04-23,66.53860187329087,67.95683260093587,66.29740637160167,66.33599853515625,124814400
2020-04-24,66.85941803823704,68.26076377584484,66.81117597772563,68.25111389160156,126161200
2020-04-27,67.96888006089833,68.62976064968919,67.52267433285353,68.29932403564453,117087600
2020-04-28,68.75998515151,68.94088171139727,67.10056689179865,67.19221496582031,112004800
2020-04-29,68.67559111709774,69.86709736755677,68.47298779881385,69.39917755126953,137280800
2020-04-30,69.93703057079283,71.0392955430697,69.5487094297081,70.86322021484375,183064000
2020-05-01,69.04220854800435,72.11745102481503,68.94573182479387,69.72238159179688,240616800
2020-05-04,69.746494769706,70.8366956047244,69.05908623299008,70.7088623046875,133568000
2020-05-05,71.16714520888473,72.59984709930193,71.02242643355622,71.77013397216797,147751200
2020-05-06,72.46960600947763,73.14012928036907,72.08610600468356,72.51061248779297,142333600
2020-05-07,73.1352926720061,73.6056267954184,72.83379832640894,73.26071166992188,115215200
2020-05-08,73.9185584660756,75.05766251679151,73.59206160601275,75.00445556640625,133838400
2020-05-11,74.51346625869944,76.67800421852337,74.30547287285827,76.18463897705078,145946400
2020-05-12,76.86665763109883,77.3164993988426,75.1930711866458,75.31399536132812,162301200
2020-05-13,75.4929886898536,76.41201718560454,73.33086305668714,74.40467071533203,200622400
2020-05-14,73.64526572674791,74.92222510630167,72.92455476842612,74.86176300048828,158929200
2020-05-15,72.6391808380365,74.4651336180388,72.60531851354459,74.41918182373047,166348400
2020-05-18,75.73968112913077,76.54503320734271,75.05041158146969,76.1725845336914,135178400
2020-05-19,76.18951157558008,77.03356024520173,75.70098039780004,75.732421875,101729600
2020-05-20,76.58855099973772,77.27539958314759,76.54985436932522,77.20526885986328,111504800
2020-05-21,77.06741421541801,77.6067388197399,76.39265509370519,76.62966918945312,102688800
2020-05-22,76.36848115298238,77.20528209037693,76.26690893879248,77.12305450439453,81803200
2020-05-26,78.23795799610525,78.41692345166804,76.54501918320653,76.60064697265625,125522000
2020-05-27,76.45795296780663,77.07949771603786,75.7203109556176,76.93438720703125,112945200
2020-05-28,76.61031579665872,78.22344788867842,76.3346124557575,76.96825408935547,133560800
2020-05-29,77.21008551765564,77.66959590522207,76.53774740179506,76.89326477050781,153532400
2020-06-01,76.84733299745191,77.95983717000007,76.71673278825261,77.83891296386719,80791200
2020-06-02,77.57287045767401,78.22344321190015,77.13270462012565,78.19925689697266,87642800
2020-06-03,78.51849729325161,78.89094587146293,77.94773126866299,78.62974548339844,104491200
2020-06-04,78.45322666286307,78.7506955495374,77.5801498711956,77.95259857177734,87560400
2020-06-05,78.20166687974158,80.23319158079397,78.17264625811065,80.1727294921875,137250400
2020-06-08,79.8704504648975,80.68064424702604,79.161836279058,80.64678192138672,95654400
2020-06-09,80.32754516181643,83.58523659393398,80.29610368341933,83.19344329833984,147712400
2020-06-10,84.1390769278612,85.80057465077022,83.7013318100298,85.33380889892578,166651600
2020-06-11,84.48004955731804,84.9032841848941,81.13529000514959,81.23686218261719,201662400
2020-06-12,83.36997039015924,84.11486012218111,80.83056250550848,81.93822479248047,200146000
2020-06-15,80.59599012122506,83.60216436549862,80.43394842399245,82.95159149169922,138808800
2020-06-16,85.00003381550317,85.420855036557,83.36997801465319,85.14997863769531,165428800
2020-06-17,85.89245089695726,85.95291299210936,84.9105470621372,85.0314712524414,114406400
2020-06-18,84.98792963255951,85.48130233356078,84.45828115515211,85.06532287597656,96820400
2020-06-19,85.76914423098822,86.23348915637818,83.47399725092669,84.5792465209961,264476000
2020-06-22,84.97100398725598,86.93481153740888,84.92505220728616,86.79212188720703,135445200
2020-06-23,88.03282290304573,90.05951379803278,87.61442248881565,88.64469909667969,212155600
2020-06-24,88.27468030535546,89.19128795647202,86.7074997623601,87.07994842529297,192623200
2020-06-25,87.2347210034187,88.27466617320825,86.47773432903298,88.23596954345703,137522400
2020-06-26,88.13195861184417,88.35204149727454,85.37730234693228,85.52483367919922,205256800
2020-06-29,85.43295161300391,87.59024269738883,84.9565099457261,87.49591827392578,130646000
2020-06-30,87.08477823143156,88.51168985334573,87.06543360477359,88.22630310058594,140223200
2020-07-01,88.3037022724781,88.84544042266081,88.0110677232057,88.05943298339844,110737200
2020-07-02,88.96395117848485,89.59759291785116,87.94577130066256,88.05943298339844,114041600
2020-07-06,89.48390600830983,90.8817894339713,89.45246453610925,90.41502380371094,118655600
2020-07-07,90.79232666939723,91.56865812021744,90.02325037678547,90.1344985961914,112424400
2020-07-08,91.10911780370648,92.2651527115249,91.0220485529992,92.23371124267578,117092000
2020-07-09,93.12372124513385,93.17692818708905,91.58556900054663,92.63035583496094,125642800
2020-07-10,92.22647214944136,92.85044518286722,91.6170168108506,92.79239654541016,90257200
2020-07-13,94.09354889207897,96.69584034150665,92.15150630871287,92.36433410644531,191649200
2020-07-14,91.74759058853576,94.08384663898248,90.81648030417851,93.89279174804688,170989200
2020-07-15,95.76226517482235,96.01136866598645,93.3437818118211,94.53851318359375,153198000
2020-07-16,93.41393313619832,94.22896096414982,92.7778707406749,93.37523651123047,110577600
2020-07-17,93.82509068603153,93.97986982567868,92.71500002379474,93.18660736083984,92186800
2020-07-20,93.27366748344572,95.28826123103211,92.9302395381322,95.15040588378906,90318000
2020-07-21,95.93883651984883,96.01380892881413,93.58806992037168,93.83717346191406,103433200
2020-07-22,93.53970187859424,94.78038533647508,93.45263999834938,94.10079193115234,89001600
2020-07-23,93.83476371071059,93.91215697447913,89.00989228366163,89.81766510009766,197004400
2020-07-24,88.02071829007306,89.93857411627435,86.23828958165114,89.59514617919922,185438800
2020-07-27,90.65443561902725,91.81047044943575,90.43193926774624,91.71856689453125,121214000
2020-07-28,91.29051001469016,91.46706199244389,90.20702659484037,90.21186828613281,103625600
2020-07-29,90.69313969811391,92.12488531095718,90.65686391835999,91.94107818603516,90329200
2020-07-30,91.11640331382533,93.15760481726485,90.71009969017368,93.0536117553711,158130000
2020-07-31,99.5302890268665,102.94518713128302,97.53745326363413,102.79524230957031,374336800
2020-08-03,104.67197372398552,107.99738887948055,104.37450494640413,105.38542938232422,308151200
2020-08-04,105.57408746827389,107.17754362792036,104.85337654025795,106.08922576904297,173071600
2020-08-05,105.81108506672477,106.79298888024711,105.34673293855269,106.47374725341797,121776800
2020-08-06,106.80508849601155,110.68191802624929,106.21739865938491,110.18854522705078,202428800
2020-08-07,109.71125415700284,110.16675013813993,106.88864159432606,107.68333435058594,198045600
2020-08-10,109.12491431547922,110.26365418298434,106.60515752548201,109.24848175048828,212403600
2020-08-11,108.51435673757749,109.01103688460056,105.74019692749955,105.99944305419922,187902400
2020-08-12,107.08730692473522,109.77909114067742,106.89348231283336,109.52227020263672,165598000
2020-08-13,110.8984466622293,112.46118443380263,110.41145251692377,111.4605484008789,210082000
2020-08-14,111.28609084035034,111.45084248513194,109.55617638834046,111.36119842529297,165565200
2020-08-17,112.48055471705385,112.50478464058327,110.4453668374708,111.0704574584961,119561600
2020-08-18,110.82332353901295,112.41997706741819,110.48896983798126,111.99597930908203,105633600
2020-08-19,112.40305008226166,113.54663325639328,112.04204853120743,112.13653564453125,145538000
2020-08-20,112.17769677241944,114.73864510178977,112.16073508691606,114.62477111816406,126907200
2020-08-21,115.5817781022112,121.01379798138913,115.569666838942,120.53165435791016,338054800
2020-08-24,124.72560677695705,124.81041520723647,120.11251616944286,121.97325897216797,345937600
2020-08-25,120.84905806633049,121.31666526163795,119.25482230830535,120.97261810302734,211495600
2020-08-26,122.28580830184438,123.07323276693351,121.22217601375844,122.61773681640625,163022400
2020-08-27,123.21859477393856,123.55052326117902,120.01074388155709,121.15190887451172,155552400
2020-08-28,122.12347098857094,122.54020052783069,120.73276064666275,120.9556655883789,187630000
2020-08-31,123.64259283625631,126.95704208405934,122.11135345489677,125.05752563476562,225702700
2020-09-01,128.66269064458197,130.63973944834697,126.50151813552222,130.0388641357422,151948100
2020-09-02,133.34367713692956,133.72164031798212,123.08051055399626,127.34471130371094,200119000
2020-09-03,122.99329113592864,124.86372013453284,116.78111381462604,117.14938354492188,257599600
2020-09-04,116.36438135713807,119.88234909092412,107.46769559812107,117.22691345214844,332607200
2020-09-08,110.4332501967872,115.3177056334054,109.20244843470786,109.33812713623047,231366600
2020-09-09,113.641095738678,115.4630720645518,111.70282021985868,113.6992416381836,176940500
2020-09-10,116.6454372541948,116.78111596753853,109.02801283276419,109.98745727539062,182274400
2020-09-11,111.03412581023233,111.67376035548035,106.60516602652415,108.54344177246094,180860300
2020-09-14,111.17949601605923,112.35215193447013,109.31875310720565,111.79974365234375,140150100
2020-09-15,114.67810091494026,115.16266991325175,110.10376838785008,111.97420501708984,184642000
2020-09-16,111.67377493677184,112.42000794306198,108.58222235227805,108.66944122314453,154679000
2020-09-17,106.33380115819288,108.73725877422822,105.35496990474392,106.93466186523438,178011000
2020-09-18,106.99281442322203,107.45799642585531,102.81582548420052,103.54267883300781,287104900
2020-09-21,101.31367629258035,106.78930687065947,99.91811535962182,106.68270111083984,195713800
2020-09-22,109.20247434858254,109.37691949106974,105.79111171031052,108.35932159423828,183055400
2020-09-23,108.17514522615146,108.65002059588349,103.47482179230717,103.81402587890625,150718700
2020-09-24,101.92421570211286,106.84743726159023,101.75946405865736,104.88008880615234,167743300
2020-09-25,105.08360247419822,108.96984677207095,104.34705574231214,108.81478118896484,149981400
2020-09-28,111.46053107152444,111.76096139819123,109.29935070600561,111.41207122802734,137672400
2020-09-29,111.0147568087837,111.75129633828752,110.06499835009019,110.5689468383789,99382200
2020-09-30,110.27819984549522,113.64110945971419,110.11344818104769,112.23585510253906,142675200
2020-10-01,114.00937358582986,114.0869063866764,112.25523648180236,113.18560791015625,116120400
2020-10-02,109.40598189219943,111.8094472463338,108.75666124434974,109.53196716308594,144712000
2020-10-05,110.39449286426901,113.04992842651572,110.04560265679896,112.90455627441406,106243800
2020-10-06,112.1292442741749,112.53628778325715,108.78572170928096,109.66764068603516,161498200
2020-10-07,111.08260163743097,111.98390028467438,110.60771868774512,111.52840423583984,96849000
2020-10-08,112.66227875286972,112.80765091391855,111.05350632008391,111.42178344726562,83477200
2020-10-09,111.72221622412157,113.38913459955495,111.37332598768504,113.36006164550781,100506900
2020-10-12,116.35467592893329,121.31666387202866,115.59874966676792,120.56073760986328,240226800
2020-10-13,121.40389774875266,121.52019695499536,115.95734765025159,117.36259460449219,262330500
2020-10-14,117.26566767493782,119.23301612314903,115.92826024261022,117.4498062133789,150712000
2020-10-15,115.0560670662114,117.45952521831502,114.50365868985452,116.98464965820312,112559200
2020-10-16,117.53703239008934,117.79870373934006,115.14326081684207,115.3467788696289,115393800
2020-10-19,116.25776062422946,116.703563090536,112.09047284235501,112.40059661865234,120639300
2020-10-20,112.613816705773,115.30802617540574,112.06140841970505,113.88339233398438,124423700
2020-10-21,113.06932866923252,115.0463710762212,112.85611712623333,113.2631607055664,89946000
2020-10-22,113.82523521136082,114.39703037608496,111.05350042518317,112.17770385742188,101988000
2020-10-23,112.79795869932553,112.9530243111908,110.75307715494814,111.4896240234375,82572600
2020-10-26,110.49140909640037,112.95302013932815,109.39627858637218,111.49931335449219,111850700
2020-10-27,111.92570619172447,113.66046348898027,111.00502837304953,113.00144958496094,92276800
2020-10-28,111.49929834317572,111.86756801727019,107.67119988879593,107.76811218261719,143937800
2020-10-29,108.90201007579887,113.32127578669785,108.73725104125917,111.7609634399414,146129200
2020-10-30,107.63244356202665,108.53374202736012,104.39552680317541,105.5003433227539,190272600
2020-11-02,105.74261950243951,107.26416545991421,104.00786205893465,105.4131088256836,122866900
2020-11-03,106.27564420820605,108.0491605877784,105.37434584740238,107.03157043457031,107624400
2020-11-04,110.6173826820644,112.02262946819745,108.88262521463015,111.40238189697266,138235500
2020-11-05,114.3098203094192,115.92828633454072,113.26315692390712,115.35649108886719,126387100
2020-11-06,114.86620058544844,115.72051043404942,112.74012502454565,115.22540283203125,114457900
2020-11-09,116.98257616030648,118.4290806298261,112.66247568801708,112.92459106445312,154515300
2020-11-10,112.17708523408758,114.15753088265224,110.79852956756876,112.58482360839844,138023400
2020-11-11,113.76920185962483,116.13797271482636,113.0410945158488,116.00205993652344,112295000
2020-11-12,116.1282678012146,117.011700843839,115.10891457611105,115.73023223876953,103162300
2020-11-13,115.95353177622367,116.17681389575209,114.42936059587085,115.7787857055664,81581900
2020-11-16,115.44871445344523,117.45829070105812,114.70119407046309,116.78843688964844,91183000
2020-11-17,116.06030900690259,117.14761119066519,115.48752740079281,115.90497589111328,74271000
2020-11-18,115.14773477351584,116.32241357747914,114.55554028628038,114.58466339111328,76322100
2020-11-19,114.15752657877456,115.58461824175113,113.40029608169101,115.1768798828125,74113000
2020-11-20,115.17686579253606,115.30306839104708,113.8662741381708,113.91481018066406,73604300
2020-11-23,113.75947013476097,114.18662873232043,110.42959288384215,110.52667236328125,127959300
2020-11-24,110.58495899509562,112.46832515996194,109.30348281979012,111.80817413330078,113874200
2020-11-25,112.17708182311867,113.34205068763839,111.80816933755735,112.64306640625,76499200
2020-11-27,113.1673012347678,114.06044449798334,112.82751927666311,113.18671417236328,46691300
2020-11-30,113.55562680437811,117.43886611768262,113.40029367663415,115.57491302490234,169410200
2020-12-01,117.47769537507614,119.865886582141,116.50688558000795,119.13777923583984,127728200
2020-12-02,118.45821072635326,119.76880990592802,117.36119829848747,119.48727416992188,89004200
2020-12-03,119.91441288325119,120.16682548333053,118.6426545252001,119.35134887695312,78967600
2020-12-04,119.02129291081638,119.27370556007313,117.97281643546543,118.68151092529297,78260400
2020-12-07,118.73974965511624,120.93378197653361,118.68150343461471,120.1377182006836,86712000
2020-12-08,120.73960296108292,121.33179746034605,119.49696034501777,120.74930572509766,82225500
2020-12-09,120.8949389531883,122.27348704305484,117.46798166489454,118.22521209716797,115089200
2020-12-10,116.98259162067868,120.2542236129108,116.64280964087811,119.64260864257812,81312200
2020-12-11,118.8562430760472,119.17661208486537,117.03112333433712,118.83683013916016,86939800
2020-12-14,119.0212758088773,119.7493831332465,117.99221982724323,118.22521209716797,79184500
2020-12-15,120.71049556577894,124.16658373624205,120.50662638207584,124.14716339111328,157243700
2020-12-16,123.69087513639985,124.62284421095526,122.86568091464977,124.07919311523438,98208600
2020-12-17,125.13738869029768,125.79754711737371,124.30249159373241,124.94322967529297,94359800
2020-12-18,125.19564174778804,125.33155453096758,122.43853798895042,122.96277618408203,192541500
2020-12-21,121.37063241963554,124.56459740524315,119.84646139919089,124.48693084716797,121251600
2020-12-22,127.7682574980973,130.48652745671254,125.86546408305279,128.03038024902344,168904800
2020-12-23,128.30222155804168,128.56432952785477,126.96249934769376,127.13725280761719,88223700
2020-12-24,127.48676208852152,129.56429466422506,127.27318272727676,128.11778259277344,54930100
2020-12-28,130.07881339134244,133.33101740723168,129.61281401111586,132.6999969482422,124486200
2020-12-29,134.02033501416818,134.7387249955213,130.41862308583973,130.9331512451172,121047300
2020-12-30,131.62238763508645,132.02042318765425,129.50601467789232,129.81668090820312,96452100
2020-12-31,130.16618225748783,130.80692029298538,127.87507049302144,128.81675720214844,99116600
2021-01-04,129.62252069116946,129.70989001259753,123.05984477192808,125.63249206542969,143301900
2021-01-05,125.12769391976279,127.89450820387242,124.68111482467101,127.18580627441406,97664900
2021-01-06,123.99183545726343,127.2246340413711,122.6909464043688,122.90452575683594,155088000
2021-01-07,124.61311103239314,127.78766232207047,124.1277062706299,127.09838104248047,109578200
2021-01-08,128.56434751676753,128.75852134682515,126.42856870658443,128.19544982910156,105158200
2021-01-11,125.41894161275994,126.37033122968266,124.74908036749336,125.2150650024414,100384500
2021-01-12,124.7490677981864,125.90433390902683,123.15694021026238,125.04031372070312,91951100
2021-01-13,125.00149813762589,127.61297957219367,124.73939008676004,127.06932830810547,88636800
2021-01-14,126.98195561888528,127.17611466332775,125.0014948507696,125.14712524414062,90221800
2021-01-15,125.02089191255358,126.41886047356746,123.29285155612885,123.42876434326172,111598500
2021-01-19,124.05008172781939,124.9529425933155,123.23460500719132,124.09862518310547,90757300
2021-01-20,124.90438601399495,128.6225891348087,124.79759634893936,128.17601013183594,104319500
2021-01-21,129.89434712123654,135.59299559628155,129.6904705564632,132.87472534179688,120150900
2021-01-22,132.3019907807772,135.76778972652718,131.0787754658343,135.01055908203125,114459400
2021-01-25,138.89376878953092,140.8547939706266,132.55436700322258,138.74813842773438,157611700
2021-01-26,139.40828353042602,140.08784738058793,137.24336716103608,138.9811248779297,98390600
2021-01-27,139.24324321793168,140.0878578213645,136.3114082725256,137.91323852539062,140843800
2021-01-28,135.44739349341899,137.8452949915903,132.7097026247184,133.08831787109375,142621100
2021-01-29,131.8650760774745,132.7485164111063,126.40913060377333,128.10804748535156,177523800
2021-02-01,129.84581103922318,131.42823575703017,127.1081202867018,130.22442626953125,106239800
2021-02-02,131.76801136085197,132.33108282824628,130.68070911395654,131.04962158203125,83305400
2021-02-03,131.79710872600307,131.80682630276928,129.70987396760063,130.03024291992188,89880900
2021-02-04,132.32139835278772,133.38928040334213,130.66130683037125,133.37957763671875,84183100
2021-02-05,133.5399993993488,133.6080499269068,132.09132576396362,132.9663543701172,75693800
2021-02-08,132.25657350766537,133.16078334273837,131.17736393158722,133.11216735839844,71297200
2021-02-09,132.8302469559109,134.055304885325,132.08161692740265,132.23716735839844,76774200
2021-02-10,132.69409868188646,133.1899609934861,130.67179521713933,131.63433837890625,73046600
2021-02-11,132.13019115518452,132.6066041234454,130.05928645451803,131.38156127929688,64280000
2021-02-12,130.62321880046613,131.7704791984505,129.98152323777,131.6149139404297,60145100
2021-02-16,131.731578673249,132.23714344471992,129.10646349095452,129.49537658691406,80576300
2021-02-17,127.60917107594058,128.55226480330498,125.8785488379043,127.21054077148438,97918500
2021-02-18,125.61607603838664,126.39388754422443,123.87573596059903,126.1119384765625,96856700
2021-02-19,126.62721014953155,127.08417376158879,125.22715268582576,126.26746368408203,87668800
2021-02-22,124.4590677731543,126.1216398427311,122.11592370284757,122.50482940673828,103916400
2021-02-23,120.32696770808406,123.19513336260104,115.10592588579131,122.36871337890625,158273000
2021-02-24,121.47422557501572,122.07702231944482,118.83940058972168,121.87284851074219,111039900
2021-02-25,121.22143247515002,122.95205487892161,117.19627482972935,117.6337890625,148199500
2021-02-26,119.18941742406001,121.38672834698384,117.83797585116562,117.89631652832031,164560400
2021-03-01,120.31725204661986,124.38130174579385,119.38388273905605,124.24518585205078,116307900
2021-03-02,124.84796874824156,125.14936711599789,121.5422817134225,121.64923095703125,102260900
2021-03-03,121.34784230356715,122.22287832128721,118.46022715397075,118.67412567138672,112966300
2021-03-04,118.37271017337518,120.17139052818686,115.32953762534804,116.79764556884766,178155000
2021-03-05,117.62409026429847,118.5574595470923,114.30867806869652,118.0518798828125,153766600
2021-03-08,117.57546286579684,117.6435208042625,112.98639210708664,113.13223266601562,154376600
2021-03-09,115.72815634992203,118.67410422916818,115.4948159266102,117.73101043701172,129525800
2021-03-10,118.31438961434448,118.78107052799325,116.13652062478559,116.65182495117188,111943300
2021-03-11,119.14080190524842,119.79221465640565,117.89630965893046,118.57688903808594,103026500
2021-03-12,117.06017746833828,117.80881486489184,115.85457640393945,117.67269897460938,88105100
2021-03-15,118.04217125866843,120.56032282818381,117.07962785659153,120.55059814453125,92403800
2021-03-16,122.21314504308985,123.69098519524891,121.26033388239702,122.08675384521484,115227900
2021-03-17,120.60890560077927,122.3686945512962,118.94633378896354,121.29920959472656,111932600
2021-03-18,119.47134903324158,119.76303010508991,116.98236491309837,117.18653869628906,121229700
2021-03-19,116.57402966087285,118.06158696536845,116.36013117462356,116.66152954101562,185549500
2021-03-22,116.99210932461362,120.4339124312078,116.92405138540522,119.96722412109375,111912300
2021-03-23,119.90887946918929,120.79363259482143,118.75188719483505,119.14079284667969,95467100
2021-03-24,119.41304074611715,119.49082337056949,116.73932422708299,116.7587661743164,88530500
2021-03-25,116.22402681020739,118.28522184257633,115.69900522410137,117.2448959350586,98844700
2021-03-26,117.01156492349538,118.1102241788797,115.62123193079763,117.84770965576172,94071200
2021-03-29,118.27547960128655,119.17968207349621,117.38100181008681,118.02268981933594,80819200
2021-03-30,116.7782094597697,117.06016589541106,115.56288383257017,116.57403564453125,85671900
2021-03-31,118.27549692418452,120.0936193981419,117.78936665110342,118.76162719726562,118323800
2021-04-01,120.22974638293907,120.73531861862071,119.0921958715762,119.58805084228516,75089100
2021-04-05,120.43392024929994,122.66039785902176,119.65610882120376,122.40760803222656,88651200
2021-04-06,122.99095607539735,123.60347753407522,122.16453611496429,122.70899963378906,80171300
2021-04-07,122.33954050731289,124.37156139198876,121.66867838856395,124.35211944580078,83466700
2021-04-08,125.3730205275212,126.77307837877164,124.95495552679813,126.74391174316406,88844600
2021-04-09,126.19940798905769,129.34952231767917,125.87856026382458,129.31063842773438,106686700
2021-04-12,128.84397199003766,129.16481975117756,127.00640014752257,127.59947967529297,91420000
2021-04-13,128.7661695536294,130.9245888251844,128.2703072556539,130.70095825195312,91266500
2021-04-14,131.19683535032675,131.25516860713591,128.00782207026887,128.3675537109375,87222800
2021-04-15,130.10789773924117,131.2551579244961,129.93288314753977,130.76902770996094,89347100
2021-04-16,130.57459244358938,130.9343240931431,129.58288254678484,130.4384765625,84922400
2021-04-19,129.80648595127033,131.71212294052938,129.64120345679902,131.09959411621094,94264200
2021-04-20,131.27462375202614,131.7704712922572,128.15366085563892,129.4176025390625,94812300
2021-04-21,128.68843727047496,130.03987915953448,127.65784321866985,129.79681396484375,68847100
2021-04-22,129.3495375220918,130.42874732999832,127.7647629078915,128.28005981445312,84566500
2021-04-23,128.4939686507075,131.37185181275385,128.4939686507075,130.59405517578125,78657500
2021-04-26,131.08987465502372,131.31349039844014,129.85509976347652,130.98292541503906,66905100
2021-04-27,131.26487557787047,131.6537886519638,130.38984712331498,130.66207885742188,66015800
2021-04-28,130.58427281157245,131.27458412202594,129.38839684878747,129.87452697753906,107760100
2021-04-29,132.68437715116124,133.26773932174638,128.77588621347985,129.77731323242188,151101000
2021-04-30,128.12450068731047,129.855123368552,127.4342039691682,127.81338500976562,109839500
2021-05-03,128.3772578570978,130.35096013574108,128.17309147912826,128.86338806152344,75135100
2021-05-04,127.55086673903944,127.84254787757098,123.18541143255057,124.30351257324219,137564700
2021-05-05,125.61603972510449,126.83136521554766,124.42016359645294,124.54656219482422,84000900
2021-05-06,124.34240242288911,126.15080765787947,123.60348232032891,126.1410903930664,78128300
2021-05-07,127.43637521223602,127.83566778817108,126.10210583375782,126.81307220458984,78973300
2021-05-10,126.03395306208488,126.16055151436144,123.50177596650869,123.54073333740234,88071200
2021-05-11,120.27812799107281,122.97586087179818,119.5671689854115,122.62525939941406,126142800
2021-05-12,120.18073848547931,121.38838724678817,119.06073823482639,119.56716918945312,112172300
2021-05-13,121.32996037075966,122.85900193405529,121.01830882379365,121.70978546142578,105861300
2021-05-14,122.95637735686638,124.55359227820217,122.56681111085221,124.12506866455078,81918000
2021-05-17,123.51151514879045,123.61864605940792,121.9045589198871,122.97586059570312,74244600
2021-05-18,123.25829164809352,123.67707407576847,121.5247295992301,121.59290313720703,63342900
2021-05-19,119.94698879018051,121.66106832172552,119.65481225870738,121.43707275390625,92612000
2021-05-20,121.96300762442338,124.38804651528841,121.83639430422342,123.98873901367188,76857100
2021-05-21,124.48541706436308,124.66072150118845,121.94350644557427,122.15776824951172,79295400
2021-05-24,122.7226648496732,124.60231548530916,122.65449130041634,123.78422546386719,63092900
2021-05-25,124.48540594699715,124.97236927723016,123.02453824737019,123.58940887451172,72009500
2021-05-26,123.64786424977021,124.06664669892854,123.12195088824402,123.54073333740234,56575900
2021-05-27,123.14141426393122,124.3101054887469,121.81689357961606,122.01167297363281,94625600
2021-05-28,122.29411590101695,122.51811890538758,121.30072904118603,121.35916137695312,71311100
2021-06-01,121.81689796777825,122.07985090220888,120.70663903510166,121.03776550292969,67637100
2021-06-02,121.03777419532105,121.97272876206887,120.81377861108228,121.79742431640625,59278900
2021-06-03,121.4273597133934,121.5929229854548,119.91779300131472,120.31710052490234,76229200
2021-06-04,120.83326952469692,122.86874960294172,120.61900768168596,122.60578918457031,75169300
2021-06-07,122.87849255844806,123.0245808650896,121.57345386126619,122.61553955078125,71057600
2021-06-08,123.29723143470028,125.10871539339324,122.91740643008383,123.43357849121094,74403800
2021-06-09,123.89133026159469,124.41724357225148,123.2193286818069,123.81341552734375,56877900
2021-06-10,123.7063015458541,124.84578425664763,122.65448221103098,122.8200454711914,71186400
2021-06-11,123.2290871401218,124.11535064804697,122.81030467281765,124.02769470214844,53522400
2021-06-14,124.48543994424124,127.1344745215217,123.75500589494463,127.07604217529297,96906500
2021-06-15,126.5501187512876,127.19290419262148,126.01446421684268,126.25794219970703,62746300
2021-06-16,126.96893106620495,127.47536958041121,125.10877002454471,126.75466918945312,91815000
2021-06-17,126.41377710106734,129.0920350275276,126.26768138864819,128.3518524169922,96721700
2021-06-18,127.30001939569985,128.07913695617995,126.8422796555246,127.0565414428711,108953300
2021-06-21,126.90071755171388,128.95567215813708,125.83915719739741,128.84854125976562,79663300
2021-06-22,128.6830127117991,130.58213836687776,128.18630802151114,130.4847412109375,74783600
2021-06-23,130.2802323751994,130.81588702946803,129.75431149256474,130.21205139160156,60214200
2021-06-24,130.94244245203893,131.12748807728477,129.46209231078763,129.92958068847656,68711000
2021-06-25,129.97829578212327,130.39707078875628,129.3452440962624,129.63742065429688,70783700
2021-06-28,129.9296003283306,131.72159479819973,129.87116798746578,131.26385498046875,62111300
2021-06-29,131.28333809814853,132.92925172484664,130.84508067855094,132.77342224121094,64556100
2021-06-30,132.61757943917965,133.82523552499876,132.32540290188453,133.38697814941406,63261400
2021-07-01,133.03639973908412,133.7473514160783,132.218302275189,133.6889190673828,52485800
2021-07-02,134.30247489528134,136.34769628382654,134.15639402212219,136.30874633789062,78852600
2021-07-06,136.4158617440288,139.41549764354806,136.4158617440288,138.3149871826172,108181800
2021-07-07,139.7953189039971,141.11010601971827,138.93828646790567,140.7984619140625,104911600
2021-07-08,137.88646110200742,140.30175867225685,137.00019762598444,139.50315856933594,105575500
2021-07-09,139.02593841657492,141.85027728075062,138.92854127199598,141.32437133789062,99890800
2021-07-12,142.3956971620693,142.50282808936566,140.2433448448313,140.7303009033203,76299700
2021-07-13,140.2725165312551,143.61304176059716,139.8829577523025,141.84051513671875,100827100
2021-07-14,144.23637643322533,145.66802829472786,143.82732030646622,145.25897216796875,127050800
2021-07-15,145.3466279214185,146.08679566961968,143.25270826705687,144.6064453125,106820300
2021-07-16,144.58692705781863,145.85300028762987,142.07423327036173,142.5709228515625,93251400
2021-07-19,139.9998224538897,140.3114813657128,137.97408410918416,138.73373413085938,121434600
2021-07-20,139.717408691922,143.26244743833868,139.23045273850917,142.33721923828125,96350000
2021-07-21,141.73339430532917,142.31774737595725,140.85687956010295,141.60678100585938,74993500
2021-07-22,142.1327413542018,144.3337774603304,142.00612801944465,142.97030639648438,77338200
2021-07-23,143.7007109713398,144.84018616778306,143.0871416883638,144.68435668945312,71447400
2021-07-26,144.40193160847764,145.92123190033908,143.84679465375743,145.1031494140625,72434100
2021-07-27,145.22973937162135,145.3174027377309,141.7528815779119,142.94105529785156,104818600
2021-07-28,141.03217541296894,143.13582861718922,138.82139130869905,141.19773864746094,118931200
2021-07-29,140.91530189117023,142.72677844865797,140.80817099785102,141.84051513671875,56699500
2021-07-30,140.61342392407167,142.51254941417247,140.35046351445212,142.0548095703125,70440600
2021-08-02,142.5417150627737,143.11631939136743,141.46067249608595,141.7236328125,62880000
2021-08-03,142.0061193250026,144.17793912255732,141.39254995347815,143.51568603515625,64786600
2021-08-04,143.4280530784273,143.93447671996634,142.46387465578823,143.11639404296875,56368300
2021-08-05,143.1455654900914,143.9831303102646,142.35669923658142,143.22348022460938,46397700
2021-08-06,142.74557545925379,143.48685218422662,142.0433070322341,142.54074096679688,54126800
2021-08-09,142.59928057367807,143.08696622193483,141.93603523588163,142.4919891357422,48908700
2021-08-10,142.83339227832505,144.0721181416092,141.7214694614441,142.0140838623047,69023100
2021-08-11,142.45296206335397,143.10645895995768,141.94576488875748,142.26763916015625,48493500
2021-08-12,142.58950812317931,145.37907015513477,142.24812227389452,145.22300720214844,72282600
2021-08-13,145.30102293180235,145.7594485046543,144.61826619020815,145.42782592773438,59375000
2021-08-16,144.88165713815187,147.46640020534528,142.86264613601338,147.3981170654297,103296000
2021-08-17,146.5300361381551,147.9443216421731,145.41811337630122,146.49102783203125,92229700
2021-08-18,146.1106045300614,147.00794422226895,142.55049082276733,142.7553253173828,86326000
2021-08-19,141.45807654722455,144.35493005036025,140.94113102889904,143.08694458007812,86960300
2021-08-20,143.80878505139637,144.84267652273837,143.16503625048907,144.54031372070312,60549600
2021-08-23,144.65725320674125,146.4909552284507,144.2475992220361,146.0227813720703,60131800
2021-08-24,145.7692167650667,147.14449367144724,145.4766024407117,145.93502807617188,48606400
2021-08-25,146.12035519130814,146.61780402195117,144.15986446266652,144.70606994628906,58991300
2021-08-26,144.69634380228402,145.44736901605114,143.87702056810593,143.90628051757812,48597200
2021-08-27,143.84772924961433,145.08645474475415,143.21374397198983,144.94015502929688,55802400
2021-08-30,145.33030665463397,149.70972863585897,144.94991248756867,149.3488311767578,90956700
2021-08-31,148.90015120519527,149.03670255975587,147.56388271808643,148.09059143066406,86453100
2021-09-01,149.06594053769027,151.1629820772436,148.58800342565723,148.75381469726562,80313700
2021-09-02,150.08036655286702,150.9094380524186,148.64656965264444,149.86578369140625,71115500
2021-09-03,149.97303195298093,150.82161480012687,149.31953520226918,150.49974060058594,57808700
2021-09-07,151.1532776856572,153.3868712092461,150.58756059759483,152.83091735839844,82278300
2021-09-08,153.11374935418493,153.17226923823645,150.18763608775444,151.28981018066406,74420200
2021-09-09,151.66044621375175,152.26517148741016,150.15836649901337,150.27542114257812,57305700
2021-09-10,151.1825274626448,151.65070144497142,145.03768627305047,145.30104064941406,140893200
2021-09-13,146.92017826380882,147.69071501388157,145.08647552487224,145.8667755126953,102404300
2021-09-14,146.64704249063803,147.34931083330153,143.29176371635268,144.47195434570312,109296300
2021-09-15,144.90108685238485,145.75941793780808,142.76502237214694,145.35951232910156,83281300
2021-09-16,144.78410203525485,145.30104757606733,143.59414799108714,145.12547302246094,68034100
2021-09-17,145.15474141357228,145.15474141357228,142.17009319848557,142.46270751953125,129868800
2021-09-20,140.2583754550107,141.27275491051466,137.79068761664803,139.4195556640625,123478900
2021-09-21,140.38516176883357,141.03867353306788,139.2634909051742,139.89747619628906,75834000
2021-09-22,140.89237536058963,142.82360628582634,140.16084691647131,142.25790405273438,76404300
2021-09-23,143.03817057425258,143.457587900221,142.0530510886709,143.2137451171875,64838200
2021-09-24,142.07256662788618,143.83798604484667,141.97502355876833,143.30152893066406,53477900
2021-09-27,141.8872464401241,142.36518367517027,140.2778899497781,141.78970336914062,74150700
2021-09-28,139.7219107001194,141.18496735666514,138.2003341585889,138.4149169921875,108972300
2021-09-29,138.9611368887371,140.89236770909372,138.53197117688373,139.31227111816406,74602000
2021-09-30,140.12180436567434,140.8240726910163,137.80041657451724,138.01499938964844,89056700
2021-10-01,138.40517505038864,139.40005789714257,135.68389579904266,139.13670349121094,94639600
2021-10-04,138.26863338683822,138.70756238856447,134.86459699477155,135.71316528320312,98322000
2021-10-05,136.0545317412187,138.73680249578317,135.92772872481194,137.63462829589844,80861100
2021-10-06,136.0349830573943,138.64896997252256,134.96206909492875,138.50267028808594,83221100
2021-10-07,139.53659409609236,140.66802820004892,139.20497147758243,139.76092529296875,61732700
2021-10-08,140.48271316225515,140.62901288949595,139.04891630336158,139.3805389404297,58773200
2021-10-11,138.76604603984862,141.24348200456123,138.31736879996546,139.29273986816406,64452200
2021-10-12,139.7024045703548,139.72191616043952,137.56633938704366,138.02476501464844,73035900
2021-10-13,137.76141892529833,137.91746698955632,135.77165355544514,137.43954467773438,78762700
2021-10-14,138.60998871817293,140.3363997461316,138.024760100328,140.21934509277344,69907100
2021-10-15,140.22909633879294,141.33125547588753,139.97549034735292,141.27273559570312,67940300
2021-10-18,139.91695695625089,143.22346381420707,139.63410593501254,142.94061279296875,85589200
2021-10-19,143.38932223477877,145.4961277086073,142.94065979384268,145.09622192382812,76378900
2021-10-20,145.03768735830047,146.0618300447265,144.47197030405582,145.58389282226562,58418800
2021-10-21,145.1449650896746,145.9545248556128,144.22811391179323,145.7984619140625,61421000
2021-10-22,146.0033099939033,146.481232332848,144.97916730862042,145.02793884277344,58883400
2021-10-25,145.0181647887637,145.69117321411855,143.98427382696465,144.97915649414062,50720600
2021-10-26,145.6521586308098,147.12496353769075,145.34003275537546,145.6424102783203,60893400
2021-10-27,145.68145499107032,146.0423376021523,144.83288673993832,145.18402099609375,56094900
2021-10-28,146.13007740006395,149.39756103040457,146.03253435552523,148.81234741210938,100077900
2021-10-29,143.59413644564216,146.2471470636249,142.804088225394,146.110595703125,124953200
2021-11-01,145.3205502265068,146.01305539533712,144.15985619885288,145.29129028320312,74588300
2021-11-02,144.99868985144568,147.8370236875447,144.98892661408803,146.3251953125,69122000
2021-11-03,146.6860731609645,148.2271614322934,146.13011931995035,147.7589874267578,54511500
2021-11-04,147.84676026074618,148.6758168059769,146.92990900121129,147.24203491210938,60394600
2021-11-05,148.36533077411934,148.66813471450217,146.57779487265975,147.7694854736328,65463900
2021-11-08,147.8964665160418,148.0527572213007,146.67547332752292,146.948974609375,55020900
2021-11-09,146.71456416967115,147.9160175036458,146.57781350486675,147.31040954589844,56787900
2021-11-10,146.53874739869644,146.64619541359409,144.41910465453822,144.4874725341797,65187100
2021-11-11,145.50331597045192,145.96239567531134,144.25300529217714,144.4385986328125,41000000
2021-11-12,144.9856329096499,146.9099196974308,144.0576809080353,146.5094451904297,63804000
2021-11-15,146.88062009926887,148.35558969382197,145.96243066007273,146.5192108154297,59222800
2021-11-16,146.4605718791386,147.97460635745318,145.87448920859703,147.4959716796875,59256200
2021-11-17,147.49598349597346,151.40316186672771,147.48622091573952,149.92820739746094,88807000
2021-11-18,150.14307431900122,154.98796621369542,149.4983864355678,154.20652770996094,137827700
2021-11-19,153.9916731226482,157.28348128204507,152.89766786630707,156.8243865966797,117305600
2021-11-22,157.9281509208038,161.8548695638248,157.26393771700205,157.28347778320312,117467900
2021-11-23,157.38111945184002,158.04534743857107,155.36892523842945,157.66439819335938,96041900
2021-11-24,157.01974088138022,158.3774848564214,155.9354982175197,158.18212890625,69463600
2021-11-26,155.86712045424656,156.72668956141257,152.73160325073675,153.17115783691406,76959800
2021-11-29,155.67175446958956,157.44952783966656,155.10521179906075,156.52157592773438,88748200
2021-11-30,156.27736517799391,161.67903783874624,156.20898240534294,161.46414184570312,174048100
2021-12-01,163.59356203535145,166.34813007275002,160.71202083002768,160.9464569091797,152052500
2021-12-02,155.0563862894109,160.38967666927002,154.13819694441963,159.9598846435547,136739200
2021-12-03,160.21384675586103,161.1320360204304,156.01362719703414,158.0844268798828,118023100
2021-12-06,160.47757621707362,163.98428011365826,160.46781363689186,161.4836883544922,107497000
2021-12-07,165.15642772326544,167.59841414884357,164.43359437560147,167.2076873779297,120405400
2021-12-08,168.13567063026588,171.87679598965886,166.7388465074218,171.0172119140625,116998900
2021-12-09,170.8511155762567,172.64841373189637,169.88408373478205,170.5092315673828,108923700
2021-12-10,171.1442122366866,175.46164318083981,170.63627480069655,175.2858123779297,115402700
2021-12-13,176.91700933892764,177.90358129097453,171.45673183795216,171.661865234375,153237000
2021-12-14,171.18327152968024,173.6154957034132,168.21382219359762,170.2846221923828,139380400
2021-12-15,171.04652519555987,175.33465344975855,168.31149697974806,175.13929748535156,131063300
2021-12-16,175.11973661793166,176.9365751900634,166.78767978084602,168.26263427734375,150185800
2021-12-17,165.98669687061619,169.444558052229,165.75227570894924,167.1686248779297,195432700
2021-12-20,164.375008447403,166.62163920449956,163.5740445559153,165.81089782714844,107499100
2021-12-21,167.57888393978646,169.1808265329912,165.1955026634982,168.9757080078125,91185900
2021-12-22,169.02455200604697,171.7791202742142,168.15520530032774,171.56422424316406,92135300
2021-12-23,171.76934702247985,172.74614168304623,171.2028043307869,172.18936157226562,68356600
2021-12-27,172.98058061033834,176.233308952318,172.9610554465104,176.14540100097656,74919600
2021-12-28,175.9793381325386,177.12218615208815,174.38715798933583,175.1295166015625,79144300
2021-12-29,175.16857977375096,176.43841575185178,174.0061917992903,175.21742248535156,62348900
2021-12-30,175.30532209148024,176.3798020768136,173.95734081982604,174.06478881835938,59773000
2021-12-31,173.9573548573712,175.0709001571645,173.14661351296067,173.44943237304688,64062300
2022-01-03,173.70339765267045,178.6362137085352,173.58618706197944,177.78639221191406,104487900
2022-01-04,178.39199939810527,178.69480333397306,174.96344087400894,175.5299835205078,99310400
2022-01-05,175.4420853705736,175.9890879826122,170.587414831676,170.8609161376953,94537600
2022-01-06,168.6924202141222,171.23209207239668,167.65702034880644,168.0086669921875,96904000
2022-01-07,168.8780063916408,170.09899955917385,167.06116796216358,168.17471313476562,86709100
2022-01-10,165.15642793014217,168.4970635759533,164.26754129298973,168.1942596435547,106765600
2022-01-11,168.32126400156088,171.1148824378415,166.85607200254188,171.0172119140625,76138300
2022-01-12,172.0330618342014,173.06846173538992,170.7632407657719,171.45675659179688,74805200
2022-01-13,171.70094857794888,172.52145244084235,167.80353287215138,168.1942596435547,84505800
2022-01-14,167.36398288031089,169.7473640846977,167.1197842307582,169.05384826660156,80440800
2022-01-18,167.53006719532837,168.5361646254104,165.4788071020713,165.85975646972656,90956700
2022-01-19,166.0550471179265,167.1099868528867,162.08926425974443,162.37252807617188,94815000
2022-01-20,163.10517370877471,165.74251639966073,160.3701455866801,160.69248962402344,91420500
2022-01-21,160.60458738914824,162.4702688967568,158.53378733529433,158.6412353515625,122848900
2022-01-24,156.30669005524535,158.53378075020058,151.11013516388041,157.8695526123047,162294600
2022-01-25,155.29082683573563,158.98310983768695,153.3763174519784,156.072265625,115798400
2022-01-26,159.70589857439398,160.57524507136318,154.15771304423117,155.98431396484375,108275300
2022-01-27,158.68028043462846,160.03802433796415,154.60704872462142,155.52523803710938,121954600
2022-01-28,161.86468439588282,166.39701199453762,159.02220774828047,166.37747192382812,179935700
2022-01-31,166.2113506685732,170.9390323284137,165.5764253199615,170.72413635253906,115541600
2022-02-01,169.9720379540269,170.78277933201363,168.31148996868112,170.55812072753906,86213900
2022-02-02,170.6948191793541,171.7986016064984,169.3077729379628,171.759521484375,84914300
2022-02-03,170.43115497753465,172.1503233892282,168.1259186202505,168.8878173828125,89418100
2022-02-04,167.9097269846018,170.27659447810953,166.9316879925936,168.60414123535156,82465400
2022-02-07,169.0638417050099,170.12990075671365,167.19578341710826,167.89019775390625,77251200
2022-02-08,167.95865801143464,171.49916986063508,167.66524328351184,170.99058532714844,74829200
2022-02-09,172.18382283840776,172.7706374679008,171.05906868207904,172.4087677001953,71285000
2022-02-10,170.31571564595043,171.62628436106874,167.78259814649985,168.34007263183594,90865900
2022-02-11,168.54544354970767,169.27897271653381,164.34964835819625,164.9364776611328,98670700
2022-02-14,163.69438566255786,165.85585845870224,162.90217644579033,165.17123413085938,86185500
2022-02-15,167.21533801275692,169.15185115822308,166.5111487010071,168.995361328125,62527400
2022-02-16,168.07605663944543,169.53332561896576,166.3155829464961,168.76068115234375,61177400
2022-02-17,167.27401205002488,168.13469116142224,164.77023455180458,165.17123413085938,69589300
2022-02-18,166.09065524599768,166.79482987221778,162.5403675088088,163.62599182128906,82772700
2022-02-22,161.35688974047144,163.02934320107533,158.58903724171788,160.71139526367188,91162800
2022-02-23,161.90460945584556,162.50121399005073,156.24176881453315,156.55474853515625,90009200
2022-02-24,149.22922517438823,159.27369208830245,148.66196063900136,159.16610717773438,141147500
2022-02-25,160.2419073795577,161.49379611504713,157.33713033388693,161.229736328125,91974200
2022-02-28,159.47903178590988,161.7872043480846,158.86286246028953,161.49378967285156,95056600
2022-03-01,161.08302534266187,162.94130845487337,158.4129829679633,159.615966796875,83474400
2022-03-02,160.77987821220702,163.68465609606667,159.37149924746353,162.9022216796875,79724800
2022-03-03,164.77023477279693,165.2005743290728,161.9143626273284,162.5794219970703,76678400
2022-03-04,160.87765818976635,161.91437725608384,158.54014531943216,159.58663940429688,83737200
2022-03-07,159.7724565579089,161.39600492959968,155.54732078440395,155.80162048339844,96418800
2022-03-08,155.33218168421902,159.30301816152476,152.37849933499598,153.98248291015625,131148300
2022-03-09,157.9337564869507,159.8213797915154,155.90922322313332,159.37147521972656,91454900
2022-03-10,156.681840375499,156.8676701680238,152.55451471855633,155.0387420654297,105342000
2022-03-11,155.4397623739769,155.78208206231224,151.10705589580672,151.33200073242188,96970100
2022-03-14,148.12403016599976,150.7353929741164,146.8036862331013,147.312255859375,108732100
2022-03-15,147.58611061794517,152.15356685525754,147.07754097449947,151.68409729003906,92964300
2022-03-16,153.60105321090987,156.48626575095446,151.06793536575267,156.08526611328125,102300200
2022-03-17,155.12682808541686,157.4643416281666,154.168353662837,157.09268188476562,75615400
2022-03-18,156.98504839102176,160.86786475806085,156.25151907619613,160.37884521484375,123511700
2022-03-21,159.91913450898883,162.69677631557283,159.43011506099936,161.74807739257812,95811400
2022-03-22,161.87527212646032,165.6994092047397,161.2884575262128,165.1125946044922,81532000
2022-03-23,164.3008129085659,168.8486892835288,163.9682682338466,166.47206115722656,98062700
2022-03-24,167.30336151454603,170.31572365157868,166.47203725633872,170.2472686767578,90131400
2022-03-25,170.06147670026667,171.4307257382337,168.95628752581777,170.88302612304688,80546200
2022-03-28,168.38897085299945,171.8707872641407,168.22270601580345,171.74365234375,90371900
2022-03-29,172.80972386459516,175.0787667230212,172.467404224187,175.02987670898438,100589400
2022-03-30,174.62891251824163,175.66563174403498,172.81953392128133,173.8660430908203,92633200
2022-03-31,173.93448350287292,174.1203133341303,170.5700263491638,170.77542114257812,103049300
2022-04-01,170.20814487239906,171.0394840841696,168.16404671715162,170.48199462890625,78751300
2022-04-04,170.7362946873885,174.5702062097959,170.60914482743888,174.52130126953125,76468400
2022-04-05,173.60194829792937,174.38438259894033,170.58958593943765,171.2155303955078,73401800
2022-04-06,168.57483234577828,169.81694627331598,166.3938091700385,168.0564727783203,89058800
2022-04-07,167.401190693142,169.55287391806212,166.11996174699982,168.3596649169922,77594700
2022-04-08,168.00756384278074,168.00756384278074,165.48422104719532,166.35467529296875,76575500
2022-04-11,165.00500326610816,165.31796805598518,161.8654908055094,162.11000061035156,72246700
2022-04-12,164.33013728303388,166.13950070260202,162.9804385205217,163.97804260253906,79265200
2022-04-13,163.7139299553221,167.28376595081318,163.10755061630556,166.65782165527344,70618900
2022-04-14,166.8730302686766,167.5087646523774,161.41557017548345,161.6600799560547,75329400
2022-04-18,160.32019219645267,162.94134514885508,159.97788741289764,161.4449462890625,69023900
2022-04-19,161.3960167105301,164.13452917950872,160.31039271090148,163.72373962402344,67723800
2022-04-20,165.05387853639598,165.17125338034182,162.45230578739907,163.55747985839844,67929800
2022-04-21,165.20059691129774,167.7630547165198,162.266479452362,162.76527404785156,87227800
2022-04-22,162.8043941791054,164.1834179598548,157.95331370568275,158.2369384765625,84882400
2022-04-25,157.58162052522974,159.5866032261211,154.98004843066343,159.302978515625,96046400
2022-04-26,158.68684707978605,158.77486701882205,153.2782919448604,153.35653686523438,95623200
2022-04-27,152.48609759207858,156.2808795981602,151.967738002025,153.13160705566406,88063200
2022-04-28,155.7527344180899,160.9070049099631,155.43975472715812,160.04632568359375,130216800
2022-04-29,158.28583697775457,162.55008785176082,153.7966412998766,154.18785095214844,131747600
2022-05-02,153.26855492396695,154.7551640085493,149.9040971322451,154.49110412597656,123055300
2022-05-03,154.67689768841237,157.18069064394373,152.88709903691972,155.97769165039062,88966500
2022-05-04,156.16349976201118,162.8239435793619,155.76250015329012,162.37405395507812,108256500
2022-05-05,160.25172879543595,160.47667363266967,151.5471709663278,153.32720947265625,130525300
2022-05-06,152.80807823964273,156.16768941381943,151.01563498071906,154.05201721191406,116124600
2022-05-09,151.7502553954864,152.6317930294346,148.3808694909006,148.9391632080078,131577900
2022-05-10,152.328132388233,153.52309446613708,149.79127784510368,151.33885192871094,115366700
2022-05-11,150.34957266016625,152.25954795565056,142.81739949520818,143.4932403564453,142689800
2022-05-12,139.83980605277625,143.19940187956024,135.95128476595931,139.6341094970703,182602000
2022-05-13,141.6224448185645,145.06041547307086,140.17282438448345,144.09072875976562,113990900
2022-05-16,142.56275232444813,144.49232147743598,141.22085987637433,142.55294799804688,86643800
2022-05-17,145.80481151470883,146.69613834453236,143.66954586445135,146.17701721191406,78336300
2022-05-18,143.83608013972986,144.33560760113403,137.0287088681347,137.92984008789062,109742900
2022-05-19,137.00914057415054,138.75260707730666,133.7964597180681,134.53106689453125,136095600
2022-05-20,136.23535828446418,137.81231576353846,129.88835589129073,134.76614379882812,137426100
2022-05-23,134.96201586760006,140.31975175202894,134.82488980062982,140.17283630371094,117726300
2022-05-24,137.92002455292192,139.05622039365426,134.51145197634384,137.47926330566406,104132700
2022-05-25,135.58885488011762,138.87989482274827,135.50070562747283,137.63597106933594,92482700
2022-05-26,134.57020484609697,141.37755994588284,134.32533585009304,140.8290557861328,90601500
2022-05-27,142.4060433122878,146.6079896103765,142.27870662441157,146.56881713867188,90978500
2022-05-31,146.01053811087894,147.567901829154,143.8262952175465,145.78524780273438,103718400
2022-06-01,146.82346195823692,148.62570934761555,144.649023812494,145.65789794921875,74286600
2022-06-02,144.7959487531145,148.16534881431244,143.84585577263883,148.10658264160156,72348100
2022-06-03,143.88506398253034,144.93311080828775,141.4951543400914,142.39627075195312,88570300
2022-06-06,144.01237341190438,145.52077501341512,141.92608448379778,143.14064025878906,71598400
2022-06-07,141.3873815394989,145.94193944320352,141.1425125135875,145.65789794921875,67808200
2022-06-08,145.5305644824367,146.79408210793065,144.4335560047601,144.9232940673828,53950200
2022-06-09,144.0613237048235,144.91346299390733,139.60470516840178,139.7124481201172,69473000
2022-06-10,137.40089525066517,137.8710395567264,134.24698126233585,134.3155517578125,91437900
2022-06-13,130.1429810735186,132.4251621177248,128.74233746263164,129.17330932617188,122207100
2022-06-14,130.39769474252046,131.14209140798755,128.78154975446083,130.0352783203125,84784300
2022-06-15,131.5338494146611,134.52125474775525,129.4475753177957,132.65045166015625,91533000
2022-06-16,129.36919361966238,129.67282879246193,126.39157816992548,127.3906478881836,108123900
2022-06-17,127.40045357119396,130.3486710219844,127.14578023984714,128.85986328125,134520300
2022-06-21,130.68170729877417,134.24699991857628,130.58376865027734,133.0814208984375,81000500
2022-06-22,132.0235937967665,134.93263938077834,131.16166488175563,132.57211303710938,73409200
2022-06-23,134.0119372202921,135.74559928638683,132.84635818263115,135.4321746826172,72433800
2022-06-24,137.0287064173905,138.99746302987265,136.90138468183136,138.75259399414062,89116800
2022-06-27,139.7712426067131,140.5450371291734,138.0767530642211,138.75259399414062,70207900
2022-06-28,139.212931320367,140.47644880841756,134.50165406172098,134.6191864013672,67083400
2022-06-29,134.63878986432783,137.78289974267364,133.8649953839291,136.37245178222656,66242400
2022-06-30,134.43310739232075,135.53011594509118,131.0245344279122,133.9139862060547,98964500
2022-07-01,133.24794276909347,136.1863715256026,132.87575195629162,136.07862854003906,71051600
2022-07-05,134.94242477245444,138.70360936186282,134.1196535002059,138.65463256835938,73353800
2022-07-06,138.44897021265854,141.16210859174285,138.1845074474581,139.9867401123047,74064300
2022-07-07,140.34913434840425,143.5422362397496,140.3393449670909,143.34634399414062,66253700
2022-07-08,142.27870461467543,144.5217134378149,142.02404618814074,144.0221710205078,64547800
2022-07-11,142.6802818681296,143.63037488194183,140.82907263468897,141.89669799804688,63141600
2022-07-12,142.76844044820817,145.40323372369386,142.07302074051665,142.86639404296875,77588800
2022-07-13,140.05530730128564,143.44428658574307,139.20315284375937,142.50399780273438,71185600
2022-07-14,141.1229362743088,145.89298070687983,140.30996921418316,145.42283630371094,78140700
2022-07-15,146.70592606919652,147.7637620290884,145.15835206929646,147.08792114257812,76259900
2022-07-18,147.64623499784832,148.45920196700573,143.6891431225671,144.0515594482422,81420900
2022-07-19,144.88413581614606,148.1262000519952,143.89487011094474,147.9009246826172,82982400
2022-07-20,148.01845513052425,150.56509951384282,147.2838478982926,149.8990478515625,64823400
2022-07-21,151.3290452388946,152.3770917552224,148.82158901652633,152.16160583496094,65086600
2022-07-22,152.20082772301902,153.07256106692492,150.2614687565271,150.92750549316406,66675400
2022-07-25,150.849124954379,151.85798424989775,149.1546353044719,149.81088256835938,53623900
2022-07-26,149.13502930916428,149.94799628582763,147.70500253719806,148.48858642578125,55138700
2022-07-27,149.44849566558014,154.1010080911438,149.03711741300498,153.57208251953125,78620700
2022-07-28,153.7581586202447,154.40461645264705,151.24091273921562,154.12057495117188,81378700
2022-07-29,157.93072824104914,160.2716754702952,156.22643448443253,159.17465209960938,101786900
2022-08-01,157.70548276904853,160.23253356212356,157.5879503888758,158.19522094726562,67829400
2022-08-02,156.81416215078264,159.076750020311,156.35380709254014,156.7259979248047,59907000
2022-08-03,157.53893055181024,163.1709180629882,157.45078129075776,162.72036743164062,82507500
2022-08-04,162.60281360750764,163.7586031177134,161.0552396557241,162.40692138671875,55474100
2022-08-05,160.08237587686597,162.67178435198056,159.876393569881,162.18136596679688,56697000
2022-08-08,163.18178041324063,164.59418751238474,161.0533667864172,161.7105255126953,60276900
2022-08-09,160.8768658503071,162.6423751902944,160.12161727807143,161.75961303710938,63135500
2022-08-10,164.46669306704544,166.09488560468589,163.70164162721542,165.99681091308594,70170500
2022-08-11,166.80105976160058,167.713245527213,164.96690021924013,165.2611541748047,57149200
2022-08-12,166.56571053244468,168.87066800455992,166.15374591104305,168.80201721191406,68039400
2022-08-15,168.2331135298216,170.06727335382837,168.0663730882192,169.87110900878906,54091700
2022-08-16,169.46896318920653,170.38114909928223,168.3704308785935,169.71417236328125,56377100
2022-08-17,169.45915949271176,172.7743773350279,169.26299514755854,171.20504760742188,79542000
2022-08-18,170.42036968678258,171.54832585930868,169.80243780169835,170.8126983642578,62290100
2022-08-19,169.71418188591318,170.4105825645676,168.02714147630917,168.23312377929688,70346300
2022-08-22,166.43817940694694,166.6049198473659,163.9370428679026,164.3588104248047,69026800
2022-08-23,163.87817957003261,165.4769480040651,163.4564120530002,164.02529907226562,54147100
2022-08-24,164.11361274111158,164.88846719098774,163.06411023124903,164.319580078125,53841500
2022-08-25,165.54563671843377,166.8795753877456,165.12388407113372,166.7716827392578,51218200
2022-08-26,167.3013082441995,167.7721056277997,160.42563400937078,160.48448181152344,78961000
2022-08-29,158.06181135805244,159.77827539995786,156.7573118566176,158.28741455078125,73314000
2022-08-30,159.02307224651202,159.4448248788866,154.69757844618866,155.86477661132812,77906200
2022-08-31,157.23795081091825,157.50278094726974,154.1286998362425,154.20716857910156,87991100
2022-09-01,153.63828680423725,155.38417523650494,151.7060369719439,154.93299865722656,74229900
2022-09-02,156.6886409081276,157.2869518100939,152.0002433352291,152.8241424560547,76957800
2022-09-06,153.47150522336744,154.07961913097643,150.74478065092995,151.5686798095703,73714800
2022-09-07,151.85312983190147,153.6676685648947,150.66631095885003,152.97128295898438,87449600
2022-09-08,151.6765739248584,153.36361410419434,149.75412756943635,151.50003051757812,84923800
2022-09-09,152.49066452851048,154.79563648166842,151.7844609924952,154.354248046875,68028800
2022-09-12,156.53176178459202,161.11226844346882,156.24732566061365,160.2981719970703,104956000
2022-09-13,156.8357744463717,157.46350930410847,150.43091231518306,150.89190673828125,122656600
2022-09-14,151.82371618505977,154.08946168271527,150.66633598686377,152.33375549316406,87965400
2022-09-15,151.68639505914092,152.2651001071562,148.4790697119515,149.45008850097656,90481100
2022-09-16,148.31230899881908,148.44962552428208,145.5267216779744,147.81207275390625,162278800
2022-09-19,146.44872924023372,151.5981220543988,146.24276190884032,151.5196533203125,81474200
2022-09-20,150.46032156880005,155.05064442927653,150.1464616536784,153.89324951171875,107689800
2022-09-21,154.32485530993193,155.6980357811973,150.65653533272163,150.77423095703125,101696800
2022-09-22,149.45988650515864,151.50983141556574,148.0180554999838,149.81298828125,86652500
2022-09-23,148.29270193451399,148.5673350111051,145.7130966439831,147.54725646972656,96029900
2022-09-26,146.79200808789446,150.82324708343862,146.77238716545008,147.8807373046875,93339400
2022-09-27,149.81300689014782,151.75505941669135,147.07646404392761,148.85177612304688,84442700
2022-09-28,144.81075922673622,147.75326992489508,142.06441291517794,146.96859741210938,146691400
2022-09-29,143.3002265150421,143.90834038923484,137.9840792223541,139.7495880126953,128138200
2022-09-30,138.5725679290359,140.35769739354438,135.3554256755078,135.5515899658203,124925300
2022-10-03,135.56144631438175,140.32831325471835,135.05140704196927,139.72018432617188,114311700
2022-10-04,142.25075989142124,143.41795807791704,141.4955113649154,143.30026245117188,87830100
2022-10-05,141.30913113651346,144.55569777280346,140.2694318056122,143.59446716308594,79471000
2022-10-06,143.0158197187154,144.712663290669,142.43712956504083,142.64309692382812,68402200
2022-10-07,139.80847323243142,140.35775442140775,136.77769106151405,137.40542602539062,85925600
2022-10-10,137.72909545898438,139.1709266873786,135.91455644051044,137.72909545898438,74899000
2022-10-11,137.21903351996755,138.64125855443186,135.57123522583825,136.31666564941406,77033700
2022-10-12,136.46378829068846,137.6702130062106,135.51237567961843,135.6889190673828,70433700
2022-10-13,132.40313927882985,140.83832513907973,131.79501040391918,140.2498321533203,113224000
2022-10-14,141.54453406151188,141.75051634248345,135.5418185741853,135.72817993164062,88598000
2022-10-17,138.36663643162046,140.16155437004147,137.5819641011487,139.6809539794922,85250900
2022-10-18,142.7019309504816,143.88873492707052,137.91544326382163,140.99526977539062,99136600
2022-10-19,138.974750883936,142.1722730567363,138.78838952105372,141.10316467285156,61758300
2022-10-20,140.27929180657773,143.0942888035043,139.91637199149932,140.64219665527344,64522000
2022-10-21,140.13212478208789,145.0167019837592,139.916339525803,144.44781494140625,86548600
2022-10-24,144.36934369172494,147.35108041478094,143.20214572577777,146.58602905273438,75981900
2022-10-25,147.21377179556336,149.56778877679034,146.4977652190575,149.420654296875,74732300
2022-10-26,148.06713927955596,149.0774000501519,145.20308247196704,146.4879913330078,88194300
2022-10-27,145.23248644302674,146.1937021462339,141.36798774070627,142.025146484375,109180200
2022-10-28,145.35997702745019,154.48176014348397,144.98726930709842,152.7554931640625,164762400
2022-10-31,150.22496108445085,151.2842665764986,149.0087181195706,150.40150451660156,97943200
2022-11-01,152.10816072803473,152.47106552613408,146.27218522217615,147.76304626464844,80379300
2022-11-02,146.09559446780847,149.25388921211223,142.22129326523782,142.25071716308594,93604600
2022-11-03,139.33766635298934,140.0634909361085,136.09109910411752,136.21861267089844,97918500
2022-11-04,139.59828641105477,140.1681172493776,132.0234984378513,135.95335388183594,140814800
2022-11-07,134.70559929239224,136.70981865595215,133.29084915754692,136.48385620117188,83374600
2022-11-08,137.94774130575934,138.9498435557623,135.0789489012502,137.05369567871094,89908500
2022-11-09,136.07119972756607,136.12032590260378,132.22976370415523,132.50485229492188,74917800
2022-11-10,138.7632027049217,144.29446411132812,137.05371017047622,144.29446411132812,118854000
2022-11-11,143.26287971945007,147.3793904835366,141.83829520447486,147.0748291015625,93979700
2022-11-14,146.3576050476643,147.644629976999,144.84460269456784,145.67970275878906,73374100
2022-11-15,149.5506380930854,150.89660867721872,145.95481705312972,147.4088592529297,89868300
2022-11-16,146.51480463978803,147.2418181251695,144.70706018330316,146.18075561523438,64218300
2022-11-17,143.86215701114332,148.82360185357618,143.58706836561342,148.07693481445312,80389400
2022-11-18,149.63904958366277,150.02220984195606,147.34008803390304,148.63693237304688,74829600
2022-11-21,147.52676535819396,147.73307435769456,145.12955132737417,145.41445922851562,58724100
2022-11-22,145.53237828985053,147.78221396265934,144.35340964940343,147.54641723632812,51804100
2022-11-23,146.82920540527334,149.16747394284351,146.72113379241404,148.42080688476562,58301400
2022-11-25,145.70915449021354,146.26916586255766,144.54002056510447,145.51266479492188,35195900
2022-11-28,142.59476743015247,144.06846284178744,140.86563687733454,141.69090270996094,69246000
2022-11-29,141.7596944766532,142.27057984792378,137.8887997144492,138.6944122314453,83763800
2022-11-30,138.9203582971881,146.1119996275474,138.08527316426236,145.43409729003906,111380900
2022-12-01,145.61094536816785,146.51481013470644,144.03899751867118,145.7091827392578,71250400
2022-12-02,143.4004227674544,145.40464232225125,143.09584639700262,145.2179718017578,65447400
2022-12-05,145.17869354013385,148.27344880391388,143.2137657558394,144.05868530273438,68826400
2022-12-06,144.49096870660432,144.71693119940028,139.431270776129,140.40391540527344,64727200
2022-12-07,139.69652452502783,140.85582456681212,137.54492649061714,138.46844482421875,69721100
2022-12-08,139.86351440208722,141.0031757409908,138.62561570092225,140.14842224121094,62128300
2022-12-09,139.84387422747133,143.0172426533997,138.42912415381502,139.6670379638672,76097000
2022-12-12,140.19755844692216,141.96599599737974,138.58631867677312,141.9561767578125,70462700
2022-12-13,146.87833415604433,147.34009332894186,141.71058010364294,142.91900634765625,93886200
2022-12-14,142.80112620848055,144.08815144991274,138.68460028950005,140.6986541748047,82291200
2022-12-15,138.63546667684503,139.3133690938159,133.64454880056923,134.10630798339844,98931900
2022-12-16,134.29296269794702,135.23611943482993,131.38486361161162,132.15118408203125,160156900
2022-12-19,132.74070852472047,132.829126684755,129.01717664823065,130.0487518310547,79592600
2022-12-20,129.08590439011405,130.91328746393052,127.61220884643005,129.97994995117188,77432800
2022-12-21,130.64803543949063,134.41087369361549,130.42207295695286,133.07472229003906,85928000
2022-12-22,131.99401195090732,132.20032094511618,128.0150307307424,129.9111785888672,77852100
2022-12-23,128.62415014924704,130.0978457490201,127.3665977700706,129.54766845703125,63814900
2022-12-27,129.0760801645503,129.10555287498912,126.46272323679953,127.74974822998047,69007800
2022-12-28,127.39607559848972,128.73222692892008,123.66271775984323,123.8297348022461,85438400
2022-12-29,125.74553370652504,128.19186635387044,125.49009852746012,127.33712768554688,75703700
2022-12-30,126.15819306959533,127.67118088033511,125.19537514897438,127.65152740478516,77034200
2023-01-03,127.99535878679536,128.60448143197522,121.99250548899685,122.87672424316406,112117500
2023-01-04,124.66484683178275,126.40381217640663,122.88658952629491,124.1441421508789,89113600
2023-01-05,124.90062844390272,125.5294047177782,122.57219388132161,122.82762908935547,80962700
2023-01-06,123.80028171885589,128.00521863758777,122.69991942060877,127.34696960449219,87754700
2023-01-09,128.18205614149144,131.07050217869943,127.61222532540481,127.86766052246094,70790800
2023-01-10,127.97572556898378,128.95818934117645,125.87325369613974,128.43748474121094,63896200
2023-01-11,128.94839939893015,131.1687626317444,128.1722594386808,131.1491241455078,69458900
2023-01-12,131.53227009080283,131.90559617413024,129.13505580606935,131.0705108642578,71379600
2023-01-13,129.71468306570503,132.55400260182785,129.35117628841525,132.3968048095703,57809700
2023-01-17,132.4655864864573,134.88243886666353,131.77786487384603,133.55612182617188,63646600
2023-01-18,134.42069543585905,136.1792989256054,132.6620769549058,132.83892822265625,69672800
2023-01-19,131.72873868777404,133.86068318245066,131.4241773301355,132.8978729248047,58280400
2023-01-20,132.90769302903612,135.59964906296133,131.86628386729487,135.4522705078125,80223600
2023-01-23,135.6978953680963,140.80671912517695,135.4817521326256,138.63546752929688,81760300
2023-01-24,137.84949253259393,140.64952034187644,137.83967329148908,140.0305633544922,66435100
2023-01-25,138.41932337339787,139.93231102042415,136.37579688239575,139.372314453125,65799300
2023-01-26,140.65934626942868,141.72040901629467,139.41161299424252,141.4355010986328,54105100
2023-01-27,140.64948220797868,144.64810096985272,140.57088332682684,143.3708953857422,70555800
2023-01-30,142.41792955695834,142.9975794810538,140.34493076851774,140.49229431152344,64015300
2023-01-31,140.19756045993424,141.8088002532181,139.78492752410364,141.75967407226562,65874500
2023-02-01,141.44534120076577,144.03904552300298,138.84181763550876,142.87973022460938,77663600
2023-02-02,146.28885767804982,148.52887400177488,145.57166328269082,148.17520141601562,118339000
2023-02-03,145.43410775063012,154.62014981197694,145.23761799882098,151.7906494140625,154357300
2023-02-06,149.89447943002094,150.4151839414419,148.1358611817687,149.06919860839844,69858300
2023-02-07,147.99834440627268,152.50784959474223,147.99834440627268,151.93801879882812,83322600
2023-02-08,151.18152542311802,151.8692470443083,148.51904208604415,149.25588989257812,64120100
2023-02-09,151.083246261921,151.62360422246954,147.78216807435706,148.22427368164062,56007100
2023-02-10,147.0632318137508,148.9130734935689,146.8270751036462,148.58836364746094,57450700
2023-02-13,148.52932389765635,151.7862414824205,148.49980618651492,151.38282775878906,62199000
2023-02-14,149.68058802933567,151.3041375201495,148.44079888424892,150.74327087402344,61707600
2023-02-15,150.6547103127393,153.0063833860837,150.42840282421838,152.839111328125,65573800
2023-02-16,151.04826665403036,153.82305157694913,150.8908438680814,151.2450714111328,68167900
2023-02-17,149.90687847207133,150.5464488832577,148.4309328947845,150.10366821289062,59144100
2023-02-21,147.79135689260553,148.87372305726493,146.03006833094608,146.09893798828125,58867200
2023-02-22,146.48269724609548,147.54538003263738,144.80012742797703,146.52206420898438,51011300
2023-02-23,147.68313363952294,147.92912460701393,144.87884561858363,147.0041961669922,48394200
2023-02-24,144.75092512234477,144.8296440334222,143.38321594733068,144.3573455810547,55469600
2023-02-27,145.34131909727375,146.77789803104127,145.08547886576312,145.54794311523438,44998500
2023-02-28,144.6918692589824,146.689314426437,144.47539603761436,145.0460968017578,50547000
2023-03-01,144.47539591550134,144.8689754008769,142.68457472462396,142.97976684570312,55479000
2023-03-02,142.0646965175798,144.3573339453376,141.59238308918532,143.57015991210938,52238100
2023-03-03,145.66600535471582,148.68678165578146,144.96739941181147,148.60806274414062,70732300
2023-03-06,151.32379221822697,153.79355106354063,150.99909736370918,151.3631591796875,87558000
2023-03-07,151.2352451910372,151.55995507278075,148.70646582947896,149.16893005371094,56182000
2023-03-08,150.35949790258118,151.00891757952724,149.39521763366128,150.4185333251953,47204800
2023-03-09,151.09748364556307,152.06176399701366,147.82088228318355,148.17510986328125,53833600
2023-03-10,147.80120650188752,148.5194958597798,145.242894659562,146.11862182617188,68572400
2023-03-13,145.43968998615728,150.6842189540097,145.33145336527863,148.05703735351562,84457100
2023-03-14,148.85404568502526,150.94004418166887,147.6929755826584,150.14303588867188,73695900
2023-03-15,148.7655134809102,150.79247683579462,147.51587504804607,150.53665161132812,77167900
2023-03-16,149.71992520737962,153.95097226183628,149.20825986230471,153.3507537841797,76161100
2023-03-17,153.57707174404283,154.22649145558808,151.80593390078133,152.51438903808594,98944600
2023-03-20,152.58327776546486,155.28917828804447,151.67801783277878,154.8759002685547,73641400
2023-03-21,154.79720820376127,156.84383990664745,154.02970254755692,156.72576904296875,73938300
2023-03-22,156.74540844255807,159.53986153376988,155.27929723644732,155.29898071289062,75701800
2023-03-23,156.28294504298728,158.9593273158035,155.15137786083926,156.38133239746094,67622100
2023-03-24,156.31251228008384,157.76877470893055,155.31871410467124,157.6802215576172,59196500
2023-03-27,157.37517430078694,158.19186606543823,155.33836200567538,155.74179077148438,52390300
2023-03-28,155.4367475403247,155.9484128704115,153.4786543640599,155.1218719482422,45992200
2023-03-29,156.81429056205513,158.46735739062942,156.79462209814082,158.1918487548828,51305700
2023-03-30,158.93967116064357,159.86459953343115,158.68384597812414,159.75636291503906,49501700
2023-03-31,159.8350878653574,162.35403288236776,159.31358823359025,162.25563049316406,68749800
2023-04-03,161.63573905142377,163.62333513475417,161.58653785817188,163.50526428222656,56976200
2023-04-04,163.92838412805693,164.16452584406122,162.4622725801105,162.97393798828125,46278300
2023-04-05,162.0982064947886,162.40323287933546,159.20535043705326,161.1339111328125,51511700
2023-04-06,159.8252203026454,162.31466233453045,159.40212310856722,162.01947021484375,45390100
2023-04-10,158.83137655017154,159.4315948486328,157.51286914505684,159.4315948486328,47716900
2023-04-11,159.7465367378167,159.75637097122245,157.93603184667685,158.2213897705078,47644200
2023-04-12,158.6346273017189,159.46115319792995,157.2177171858746,157.5325927734375,50133100
2023-04-13,159.03807402297244,163.14120127307194,158.83143501847854,162.90504455566406,68445600
2023-04-14,161.95058596716467,163.6528540223282,161.19294470872245,162.56065368652344,49386500
2023-04-17,162.44258319038994,162.7377753387549,161.39958394505072,162.58033752441406,41516200
2023-04-18,163.43639900098648,164.7253892225956,162.99360326395418,163.8004608154297,49923000
2023-04-19,163.14122346923992,165.4633789570219,162.885383237049,164.94187927246094,47720200
2023-04-20,163.4265370188754,165.17799130758831,162.9050374280842,163.97755432128906,52456400
2023-04-21,162.40325123756864,163.78079474740133,161.85223383363555,162.3737335205078,58337300
2023-04-24,162.3540163618739,162.94440060882783,161.26181601487568,162.67872619628906,41949600
2023-04-25,162.54096443175132,163.64299896057264,161.10437083745688,161.14373779296875,48714100
2023-04-26,160.44513945575562,162.6295403559192,160.1893142654478,161.1339111328125,45498800
2023-04-27,162.54097091629146,165.85692388096987,162.54097091629146,165.70933532714844,64902300
2023-04-28,165.78809511844986,167.12628672150765,165.18787649470852,166.95899963378906,55275900
2023-05-01,166.56539597816914,167.71663185783257,165.9356597273935,166.87042236328125,52472900
2023-05-02,167.36242742401706,167.6182676642773,164.85331630714083,165.8372802734375,48425700
2023-05-03,166.78188428598025,168.17911124939818,164.47941231869004,164.76475524902344,65136000
2023-05-04,162.24581661627295,164.36133312270948,161.6751157183002,163.13137817382812,81235400
2023-05-05,168.23812815446027,171.504895212846,168.02165491497223,170.78660583496094,113453200
2023-05-08,169.71404999386525,171.06209043449635,169.34998823962542,170.7176971435547,55962800
2023-05-09,170.27494492179522,170.7570775926942,168.84820036158354,169.01547241210938,45326900
2023-05-10,170.24543004162442,171.23922812803062,169.14338031673282,170.77676391601562,53724500
2023-05-11,171.06211698775132,171.79024060925457,169.40904995436452,170.96371459960938,49514700
2023-05-12,171.07210045600348,171.50564580777203,168.49055408757272,170.0375213623047,45533100
2023-05-15,170.61883064941935,170.66809989196608,168.95362948142878,169.54483032226562,37266700
2023-05-16,169.46600254116325,170.5991199454283,169.27878844040285,169.54483032226562,42110300
2023-05-17,169.19013234108013,170.39221479568312,167.91905489711874,170.15574645996094,57951600
2023-05-18,170.46120584790356,172.66833901247392,170.04737119858373,172.4811248779297,65496700
2023-05-19,173.80145343851697,173.80145343851697,172.37273538217633,172.58950805664062,55809500
2023-05-22,171.42679729660153,172.1460951955022,170.9045763773169,171.64356994628906,43570900
2023-05-23,170.58929510312979,170.83562631420236,168.7664381272472,169.04232788085938,50747300
2023-05-24,168.57922839342694,169.8897122746601,168.0176010356781,169.31822204589844,45143500
2023-05-25,169.8798799582863,171.34800452634042,169.17044478431242,170.4513702392578,56058300
2023-05-26,170.77650880236848,173.19055165787438,170.56958397024448,172.85552978515625,54835000
2023-05-30,174.36309800636275,176.36330631715728,173.9788219031772,174.69810485839844,55964400
2023-05-31,174.72764675708407,176.71800704198733,174.16600441023556,174.64881896972656,99625300
2023-06-01,175.09221783191245,177.47670209655325,174.33351350934285,177.4471435546875,68901800
2023-06-02,178.37333767160567,179.11233123154489,176.62930866038764,178.2945098876953,61996900
2023-06-05,179.9498694414483,182.23581511366768,175.42721727327233,176.9446258544922,121946500
2023-06-06,177.32891962025158,177.476712338109,174.8261860088602,176.580078125,64848400
2023-06-07,175.82137635899298,178.55073052308683,174.71781728969785,175.21047973632812,61944600
2023-06-08,175.2892895872439,178.18614713091944,174.85575927069235,177.9201202392578,50214900
2023-06-09,178.83645110058313,179.55573399442156,177.9792233362159,178.30438232421875,48900000
2023-06-12,178.60984190485868,181.19138823156914,178.31424143935143,181.0928497314453,54274900
2023-06-13,180.11737806569877,181.4475575367352,179.76266053311636,180.61988830566406,54929100
2023-06-14,180.67901332162722,181.684048880549,179.34883379218707,181.25050354003906,57462900
2023-06-15,181.26038457492544,183.7828140435399,181.08301826564116,183.28028869628906,65433200
2023-06-16,183.98971928038128,184.245913383536,181.56582838117956,182.20628356933594,101256200
2023-06-20,181.70372085188743,183.3689219025579,181.70372085188743,182.29490661621094,49799100
2023-06-21,182.18656875714527,182.68909408055805,179.91047063421516,181.2603759765625,49515700
2023-06-22,181.04355388882516,184.3049760258428,180.97457394762623,184.25570678710938,51245300
2023-06-23,182.8270228675936,184.8075203379306,182.29493904669715,183.9404296875,53117000
2023-06-26,184.08825189117624,185.29034946556595,182.51172604562308,182.5511474609375,48088700
2023-06-27,183.1620330683905,185.6253451571229,182.94526040179295,185.30018615722656,50730800
2023-06-28,185.17208134019785,187.11317238738192,184.84693738882143,186.47271728515625,51216800
2023-06-29,186.30522898461155,187.2807060224463,186.16728410364277,186.8077392578125,46347300
2023-06-30,188.81780236383452,191.62596911406445,188.45322195229386,191.1234588623047,85213200
2023-07-03,190.93624105216273,191.0347795474039,188.9458807202263,189.6356201171875,31458200
2023-07-05,188.75866963191964,190.14796610334872,187.82259909124357,188.52218627929688,46920300
2023-07-06,187.05405664400223,189.20207252866174,186.42344937265386,188.99514770507812,45094300
2023-07-07,188.601042385603,189.84254634486774,187.4482140588147,187.88174438476562,46815000
2023-07-10,186.48257243692333,187.20187038994513,184.29515010539157,185.8421173095703,59922200
2023-07-11,186.3840685065736,186.52201339622226,183.8616390759319,185.31991577148438,46638100
2023-07-12,186.8964167558296,188.88677723101014,185.70418206587038,186.985107421875,60750200
2023-07-13,187.70438329432415,188.38425984411805,186.99494820191867,187.74378967285156,41342300
2023-07-14,187.4383302857117,188.37438582770977,186.8471444335954,187.89158630371094,41616200
2023-07-17,189.08381775872684,191.46831693797242,188.9951421376018,191.14315795898438,50520200
2023-07-18,190.51254970289233,191.4781637647375,189.5961898515042,190.886962890625,48288200
2023-07-19,190.2661976064536,195.32090288181368,189.82278948215546,192.23684692382812,80507300
2023-07-20,192.22701989757815,193.58677299126168,189.67503216410122,190.29579162597656,59581200
2023-07-21,191.25151956273768,192.10874719252732,188.42362760855806,189.1232147216797,71951700
2023-07-24,190.57168949200457,192.04967681854123,189.42870901778204,189.92137145996094,45377800
2023-07-25,190.49284214012596,191.58655325087184,190.08885537064708,190.77857971191406,37283200
2023-07-26,190.82783906853456,192.76892999363082,190.4829844332044,191.64566040039062,47471900
2023-07-27,193.1433574364322,194.3060333990039,189.72427942670237,190.3844451904297,47460200
2023-07-28,191.81319626670884,193.74443968391378,191.2909752730755,192.9561767578125,48291400
2023-07-31,193.18277106210203,193.6064685292723,192.394508242959,193.56704711914062,38824100
2023-08-01,193.36016991822595,193.8429695122176,192.41425136889904,192.73941040039062,35175100
2023-08-02,192.17775117305615,192.31569604997566,189.03457754647138,189.7538604736328,50389300
2023-08-03,188.75865610470643,189.54690382056828,187.89156557542466,188.36451721191406,61235200
2023-08-04,182.79745486603875,184.6301595328746,179.25027969317492,179.3192596435547,115956800
2023-08-07,179.4572213905704,180.44254624962392,174.74736976708382,176.22535705566406,97576100
2023-08-08,177.0530363874442,177.6245266423458,174.97400021533483,177.1614227294922,67823000
2023-08-09,178.21567520898486,178.27479228591488,174.41232123291388,175.57501220703125,60378500
2023-08-10,176.8460654118823,178.09743193733033,174.99366527850802,175.3582305908203,54686900
2023-08-11,174.953720563952,176.23636037713308,174.19399178686675,175.4174346923828,52036700
2023-08-14,175.59506357405235,177.29211207450308,174.9438673937282,177.065185546875,43675600
2023-08-15,176.49294118914725,177.0849254578291,174.68735981208974,175.08201599121094,43622600
2023-08-16,174.76626971305478,176.15744233651847,174.14467201512105,174.2137451171875,46964900
2023-08-17,174.77612136953763,175.14117901733323,171.16495931429398,171.6780242919922,66062900
2023-08-18,170.0007364455324,172.76337470680727,169.6652772069575,172.16151428222656,61172200
2023-08-21,172.7337554755455,173.77960771425435,171.4215020828672,173.49346923828125,46311900
2023-08-22,174.69721483499137,175.30893640777694,173.89802631437342,174.8649444580078,42038900
2023-08-23,176.13770818549477,179.12727253692543,175.95024126986627,178.7030029296875,52722800
2023-08-24,178.25903609639087,178.68330576322634,173.66121814414575,174.0262908935547,54945800
2023-08-25,175.0129196769248,176.75928869570708,173.47373983758078,176.22650146484375,51449600
2023-08-28,177.6867593505913,178.1800870283186,176.1673167274641,177.78543090820312,43820700
2023-08-29,177.30196426395187,182.4325690983829,177.1046362040057,181.66297912597656,53003900
2023-08-30,182.47204640358012,185.34321714142652,182.27471834075723,185.1458740234375,60813900
2023-08-31,185.33334709899387,186.59626480914432,184.97815055206615,185.36294555664062,60794500
2023-09-01,186.96131537308187,187.3855699191495,185.76745585396847,186.9317169189453,45766500
2023-09-05,185.767499556314,187.44481092436058,185.10644216647313,187.16854858398438,45280000
2023-09-06,185.88585963952747,186.32986658571798,179.04834537431464,180.46913146972656,81755800
2023-09-07,172.84227669356144,175.83185624974686,171.22416252451072,175.19052124023438,112488800
2023-09-08,175.96999075471308,177.8347687964352,175.417451102765,175.80224609375,65551300
2023-09-11,177.66705421097663,177.8939807491613,174.9734739911946,176.96652221679688,58953100
2023-09-12,177.09477490699047,177.72623373133553,172.487096210491,173.9473419189453,90370200
2023-09-13,174.15451849429098,174.93398459835862,171.6582818339781,171.88522338867188,84267900
2023-09-14,171.6780505009118,173.75003299454158,171.2636570132194,173.39483642578125,60895800
2023-09-15,174.12492983939754,174.14466716160445,171.50043808217407,172.67454528808594,109259500
2023-09-18,174.12492516303394,176.9862345995646,173.81906442528665,175.5950469970703,67257600
2023-09-19,175.15104027243933,177.2328834055171,174.76624533576447,176.68035888671875,51826900
2023-09-20,176.8678428874874,177.3019736755132,173.0593524132158,173.14816284179688,58436200
2023-09-21,172.22069958579337,173.94734650075085,171.53990496478352,171.6089630126953,63149100
2023-09-22,172.33909518451154,174.7169382879251,171.7273736602944,172.45748901367188,56725400
2023-09-25,171.87536866413782,174.60840835340898,171.82603288281885,173.73028564453125,46172700
2023-09-26,172.4871029695211,172.8620217812148,169.3692683155077,169.66526794433594,64588900
2023-09-27,170.31643241476104,170.730825832551,166.79408083596385,168.15565490722656,66921800
2023-09-28,167.0802102082604,169.73431545858824,165.38316183381656,168.41220092773438,56294400
2023-09-29,169.7244355134215,170.7604265076125,168.06684691168314,168.9252471923828,51861100
2023-10-02,168.93514418826848,171.97404472395215,168.64900568223578,171.43138122558594,52164500
2023-10-03,169.96124934298015,171.31297744317223,168.54047825044546,170.09938049316406,49594600
2023-10-04,168.80686354725646,171.88523853747708,168.68846972057472,171.3425750732422,53020300
2023-10-05,171.47083294671847,173.10868450108188,170.3756448658088,172.57589721679688,48527900
2023-10-06,171.48071432556827,175.61480292776608,170.8689777300858,175.12147521972656,57266700
2023-10-09,174.45052401213385,176.6606373398207,173.45400756283908,176.6014404296875,42390800
2023-10-10,175.7233217666065,177.3216985969386,175.5753144327677,176.0094451904297,43698000
2023-10-11,175.82199530812358,177.44998580714199,175.23001108089,177.40065002441406,47551100
2023-10-12,177.6670488234186,179.90674578858014,176.6507798893927,178.2985076904297,56743100
2023-10-13,178.99902980590412,179.5022186651883,175.76280113660414,176.4633331298828,51427100
2023-10-16,174.3913552582801,176.6902643223361,174.15455252434904,176.33506774902344,52517000
2023-10-17,174.29266779074965,176.03905203817294,172.467364361049,174.78599548339844,57549400
2023-10-18,173.23694427289632,175.21025492862336,172.77321506438722,173.49346923828125,54764400
2023-10-19,173.69082297603654,175.466805839834,172.85217485644313,173.1185760498047,59302900
2023-10-20,172.97056355030566,173.0790962513972,170.3361953203569,170.572998046875,64244000
2023-10-23,168.62926966195786,171.68789221712717,167.66233657820504,170.69137573242188,55980100
2023-10-24,170.74069333750268,171.3524147723922,169.16203892177992,171.12548828125,43816600
2023-10-25,169.5863166088348,170.75056262830392,168.37271975850888,168.8167266845703,57157000
2023-10-26,168.0964746462511,169.0930062294273,163.459197305812,164.6629180908203,70625300
2023-10-27,164.68264263448572,166.70528904611524,164.60370840247674,165.97515869140625,58499100
2023-10-30,166.76447575317525,168.88577853365425,166.61646843152695,168.01751708984375,51131000
2023-10-31,167.09010101577766,168.61940486913602,165.65943861592592,168.49114990234375,44846000
2023-11-01,168.71808481806195,171.9049777602895,167.84982318964867,171.64845275878906,56934900
2023-11-02,173.17774724497193,175.40758286457637,173.11855033416663,175.2003936767578,77334800
2023-11-03,171.91483559510309,174.46040823420765,171.03671292563865,174.29266357421875,79829200
2023-11-06,174.02626772873157,177.03555436857033,173.858538133294,176.83822631835938,63841300
2023-11-07,176.78892234542403,180.00542885763969,176.5817331247381,179.39370727539062,70530000
2023-11-08,179.91661457451394,181.00192645947115,179.16674685036813,180.44940185546875,49340300
2023-11-09,180.51847829944086,181.6629871195562,179.3838155582821,179.97581481933594,53763500
2023-11-10,181.75415237279827,184.32284238950194,181.31944959381738,184.15487670898438,66133400
2023-11-13,183.58184574005094,183.78930789371245,181.99123723697815,182.57412719726562,43627500
2023-11-14,185.43920547847273,185.8442707665973,184.05607409829287,185.18234252929688,60108400
2023-11-15,185.5873762590713,187.21749618530262,185.51821216432265,185.7454376220703,53790500
2023-11-16,187.28668991537342,188.65994715340477,186.37775779056014,187.4250030517578,54412900
2023-11-17,187.95848017105547,188.08691917335904,186.29872264128753,187.4052276611328,50922700
2023-11-20,187.60281994734135,189.598493753426,187.59294582194016,189.14402770996094,46505100
2023-11-21,189.10452557023848,189.21320125507725,187.45464204586924,188.3437957763672,38134500
2023-11-22,189.18354656200316,190.60618938615343,188.53149251239262,189.00570678710938,39617700
2023-11-24,188.57102324664504,188.60066069963858,186.97054048498805,187.68186950683594,24048300
2023-11-27,187.63248260157215,188.37344913120532,186.62476390027032,187.50404357910156,40552600
2023-11-28,187.49414676130317,188.77849160556613,187.11871894105684,188.10667419433594,38415400
2023-11-29,188.60063575450744,189.77630481775705,186.69388951411068,187.0890655517578,43014200
2023-11-30,187.55343368717286,188.02766309314677,185.92331344476767,187.662109375,48794400
2023-12-01,188.03749593754978,189.2526764891983,186.95073929786508,188.93653869628906,45704800
2023-12-04,187.69175492742627,187.76091903857423,185.19222907454912,187.14837646484375,43389500
2023-12-05,187.91895861640964,192.0584780958342,187.88930609245244,191.0902862548828,66628400
2023-12-06,192.1079050949125,192.41416882595195,189.79609331061306,190.00357055664062,41089700
2023-12-07,191.29776300970337,192.6512567588297,191.25823636118906,191.9300537109375,47477700
2023-12-08,191.86091528323507,193.629363703371,191.33730018286,193.3527374267578,53406400
2023-12-11,190.7840614125706,191.1594892758114,189.1144144313186,190.85321044921875,60943700
2023-12-12,190.75438957156285,192.3746354774224,189.41076991243543,192.36476135253906,52696900
2023-12-13,192.74019585543422,195.6151493963814,192.50309623143957,195.5756378173828,70404200
2023-12-14,195.6349188149913,197.21563829918102,193.79732129680679,195.7238311767578,66831600
2023-12-15,195.1507962246044,196.01031245444227,194.62718115642724,195.19032287597656,128538400
2023-12-18,193.72816667410518,194.26167102083278,192.0486455445977,193.53057861328125,55751900
2023-12-19,193.79731295132126,194.5777909959987,193.53056080250687,194.5679168701172,40714100
2023-12-20,194.5283816611859,195.2989855460905,192.4833221435547,192.4833221435547,52242800
2023-12-21,193.73802319308166,194.70621508029078,191.16933361068988,192.33511352539062,46482500
2023-12-22,192.82909873139974,193.0563392932213,190.64572606781581,191.2681427001953,37149600
2023-12-26,191.27801448490152,191.55464074590694,190.5074106042434,190.72476196289062,28919300
2023-12-27,190.17150836602553,191.16933772508392,188.78836199381533,190.82354736328125,48087700
2023-12-28,191.80163510638113,192.31537606668746,190.84331729052167,191.24838256835938,34049900
2023-12-29,191.56449222902597,192.05846979029215,189.4206314221306,190.21099853515625,42672100
2024-01-02,184.89581391743906,186.17028459685415,181.6750853181039,183.4040069580078,82488700
2024-01-03,182.0011090098209,183.64111826756874,181.22061595613366,182.03074645996094,58414500
2024-01-04,179.95604798314233,180.88472835710988,178.70135563320858,179.7189483642578,71983600
2024-01-05,179.79799818956093,180.5587129492039,177.99991223040004,178.99774169921875,62379700
2024-01-08,179.89676064456035,183.36449308108033,179.3138706884217,183.32496643066406,59144500
2024-01-09,181.70474272826013,182.9199235647891,180.52907347198328,182.91004943847656,42841800
2024-01-10,182.12956878813148,184.15486512874935,181.7047401626592,183.94740295410156,46792900
2024-01-11,184.29316874581366,184.7970355796361,181.4083411771675,183.3546142578125,49128400
2024-01-12,183.81896194364214,184.49077939116623,182.95944565085554,183.68064880371094,40477800
2024-01-16,179.9659175831278,182.04061439740983,178.75072186869164,181.418212890625,65603000
2024-01-17,179.08663943068214,180.72663357001974,178.12832170152117,180.47964477539062,47317400
2024-01-18,183.84861706451355,186.86188405437403,183.59175408710038,186.3580322265625,78005800
2024-01-19,187.04957995238564,189.63801803091337,186.5457281731689,189.25271606445312,68903000
2024-01-22,189.98378136946042,192.97728431537942,189.94425472083472,191.55462646484375,60133900
2024-01-23,192.67099443811222,193.39219739001055,191.49532553878637,192.8290557861328,42355600
2024-01-24,193.06621990928542,194.01466361551059,191.99922639290756,192.1573028564453,53631300
2024-01-25,192.86860899256396,193.9059649333701,190.78402298627717,191.8312530517578,54822100
2024-01-26,191.93004847085402,192.41413683944202,189.6281111952244,190.10232543945312,44594000
2024-01-29,189.69728055859,189.88499446653958,187.29655655692048,189.420654296875,47145600
2024-01-30,188.64019550498801,189.48983770252025,185.21198926058483,185.77511596679688,55859400
2024-01-31,184.78712556686926,184.84641553917146,182.129538862794,182.17892456054688,55467800
2024-02-01,181.77390231724044,184.69824158324056,181.6059517240919,184.6093292236328,64885400
2024-02-02,177.6936383802958,185.07366557426653,177.0909850527091,183.6114959716797,102551700
2024-02-05,185.88375846902116,186.97051518171523,183.60158444736317,185.41941833496094,69668800
2024-02-06,184.60929974417922,187.02978684421677,184.5203873987695,187.01991271972656,43490800
2024-02-07,188.3437817688575,188.74884702540382,186.33823388644547,187.12860107421875,53439000
2024-02-08,187.1088621926835,187.25704946443747,185.0934399218184,186.0517578125,40962000
2024-02-09,186.61557552858977,187.94113632063826,185.97259122428568,186.8134307861328,45155200
2024-02-12,186.38806813077576,186.63537211912902,184.7756412965565,185.1317596435547,41781900
2024-02-13,183.76664838776776,184.2019058140478,181.53101071537256,183.0445098876953,56529500
2024-02-14,183.32148884677065,183.52921572281525,180.4725423642709,182.16409301757812,54630500
2024-02-15,181.57058851615943,182.50045391335385,179.39431647047905,181.8772430419922,65434500
2024-02-16,181.44196326564102,182.85654973235168,179.7108355866275,180.34393310546875,49752500
2024-02-20,179.82953567385852,180.4626331892475,178.05884601330092,179.60202026367188,53665600
2024-02-21,179.97797489770463,180.91772714904744,178.71177953067104,180.3538818359375,41371400
2024-02-22,181.50135795637885,182.96540858894926,180.4923684458442,182.3817596435547,52292200
2024-02-23,183.0148347964746,183.04451006700117,180.2648157032703,180.55169677734375,45119700
2024-02-26,180.27471486922383,180.78909628027105,178.7018500832812,179.20635986328125,40867400
2024-02-27,179.1470080612827,181.93658908973126,177.62360710096542,180.66050720214844,54318900
2024-02-28,180.54180381169616,181.145226165725,178.18748003378263,179.46356201171875,48953900
2024-02-29,179.31520837083468,180.60119233185614,177.5939669066146,178.80081176757812,136682600
2024-03-01,177.61373507516265,178.58316252471684,175.46713817545924,177.72254943847656,73563100
2024-03-04,174.25038035125658,174.99229230011673,171.9158301484072,173.2117156982422,81510100
2024-03-05,168.91849794898403,170.1846930657021,167.7907924514621,168.285400390625,95132400
2024-03-06,169.2152850514215,169.39335177885377,166.8609461620447,167.29620361328125,68587700
2024-03-07,167.32586658446218,168.88882954707424,166.67299554984157,167.177490234375,71765100
2024-03-08,167.17750030588184,171.82681238429842,167.11814976227143,168.8888397216797,76267000
2024-03-11,171.07499261235472,172.49946586057737,170.1945911039721,170.8870391845703,60139500
2024-03-12,171.28272310113206,172.15323790323208,169.16580172767317,171.3618621826172,59825400
2024-03-13,170.90681338658084,171.32228220007605,168.91848002185432,169.2845001220703,52488700
2024-03-14,171.04532782778392,172.43022407386235,170.19460153541087,171.1343536376953,72913500
2024-03-15,169.3240932528417,170.75845336914062,168.45357838204507,170.75845336914062,121752700
2024-03-18,173.67664359575858,175.79356502758816,171.64874797271588,171.84658813476562,75604200
2024-03-19,172.45988088096897,174.70540499850514,171.1640105835326,174.18112182617188,55215200
2024-03-20,173.82499582678088,176.74317932128906,173.2017850632652,176.74317932128906,53423100
2024-03-21,175.14064960882752,175.5759069490651,168.99761322817335,169.5218963623047,106181300
2024-03-22,169.90773784358905,171.18383495977668,168.22607363158104,170.42213439941406,71160100
2024-03-25,168.73057383883838,170.085794876263,167.6226416976105,169.00755310058594,54288300
2024-03-26,168.16673357540358,169.57141859748938,167.7512646331731,167.87986755371094,57388400
2024-03-27,168.5722893771007,171.72789059246503,168.27552158079686,171.44100952148438,60273300
2024-03-28,169.89782982249778,170.37264922530974,168.67119667981044,169.6307373046875,65672700
2024-04-01,169.3438746978549,169.40322523760474,167.65230884379906,168.19638061523438,46240500
2024-04-02,167.25662806803024,167.51381877100314,166.41578850586058,167.0192108154297,49329500
2024-04-03,166.969723660667,168.83934086761522,166.76199680113655,167.82044982910156,47691700
2024-04-04,168.4535689105981,170.06599565718972,166.9994354248047,166.9994354248047,53704400
2024-04-05,167.7611226870966,168.5524984345705,167.12802510796487,167.75123596191406,42104800
2024-04-08,167.20715459942008,167.37531948329715,166.425680716199,166.63340759277344,37425500
2024-04-09,166.88071513080217,168.2458378687617,166.53449863101693,167.8402557373047,42373800
2024-04-10,166.97966188332379,167.26652787853376,165.30788444762385,165.9706573486328,49709300
2024-04-11,166.52458559261675,173.56781241373886,166.34653399230652,173.15232849121094,91070300
2024-04-12,172.38077455594663,176.43656618963917,172.33132583138607,174.64608764648438,101670900
2024-04-15,173.46890241983837,174.72521085075485,170.63974431610336,170.82769775390625,73531800
2024-04-16,169.89781183493915,171.88613013777277,166.45534511410173,167.55337524414062,73711200
2024-04-17,167.78093187309736,168.8097099054139,166.18829345703125,166.18829345703125,50901200
2024-04-18,166.21794611620325,166.8213684176903,164.75391081370103,165.23861694335938,43122900
2024-04-19,164.41758473594675,164.60552308162337,162.31054999578998,163.2206268310547,68149400
2024-04-22,163.73501821268977,165.45624419964858,162.99310629576294,164.0515594482422,48116400
2024-04-23,163.56685559955991,165.24851961582092,163.14148491226467,165.10012817382812,49537800
2024-04-24,164.74401450706145,167.47426013692973,164.41758653276062,167.19728088378906,48251800
2024-04-25,167.7017887376114,168.7701438382538,166.33666581552853,168.0579071044922,50558300
2024-04-26,168.04800546826704,169.49225225997063,167.35554224826544,167.47425842285156,44838400
2024-04-29,171.50033388681905,174.13165146794697,171.23325649572146,171.62893676757812,68169400
2024-04-30,171.46079655206535,173.10289859543835,168.1667057400835,168.49314880371094,65934800
2024-05-01,167.75123767315736,170.84748833564953,167.28630498280754,167.47425842285156,50383100
2024-05-02,170.649650682897,171.54984088638673,169.04712555589578,171.16404724121094,94214900
2024-05-03,184.6371141692426,184.98334572031666,180.6901529770176,181.4023895263672,163224100
2024-05-06,180.38349419120223,182.21353423301102,178.4742999855442,179.75039672851562,78569700
2024-05-07,181.47164781905605,182.9060078076493,179.36462828599997,180.43296813964844,77305800
2024-05-08,180.87813197889614,181.09576068278213,179.4932206728727,180.76931762695312,45057100
2024-05-09,180.59124108896245,182.6686003878229,180.14609698041687,182.57957458496094,48983000
2024-05-10,183.15410154420678,183.34230991411323,180.4102677646858,181.3215789794922,50759500
2024-05-13,183.68900761377958,185.3333368917867,182.87674310968822,184.5210723876953,72044800
2024-05-14,185.7394637127145,186.52201273815805,184.53098214319476,185.66021728515625,52393600
2024-05-15,186.13568203158255,188.849800179078,185.6007724639543,187.9285888671875,70400000
2024-05-16,188.67151097089564,189.29556710780693,187.86916171755817,188.04745483398438,52845200
2024-05-17,187.72056236134898,189.0082902438942,187.3936765447615,188.07716369628906,41282900
2024-05-20,187.54225437261144,190.10779468490833,187.2252687157197,189.23609924316406,44361300
2024-05-21,189.28565540299905,190.91016932460286,189.11726241831752,190.5337677001953,42309400
2024-05-22,190.45451683728567,190.99932654838926,188.47340160760692,189.09744262695312,34648500
2024-05-23,189.1767103485156,189.19652573516206,184.86779330766728,185.1154327392578,51005900
2024-05-24,187.0370913918068,188.7804673088457,186.26444256610336,188.18612670898438,36327000
2024-05-28,189.70169698060212,191.17763337385156,187.31446444482384,188.19606018066406,52280100
2024-05-29,187.81962268312432,190.4346940804733,187.72056087959155,188.49319458007812,53068000
2024-05-30,188.9587398744387,190.3653296854816,188.82997767974624,189.48373413085938,49889100
2024-05-31,189.6323735603605,190.7517086279001,188.11682144814546,190.43472290039062,75158300
2024-06-03,191.07857147290113,193.14884852262287,190.7021698304424,192.19790649414062,50080500
2024-06-04,192.80211709386347,193.47570407411885,191.207318865485,192.51486206054688,47471400
2024-06-05,193.5549597642067,195.04079624688396,193.02996541617088,194.02052307128906,54156800
2024-06-06,193.8422122853953,194.64456149457678,192.3365605546928,192.6436309814453,41181800
2024-06-07,192.81202934049514,195.08041469163098,192.30685040959915,195.0308837890625,53103900
2024-06-10,195.04080033594326,195.43703247512377,190.33565137548777,191.29649353027344,97010200
2024-06-11,191.82145841561143,205.20390023400174,191.80165814772772,205.19398498535156,172373300
2024-06-12,205.4119153142898,218.12077055688877,204.94635205432962,211.05810546875,198134300
2024-06-13,212.71235034689784,214.70336573665497,209.60200000148347,212.21707153320312,97862700
2024-06-14,211.8307711431916,213.13829945342002,209.30484597389386,210.48361206054688,70122700
2024-06-17,211.35528688913016,216.88260054537645,210.71143044440285,214.62413024902344,93728300
2024-06-18,215.53544497511416,216.56563344094587,210.9887887879192,212.2666015625,79943300
2024-06-20,211.90997342693947,212.21705896960654,206.87795427864972,207.70010375976562,86172500
2024-06-21,208.40341856791886,209.88925500861833,205.1543907600995,205.5308074951172,241805100
2024-06-24,205.75865018980198,210.69162338847192,204.63931513285507,206.1746826171875,80727000
2024-06-25,207.1751328027417,209.3840873125504,206.64023830581658,207.0959014892578,55549700
2024-06-26,209.5029135164035,212.8311873569971,208.65103345259956,211.23638916015625,66213200
2024-06-27,212.66282504623206,213.70291360533915,210.34492376459474,212.07839965820312,49772700
2024-06-28,213.73263728250333,214.02980761283354,208.3142855019514,208.63125610351562,82542700
2024-07-01,210.0873668962765,215.4561875080808,209.91897391071575,214.703369140625,60402900
2024-07-02,214.109001990837,218.29907118476316,213.06892868617263,218.1901092529297,58046200
2024-07-03,217.92268618597842,219.4580535888672,216.9618440422543,219.4580535888672,37369800
2024-07-05,219.5571168673913,224.311797038918,219.5571168673913,224.2028350830078,60412400
2024-07-08,224.945750993976,225.69858454124022,221.14201294311235,225.6688690185547,59085900
2024-07-09,225.77778797195694,227.23390886254342,224.23252052432466,226.5207061767578,48076100
2024-07-10,227.1348758928893,230.87918266211804,227.08534498663496,230.78012084960938,62627700
2024-07-11,229.2051258414663,230.19568345608255,223.63819688403007,225.42120361328125,64710600
2024-07-12,226.75846058686048,230.44333633793113,226.52072130415218,228.3631591796875,53046500
2024-07-15,234.24706826366577,234.9899864993383,230.88907844301437,232.18670654296875,62631300
2024-07-16,232.781045805997,234.03905824310993,230.1362587163494,232.60275268554688,43234300
2024-07-17,227.28343626123907,229.27446669281912,224.49997184852458,226.7188262939453,57345900
2024-07-18,228.10560948409145,228.26410233218343,220.17124832102243,222.06320190429688,66034600
2024-07-19,222.6971648700337,224.65846466815103,221.17169771561296,222.1919708251953,49151500
2024-07-22,224.86646431913928,225.6291978658938,220.98348053112068,221.84527587890625,48201800
2024-07-23,222.25138924131514,224.7971293607533,220.57734458918785,222.88534545898438,39960300
2024-07-24,221.88490694575157,222.67735606492835,215.0797809310421,216.47645568847656,61777600
2024-07-25,216.86277641061952,218.76466037633443,212.59347540961954,215.43638610839844,51391200
2024-07-26,216.6349653026102,217.41751434744816,213.97036267942912,215.90196228027344,41601300
2024-07-29,214.91139345300462,217.22929471632008,213.71281205128278,216.17930603027344,36311800
2024-07-30,217.1203409396055,218.24957609355639,214.07932159795172,216.73402404785156,41643800
2024-07-31,219.34909118598728,221.70662325926872,218.54674189777583,219.98304748535156,50036300
2024-08-01,222.2514024343897,222.36036437427163,214.97081319041698,216.29815673828125,62501000
2024-08-02,217.08069402896655,223.46980270062375,215.65430376795194,217.78399658203125,105568600
2024-08-05,197.21012147966275,211.4840610296135,194.14930192882554,207.29400634765625,119548600
2024-08-06,203.36150053141452,208.00721860156926,199.17144565753833,205.2732696533203,69660500
2024-08-07,204.94639470682978,211.62275945732517,204.4412156900116,207.83883666992188,63516400
2024-08-08,211.0977593959716,212.1774636990054,206.85817350164743,211.29586791992188,47161100
2024-08-09,210.09728825409005,214.7330909034816,209.96851092003678,214.1981964111328,42201600
2024-08-12,214.27755355785243,217.68900361003634,213.81145133020567,215.72543334960938,38028100
2024-08-13,217.19311098226797,220.04922365215182,217.19311098226797,219.4343719482422,44155300
2024-08-14,218.7401920302427,221.1797757696837,217.87739912826086,219.88064575195312,41960600
2024-08-15,222.7367590108339,223.48053712623224,220.9120118672479,222.8557586669922,46414000
2024-08-16,222.06239369045758,224.94825642777528,221.79462933024135,224.1747283935547,44340200
2024-08-19,223.84747960195193,224.115243980586,221.18970440160442,224.0160675048828,40687800
2024-08-20,223.8970689622142,225.28544883578485,223.57971634413767,224.63092041015625,30299000
2024-08-21,224.64081959285892,226.08869912173634,223.1830133382552,224.5218048095703,34765500
2024-08-22,225.90030886909642,226.44574924370923,222.04257986640772,222.6673583984375,43695300
2024-08-23,223.78797197411373,226.32673228874265,222.46900358067504,224.9581756591797,38677300
2024-08-26,224.87883517993083,225.39452559231563,222.0326490158817,225.29534912109375,30602200
2024-08-27,224.1251624880706,226.95152567852384,223.02437015551794,226.13832092285156,35934600
2024-08-28,226.02921369079436,227.95312221094204,223.80779089178384,224.611083984375,38052200
2024-08-29,228.191123238114,230.98772097763546,226.98124300552124,227.88368225097656,51906300
2024-08-30,228.28038060324323,228.4886300006117,225.59285569982603,227.10025024414062,52990800
2024-09-03,226.65401607692846,227.1002799762046,219.33523365285652,220.92196655273438,50190600
2024-09-04,219.82116129878526,219.94016096302124,215.67582978550038,219.01788330078125,43840200
2024-09-05,219.79142381839864,223.60947620664672,219.68233574260833,220.5352020263672,36615400
2024-09-06,222.09215251756703,223.37145940933704,217.94683622588397,218.98812866210938,48423000
2024-09-09,218.98812757352732,219.4343914347755,214.91222272734436,219.07737731933594,67180000
2024-09-10,217.1038662465979,219.6426263973432,214.93203178151688,218.28399658203125,51591000
2024-09-11,219.6228241682371,221.2392917639212,216.08243282408242,220.8128662109375,44587100
2024-09-12,220.65420216028613,221.6954946800681,217.99644195502805,220.92196655273438,37455600
2024-09-13,221.72523244234597,222.18140791181287,220.06908820245332,220.65419006347656,36766600
2024-09-16,214.7436126542421,215.41797935337752,212.14535259122513,214.52545166015625,59357400
2024-09-17,213.96019610771708,215.10064996456288,212.72056577105593,214.99156188964844,45519300
2024-09-18,215.7452565018275,220.86245391858552,215.7353297749969,218.8592071533203,59894900
2024-09-19,223.12354184254357,227.91347512552952,222.76652771175563,226.97134399414062,66781300
2024-09-20,228.0622053540531,231.1563174701668,225.73169454082358,226.306884765625,318679900
2024-09-23,225.4540253555904,227.54652178723228,223.9367191660146,224.59124755859375,54146000
2024-09-24,226.75316007712865,227.44736512534206,223.85738561877668,225.48377990722656,43556100
2024-09-25,223.06400902085235,225.40443143928672,222.16156973744518,224.4920654296875,42308700
2024-09-26,225.4143769570366,226.60441901953834,223.54005654723983,225.63255310058594,36636700
2024-09-27,226.56473891662026,227.61594290444046,225.41435845997736,225.90028381347656,34026000
2024-09-30,228.13162655878588,231.06707763671875,227.74486252768645,231.06707763671875,54541900
2024-10-01,227.615942887257,227.74485413807125,221.88389405688537,224.33340454101562,63285000
2024-10-02,224.01605029183685,225.48376819979168,221.16986421787885,224.89866638183594,32880600
2024-10-03,223.27226484855484,224.92840891217833,221.4673712198949,223.79786682128906,34044200
2024-10-04,226.00938361911108,226.10856009308668,222.27066963907552,224.91851806640625,37245100
2024-10-07,222.63759275105315,223.81772316941647,219.49389225502094,219.8509063720703,39505400
2024-10-08,222.43925780658088,224.10531361949606,221.3979653574062,223.89706420898438,31855700
2024-10-09,223.36151510273743,227.84402197002447,222.96483950692257,227.63575744628906,33591100
2024-10-10,225.8903660776275,227.59609839600836,225.2854259515482,227.13990783691406,28183500
2024-10-11,227.39779019694814,227.5068782710055,225.45404318616428,225.6623077392578,31759200
2024-10-14,226.80274288926017,229.8076053434174,226.70358155060512,229.3811798095703,39882100
2024-10-15,231.67201972311165,235.51983687729248,230.44230106244424,231.9100341796875,64751400
2024-10-16,229.67869350471682,230.19436878170097,227.93328446814013,229.85719299316406,34082200
2024-10-17,231.49350124327563,231.91003031839952,228.60765355789445,230.22412109375,32993800
2024-10-18,234.2206797118992,234.2206797118992,232.0686835146529,233.05047607421875,46431500
2024-10-21,232.5050454306036,234.88514457730523,232.5050454306036,234.51820373535156,36254500
2024-10-22,231.94970749678197,234.2603802258017,230.67041566655348,233.9033660888672,38846600
2024-10-23,232.13812257917175,233.18932661738793,225.87054472777703,228.8456573486328,52287000
2024-10-24,228.0721096303277,228.9051525928802,226.5151420282862,228.6572265625,31109500
2024-10-25,227.83412074973037,231.28524701350278,227.665532857223,229.49026489257812,38802300
2024-10-28,231.38443735420992,232.78272881287972,230.62082086290692,231.46376037597656,36087100
2024-10-29,231.1662428522856,232.38603471678388,230.39271482775456,231.73150634765625,35417200
2024-10-30,230.68030356750913,231.53316974412917,227.64569128136466,228.19113159179688,47070900
2024-10-31,227.43742665071557,227.92336713292326,223.5003599556127,224.035888671875,64370100
2024-11-01,219.13688241025088,223.4805517303345,218.44269248362247,221.060791015625,65276700
2024-11-04,219.1567312107691,220.94178678396568,217.88735096075072,220.1682586669922,44944500
2024-11-05,219.9599923572388,222.09215031274817,219.3054639601429,221.59629821777344,28111300
2024-11-06,220.76325691115125,224.19455985797964,219.3550388628842,220.87234497070312,54561100
2024-11-07,222.7665321945981,225.9895710313294,222.70703236030374,225.59288024902344,42137700
2024-11-08,225.53329235935942,227.01256271730918,224.77877343219782,225.32481384277344,38328800
2024-11-11,223.3789433198207,224.07389700260043,219.90415975706793,222.61448669433594,42005600
2024-11-12,222.93218846295187,223.96468891324545,221.75075962779928,222.61448669433594,40398300
2024-11-13,222.39605879884869,225.01703765642938,221.15506473467502,223.49806213378906,48566200
2024-11-14,223.398802697962,227.22105551450989,223.3789425502784,226.57574462890625,44923900
2024-11-15,224.7688747998327,225.28513265479356,222.65423087742178,223.37896728515625,47923700
2024-11-18,223.62713486361545,228.08479108540536,223.54770942404784,226.37718200683594,44633700
2024-11-19,225.34466282087314,228.50175961033486,225.02697621656037,226.6352996826172,36211800
2024-11-20,226.4168677573381,228.2733899080337,224.2625040209905,227.35009765625,35169600
2024-11-21,227.230987838277,228.50176458087773,224.0838286281757,226.8735809326172,42108300
2024-11-22,226.4168797117104,229.05771868234922,226.4168797117104,228.21383666992188,38168300
2024-11-25,229.79240040372403,231.5694972757357,228.08479132337303,231.19223022460938,90152800
2024-11-26,231.64890834638587,233.8727750720934,231.64890834638587,233.36643981933594,45986200
2024-11-27,232.78070364946953,233.99191506726265,232.12545514826604,233.2373809814453,33498400
2024-11-29,233.11826871739834,236.09665470361549,232.28432427698263,235.6201171875,28481400
2024-12-02,235.56052304560976,239.05515126765505,235.45131496686756,237.86380004882812,48137100
2024-12-03,238.08222901174219,241.01097200063165,237.17878168890522,240.90176391601562,38861000
2024-12-04,241.12019505186365,242.35126670496282,239.5118714775545,241.25918579101562,44383900
2024-12-05,242.2321233137982,242.77814859306412,240.38552350615552,241.28895568847656,40033900
2024-12-06,241.15989600483465,242.86750503393802,240.33587413565135,241.09039306640625,36870600
2024-12-09,240.08767817050534,245.45870413211114,240.0082527322972,244.97222900390625,44649200
2024-12-10,245.11121388943334,246.4217108653419,243.57237825215392,245.98487854003906,36914800
2024-12-11,246.17353693536344,248.99307203962232,244.48577275361333,244.71412658691406,45205800
2024-12-12,245.11122473397327,246.9479020514793,243.9099357862414,246.17352294921875,32777500
2024-12-13,246.0345210589055,247.49391610940148,244.46590277835176,246.34228515625,33155300
2024-12-16,246.20327957624434,249.56885459541954,245.86571770543418,249.23129272460938,51694800
2024-12-17,248.2782345553336,252.0012166921119,247.98039295462073,251.6537322998047,51356400
2024-12-18,250.34325221557475,252.44797328398425,245.95509905753715,246.2628631591797,56774100
2024-12-19,245.71681628677703,250.18439476471843,245.30976661195103,247.9903106689453,60882300
2024-12-20,246.2529371403228,253.16279902630112,243.919877297432,252.65647888183594,147495300
2024-12-23,252.9344343151273,253.8080837794399,251.6239373953799,253.4308319091797,40858800
2024-12-24,253.64927033575188,256.34965954757746,253.45069916161225,256.3397521972656,23234700
2024-12-26,256.3297410473814,258.2259831151553,255.7737782764601,257.15374755859375,27237100
2024-12-27,255.97238682838486,256.836144148833,251.2367643772991,253.74853515625,42355300
2024-12-30,250.4127477342041,251.67360197393796,248.9434149702759,250.38296508789062,35557500
2024-12-31,250.62123433005314,251.45517870098834,247.63291094425557,248.61578369140625,39480700
2025-01-02,247.1365264348607,247.3053149666319,240.07776640397734,242.0931396484375,55740700
2025-01-03,241.60665893554688,242.42074318433572,240.14724866814672,241.60665893554688,40244100
2025-01-06,242.5498168429892,245.54806288478193,241.4478134561986,243.23484802246094,45045600
2025-01-07,241.22939201717418,243.78088314896328,239.61114601786818,240.46495056152344,40856000
2025-01-08,240.17702168463396,241.95413364050106,238.32049944087447,240.95140075683594,37628900
2025-01-10,238.28080700459313,238.42973539672147,231.3213170399406,235.14358520507812,61710900
2025-01-13,231.84748509521594,232.9792711307645,228.06493742769467,232.71121215820312,49630700
2025-01-14,233.05868390458076,234.41880854341963,230.7951119565212,231.59927368164062,39435300
2025-01-15,232.94946471611047,237.2383472440859,232.74097105897866,236.15618896484375,39832000
2025-01-16,235.63995285298606,236.29518618874627,226.38709407905125,226.6154327392578,71759100
2025-01-17,230.44762501944012,230.61639839146835,226.83385097126646,228.3230438232422,68488300
2025-01-21,222.38613659782595,222.8031087860845,217.79942737812888,221.0359344482422,98070400
2025-01-22,218.20644519467228,222.50525012711904,218.20644519467228,222.21734619140625,64126500
2025-01-23,223.1208199792776,225.394314538592,220.69839703644928,222.04859924316406,60234800
2025-01-24,223.16053267311034,224.00441476166836,219.8148172645265,221.17494201660156,54697900
2025-01-27,222.4059977899183,230.47741293083342,222.36627749626697,228.20391845703125,94863400
2025-01-28,229.1867797612423,238.4594833656038,229.14705946957608,236.5433807373047,75707600
2025-01-29,232.43321505583046,238.1318651456976,232.3240069742682,237.63546752929688,45486100
2025-01-30,236.95044029141235,239.05516137192973,235.50096771104396,235.8782196044922,55658300
2025-01-31,245.40906406001392,245.40906406001392,231.75812916176676,234.2996826171875,100959800
2025-02-03,228.33299411580026,230.15973381299622,224.0738938399255,226.36724853515625,73063300
2025-02-04,225.61275471542785,231.45039651675455,225.01707141571288,231.12277221679688,45067300
2025-02-05,226.8835194075747,230.9936915376493,226.62539807097704,230.79513549804688,39620300
2025-02-06,229.62361584180033,232.11554171369926,228.7698112868805,231.5397186279297,29925300
2025-02-07,230.92419948813392,232.31410688860944,225.622660920367,225.99000549316406,39707200
2025-02-10,228.16660736242451,229.1803610121675,225.81108525741098,226.25833129882812,33115600
2025-02-11,226.8049892187756,233.79201296403912,226.7354250213283,231.19796752929688,53718400
2025-02-12,229.78661520122571,235.51141262786788,229.26978984120754,235.4219512939453,45243300
2025-02-13,235.4617298072221,240.85852795215618,234.1299251101732,240.05348205566406,53614100
2025-02-14,239.77517912233392,244.04889519264196,239.51677402617887,243.10470581054688,40896200
2025-02-18,242.65747382373942,243.6811760890431,240.3615975750387,242.97552490234375,48822500
2025-02-19,243.16435439309654,244.50609250836237,241.6735241546838,243.37306213378906,32204200
2025-02-20,243.4426355672204,245.27138364211797,242.7966000469895,244.3271942138672,32316900
2025-02-21,244.44645306890683,247.1697083342209,243.72091995824803,244.0489044189453,53197400
2025-02-24,243.43269920852308,247.33868242018207,242.92582237394555,245.58944702148438,51326400
2025-02-25,246.48393846255715,248.47171215983582,243.41283173998391,245.52980041503906,48013300
2025-02-26,242.83637220684057,243.48239258336395,237.66816369812489,238.89064025878906,44433600
2025-02-27,237.94643641845556,240.97779411500133,235.61079643123784,235.84933471679688,41153600
2025-02-28,235.5014815283524,240.61005923211764,228.7927454203557,240.36158752441406,56833400
2025-03-03,240.31188380351972,242.5381957053339,234.66661403302143,236.5748748779297,47184000
2025-03-04,236.25683384188991,238.60240725621293,233.24534293735957,234.48770141601562,53798100
2025-03-05,233.98083809185871,235.1039350742086,227.82867612475383,234.29888916015625,47227600
2025-03-06,233.00684447444675,236.4059358119138,231.73467047090975,233.8914031982422,45170400
2025-03-07,233.67273718007357,239.89446338205195,233.32487071745646,237.60853576660156,46273600
2025-03-10,234.10009611136832,234.71631625547707,222.84930513729455,226.08937072753906,72071200
2025-03-11,222.4418047589131,224.4593937721428,216.1206840338927,219.48995971679688,76137400
2025-03-12,218.7942505386503,220.39440897367027,213.5962265598192,215.653564453125,62547500
2025-03-13,214.6298526174969,215.5144112677834,207.14588618522245,208.39817810058594,61368300
2025-03-14,209.95857893569573,212.64207016591416,208.29878985935505,212.1848907470703,60107600
2025-03-17,212.00600336087763,213.9043309003415,208.68642489319868,212.69178771972656,48073400
2025-03-18,212.85080057479257,213.83473880015984,210.19712464056028,211.38978576660156,42432400
2025-03-19,212.91044076829724,217.4226803637017,212.443312738742,213.92420959472656,54385400
2025-03-20,212.6818400591608,216.16044383082547,210.9226561911479,212.79116821289062,48862900
2025-03-21,210.26669685360034,217.5021918152461,209.9884097524224,216.93568420410156,94127800
2025-03-24,219.64898417718916,220.1260455978378,217.24377992596973,219.38063049316406,44299500
2025-03-25,219.4204082670252,222.73005335992565,218.73462390108503,222.38218688964844,34493600
2025-03-26,222.1436424317859,223.64442126802376,219.12223310716143,220.17575073242188,34466100
2025-03-27,220.03661426059983,223.61461307047793,219.21168633594712,222.48158264160156,37094800
2025-03-28,220.31488968867507,222.44180687800483,216.34927581514728,216.56793212890625,39818600
2025-03-31,215.6833538383521,224.24071919109113,214.90812340211858,220.77206420898438,65299300
2025-04-01,218.46626491168394,222.31260214779184,217.5618242432653,221.8256072998047,36412700
2025-04-02,219.96705040499884,223.81338775742097,219.66888130946384,222.52133178710938,35905900
2025-04-03,204.2835010267849,206.22159255986557,200.01973301812973,201.9478759765625,103419000
2025-04-04,192.70471987275084,198.65810753704542,186.19475800144227,187.22840881347656,125910900
2025-04-07,176.11674047268428,192.96311894309866,173.55251067175698,180.3507080078125,160466300
2025-04-08,185.55866963100107,189.17641711488596,168.175598539417,171.365966796875,120859500
2025-04-09,170.89882177160354,199.383619356675,170.8391909937331,197.63438415527344,184395900
2025-04-10,187.9141974958541,193.5892830219747,181.88129692496375,189.2559356689453,121880000
2025-04-11,184.96233608452022,198.32016168749274,184.92257212057936,196.93865966796875,87435900
2025-04-14,210.14745189040866,211.63828226401768,199.93029560984905,201.281982421875,101352900
2025-04-15,200.6259945192588,202.26590170954893,198.57859009217825,200.90428161621094,51343900
2025-04-16,197.1473753495745,199.4730666932086,191.19398828729797,193.08238220214844,59732400
2025-04-17,195.99450473227984,197.61454532387216,193.2315002072461,195.77584838867188,52164700
2025-04-21,192.0885304389909,192.6152892965427,188.64967500212322,191.9792022705078,46742500
2025-04-22,194.92108593270402,200.3576482646354,194.77200897005906,198.5189666748047,52976400
2025-04-23,204.7406939661261,206.72846769395255,201.56025903470575,203.34925842285156,52929200
2025-04-24,203.63746952607698,207.55338601533765,201.69939326414854,207.09619140625,47311000
2025-04-25,205.10842646651815,208.46776890662989,204.9394675201618,208.00064086914062,38222300
2025-04-28,208.71621839949725,210.2070485309222,206.19175271644127,208.85536193847656,38743100
2025-04-29,207.41426966255176,210.9425713620398,207.0962185596575,209.9188690185547,36827600
2025-04-30,208.02050829648644,212.2743425468257,205.40658118436113,211.20094299316406,52286500
2025-05-01,207.80187477964563,213.2483707428857,207.62296725165953,212.01596069335938,57365700
2025-05-02,204.83013207172814,205.72463931330321,200.92416412992952,204.09466552734375,101010600
2025-05-05,201.85843431656065,202.8523212109494,196.99832800962005,197.67416381835938,69018500
2025-05-06,196.9983091053983,199.42338015596502,195.81558138809015,197.2964630126953,51216500
2025-05-07,197.95242524507105,198.22077891807172,192.0686174137577,195.05027770996094,68536700
2025-05-08,196.51130456752412,198.82706269335065,193.48988012199126,196.28271484375,50478900
2025-05-09,197.78348851905432,199.3140676367793,196.33240700583877,197.3163604736328,36453900
2025-05-12,209.95526516858178,210.2538252478288,205.75556156059073,209.776123046875,63775800
2025-05-13,209.4178625594749,212.3735786127325,207.99474788922345,211.9058380126953,51909300
2025-05-14,211.40822571910564,212.9109724892217,209.56713314477625,211.3087158203125,49325800
2025-05-15,209.9353730316401,211.93571508448807,208.53215118256114,210.43296813964844,45029500
2025-05-16,211.33858120774948,211.54757782116647,208.7610423595207,210.24386596679688,54737900
2025-05-19,206.909976827966,208.4724173847277,203.27752386063855,207.77578735351562,46140500
2025-05-20,206.67113760639387,207.46729276724128,204.04383620537516,205.8650360107422,42496600
2025-05-21,204.1831685508297,206.04416933851562,199.74462882701684,201.11798095703125,59211800
2025-05-22,199.7446272097534,201.77480849030061,198.7394754118135,200.39149475097656,46742400
2025-05-23,192.73846975457602,196.74908474491085,192.52948833207407,194.33078002929688,78432900
2025-05-27,197.34622283817185,199.77448939448533,196.4803970243206,199.24703979492188,56288500
2025-05-28,199.6251894151235,201.75489573800118,198.9385057789635,199.4560089111328,45339700
2025-05-29,202.60081106845576,202.8297005493605,197.55518975609246,198.98826599121094,51396800
2025-05-30,198.4110493394953,200.98860329086406,195.83351057352263,199.88394165039062,70819900
2025-06-02,199.31669015009302,201.15779807678393,199.15745607510846,200.7298583984375,35423300
2025-06-03,200.38154929416936,202.78990771325485,199.99342573046133,202.2923126220703,46381600
2025-06-04,201.93404589483336,205.24803106286797,201.12794426741362,201.844482421875,43604000
2025-06-05,202.52119947175674,203.76518718349973,199.18730633012683,199.66500854492188,55126100
2025-06-06,202.0236053289331,204.7106157617459,201.07817770068002,202.93917846679688,46607700
2025-06-09,203.4069099948636,205.0091667110405,199.05793398755327,200.48104858398438,72862600
2025-06-10,199.63513956616538,203.36710243054736,199.60528507808198,201.69517517089844,54672600
2025-06-11,202.5211970741936,203.51638723180633,197.45568281643992,197.8238983154297,60989900
2025-06-12,198.12247961063645,198.7195846578917,196.41075114145443,198.2418975830078,43904600
2025-06-13,198.769334334526,199.40625545491926,194.7587190445596,195.50511169433594,51447300
2025-06-16,196.3510290449251,197.73434281232372,195.61458283187793,197.46563720703125,43020700
2025-06-17,196.2515147499311,197.43579358003367,194.27109586617135,194.6990203857422,38856200
2025-06-18,194.9975546383106,196.6197193940347,194.13174409281177,195.6344757080078,45394700
2025-06-20,197.28649906078425,200.72984844555882,195.9131318065836,200.03321838378906,96813500
2025-06-23,200.6601870689569,201.32696262150702,198.00303129313016,200.5308074951172,55814300
2025-06-24,201.61555699715424,202.4614746491071,199.23705328583006,199.33657836914062,54064000
2025-06-25,200.48105886821313,202.690382284235,199.65504919597097,200.5905303955078,39525700
2025-06-26,200.4611428555203,201.66532960796235,198.50063224789568,200.03321838378906,50799100
2025-06-27,200.91895566349635,202.24256049649406,199.03804672932017,200.11285400390625,73188600
2025-06-30,201.03834688076608,206.39247448465787,198.30157410241034,204.1831512451172,91912800
2025-07-01,205.6759415551798,209.17901505124104,205.1484920031366,206.82041931152344,78788900
2025-07-02,207.90517762155153,212.3138626915596,207.13887695509675,211.41819763183594,67941800
2025-07-03,211.12958235725722,213.61755770997246,210.7912213537831,212.52285766601562,34955800
2025-07-07,211.65703516300363,215.18996325511674,207.79570768244494,208.94017028808594,50229000
2025-07-08,209.08945658408672,210.41304612040562,207.4473837253886,208.9998779296875,42848900
2025-07-09,208.52219391164948,210.31353924447487,206.22330706177223,210.12445068359375,48749400
2025-07-10,209.49745072772552,212.453166373689,209.01976375844308,211.38832092285156,44443600
2025-07-11,209.55718962168862,211.1096837700706,208.85059795908091,210.14434814453125,39765800
2025-07-14,208.92025854176603,209.89555581124029,206.54175471753558,207.61656188964844,38840100
2025-07-15,208.21368905566166,210.87084499335577,207.9151289669034,208.10421752929688,42296300
2025-07-16,209.28849593835915,211.37838618562168,207.63647661047767,209.149169921875,47490500
2025-07-17,209.55721484346458,210.78129457926272,208.5819174807461,209.00985717773438,48068100
2025-07-18,209.85575432940058,210.77132749863404,208.6913836081342,210.1642608642578,48974600
2025-07-21,211.07983063398711,214.74212298846783,210.61209006251647,211.45799255371094,51377400
2025-07-22,212.11484021935428,213.91613206526756,211.20921348603295,213.3687744140625,46404100
2025-07-23,213.9658669821171,214.1151394198069,211.38832832203676,213.1199493408203,46989300
2025-07-24,212.87116805528336,214.65256693634578,212.50295255730364,212.73184204101562,46022600
2025-07-25,213.6673206036272,214.2047317845148,212.37357038101962,212.8512725830078,40268800
2025-07-28,213.00055398053098,213.81661722083774,212.03521828670327,213.0204620361328,37858000
2025-07-29,213.14983725799084,213.77681196541135,209.80601264614248,210.25384521484375,51411700
2025-07-30,210.88079278566187,211.36844143995228,206.72090512781878,208.0445098876953,45512500
2025-07-31,207.48719786288635,208.83069544134486,206.16359315375274,206.57162475585938,80698400
2025-08-01,209.8557561748323,212.5527283441607,200.530828701964,201.40660095214844,104434500
2025-08-04,203.52634207300898,206.88014336875773,200.70995198839026,202.37193298339844,75109300
2025-08-05,202.42165671427045,204.35232790405936,201.18763073057525,201.9439697265625,44155100
2025-08-06,204.6409599471833,214.3440641251077,204.60114383647723,212.22430419921875,108483100
2025-08-07,217.82723230897543,219.78775818606874,215.53829184895108,218.97169494628906,90224800
2025-08-08,219.76784743364436,229.88892965735022,218.19544514014734,228.2468719482422,113854000
2025-08-11,227.08116933177635,228.71513292468896,223.9327956372812,226.34388732910156,61806100
2025-08-12,227.17081559543826,229.95055565919736,226.23428798669784,228.80477905273438,55626200
2025-08-13,230.21959074533873,234.13511970527446,229.5819315694875,232.4712677001953,69878500
2025-08-14,233.1985820425246,234.2546784716922,230.00040438081015,231.9232940673828,51916300
2025-08-15,233.1387895567921,233.417757832359,228.49593650929467,230.73765563964844,56038700
2025-08-18,230.8472385776313,232.26201052585682,229.26309412883964,230.04022216796875,37476200
2025-08-19,230.42880766374827,232.0129522601839,228.50591803460907,229.71145629882812,39402600
2025-08-20,229.13358225147155,229.6217843388592,224.93908515924198,225.17819213867188,42263900
2025-08-21,225.43723377620466,225.6863136691638,222.95639256938466,224.072265625,30621200
2025-08-22,225.33760837029214,228.2468598588307,224.58041092619504,226.9217529296875,42477800
2025-08-25,225.6464693442017,228.45609804536198,225.3973894325087,226.323974609375,30983100
2025-08-26,226.03501179732243,228.64537936019502,223.8630424721864,228.46603393554688,54575100
2025-08-27,227.7686378094015,230.05020313892598,227.41991984776428,229.6417236328125,31259500
2025-08-28,229.9704999102399,232.55096405412047,228.4959359400532,231.70408630371094,38074700
2025-08-29,231.65426265633033,232.52107103838586,230.51845893056873,231.28562927246094,39418400
2025-09-02,228.4062708029861,230.00038826150748,226.1346633063032,228.87454223632812,44075600
2025-09-03,236.33698891571112,237.9709525201245,233.49747185558658,237.59234619140625,66427800
2025-09-04,237.57241502764154,239.01707546456905,235.86871695735925,238.89752197265625,47549400
2025-09-05,239.1167027112504,240.43185187342493,237.61226559630578,238.80784606933594,54870400
2025-09-08,238.41928864081726,239.2661511981365,235.47017586985078,237.0045166015625,48999500
2025-09-09,236.12772846479334,237.90117601089239,232.5011259859287,233.48748779296875,66313900
2025-09-10,231.33547301291114,231.56462228661692,225.11843262708078,225.95533752441406,83440800
2025-09-11,226.04500979013486,229.60186307827533,225.81584532196928,229.18341064453125,50208600
2025-09-12,228.37638560886936,233.6469097348115,228.17712472443904,233.2085418701172,55824200
2025-09-15,236.1277410783948,237.31336381412066,234.16499028444412,235.82884216308594,42699500
2025-09-16,236.3070977333125,240.33223781067687,235.4502773909715,237.27352905273438,63421100
2025-09-17,238.09049720761,239.21634322602875,236.85505542454314,238.1104278564453,46508000
2025-09-18,239.08682096339746,240.31228984200703,235.77903252032195,237.0045166015625,44249600
2025-09-19,240.34217704154452,245.3935247988757,239.32594197772087,244.59646606445312,163741300
2025-09-22,247.38616206443075,255.69547916115815,247.2068166293636,255.13751220703125,105517400
2025-09-23,254.93825156077958,256.3928695916873,252.64671355307894,253.4935760498047,60275200
2025-09-24,254.2807025242173,254.79879299943292,250.11607847800005,251.38140869140625,42303700
2025-09-25,252.27808820484515,256.22352044118514,250.7836088309123,255.9246063232422,55202100
2025-09-26,253.16481067495934,256.6519291955366,252.84598111295833,254.51980590820312,46076300
2025-09-29,253.62310245626918,254.06148549110597,252.07880411177766,253.4935760498047,40127700
2025-09-30,253.92202035086734,254.97811672142575,252.17846100632588,253.69287109375,37704300
2025-10-01,254.10136246357334,257.8375764362911,253.99176669154556,254.50985717773438,48713900
2025-10-02,255.63563032858355,257.22974752480764,253.21458136967644,256.1836242675781,42630200
2025-10-03,253.73271197999827,258.2858846694617,253.01536064819075,257.07037353515625,49155600
2025-10-06,257.0404883747525,258.1165305885388,254.1113214696764,255.7452850341797,44664100
2025-10-07,255.86484387966763,256.45266881763376,254.48991791397023,255.53607177734375,31955800
2025-10-08,255.5758888188916,257.56852798749276,255.16739414069707,257.1102294921875,36496900
2025-10-09,256.8611554198282,257.0504585775582,252.2083446799687,253.1050262451172,38322000
2025-10-10,254.00171816056968,255.436420799504,243.10197943699816,244.3673095703125,61999100
2025-10-13,248.46219085423505,248.7710475029622,244.6562426215344,246.74851989746094,38142900
2025-10-14,245.69241642712313,247.93413549962378,243.79940008876653,246.8581085205078,35478000
2025-10-15,248.57178982967116,250.89321639065437,246.559219921403,248.42233276367188,33893600
2025-10-16,247.33635013275978,248.1234359576197,244.22783772705108,246.53929138183594,39777000
2025-10-17,247.10719170360767,252.44746537322095,246.35995200283696,251.36146545410156,49147000
2025-10-20,254.94822099113512,263.4069798400544,254.68918336894043,261.27484130859375,90483000
2025-10-21,260.91620875530236,264.3136625920602,260.86637452698056,261.80291748046875,46695900
2025-10-22,261.68336485657886,261.882640960004,254.48993535873984,257.49884033203125,45015300
2025-10-23,258.98332466328685,259.6608147081683,257.0604350924048,258.6246337890625,32754900
2025-10-24,260.2287163700197,263.15789839957887,258.22610426270086,261.85272216796875,38253700
2025-10-27,263.90517991319996,268.12956591820625,263.67601542509226,267.8207092285156,44888200
2025-10-28,268.000036838551,268.8967489277785,267.1631319065021,268.010009765625,41534800
2025-10-29,268.28892986747474,270.4110953948544,266.1269030442272,268.7073974609375,51086700
2025-10-30,270.98897852374654,273.131090148023,267.49191714200913,270.4011535644531,69886500
2025-10-31,275.9705701844509,276.29937269597025,268.16940070155243,269.37493896484375,86167100
2025-11-03,269.424736694289,269.8531467885877,265.2700709373508,268.05975341796875,50194600
2025-11-04,267.3424445625432,270.49081837885313,266.6350661079627,269.0461730957031,49274800
2025-11-05,267.6214146886098,270.7000692568828,265.94760492323326,269.14581298828125,43683100
2025-11-06,266.90407480138714,272.3937751745226,266.90407480138714,268.7771301269531,51204000
2025-11-07,268.8069946610708,271.28785094446636,265.78814772800683,267.4819030761719,48227400
2025-11-10,268.22988302493957,272.9869540449525,266.7339548671466,268.6986083984375,41312400
2025-11-11,269.07757258136417,275.16101963639426,269.0675899882029,274.5028076171875,46208300
2025-11-12,274.25347600982695,274.9815052844664,270.9624464716027,272.7276306152344,48398000
2025-11-13,273.36590026791555,275.9488963676571,271.3513946141157,272.2090759277344,49602800
2025-11-14,270.31417782757546,275.21085247368256,268.8681323529343,271.6705017089844,47431300
2025-11-17,268.09027174019775,269.7557213346742,265.00866346949266,266.73394775390625,45018300
2025-11-18,269.25711627506445,269.9751630894399,264.59980979362433,266.71405029296875,45677300
2025-11-19,264.80918960656476,271.47104873805114,264.77927226211665,267.8309631347656,40424500
2025-11-20,270.09480618650156,274.68232536305425,265.1981613886433,265.5272521972656,45823600
2025-11-21,265.2280517805383,272.5879921198442,264.9488130991126,270.75299072265625,59030800
2025-11-24,270.164627965921,276.24807542504453,270.164627965921,275.1710205078125,65585800
2025-11-25,274.52277261748515,279.6189174225992,274.50283786370125,276.2181701660156,46914200
2025-11-26,276.2081750495132,278.7712060098946,275.8790842359358,276.79656982421875,33431400
2025-11-28,276.50736791500816,278.242634823177,275.2407959413455,278.0930480957031,20135600
2025-12-01,277.2553332443013,282.65065109438723,275.3904143522869,282.3315124511719,46587700
2025-12-02,282.231773534172,286.619823290159,281.86278279875575,285.4131164550781,53669500
2025-12-03,285.4231155973949,287.8365294074879,282.5309633672564,283.378662109375,43538700
2025-12-04,283.3287830094401,283.95707766942763,277.83373081751637,279.9380187988281,43989100
2025-12-05,279.77848663840757,280.37686403379615,277.29522501275557,278.02325439453125,47265800
2025-12-08,277.374989388386,278.9108174051644,275.4003533668138,277.1356506347656,38211800
2025-12-09,277.40493251311347,279.2698514894354,276.16830825817004,276.4275817871094,32193300
2025-12-10,276.99605153243056,278.9906225605669,275.6896099437804,278.02325439453125,33038300
2025-12-11,278.34237127554803,278.8310314000742,273.0667227973629,277.2752685546875,33248000
2025-12-12,277.1456542987284,278.46207855775873,276.06859927253834,277.5246276855469,39532900
2025-12-15,279.3894873363706,279.3894873363706,272.0993337942639,273.3658752441406,50409100
2025-12-16,272.07941349564567,274.752131096348,271.0522107383373,273.8645324707031,37648600
2025-12-17,274.2634587890498,275.41033087528734,270.9026119684932,271.10205078125,50138700
2025-12-18,272.8672697170699,272.88723490520505,266.22537510199504,271.4511413574219,51630700
2025-12-19,271.4112306527045,273.8545921928022,269.1673383776201,272.9271240234375,144632000
2025-12-22,272.1192896847017,273.13654030849926,269.7756932559407,270.23443603515625,36571800
2025-12-23,270.1048034873943,271.7603010837797,268.8282792538215,271.62066650390625,29642000
2025-12-24,271.60070067851706,274.6823088952694,271.46109654935304,273.06671142578125,17910600
2025-12-26,273.4157529954652,274.6224597374741,272.11926379011726,272.6578063964844,21521800
2025-12-29,271.9497734782625,273.61522314661676,271.6107000753325,273.0168762207031,23715200
2025-12-30,272.06942798009953,273.3359694836473,271.54086793463244,272.33868408203125,22139600
2025-12-31,272.3187639976345,272.9370761103812,271.0123224859311,271.12200927734375,27293600
2026-01-02,271.52092924369913,277.0857683126949,268.2697691424855,270.2743225097656,37838100
2026-01-05,269.9053450243044,270.7729784841199,265.41756056202854,266.5345153808594,45647200
2026-01-06,266.27521573774703,266.82371056256306,261.40845786144683,261.6477966308594,52352100
2026-01-07,262.48552563718374,262.964203143993,259.1047135716701,259.623291015625,48309800
2026-01-08,256.3222864925608,258.58614386359903,255.00587765735156,258.3368225097656,50419300
2026-01-09,258.3767027680543,259.5036402038468,255.52448097015204,258.6659240722656,39997000
2026-01-12,258.45648066308013,260.5906555331263,256.1028713590674,259.54351806640625,45263800
2026-01-13,258.0176775418968,261.0992857475004,257.6885867541948,260.3413391113281,45730800
2026-01-14,258.78560808748875,261.10930037675524,256.0131555781144,259.25433349609375,40019400
2026-01-15,259.9424426175537,260.3313985459844,256.35220896361545,257.5090637207031,39388600
2026-01-16,257.1999111311508,258.1971965798445,254.23797213114116,254.8363494873047,72142800
2026-01-20,252.04394930256512,254.09835490933511,242.75922413209136,246.0303192138672,80267500
2026-01-21,248.02490552393743,250.8771427168815,244.51445623630568,246.97775268554688,54641700
2026-01-22,248.52352576906395,250.31864258405668,247.47637302553753,247.67584228515625,39708300
2026-01-23,246.6486524137701,248.7329754164565,244.01580413580567,247.36668395996094,41689000
2026-01-26,250.7973351598156,255.86354695988197,249.12190294519746,254.7166748046875,55969200
2026-01-27,258.4664593428383,261.23891141767155,257.50904348719195,257.5688781738281,49648300
2026-01-28,256.95060341967536,258.15731035497566,253.8191275531099,255.743896484375,41288000
2026-01-29,257.29964922744847,258.94516415300217,253.7193980705993,257.5788879394531,67253000
2026-01-30,254.47732177254832,261.1890484668085,251.49543285360957,258.775634765625,92443400
2026-02-02,259.3241487899344,269.7557466562268,258.50636737104884,269.2770690917969,73913400
2026-02-03,268.4692659190308,271.1419837262723,266.88355520832346,268.7485046386719,64394700
2026-02-04,271.55083028665655,278.19275421850585,271.55083028665655,275.7394104003906,90545700
2026-02-05,277.37501624935936,278.7412924914769,272.48832346973,275.1610412597656,52977400
2026-02-06,276.3677049075235,280.1474248180158,276.1782182606431,277.364990234375,50453400
2026-02-09,277.41494619870406,277.70443813431814,271.2160169672847,274.13079833984375,44623400
2026-02-10,274.40031021957236,274.87943562430115,272.4537718732244,273.19244384765625,34376900
2026-02-11,274.2106536370846,279.6808719096702,273.9610989943363,275.00921630859375,51931300
2026-02-12,275.0990585104662,275.22883180172755,259.71650632997444,261.2637634277344,81077200
2026-02-13,261.5432690161623,261.7628783299504,254.9949421084194,255.32435607910156,56290700
2026-02-17,257.5903108294174,265.8156532326085,255.08478749757862,263.4099426269531,58469100
2026-02-18,263.13045584681157,266.3447212846438,261.9825104325609,263.8791198730469,34203300
2026-02-19,262.13220471573277,264.00886051677537,259.5867290635135,260.11578369140625,30845300
2026-02-20,258.50868117461044,264.2783836675007,257.7001265171608,264.1086730957031,42070500
2026-02-23,263.0206001676805,268.95002088588865,262.91081074777924,265.705810546875,37308200
2026-02-24,267.38283777638213,274.4003442568012,267.233111068832,271.6552429199219,47014600
2026-02-25,271.29586819299504,274.45024283739696,270.567157599074,273.74151611328125,33714300
2026-02-26,274.4602128097023,275.61811956353745,270.31758130113775,272.4637756347656,32345100
2026-02-27,272.3240439665745,272.3240439665745,262.4217314181026,263.70941162109375,72366500
2026-03-02,261.94253069595567,266.05518620599753,259.73647625260065,264.2484130859375,41827900
2026-03-03,263.0106738027697,265.08695529305965,259.6666350681776,263.2801818847656,38568900
2026-03-04,264.17854815272653,265.67587606267574,260.95432154975975,262.0523376464844,39803100
2026-03-05,260.3254337562426,261.09405110124777,256.79173142961054,259.8263244628906,49658600
2026-03-06,258.16927189629365,258.3090066542827,253.916851068475,257.0013427734375,41120000
2026-03-09,255.2345148744848,260.68477987096253,253.22808575123491,259.41705322265625,38218500
2026-03-10,257.19102845716964,262.01244158439727,256.4922936817907,260.3653564453125,30590800
2026-03-11,260.624897946549,261.6630538494394,259.08763272962494,260.34539794921875,26218900
2026-03-12,258.1992408199258,258.48873275942157,253.7272102811576,255.3043975830078,40794000
2026-03-13,255.024890934378,255.87336762960538,249.07551643845036,249.6744384765625,36930000
2026-03-16,251.66090222791988,253.43773019062647,249.4348789230203,252.36964416503906,32074200
2026-03-17,252.5093881906664,254.67552076289968,251.7307636559193,253.77711486816406,32361600
2026-03-18,252.1799767808244,254.48585937367065,248.55643828829037,249.49476623535156,35757900
2026-03-19,248.95572868612365,251.38140795985734,246.85947863088072,248.5165252685547,34864100
2026-03-20,247.53824109812177,248.75606899357115,245.56177255944445,247.54823303222656,88331100
2026-03-23,253.51758537106093,254.14646797882926,249.83415620831627,251.04200744628906,40546100
2026-03-24,249.90403139868116,254.37604644028636,249.10545347620703,251.1917266845703,45152300
2026-03-25,253.6473574345128,254.5457480998694,251.15181088451408,252.16998291015625,28476700
2026-03-26,251.67088153367666,256.5421934269488,250.32329549316128,252.43951416015625,41796700
2026-03-27,253.4477020992108,255.03488128462607,247.6281009352486,248.35679626464844,47900000
2026-03-30,249.62453299565456,250.4230956915925,245.07264337813007,246.19065856933594,39446200
2026-03-31,247.4683905467953,255.02489784868362,246.65983587287727,253.33790588378906,49598100
2026-04-01,253.6273948962928,255.72364490973627,252.8787309132899,255.1746368408203,40059400
2026-04-02,253.74717405681358,255.6737439434535,250.20349485503914,255.464111328125,31289400
2026-04-06,256.0530752925303,261.6930045642991,256.0031460821725,258.39886474609375,29329900
2026-04-07,255.70368128016966,255.7436185540334,245.2623079794448,253.0484161376953,62148000
2026-04-08,257.9896321241455,259.28730423338584,256.07303883918246,258.4388122558594,41032800
2026-04-09,258.5386343954405,260.6548530924392,255.61386101634736,260.0259704589844,28121600
2026-04-10,259.5168819122501,261.7229364827484,258.5585701252562,260.0159912109375,31291500
2026-04-13,259.2673359057164,259.71651601158027,256.2027973984465,258.73828125,36234700
2026-04-14,258.7881922504944,261.4634109961452,256.7318642110386,258.3689270019531,48370700
2026-04-15,257.7001261657452,266.08515659729386,257.35074355126085,265.95538330078125,49913500
2026-04-16,266.3247234477873,266.68409800240715,260.80457553569033,262.9307861328125,43323100
2026-04-17,266.4844323486072,271.8149160854778,266.24486962975914,269.7486267089844,61436200
2026-04-20,269.84841238867654,273.7913879220191,269.80850557942483,272.5635681152344,36590200
2026-04-21,271.0163536236942,272.3140256362382,264.9272139873882,265.69586181640625,50209800
2026-04-22,267.3429346055621,273.2523721409737,266.39461467279705,272.68341064453125,43249200
2026-04-23,274.56001085217736,275.2787294551341,271.1660737405759,272.9429016113281,33399600
2026-04-24,272.2741016414235,272.5735550213531,269.16962610782736,270.5771179199219,38157100
2026-04-27,265.6159889280984,267.88193422863776,264.59781690250213,267.1332702636719,41466800
2026-04-28,271.8548539018017,272.7432830913257,268.181416710472,270.2277526855469,40018900
2026-04-29,267.07336249706583,270.55716597281076,266.56429174844374,269.688720703125,30047900
2026-04-30,270.018146234023,275.50834883767226,267.6623648300734,270.86663818359375,91848200
2026-05-01,278.3632420760759,286.70836594964845,277.8741246788477,279.6409912109375,79915400
2026-05-04,279.16179801165765,280.13007120517506,274.3703307853319,276.3368225097656,46668400
2026-05-05,276.43668191704,284.0630869835518,276.00745521106614,283.67376708984375,49311700
2026-05-06,281.4178249779708,287.5169265187869,280.5693330033821,286.99786376953125,58336100
2026-05-07,288.75470528792926,291.6096265406606,285.2709318587503,286.927978515625,45224300
2026-05-08,289.49338424193445,294.2349225642168,289.48339230776435,292.7974853515625,52692800
2026-05-11,291.72841688276577,293.6267735875138,289.979924827367,292.42779541015625,42247300
2026-05-12,292.3078994315659,295.0155556946294,292.3078994315659,294.54595947265625,45748100
2026-05-13,293.24708951115105,300.6607090744109,293.24708951115105,298.6124572753906,52684300
2026-05-14,299.5616620172475,300.1911240450107,295.12548538387824,297.9530334472656,35324900
2026-05-15,297.643304079477,302.93875555297063,296.26448829773227,299.9713134765625,54862800
2026-05-18,299.98126929450746,300.4009207908792,294.6558756451712,297.5833435058594,34483000
2026-05-19,296.7140952726279,300.2510533099592,296.09463441963413,298.7123718261719,42243600
2026-05-20,297.9230626302997,302.5390768782648,297.82314269813475,301.98956298828125,38229800
2026-05-21,300.80056674721834,305.27671719779084,300.1411318265125,304.7271728515625,42965100
2026-05-22,305.85620846339293,311.13165741506583,305.57645096183757,308.55389404296875,43670200
2026-05-26,309.29325163060713,311.5513139598484,307.4048960873393,308.0643005371094,48000500
2026-05-27,308.0643052358437,312.9900803339556,308.0343323058515,310.5821533203125,50430900
2026-05-28,310.412282475935,312.5304508120942,309.30325358892543,312.24072265625,48220400
2026-05-29,311.5113496628706,314.7285763294451,309.2632884033746,311.7911071777344,70026800
2026-06-01,309.363197507879,310.67206624496237,304.7571540774977,306.0460510253906,48849900
2026-06-02,307.1950545511415,315.1781903378333,306.42572903356995,314.92840576171875,44534700
2026-06-03,313.9092501546009,316.6668815001487,308.5838566628498,309.9926452636719,50836700
2026-06-04,312.96009909963743,313.26982953176514,309.38316692864953,310.9618225097656,44869100
2026-06-05,312.5903972939029,314.8984348439246,306.8853260765596,307.0751647949219,65310500
2026-06-08,308.4739595974908,317.1265012321255,300.9105055796523,301.2801818847656,77949100
2026-06-09,300.0212482417878,300.4908444635933,287.5320194610898,290.29962158203125,70108800
2026-06-10,290.4894628291428,294.4960172141002,287.1323727394638,291.3287353515625,52793300
2026-06-11,293.4668864344149,296.7440586571729,289.3404406054596,295.375244140625,42572500
2026-06-12,295.7749221682621,296.88398158337014,289.3704417369658,290.879150390625,38742100
2026-06-15,293.8665449684006,297.5233947188816,291.4486474146935,296.1645812988281,45732600
2026-06-16,294.99559499590845,300.2210994929347,293.71669913987887,298.9821472167969,39874400
2026-06-17,300.59074812548096,301.8096980081642,294.10632015937927,295.6949768066406,42745100
2026-06-18,297.8530937792582,300.31099586682666,295.3652492546472,297.7532043457031,85962200
2026-06-22,297.05381866220307,302.1594314563154,296.5043047694293,296.75408935546875,44879900
2026-06-23,297.2836155142734,301.3800886038737,293.9264950024863,294.04638671875,52010900
2026-06-24,295.1054570720635,299.4417438827621,292.68755959702736,292.8274230957031,53081900
2026-06-25,287.1523472601469,288.55113481081804,273.5141152813601,274.91290283203125,107013700
2026-06-26,274.7630284991681,285.70360492137456,273.9737007161028,283.53546142578125,261775500
2026-06-29,286.4829438934296,288.12151489662153,279.6088673150861,281.4972229003906,66427000
2026-06-30,280.9277417485351,289.69017405322865,280.45814550695326,289.11065673828125,65100200
2026-07-01,293.1871503157195,296.33442991747245,288.95081360688545,294.1263427734375,50164200
2026-07-02,293.866538367699,309.15337194761725,293.4269150966668,308.3640441894531,75352800
2026-07-06,307.0951430290638,313.9292760509671,306.7354678654279,312.3905944824219,53590000
2026-07-07,315.0183186077797,315.20815732134815,309.88273318392555,310.3923034667969,42490000
2026-07-08,311.6412289475945,314.5487250421545,306.7854009831778,313.1199645996094,41323500
2026-07-09,310.24243869469103,316.2572401947346,307.8944576262147,315.947509765625,48124500
2026-07-10,314.4488202226986,316.6369356310425,311.9010296470402,315.0483093261719,34132300
2026-07-13,316.7468014245228,323.171283634363,315.5078797345754,317.03656005859375,43257800
2026-07-14,313.48965629761443,315.91755515351207,311.64124426456783,314.58868408203125,36336800
2026-07-15,317.34631234952286,328.44675508114506,317.0465830462295,327.2178039550781,60957600
2026-07-16,327.72736328456057,334.3915986652446,326.50841333986017,332.97283935546875,62970600
2026-07-17,331.693929977533,334.7013154010385,328.71648699084636,333.452392578125,63407100
2026-07-20,333.2226134619852,333.4224228207836,323.4010672140761,326.3085632324219,53468000
2026-07-21,322.85156758462244,329.3159936819017,321.94234806189104,327.45758056640625,41338900
2026-07-22,327.58746619388995,328.7164973399543,323.0613709608057,325.60919189453125,38755900
2026-07-23,321.4527900194849,323.0214140443725,319.0748358849152,321.3828430175781,40840800
2026-07-24,321.5127284115298,334.0818750563203,321.3428614810286,332.7330322265625,47489400
2026-07-27,334.2517370375488,339.277401491225,333.73216560461384,336.61968994140625,49604300
2026-07-28,339.73698155301014,342.59453283396704,335.31080637618777,339.78692626953125,51859000
2026-07-29,339.43727163464206,344.2730974331505,337.0593175600121,337.8985900878906,56090800
2026-07-30,332.8129674612056,334.4615395264105,329.30598233808786,333.1426696777344,74817800
2026-07-31,304.54735603914753,310.4222943774597,299.7415030462749,308.6438293457031,132489100
2026-08-03,309.313234694189,311.5313230344714,302.29929450581176,303.1585693359375,75052000
2026-08-04,302.46913991298527,310.1525156602479,301.0603512911937,309.1134033203125,68001000
2026-08-05,309.09342362565195,311.4414048335362,305.40663118634393,310.7320251464844,49438800
2026-08-06,314.06913775686996,316.0174696892129,308.96355554648414,312.14080810546875,46139900
2026-08-07,311.1816431226555,314.53873325457766,310.47223295908327,313.05999755859375,34437200
2026-08-10,306.8299865722656,308.260009765625,304.6099853515625,308.260009765625,44812500
2026-08-11,307.75,309.9700012207031,302.7900085449219,304.9100036621094,37476700
2026-08-12,305.1000061035156,305.6600036621094,300.57000732421875,302.25,41657800
2026-08-13,304.2099914550781,306.0,302.04998779296875,305.260009765625,40349300
2026-08-14,306.0,307.489990234375,304.29998779296875,305.92999267578125,28229400
2026-08-17,306.2099914550781,307.6600036621094,302.94000244140625,305.5899963378906,38169300
2026-08-18,307.5799865722656,311.489990234375,305.739990234375,310.0299987792969,53424500
2026-08-19,310.1400146484375,319.2799987792969,309.6000061035156,316.8299865722656,50505600
2026-08-20,317.4599914550781,320.2799987792969,310.6499938964844,311.29998779296875,40959200
2026-08-21,312.04998779296875,312.3800048828125,307.010009765625,309.3500061035156,46876800
2026-08-24,311.4700012207031,313.3599853515625,309.9700012207031,310.3399963378906,34673600
2026-08-25,310.7900085449219,313.5899963378906,308.2099914550781,309.8999938964844,25869800
2026-08-26,310.29998779296875,315.42999267578125,308.79998779296875,313.45001220703125,34024500
2026-08-27,310.54998779296875,315.3999938964844,309.3999938964844,314.5799865722656,32419200
2026-08-28,316.8500061035156,322.3699951171875,315.45001220703125,319.70001220703125,38649400
2026-08-31,319.6000061035156,321.239990234375,312.79998779296875,316.8500061035156,41242700
2026-09-01,316.9800109863281,327.29998779296875,314.7300109863281,325.1300048828125,53167400
2026-09-02,326.8699951171875,328.3999938964844,323.5299987792969,324.9599914550781,33776400
2026-09-03,324.8699951171875,330.80999755859375,324.1099853515625,328.2099914550781,37225800
2026-09-04,328.30999755859375,328.92999267578125,317.8599853515625,319.9700012207031,39606900
2026-09-08,317.1000061035156,320.70001220703125,314.8999938964844,316.2200012207031,35477100
2026-09-09,315.489990234375,319.1499938964844,309.8999938964844,315.3399963378906,65640000
2026-09-10,316.6700134277344,326.739990234375,316.510009765625,326.57000732421875,70011900
2026-09-11,327.45001220703125,336.2200012207031,326.29998779296875,332.2699890136719,50716900
2026-09-14,334.7900085449219,335.5,331.3399963378906,333.0799865722656,39269100
2026-09-15,330.1400146484375,331.7799987792969,328.3500061035156,331.3399963378906,31748200
2026-09-16,332.5299987792969,335.4800109863281,330.70001220703125,332.4100036621094,35981000
2026-09-17,334.7699890136719,338.3399963378906,330.17999267578125,337.0,36700200
2026-09-18,337.9100036621094,338.489990234375,332.5299987792969,336.1300048828125,86433100
2026-09-21,335.20001220703125,339.6400146484375,333.04998779296875,338.9800109863281,34913171
