Date,Open,High,Low,Close,Volume
1986-01-06,0.07636465811574379,0.07636465811574379,0.07465828758194021,0.07593806833028793,185046400
1986-01-07,0.07593808845640984,0.07849840819835663,0.07551149286190187,0.07849840819835663,470534400
1986-01-08,0.07849840015995121,0.08020477097126388,0.0776452147542949,0.07807181030511856,607600000
1986-01-09,0.07807177124370526,0.07849836088510362,0.07465826237016396,0.07721781730651855,447238400
1986-01-10,0.07721783138243596,0.07892497060959927,0.07721783138243596,0.0776451900601387,153238400
1986-01-13,0.07764522270533228,0.0789250037928646,0.0767912739494342,0.07849840819835663,215420800
1986-01-14,0.07849838152877248,0.08105793713824438,0.07679124785984348,0.07935156673192978,272697600
1986-01-15,0.07935158246864926,0.0819111385857231,0.07892499263046569,0.08148454874753952,423472000
1986-01-16,0.08148456963353265,0.08447071635419436,0.08148456963353265,0.08361753076314926,534777600
1986-01-17,0.08361750994750526,0.0844706953261594,0.08148454934886533,0.08191113919019699,345385600
1986-01-20,0.0819111385857231,0.0819111385857231,0.07977817800282364,0.08148454874753952,127411200
1986-01-21,0.08148454934886533,0.08233773472751947,0.08105795381154285,0.08191113919019699,151961600
1986-01-22,0.08191111720062007,0.08233771262342021,0.07636464761758752,0.07977815717458725,143001600
1986-01-23,0.07977818928588895,0.08020477918440534,0.07764522270533228,0.07849840819835663,156419200
1986-01-24,0.07849836088510362,0.07977814120127501,0.07721781730651855,0.07721781730651855,111977600
1986-01-27,0.07721784853529808,0.07764520730793256,0.07508488807370879,0.07551147788763046,389580800
1986-01-28,0.07551147284884199,0.07636465811574379,0.07508488306338615,0.07593806833028793,222297600
1986-01-29,0.0759380608915981,0.08319090106046093,0.07508487570827206,0.08063134551048279,589568000
1986-01-30,0.08020477918440534,0.08020477918440534,0.07807181829984025,0.07849840819835663,236880000
1986-01-31,0.07849840307435227,0.07935158851168471,0.07807181320368166,0.0789249986410141,147705600
1986-02-03,0.07892499263046569,0.0819111385857231,0.07807180725810775,0.08148454874753952,350022400
1986-02-04,0.08148453139647671,0.0831909017778434,0.08105793595314026,0.08105793595314026,260176000
1986-02-05,0.08105793595314026,0.08148453139647671,0.08020475076245691,0.08105793595314026,197164800
1986-02-06,0.08105792679173739,0.08276429698024514,0.08063133709260491,0.08233770728111267,134220800
1986-02-07,0.08233773472751947,0.08233773472751947,0.0802047684328887,0.08191113919019699,129404800
1986-02-10,0.0819111385857231,0.08361750933043899,0.08105795321336516,0.08148454874753952,111843200
1986-02-11,0.08148454874753952,0.0819111385857231,0.08020476784100722,0.08148454874753952,153462400
1986-02-12,0.08148454934886533,0.08191113919019699,0.08105795381154285,0.08191113919019699,133056000
1986-02-13,0.0819111385857231,0.0819111385857231,0.08105795321336516,0.08148454874753952,109379200
1986-02-14,0.08148453139647671,0.08233771658716006,0.08105793595314026,0.08105793595314026,137513600
1986-02-18,0.08105795321336516,0.0819111385857231,0.07935158246864926,0.08148454874753952,148108800
1986-02-19,0.08148451795360694,0.08703021793015465,0.08148451795360694,0.08532384783029556,359676800
1986-02-20,0.0853238782462358,0.08660365342934533,0.08489728272120553,0.08575046807527542,137916800
1986-02-21,0.08575045560436291,0.08788342152733018,0.08575045560436291,0.0861770510673523,189078400
1986-02-24,0.08617706446447301,0.08788343518972397,0.08532387910184752,0.08788343518972397,247116800
1986-02-25,0.08788343280400046,0.0900171622633934,0.08575046660734387,0.0900171622633934,224739200
1986-02-26,0.0900171148165257,0.09129688930317448,0.08873657137155533,0.08873657137155533,164729600
1986-02-27,0.08873661059422036,0.08916320037966531,0.08703024006046035,0.0874568298459053,108124800
1986-02-28,0.08745680760712511,0.08830999265705465,0.08489725245733648,0.08532384783029556,125126400
1986-03-03,0.08532385706370456,0.08575044678683885,0.08361748677918884,0.08404407650232315,108819200
1986-03-04,0.08404407650232315,0.08532385706370456,0.08361748677918884,0.08404407650232315,89107200
1986-03-05,0.08404408514438501,0.08703023629734125,0.08276431014739652,0.0861770510673523,177027200
1986-03-06,0.08617701467027838,0.08788338440956682,0.08575041938746256,0.08660360425710678,101337600
1986-03-07,0.08660362682697041,0.08660362682697041,0.08447066694498062,0.08447066694498062,96185600
1986-03-10,0.08447067192144671,0.084897261644581,0.08404407650232315,0.08404407650232315,75488000
1986-03-11,0.08404410179098129,0.08489728718996048,0.08361751193948719,0.08489728718996048,103062400
1986-03-12,0.08489725664298302,0.08575044173497672,0.08447066694498062,0.08447066694498062,85680000
1986-03-13,0.08447066694498062,0.08532385203697432,0.08319089215498454,0.08447066694498062,115964800
1986-03-14,0.08447068301634816,0.08959055780493119,0.08447068301634816,0.08916319906711578,384854400
1986-03-17,0.08873657137155533,0.08873657137155533,0.08660360629915728,0.08873657137155533,118720000
1986-03-18,0.08873658069342864,0.09300326885279138,0.08830998535573971,0.0917234942317009,249356800
1986-03-19,0.09172351090400961,0.09300328575772093,0.09001714063506837,0.09044373035430908,189884800
1986-03-20,0.09556284686443589,0.10110855341746379,0.09556284686443589,0.09641602635383606,904131200
1986-03-21,0.09641599813341264,0.09812236800474715,0.09385644902239876,0.09428304433822632,260377600
1986-03-24,0.09428306961355899,0.09428306961355899,0.09001714379161661,0.09129691869020462,294313600
1986-03-25,0.09129692607801945,0.09513626247644424,0.09129692607801945,0.09513626247644424,281075200
1986-03-26,0.0951362571197358,0.0981223967246155,0.0951362571197358,0.09641602635383606,222140800
1986-03-27,0.09641602635383606,0.09897558760599474,0.09641602635383606,0.09641602635383606,219004800
1986-03-31,0.09641602635383606,0.09726921723521531,0.09556284686443589,0.09641602635383606,187801600
1986-04-01,0.09641599966040372,0.09641599966040372,0.0921500806104937,0.09300326555967331,222723200
1986-04-02,0.09300326555967331,0.09342986088225709,0.08959052576295493,0.09300326555967331,325292800
1986-04-03,0.0930032922198525,0.0942830728584758,0.0917235172772188,0.09215010702610016,211075200
1986-04-04,0.0921501038545931,0.0921501038545931,0.09087032895600508,0.09129691869020462,125955200
1986-04-07,0.09129689566131412,0.0938564505088529,0.08959052576295493,0.09300326555967331,120131200
1986-04-08,0.0930032640867315,0.094709633958066,0.0930032640867315,0.09428304433822632,193222400
1986-04-09,0.09428306776406169,0.09470965748989306,0.0917235123211056,0.09257669746875763,135318400
1986-04-10,0.09257667593307749,0.09342986088225709,0.0917234909838979,0.09300326555967331,109984000
1986-04-11,0.0930032922198525,0.09385647741360484,0.09215010702610016,0.09215010702610016,75667200
1986-04-14,0.09215008387340166,0.09300326885279138,0.09129689889401196,0.0917234942317009,84963200
1986-04-15,0.09172349350760266,0.09385645309124449,0.09172349350760266,0.09342986345291138,131398400
1986-04-16,0.09342988674895637,0.09726921723521531,0.09342988674895637,0.09641602635383606,210828800
1986-04-17,0.09641605178595793,0.09940220926647923,0.09556287207151047,0.09897561371326447,270099200
1986-04-18,0.09897560623298664,0.10196251535858411,0.0981224151910387,0.10153593122959137,247676800
1986-04-21,0.10196247615415793,0.10494863226082174,0.10196247615415793,0.10366884618997574,273548800
1986-04-22,0.10366883186767953,0.10665498756179305,0.10110851960121074,0.10196246206760406,327868800
1986-04-23,0.10196250127069305,0.10366887172684297,0.10025536755190644,0.10110855847597122,261475200
1986-04-24,0.10110853203145236,0.10750817998285485,0.1006819366809942,0.1070815846323967,458371200
1986-04-25,0.10708163861167061,0.11134757148273233,0.10708163861167061,0.11006778478622437,261072000
1986-04-28,0.11006776110462492,0.11177413160751944,0.10836139060173039,0.10921458154916763,145532800
1986-04-29,0.10921456624107272,0.11006774567694382,0.09172351062338073,0.10665501654148102,132697600
1986-04-30,0.10665504948288045,0.10793482472794672,0.10324230790138245,0.10324230790138245,137782400
1986-05-01,0.10324230790138245,0.10324230790138245,0.10153593711063345,0.10324230790138245,257936000
1986-05-02,0.10324224996147618,0.10580179901518098,0.10281565465520022,0.10409542918205261,93587200
1986-05-05,0.104095472337623,0.11092095449982319,0.104095472337623,0.1096411794424057,149340800
1986-05-06,0.11006779168916828,0.11348130829810893,0.11006779168916828,0.11134757846593857,218534400
1986-05-07,0.1113475565698923,0.11220073619464838,0.10665504015378167,0.10750821977853775,198800000
1986-05-08,0.10750815881584516,0.11305386310399129,0.10750815881584516,0.11262726783752441,233363200
1986-05-09,0.11262734256179908,0.11476107218010027,0.11177415146280309,0.11390788108110428,222499200
1986-05-12,0.11390781083125222,0.12499921992595339,0.11348122693682137,0.12414602935314178,400422400
1986-05-13,0.12414603252511046,0.1245726278224159,0.12030669763331196,0.12286625802516937,471766400
1986-05-14,0.12286633115268313,0.12755961130280305,0.12286633115268313,0.12585324048995972,482988800
1986-05-15,0.12585316558469894,0.12627976088200438,0.1215864835252283,0.12286625802516937,222544000
1986-05-16,0.12286625802516937,0.12371943722780501,0.11988011372798177,0.12286625802516937,319244800
1986-05-19,0.12286624617251969,0.12457261580515631,0.12115987653988308,0.12158647179603577,209507200
1986-05-20,0.12158648899428953,0.12158648899428953,0.11689397468878221,0.12073329836130142,245795200
1986-05-21,0.12073328867110553,0.12713294699132124,0.11945351421631534,0.12627975642681122,346729600
1986-05-22,0.12627981471246943,0.1279861852371063,0.12201311944221986,0.12542663514614105,220505600
1986-05-23,0.12542657725427606,0.12670635170906625,0.12414602814519596,0.12627975642681122,139843200
1986-05-27,0.12627983604116605,0.12627983604116605,0.12414610641432013,0.12585324048995972,84649600
1986-05-28,0.1258531663139553,0.12798613142086673,0.12542658240615326,0.12713295221328735,207132800
1986-05-29,0.12713294699132124,0.12713294699132124,0.12457262342745097,0.12627975642681122,101427200
1986-05-30,0.12627975642681122,0.12713294699132124,0.12457262342745097,0.12627975642681122,127433600
1986-06-02,0.12627982585846725,0.12755960101690833,0.12542664621683358,0.12670642137527466,199248000
1986-06-03,0.1267064430782459,0.1301191850132959,0.1267064430782459,0.12926599383354187,325897600
1986-06-04,0.12926593719195298,0.13267867763161256,0.12883935318097908,0.13225208222866058,300652800
1986-06-05,0.13225215155056572,0.13353193843024067,0.13139897168943312,0.13267874717712402,147884800
1986-06-06,0.13267869864732748,0.13267869864732748,0.12798618264751643,0.128839373588562,177363200
1986-06-09,0.1288393212738618,0.12926590517919198,0.12243966272786394,0.12286625802516937,247027200
1986-06-10,0.12286625802516937,0.12286625802516937,0.11988011372798177,0.12286625802516937,246892800
1986-06-11,0.12286629031132588,0.12371946973815551,0.12115992006568838,0.12329288572072983,186860800
1986-06-12,0.12329285332247482,0.12414603252511046,0.12286625802516937,0.12286625802516937,129091200
1986-06-13,0.12286625488589932,0.12414602935314178,0.12030669455943946,0.12414602935314178,143001600
1986-06-16,0.12414603744741481,0.12585317057468995,0.12158648834604831,0.1224396675825119,173600000
1986-06-17,0.12243970959975792,0.12286630506037097,0.11604082325848045,0.11689401417970657,222051200
1986-06-18,0.11689401417970657,0.1186003846301792,0.1109209486444284,0.11689401417970657,429654400
1986-06-19,0.11689405804941089,0.12201315993002027,0.11561427118727464,0.11945360898971558,344646400
1986-06-20,0.11945351843067634,0.12329285332247482,0.11945351843067634,0.12286625802516937,161302400
1986-06-23,0.12286628063118525,0.12371945999079631,0.11817376567338106,0.11860036104917526,116323200
1986-06-24,0.11860038975650262,0.11988016480167854,0.11732060331934659,0.11902697384357452,141993600
1986-06-25,0.11945352316692574,0.12286626289673155,0.11945352316692574,0.1224396675825119,131980800
1986-06-26,0.12243970126069005,0.12414607159494599,0.12115992635799282,0.1237194761633873,116928000
1986-06-27,0.12371944213319516,0.125426586652446,0.12115989303182866,0.1224396675825119,50198400
1986-06-30,0.1224396675825119,0.12371944213319516,0.12201307226829225,0.1224396675825119,70761600
1986-07-01,0.12243966823530188,0.12329285886828999,0.11860034456278266,0.12073329836130142,87718400
1986-07-02,0.12073332465628443,0.12371946973815551,0.12073332465628443,0.12329288572072983,144838400
1986-07-03,0.1232928795983651,0.1288393487318026,0.12158650943746095,0.12841275334358215,181171200
1986-07-07,0.12841271358885056,0.12883930884500328,0.12073328128373038,0.12158647179603577,181820800
1986-07-08,0.12030674368867222,0.12030674368867222,0.11646741871909351,0.11689401417970657,273683200
1986-07-09,0.11689398844779486,0.11860035852264368,0.11604079771438189,0.1181737631559372,365120000
1986-07-10,0.11860034456278266,0.12073329836130142,0.11817374924628861,0.12073329836130142,208566400
1986-07-11,0.12073335505317981,0.1288393875673305,0.12030675953637242,0.12670642137527466,224000000
1986-07-14,0.12670639605490147,0.12755957552604003,0.1237194761633873,0.1237194761633873,237440000
1986-07-15,0.11945356932262653,0.11945356932262653,0.11689401923227469,0.11902697384357452,297920000
1986-07-16,0.12115994654757443,0.1215865420502192,0.11177413918658394,0.11433446407318115,539840000
1986-07-17,0.11433448092010791,0.11518767205111322,0.10964120061270413,0.11006778478622437,250880000
1986-07-18,0.11006768807823922,0.11092087845961197,0.10665496072866543,0.10836131870746613,309120000
1986-07-21,0.11262733019187347,0.11518765507847067,0.11177413918658394,0.11433446407318115,228480000
1986-07-22,0.11433442763953305,0.11817376315593721,0.11348124829809719,0.1181737631559372,239680000
1986-07-23,0.118173809380519,0.118173809380519,0.11646743863821031,0.1164674386382103,179491200
1986-07-24,0.11689398680748865,0.11732057077623202,0.11262729272178396,0.11305388808250427,144569600
1986-07-25,0.11305392433309937,0.11604083329439163,0.11262732883559176,0.11604083329439163,217459200
1986-07-28,0.11561421188535945,0.11604080728725825,0.11006774257408004,0.11049433797597885,246400000
1986-07-29,0.11006774567694382,0.11006774567694382,0.10494864627776045,0.10665501654148102,595840000
1986-07-30,0.10665498962773291,0.10750816884830935,0.10238905934892424,0.10409542918205261,255360000
1986-07-31,0.10409545544991097,0.10750819597735213,0.10409545544991097,0.10665501654148102,282240000
1986-08-01,0.10622840532345709,0.10836135929179445,0.10622840532345709,0.1070815846323967,150080000
1986-08-04,0.10708162427016926,0.10750821977853775,0.10452207400392015,0.10750821977853775,130166400
1986-08-05,0.10793480890185565,0.11049435901669062,0.10750821341872309,0.1096411794424057,117891200
1986-08-06,0.10964113602620902,0.10964113602620902,0.10580180098229375,0.10622839629650116,185203200
1986-08-07,0.10622836553797906,0.11134747365029835,0.10622836553797906,0.10836131870746613,173398400
1986-08-08,0.1087879372395887,0.11049430697647886,0.10793475806713104,0.10793475806713104,110140800
1986-08-11,0.10878799345203206,0.11433446407318115,0.10836139794938729,0.11433446407318115,183433600
1986-08-12,0.11390785734739475,0.11732059824834001,0.11390785734739475,0.11689401417970657,244160000
1986-08-13,0.11689396943079416,0.12371943722780501,0.11689396943079416,0.12286625802516937,454720000
1986-08-14,0.12286625802516937,0.12627976088200438,0.12286625802516937,0.12286625802516937,230720000
1986-08-15,0.1232929384209026,0.1245727138041617,0.1215865674458961,0.1220131516456604,137177600
1986-08-18,0.12201307291880782,0.12243966823530188,0.11945352380379501,0.12073329836130142,147347200
1986-08-19,0.11988011912028908,0.12115989367779548,0.11817374924628861,0.12073329836130142,137782400
1986-08-20,0.12030673549487543,0.12457266702650469,0.12030673549487543,0.1237194761633873,171315200
1986-08-21,0.1232929384209026,0.1241461182124143,0.1220131516456604,0.1220131516456604,194656000
1986-08-22,0.12243970126069005,0.12499926245806338,0.12243970126069005,0.1237194761633873,115718400
1986-08-25,0.12457262463954759,0.1258531623691125,0.12414602935314178,0.12414602935314178,126403200
1986-08-26,0.1241460493306724,0.1258531826213543,0.1241460493306724,0.12499924004077911,131241600
1986-08-27,0.124999218709706,0.12627975642681122,0.12371943286294095,0.12627975642681122,147033600
1986-08-28,0.12627981215740516,0.1296925531376277,0.12585321668688237,0.128839373588562,219699200
1986-08-29,0.12841272144611146,0.12969249590090165,0.12585316114455622,0.12627975642681122,135228800
1986-09-02,0.12670637949186078,0.12670637949186078,0.11860036104917526,0.11860036104917526,232960000
1986-09-03,0.11860036104917526,0.11902694503299212,0.1164673955621816,0.11860036104917526,117488000
1986-09-04,0.11945354103554806,0.12115991115570068,0.11860036167146044,0.12115991115570068,198800000
1986-09-05,0.12158649488321392,0.12243967416554918,0.11945352958941129,0.11988012492656708,98492800
1986-09-08,0.11945354040878632,0.11945354040878632,0.11476102545098214,0.11860036104917526,126201600
1986-09-09,0.11817382549588312,0.12286634282915519,0.11817382549588312,0.1220131516456604,150774400
1986-09-10,0.12158657570129207,0.12243975555073235,0.11860042914027531,0.11945360898971558,75667200
1986-09-11,0.11817382563698392,0.11860042122924068,0.1109209828736818,0.11134757846593857,134355200
1986-09-12,0.11092087845961197,0.11177405744901231,0.10836131870746613,0.10836131870746613,228480000
1986-09-15,0.110067731949439,0.11305388808250427,0.10921455261997531,0.11305388808250427,222723200
1986-09-16,0.11305391944209968,0.11988016480167854,0.11092095343881973,0.11902697384357452,246400000
1986-09-17,0.11902696869881264,0.1194535641594257,0.11689401417970657,0.11689401417970657,116860800
1986-09-18,0.11689402428940686,0.11774720389244148,0.115187653691357,0.11604083329439163,99030400
1986-09-19,0.11518761260829283,0.11561419656167349,0.11348124261884061,0.11476101726293564,127612800
1986-09-22,0.1143343904908126,0.12073327334442176,0.1143343904908126,0.12030667811632156,239680000
1986-09-23,0.1203067292468805,0.12371946973815551,0.11988014522945481,0.12329288572072983,338240000
1986-09-24,0.12329286483986075,0.12414604412219601,0.11604078967611761,0.11988012492656708,176870400
1986-09-25,0.11988009273075528,0.1203066765613685,0.11476098423563731,0.11774712800979614,187801600
1986-09-26,0.11646741871909351,0.11732059824834001,0.11561422779786738,0.11689401417970657,70022400
1986-09-29,0.11476106588521288,0.11561424554542818,0.10793481977281372,0.1109209656715393,208947200
1986-09-30,0.1122007346892287,0.1156142391891347,0.11134755507591991,0.11433446407318115,180790400
1986-10-01,0.11390787682875649,0.11774721384694643,0.11390787682875649,0.1164674386382103,138588800
1986-10-02,0.11518766342947417,0.11732061831337387,0.11433447236232905,0.1164674386382103,94819200
1986-10-03,0.11732064503163235,0.11860043192380494,0.1139079027698071,0.11518768966197968,138745600
1986-10-06,0.11518766342947417,0.11689403417178287,0.11476106789590161,0.1164674386382103,94505600
1986-10-07,0.11604077044759736,0.11646736571406424,0.11220067257105754,0.11262726783752441,127993600
1986-10-08,0.11220072712959553,0.11262732260349802,0.1100677611520631,0.11177413165569305,111574400
1986-10-09,0.11177407730459066,0.11348122163274495,0.11134749343009821,0.11262726783752441,77952000
1986-10-10,0.11220063030048552,0.11390776259351874,0.11049426126945153,0.11348117887973785,58531200
1986-10-13,0.11305388966892457,0.11817376315593721,0.11262729430221809,0.1181737631559372,99680000
1986-10-14,0.1181737993899491,0.12030675409352595,0.115187653691357,0.11604083329439163,199337600
1986-10-15,0.11433447663060227,0.11433447663060227,0.11177415146280309,0.11390788108110428,205408000
1986-10-16,0.11390782657222126,0.11561419656167349,0.11348124261884061,0.11476101726293564,135766400
1986-10-17,0.11518761260829283,0.11604079190703068,0.11390782657222126,0.11476101726293564,151872000
1986-10-20,0.11433442087378606,0.11476101621524874,0.11220069229602814,0.11220069229602814,148982400
1986-10-21,0.11262732260349802,0.11262732260349802,0.11134754757377054,0.11177413165569305,113724800
1986-10-22,0.11177414533175462,0.11220074085785293,0.11006777461934265,0.1109209656715393,94483200
1986-10-23,0.11092092267087963,0.11305388808250427,0.11092092267087963,0.11305388808250427,123132800
1986-10-24,0.11305386310399129,0.11348122163274495,0.11177407730459066,0.11262726783752441,75331200
1986-10-27,0.11433446269634177,0.11604083329439163,0.11348128309330714,0.11604083329439163,151200000
1986-10-28,0.11604084743661228,0.11646744298611028,0.11262734256179908,0.11390788108110428,142240000
1986-10-29,0.11433447663060227,0.11433447663060227,0.11305393811129708,0.11390788108110428,85433600
1986-10-30,0.11433445280800782,0.1186003846301792,0.11390785734739475,0.11689401417970657,293440000
1986-10-31,0.11689398844779486,0.11902694249737307,0.11689398844779486,0.1181737631559372,121296000
1986-11-03,0.11860042914027531,0.11988020461042766,0.11817383351956323,0.11945360898971558,151827200
1986-11-04,0.11902700528739481,0.12243974723740779,0.11561426333738183,0.1220131516456604,246400000
1986-11-05,0.12201306312589573,0.12670635170906625,0.12115988395336055,0.12627975642681122,624960000
1986-11-06,0.12499925596636734,0.1258531986557395,0.12201309949251801,0.12329288572072983,331520000
1986-11-07,0.12286634282915519,0.1232929384209026,0.11902700528739481,0.1220131516456604,143158400
1986-11-10,0.12243966823530188,0.12243966823530188,0.11988011912028908,0.12073329836130142,105884800
1986-11-11,0.12115991115570068,0.1220130905197883,0.12030672039963566,0.12115991115570068,50176000
1986-11-12,0.12201308394738243,0.12499924004077911,0.12158649998430587,0.12499924004077911,130995200
1986-11-13,0.12457265139600594,0.12457265139600594,0.12115991115570068,0.12115991115570068,137513600
1986-11-14,0.12115986857252194,0.12115986857252194,0.11902690382399442,0.12030667811632156,135116800
1986-11-17,0.12030669455943946,0.1262797576555183,0.1194535153786028,0.12414602935314178,141680000
1986-11-18,0.12414603810930233,0.1254265873211608,0.11988011912028908,0.12073329836130142,170060800
1986-11-19,0.11988020461042766,0.12030678883915584,0.11774723789885115,0.11945360898971558,302400000
1986-11-20,0.11902690382399442,0.12073327334442176,0.11902690382399442,0.12030667811632156,295680000
1986-11-21,0.12030669763331196,0.12371943722780501,0.11988011372798177,0.12286625802516937,286720000
1986-11-24,0.12371946030854478,0.1301191200484444,0.1228662809467425,0.12969252467155457,376320000
1986-11-25,0.12969253699496172,0.13779855622870124,0.12969253699496172,0.1373719722032547,848960000
1986-11-26,0.13694460018923857,0.1407846990507604,0.13651800481335036,0.13822513818740845,506240000
1986-11-28,0.13822511980222937,0.1386517151213766,0.13523821208976947,0.1365179866552353,220550400
1986-12-01,0.1365180115034216,0.13694460690021515,0.1335318665098226,0.13694460690021515,347200000
1986-12-02,0.13822512190746447,0.14249105237995716,0.1365179887344699,0.1416378617286682,369600000
1986-12-03,0.1420645443493316,0.14675706163892432,0.14163794876155508,0.14590387046337128,336000000
1986-12-04,0.14547724032763562,0.14590382438871907,0.1433442744543007,0.14505064487457275,268800000
1986-12-05,0.14547721049170678,0.14931730926036835,0.14505061512613437,0.14931730926036835,262080000
1986-12-08,0.14888998116817972,0.1497439239449467,0.1446240494215099,0.14505064487457275,347200000
1986-12-09,0.14462409913539886,0.14547729033480528,0.14035817731431682,0.14462409913539886,302400000
1986-12-10,0.14462403256959355,0.14931732248507426,0.14334425775150658,0.14846336841583252,244160000
1986-12-11,0.14888997746528668,0.1497439202208161,0.1454772367096174,0.14633041620254517,226240000
1986-12-12,0.14633049834987716,0.1467570940318138,0.14078480005264282,0.14078480005264282,180118400
1986-12-15,0.13993149686101036,0.14249105751514435,0.1377985315478948,0.14249105751514435,209059200
1986-12-16,0.1420644994870915,0.14505064487457275,0.1420644994870915,0.14505064487457275,151939200
1986-12-17,0.1446241270141161,0.14505072269605274,0.13950501300683288,0.14078480005264282,151110400
1986-12-18,0.14035815124171708,0.1429177015805136,0.13907837607231882,0.14121133089065552,175056000
1986-12-19,0.14121125361191325,0.14505058841098925,0.14121125361191325,0.14377081394195557,199091200
1986-12-22,0.1433442186549527,0.14505058841098925,0.1424910394729219,0.14377081394195557,164371200
1986-12-23,0.1441973978369835,0.14462399312398636,0.1429176233679498,0.14377081394195557,244160000
1986-12-24,0.1433443778289605,0.14377097358966845,0.1420646019388243,0.14291778206825256,95760000
1986-12-26,0.14291769028476298,0.14291769028476298,0.1399315446615219,0.1399315446615219,89868800
1986-12-29,0.13993150829898396,0.1403581036748722,0.13737195882760936,0.13822513818740845,117644800
1986-12-30,0.13822517410652982,0.141637915216514,0.13779857861978673,0.1399315446615219,148153600
1986-12-31,0.13993150829898396,0.1412112830346713,0.13779854281152024,0.13822513818740845,132563200
1987-01-02,0.13779859832107103,0.14035816021549394,0.13694465535479464,0.13950496912002563,120870400
1987-01-05,0.14078468763272411,0.14761015613348408,0.13993149695014387,0.14675697684288025,239680000
1987-01-06,0.1471835805620193,0.15017048859953608,0.14547721049170678,0.14931730926036835,324800000
1987-01-07,0.149743862349331,0.15315660178607943,0.14888991992382455,0.15273001790046692,434560000
1987-01-08,0.15273001790046692,0.1540097923412539,0.15187682734529245,0.15273001790046692,291200000
1987-01-09,0.15273009000854693,0.15614281966456425,0.1514503035715628,0.15486304461956024,239680000
1987-01-12,0.15528954565525055,0.15614272470237722,0.15272999712189736,0.15528954565525055,232960000
1987-01-13,0.15400984243468333,0.15486302187538928,0.15230347216129303,0.15230347216129303,211724800
1987-01-14,0.1523034691773178,0.16467541952755207,0.15187687376933362,0.16424882411956787,504000000
1987-01-15,0.16467541077674852,0.1753409789282808,0.16382222000611843,0.17022110521793365,546560000
1987-01-16,0.17064777230839276,0.17064777230839276,0.16296910910608298,0.1663818508386612,407680000
1987-01-19,0.16638176371368227,0.18131326138973236,0.16339560771737519,0.18131326138973236,362880000
1987-01-20,0.1877129195417,0.19027248033781077,0.1757675658120002,0.17619416117668152,775040000
1987-01-21,0.173634713874102,0.17448790516113938,0.16723506152629852,0.16723506152629852,533120000
1987-01-22,0.16680838760352212,0.17960693442209485,0.1655286126655189,0.1791803389787674,472640000
1987-01-23,0.17918037329592001,0.18088674400405982,0.17150093615055084,0.17150093615055084,459200000
1987-01-26,0.1706477654748911,0.17235413627284948,0.16894139467693273,0.16979457437992096,351680000
1987-01-27,0.17064772512765106,0.1813133062039502,0.17022112968102845,0.18003351986408234,378560000
1987-01-28,0.18088677563262068,0.1902725851272648,0.17790062921923527,0.18899279832839966,414400000
1987-01-29,0.19069905225463307,0.1953915781855146,0.18216643919785644,0.18472599983215332,557760000
1987-01-30,0.1842994256376946,0.19069907413206894,0.17960691056045328,0.18941929936408997,409920000
1987-02-02,0.18941931074832918,0.19112568100551447,0.18515339080135515,0.19069908559322357,246400000
1987-02-03,0.19112566951872115,0.19155225351339572,0.18685974982813203,0.18941929936408997,178617600
1987-02-04,0.18941933789753948,0.18941933789753948,0.18558000142059125,0.18771296739578247,217840000
1987-02-05,0.1877129785186319,0.18813957401734385,0.18131332834317263,0.18387287855148315,340480000
1987-02-06,0.18429945409297943,0.18429945409297943,0.18046011780428284,0.18429945409297943,293440000
1987-02-09,0.1804601388362373,0.18216650945319807,0.17832718410902185,0.17960695922374725,157001600
1987-02-10,0.17918034036281635,0.18003351986408234,0.1761941950204165,0.18003351986408234,166790400
1987-02-11,0.18088670824159672,0.19368524358905137,0.18003351736021747,0.19283205270767212,342720000
1987-02-12,0.19453837846405161,0.2043507656857123,0.19453837846405161,0.2000848352909088,710080000
1987-02-13,0.20008484891774092,0.21330999958310815,0.19795190635902615,0.21203020215034485,510720000
1987-02-17,0.2120302431513277,0.22696175530781276,0.21117707507644315,0.22653517127037048,409920000
1987-02-18,0.2273882120924084,0.22994778323652665,0.2162960536162183,0.21672263741493225,470400000
1987-02-19,0.2167227523148994,0.2167227523148994,0.21075046204684883,0.21288342773914337,313600000
1987-02-20,0.21288339300100076,0.21330999974022044,0.2069103290530957,0.20904406905174255,190646400
1987-02-23,0.20776358995077432,0.21928236312909655,0.2034976578208405,0.21544301509857178,351680000
1987-02-24,0.21586965649951353,0.22525546511366026,0.21544304954792917,0.22354908287525177,356160000
1987-02-25,0.2235489125340772,0.23720064355785073,0.22056200541399743,0.23592084646224976,454720000
1987-02-26,0.23720064355785073,0.24359951511611982,0.23208074887308505,0.23592084646224976,499520000
1987-02-27,0.23592106002643048,0.24231996016116,0.23122779050361258,0.23890721797943115,405440000
1987-03-02,0.23976029056810008,0.24061345860334002,0.22866810361589485,0.23037448525428772,396480000
1987-03-03,0.23037456385569272,0.23250753023945148,0.22098952999432553,0.2218427211046219,436800000
1987-03-04,0.2244022013347314,0.2329348160668782,0.22312242646228864,0.2308010756969452,448000000
1987-03-05,0.23037451280385413,0.23549438741790615,0.229521321882628,0.23378802835941315,338240000
1987-03-06,0.2295212596654892,0.23336135824873258,0.22781490106954483,0.2295212596654892,176377600
1987-03-09,0.22696174937927324,0.2278149402158289,0.22013549360020512,0.22056210041046143,255360000
1987-03-10,0.22013563989096466,0.22824167591974004,0.22013563989096466,0.22781509160995483,244160000
1987-03-11,0.22952124609598454,0.23208079523055472,0.22610850632190702,0.22610850632190704,218467200
1987-03-12,0.2252554603927447,0.22610862871010368,0.21714942723530875,0.22269588708877563,302400000
1987-03-13,0.22269569917077547,0.22525527031489373,0.21672263741493225,0.21672263741493225,197612800
1987-03-16,0.2167228202926652,0.2226958870887756,0.2133101014553012,0.22269588708877563,246400000
1987-03-17,0.22354911109707068,0.23208095501431697,0.22184275142720838,0.228668212890625,244160000
1987-03-18,0.2295211872693838,0.23037437769021724,0.22098935141288736,0.22525528073310852,302400000
1987-03-19,0.22440210874142624,0.23378791044372987,0.2235489182505241,0.23336130380630493,206729600
1987-03-20,0.23293487727642062,0.2380539781113651,0.23293487727642062,0.2329348772764206,347200000
1987-03-23,0.23208084410872407,0.23293480958244164,0.22610855394226204,0.23037448525428772,246400000
1987-03-24,0.23122762737499913,0.2337879511639273,0.22610850632190702,0.22610850632190704,268800000
1987-03-25,0.2269619002064123,0.22866826022952524,0.2226959659726718,0.22781509160995483,273280000
1987-03-26,0.22781490106954483,0.23122764104538662,0.22696171037959612,0.2295212596654892,143024000
1987-03-27,0.22952137274539636,0.23037456385569272,0.22098952999432553,0.2218427211046219,133907200
1987-03-30,0.2167227508264465,0.2192823233099949,0.21245684225511258,0.21331003308296204,259840000
1987-03-31,0.21245691774529543,0.22098953535825827,0.21245691774529543,0.22013556957244873,273280000
1987-04-01,0.21501653703765378,0.22866826022952524,0.21288356992078353,0.22781509160995483,217862400
1987-04-02,0.2329348143957686,0.24488016963005066,0.2286681083410553,0.24488016963005066,777280000
1987-04-03,0.2440262041386869,0.2453067536564855,0.2397602955224677,0.24488016963005066,539840000
1987-04-06,0.24402631986004053,0.24829302793809802,0.23634766703912646,0.23890721797943115,288960000
1987-04-07,0.23805388336149202,0.2397602648166107,0.23122765123844147,0.23122765123844147,259840000
1987-04-08,0.231227574707439,0.23976018546151057,0.23037438426226603,0.23549425601959229,230720000
1987-04-09,0.23464115107472583,0.2440261810395766,0.2312276589639116,0.24231982231140137,237440000
1987-04-10,0.24317298976642784,0.24402615765678679,0.238053868504511,0.23976024985313416,217840000
1987-04-13,0.23890709974890367,0.23976029056810008,0.23037448525428772,0.23037448525428772,142217600
1987-04-14,0.22781498232502848,0.23805395777497199,0.22696179133076946,0.23208089172840118,407680000
1987-04-15,0.2372007233429209,0.24231982231140137,0.23464115107472583,0.24231982231140137,349440000
1987-04-16,0.2431731348917922,0.24999937066270383,0.2423199437082974,0.2440263032913208,347200000
1987-04-20,0.24402612761133427,0.24829283232799573,0.24146657868749388,0.24274635314941406,149161600
1987-04-21,0.23976030354683397,0.25597156793989845,0.23720075373464733,0.25511839985847473,432320000
1987-04-22,0.2615181926646166,0.26279796827353985,0.25255896596319555,0.2534121572971344,403200000
1987-04-23,0.25341198498009937,0.2636509803280527,0.25341198498009937,0.25938504934310913,304640000
1987-04-24,0.25853189240664814,0.26109146500279257,0.25426520899309324,0.25511839985847473,255360000
1987-04-27,0.2534120308035724,0.2568255463064502,0.2499992899552964,0.2559715807437897,383040000
1987-04-28,0.2585318128517997,0.2657838988000094,0.25767864503291094,0.2627977430820465,324800000
1987-04-29,0.26365113463198286,0.27218375346616014,0.26279794337886625,0.26535749435424805,291200000
1987-04-30,0.2662106401009876,0.27303689804601067,0.2653574489937165,0.2704773247241974,253120000
1987-05-01,0.27133045574118203,0.2730368375778198,0.26877090577018453,0.2730368375778198,132720000
1987-05-04,0.2713304063249292,0.2738899558297669,0.26962404758302244,0.2721835970878601,142105600
1987-05-05,0.27303676116059156,0.27559631041522525,0.26621050663787216,0.2738899290561676,230720000
1987-05-06,0.2747431966304985,0.28071626214542356,0.27047726482286316,0.2730368375778198,286720000
1987-05-07,0.27218357048106273,0.2764494783108013,0.27218357048106273,0.2738899290561676,180790400
1987-05-08,0.2747431535716241,0.2764495123568752,0.2696240544319153,0.2696240544319153,184732800
1987-05-11,0.26319774985313416,0.271743349748763,0.2623432606013254,0.26319774985313416,197276800
1987-05-12,0.25977990199264067,0.26148888106417323,0.2563611908345228,0.2580709457397461,259840000
1987-05-13,0.2589254737235299,0.26875204866340036,0.25807100680421863,0.2683247923851013,311360000
1987-05-14,0.2674703837173534,0.27174356353435725,0.2674703837173534,0.2708890736103058,148489600
1987-05-15,0.2708891097560114,0.2708891097560114,0.2666159293688218,0.26747041940689087,145958400
1987-05-18,0.2674703192740206,0.26832478617355154,0.25807100083003753,0.2589254677295685,241920000
1987-05-19,0.25892540322733565,0.25892540322733565,0.24824358844255856,0.2503798007965088,239680000
1987-05-20,0.24952534040771573,0.25636118816679737,0.24781636135396704,0.2546522319316864,288960000
1987-05-21,0.2555067214585608,0.25892540976246536,0.2546522319316864,0.2546522319316864,173801600
1987-05-22,0.2563612630470513,0.2580710184338831,0.2520888598020339,0.25337058305740356,97104000
1987-05-26,0.25465221143310524,0.26661574840545654,0.25294323251692313,0.26661574840545654,152252800
1987-05-27,0.26661577905417244,0.27430689243883344,0.2649067999415353,0.27174344658851624,180700800
1987-05-28,0.2717434518179912,0.2743068977176398,0.26832474051185584,0.27345243096351624,151222400
1987-05-29,0.27430677309200663,0.2751612622765496,0.2700343728065491,0.2700343728065491,92601600
1987-06-01,0.27174344303266273,0.27174344303266273,0.26490679647514165,0.26576128602027893,83305600
1987-06-02,0.2649067682808362,0.2666157471892224,0.26319781219108584,0.26405230164527893,137491200
1987-06-03,0.26405232974864257,0.27174344303266273,0.26405232974864257,0.26576128602027893,171315200
1987-06-04,0.2666158357278353,0.2691800579569303,0.26319789959465995,0.2683247923851013,153596800
1987-06-05,0.2691799972158891,0.2691799972158891,0.26576128602027893,0.26576128602027893,130928000
1987-06-08,0.26576128602027893,0.2666157755654162,0.26234335065836795,0.26576128602027893,201846400
1987-06-09,0.26490685625192595,0.27174350435215094,0.26490685625192595,0.2683247923851013,127052800
1987-06-10,0.2691800579569303,0.27430695074737166,0.2666158357278353,0.2683247923851013,146227200
1987-06-11,0.2683246186040914,0.2734523067260923,0.2666156630536341,0.2700343728065491,125372800
1987-06-12,0.2700343728065491,0.2725978175415493,0.2691798836220061,0.2700343728065491,101763200
1987-06-15,0.27003454769488494,0.27174350435215094,0.26490685625192595,0.2683247923851013,259840000
1987-06-16,0.2837068736553192,0.2854158520976289,0.25977980634521014,0.2837068736553192,342720000
1987-06-17,0.28370692572434797,0.2905427951109218,0.2734523686295735,0.2768702805042267,297920000
1987-06-18,0.27516127406625446,0.2854158520976289,0.27003438437658456,0.2837068736553192,229600000
1987-06-19,0.28370699036228014,0.285415969507603,0.27601587683051976,0.2802882790565491,125440000
1987-06-22,0.28199792282615965,0.28883376825573254,0.27943370210432283,0.2871248126029968,169120000
1987-06-23,0.2871249908562972,0.2879794806224655,0.2785793858166471,0.2819980978965759,80852800
1987-06-24,0.2837068784788954,0.2956704123373536,0.2768702343972743,0.2871248126029968,118720000
1987-06-25,0.2871248604176349,0.2905427951109218,0.2768702805042267,0.2768702805042267,120960000
1987-06-26,0.278579259260187,0.28370692572434797,0.2734523686295735,0.2768702805042267,127680000
1987-06-29,0.2768703453277884,0.27857932448387146,0.2734524326529005,0.27857932448387146,101304000
1987-06-30,0.2768702805042267,0.2802882151975136,0.2717433898736132,0.2768702805042267,144480000
1987-07-01,0.2785793227628134,0.2785793227628134,0.2717434518179912,0.27345243096351624,94830400
1987-07-02,0.27345251811515275,0.2802883684199794,0.2717435384249614,0.2777249217033386,81558400
1987-07-06,0.27857932448387146,0.28541597130465457,0.2768703453277884,0.27857932448387146,85489600
1987-07-07,0.2768703971425923,0.2802883332757677,0.26490685625192595,0.2683247923851013,203840000
1987-07-08,0.2683247261021701,0.2683247261021701,0.24952534040771573,0.2546522319316864,341600000
1987-07-09,0.2546522345816282,0.2649067935699624,0.2546522345816282,0.2580709457397461,239680000
1987-07-10,0.2597798705101013,0.2683246963763088,0.2580709144643139,0.2597798705101013,156800000
1987-07-13,0.2666157234094522,0.278579259260187,0.2649067446534919,0.2768702805042267,255360000
1987-07-14,0.2802883188725288,0.29396161437034607,0.2802883188725288,0.29396161437034607,257600000
1987-07-15,0.293961642514792,0.3059251839360974,0.2888339508443959,0.3007974922657013,271040000
1987-07-16,0.3007974922657013,0.3007974922657013,0.29567059924785827,0.3007974922657013,94584000
1987-07-17,0.3025064103205839,0.3059251217442762,0.29225182771700897,0.2956705391407013,92198400
1987-07-20,0.29396148849164383,0.29567044432929085,0.28370690917636215,0.2854158878326416,124320000
1987-07-21,0.2871249257200776,0.29054286119072487,0.28199803392342615,0.28285250067710876,110992000
1987-07-22,0.2837069122901184,0.2922517372094001,0.28199795643371517,0.2905427813529968,60928000
1987-07-23,0.29396148849164383,0.2973794229855703,0.276870264355007,0.2854158878326416,74737600
1987-07-24,0.2837069122901184,0.2922517372094001,0.2837069122901184,0.2905427813529968,117600000
1987-07-27,0.2905428055979645,0.2939615162481961,0.28712487078130844,0.2888338267803192,56638400
1987-07-28,0.29054307644938476,0.29225203404152794,0.28541618085429943,0.2862706482410431,74289600
1987-07-29,0.28712492583428695,0.28712492583428695,0.27687034358454227,0.2802882790565491,98828800
1987-07-30,0.28028816375592436,0.2837068736553192,0.27857920813224424,0.2837068736553192,104294400
1987-07-31,0.2819980978965759,0.2871249908562972,0.2819980978965759,0.2819980978965759,73046400
1987-08-03,0.28028833801802294,0.28370705004291447,0.2751614451408386,0.2751614451408386,63358400
1987-08-04,0.2768702904977647,0.2888338267803192,0.27345237849974313,0.2888338267803192,120960000
1987-08-05,0.28883389212706767,0.2973795183449918,0.2871249357414169,0.2956705391407013,129920000
1987-08-06,0.2956704390624296,0.31959750894206734,0.2922517287958994,0.3161787986755371,252000000
1987-08-07,0.3161789516360633,0.32301559964305754,0.31446999500210215,0.31788870692253113,152320000
1987-08-10,0.33027857542037964,0.33027857542037964,0.31316525322668415,0.33027857542037964,77996800
1987-08-11,0.33883440494537354,0.3439687002577738,0.3337008864694882,0.33883440494537354,271040000
1987-08-12,0.3388344441821131,0.34054560958951546,0.3302785714488305,0.33370092511177063,161280000
1987-08-13,0.33370100862761376,0.3439688261746454,0.33198981994381427,0.3354121744632721,196000000
1987-08-14,0.33198981994381427,0.3422576603389871,0.3285666885875571,0.3354121744632721,104854400
1987-08-17,0.33883440494537354,0.34225753504852297,0.3337008864694882,0.33883440494537354,145600000
1987-08-18,0.3371232559265753,0.3388344441821131,0.3302785714488305,0.33370092511177063,237440000
1987-08-19,0.3388343699452691,0.3422574996948242,0.3354120170321487,0.3422574996948242,66875200
1987-08-20,0.3439687642369377,0.3593701222139376,0.34054563349707623,0.3542366027832031,175840000
1987-08-21,0.35423661820638924,0.36792678840377896,0.3525246529195227,0.3627924919128418,140000000
1987-08-24,0.362792411384719,0.36621554151379726,0.35765889286994934,0.35765889286994934,120960000
1987-08-25,0.3610812216136835,0.36450357489012164,0.35594770312309265,0.35594770312309265,136640000
1987-08-26,0.362792409675969,0.36621553978892435,0.35594770312309265,0.35594770312309265,196000000
1987-08-27,0.3576588911853782,0.3610812216136835,0.3525245730101373,0.35594770312309265,124320000
1987-08-28,0.35594770312309265,0.35937005639953085,0.3525245730101373,0.35594770312309265,95816000
1987-08-31,0.3576589907438507,0.37134916164880344,0.35423663651476106,0.36963799595832825,150080000
1987-09-01,0.3747714078172635,0.37819453789606994,0.35937005281448364,0.35937005281448364,138880000
1987-09-02,0.35594770312309265,0.36450357489012164,0.3473910545195465,0.35594770312309265,229600000
1987-09-03,0.3593700980237316,0.3610812634360807,0.34396874108344005,0.35081344842910767,184800000
1987-09-04,0.35081354875339665,0.3542366802417714,0.34225767354860415,0.34568002820014954,108438400
1987-09-08,0.3439686938135731,0.34567988183889786,0.3319896921923286,0.34140193462371826,175840000
1987-09-09,0.34396869280808695,0.3627924007793406,0.33883439760688544,0.36108121275901794,157920000
1987-09-10,0.36450361610679693,0.3730602656778963,0.36364804482704227,0.3679267466068268,140000000
1987-09-11,0.36963801410079494,0.37990583128062005,0.36108133984729157,0.37306034564971924,124320000
1987-09-14,0.37477149650819624,0.37819462739709814,0.3610813034626685,0.3627924919128418,81905600
1987-09-15,0.3627924761171396,0.3627924761171396,0.35252463757087416,0.3542366027832031,104608000
1987-09-16,0.3542366027832031,0.36022571640177237,0.3508134720433417,0.3542366027832031,168000000
1987-09-17,0.35594770312309265,0.3576588911853782,0.34910221973369915,0.35594770312309265,66796800
1987-09-18,0.3559477683107356,0.3576589566864051,0.35166906623117644,0.3542366027832031,71198400
1987-09-21,0.35423655644718116,0.3610812405101271,0.3439687192440033,0.3439687192440033,128800000
1987-09-22,0.3456799239919428,0.371349095541785,0.3439687357579516,0.37049350142478943,153440000
1987-09-23,0.37049349253292285,0.3833280894238804,0.36792673309167356,0.37819457054138184,254576000
1987-09-24,0.37819460922383746,0.39616270398696957,0.37819460922383746,0.3867504596710205,182560000
1987-09-25,0.38846160839165994,0.3970182804984587,0.3867504201983617,0.3935959041118622,106523200
1987-09-28,0.3935959615340367,0.4021526348891785,0.37990579139447206,0.3816169798374176,203840000
1987-09-29,0.38332818567768473,0.38332818567768473,0.37134917987525706,0.37306034564971924,171360000
1987-09-30,0.3713491246116708,0.3901736132435688,0.3713491246116708,0.3867504596710205,122080000
1987-10-01,0.3884615993821003,0.40215256689156775,0.3867504112284895,0.3987294137477875,116480000
1987-10-02,0.3987296527339787,0.40215280792949204,0.3935961308925406,0.40044084191322327,96499200
1987-10-05,0.400440769060513,0.40899744454073733,0.39530724815302304,0.40557506680488586,134400000
1987-10-06,0.4072861545217393,0.4072861545217393,0.37990579139447206,0.3816169798374176,201600000
1987-10-07,0.37990590929985046,0.38161709827387064,0.3713492561372537,0.37990590929985046,224000000
1987-10-08,0.37990553235458757,0.38332788405879853,0.36450340743737886,0.37134888768196106,164640000
1987-10-09,0.371349095541785,0.3799057450039308,0.36963793015592894,0.37049350142478943,145600000
1987-10-12,0.37134901524416236,0.372204609176151,0.3542364968567438,0.36450353264808655,199360000
1987-10-13,0.37306034564971924,0.37477153427232174,0.36450369424435625,0.37306034564971924,162400000
1987-10-14,0.367926662364338,0.3696378502283153,0.35594766187259086,0.36450353264808655,258720000
1987-10-15,0.36450357489012164,0.37306022349366785,0.35423653790894,0.35594770312309265,348320000
1987-10-16,0.35765893587821956,0.36279245501029184,0.32514425660355745,0.33027857542037964,420000000
1987-10-19,0.3302787308391657,0.3302787308391657,0.24300253559091173,0.24984802305698395,476000000
1987-10-20,0.26353810920848963,0.28749611913653417,0.22332314590746874,0.23615774512290955,568960000
1987-10-21,0.2635381243954247,0.2874961357040996,0.26011577004066877,0.27722829580307007,534240000
1987-10-22,0.2686716653908141,0.27722831735561504,0.24642561779087588,0.25155913829803467,385280000
1987-10-23,0.24471356507921596,0.24984788344305311,0.23444652772090047,0.24300239980220795,198240000
1987-10-26,0.23615767829528345,0.23958003148436546,0.18909726600771393,0.19166402518749237,313600000
1987-10-27,0.20193191358249823,0.22075560353327,0.19850955951226523,0.2070654332637787,455840000
1987-10-28,0.2104885795533282,0.23102345946398564,0.20022073975555246,0.22931227087974548,418880000
1987-10-29,0.23444650373064527,0.27380586006527086,0.2207555378499132,0.2703835070133209,331520000
1987-10-30,0.27380590086574413,0.2943415530623114,0.26353806334339314,0.2643936574459076,421120000
1987-11-02,0.2652493119239807,0.2703836321384409,0.2566926599219535,0.2652493119239807,188160000
1987-11-03,0.26011568608654784,0.26353803933671577,0.23444651730946517,0.24813668429851532,313600000
1987-11-04,0.24300233541761476,0.2549813345637264,0.2378688180986062,0.24642546474933624,234080000
1987-11-05,0.24813665299940135,0.26524917108010454,0.24813665299940135,0.2601156532764435,255360000
1987-11-06,0.2618268764141817,0.2703835250265084,0.25327020495372204,0.25840452313423157,187040000
1987-11-09,0.25327009207179985,0.2566924438264153,0.24813657586393806,0.25498127937316895,210560000
1987-11-10,0.24984787234766562,0.25669255599986873,0.24642551909749771,0.24813668429851532,231840000
1987-11-11,0.25498127937316895,0.26182675971857156,0.2515589276185535,0.25498127937316895,185920000
1987-11-12,0.2635381460301972,0.2738059867741499,0.26268255165923443,0.2652493119239807,246400000
1987-11-13,0.26867144037967977,0.2703834045172206,0.25327009207179985,0.25498127937316895,154560000
1987-11-16,0.2584046243764966,0.26353814488365535,0.24984797241169568,0.25155913829803467,184800000
1987-11-17,0.2521076716482639,0.2538225687906518,0.24010254442691803,0.24010254442691803,268800000
1987-11-18,0.24524729820767757,0.25039281478932485,0.23667276532033266,0.24867789447307587,265440000
1987-11-19,0.25039272933699375,0.25039272933699375,0.23324208945565725,0.23667268455028534,182560000
1987-11-20,0.2332420725199157,0.24696289484095446,0.22809735949641333,0.24353229999542236,250880000
1987-11-23,0.24353240078939525,0.24867789447307587,0.23838768563658166,0.24867789447307587,97395200
1987-11-24,0.25210769756239565,0.2589681111637963,0.24782041991879253,0.25382259488105774,197120000
1987-11-25,0.2538224985375791,0.2538224985375791,0.24696288896866953,0.25039270520210266,92400000
1987-11-27,0.24867785446552515,0.25039277450587605,0.23838764728453013,0.24010254442691803,70683200
1987-11-30,0.23152725342438485,0.23667274670331354,0.20923189429096584,0.2263825386762619,416640000
1987-12-01,0.229812246037936,0.23324206220118676,0.22466753324203795,0.2280973494052887,181440000
1987-12-02,0.22809754501919113,0.22981244312251586,0.22295282781124118,0.22295282781124115,142240000
1987-12-03,0.22638246228036024,0.22895481878634433,0.20408711067081683,0.20923182368278503,319200000
1987-12-04,0.20751693353524253,0.21437734489715676,0.20408711711956923,0.21094752848148346,244160000
1987-12-07,0.2126624902865085,0.22809743595964793,0.2126624902865085,0.2263825386762619,203840000
1987-12-08,0.22981227289163048,0.2392450412488157,0.2280973760585965,0.23667268455028534,254240000
1987-12-09,0.23667272724417926,0.24867785446552515,0.2323846944084863,0.24010254442691803,179200000
1987-12-10,0.2315272604255155,0.24696298509622008,0.22809744285706465,0.23838767409324646,276640000
1987-12-11,0.23838745715509482,0.23838745715509482,0.2298121310579026,0.2332419455051422,122080000
1987-12-14,0.2366726363658497,0.2572522871928197,0.23495773988195337,0.25553739070892334,341600000
1987-12-15,0.2589680037821095,0.26239781989521765,0.25382248963297027,0.2572523057460785,299040000
1987-12-16,0.25896808692406903,0.27268811141387234,0.25553749117906577,0.269257515668869,330400000
1987-12-17,0.27783282578627233,0.2795477458423811,0.269257515668869,0.269257515668869,325920000
1987-12-18,0.2709731078660933,0.2829782304842921,0.269257409952854,0.2778327167034149,302400000
1987-12-21,0.27783290995040766,0.2864082455635071,0.2761180122727668,0.2864082455635071,188160000
1987-12-22,0.28640822115348114,0.28640822115348114,0.27783288627124114,0.28469330072402954,128800000
1987-12-23,0.2864081620730607,0.29326777368195844,0.28297834481963013,0.28983795642852783,171360000
1987-12-24,0.2881230371211104,0.294983449631806,0.2864081400750919,0.29241031408309937,69944000
1987-12-28,0.28983791369696466,0.2915528335198266,0.27097317740056137,0.27611789107322693,229600000
1987-12-29,0.27783276638817367,0.2898378911532457,0.27611786959665724,0.2889804542064667,118720000
1987-12-30,0.29155279336011214,0.3001281011299852,0.29155279336011214,0.29755574464797974,155680000
1987-12-31,0.29155279811802615,0.29498339297987286,0.287265521979414,0.2881229817867279,117600000
1988-01-04,0.29326765708669716,0.3069884777069092,0.2898378411968683,0.3069884777069092,330400000
1988-01-05,0.31556320791150394,0.31727810550480473,0.30355807753354497,0.3061312139034271,309120000
1988-01-06,0.30870347141360527,0.30870347141360527,0.30012816190719604,0.30012816190719604,268800000
1988-01-07,0.2984132661452576,0.3069885756882775,0.29155285364551764,0.3052728772163391,212800000
1988-01-08,0.30527296861384223,0.31041848561084934,0.27097327723396597,0.27440309524536133,486080000
1988-01-11,0.27440297376355877,0.29326770865854423,0.2726880540680943,0.2915528118610382,404320000
1988-01-12,0.29498339297987286,0.2984132093111711,0.272688041214316,0.2881229817867279,400960000
1988-01-13,0.2881230592507943,0.2966983694661468,0.2821208847817816,0.28983795642852783,211680000
1988-01-14,0.29326777368195844,0.29412601225056473,0.2881230592507943,0.28983795642852783,132160000
1988-01-15,0.29841337186156297,0.30870358209328597,0.2915529569314436,0.29412609338760376,343840000
1988-01-18,0.29498342523095006,0.29498342523095006,0.2881230132877437,0.29326772689819336,125440000
1988-01-19,0.28983791019190697,0.2966983221351133,0.2838357366803958,0.29326772689819336,274400000
1988-01-20,0.2949835433380959,0.2949835433380959,0.26239797033662204,0.2726881802082062,680960000
1988-01-21,0.2778329558579104,0.27954787671688497,0.27011588068644665,0.2752605974674225,493920000
1988-01-22,0.27783282578627233,0.2795477458423811,0.2623979041383234,0.269257515668869,445760000
1988-01-25,0.2709730871669627,0.2846931052219567,0.2709730871669627,0.28040507435798645,200480000
1988-01-26,0.27954781636727805,0.28126271395806157,0.26925758359772495,0.2726881802082062,143360000
1988-01-27,0.27611799828774214,0.2778328958785256,0.265827765518189,0.2726881802082062,258720000
1988-01-28,0.2744029297370918,0.2846931331976226,0.27268801031677686,0.28297823667526245,232960000
1988-01-29,0.28469330072402954,0.28640822115348114,0.27611798873975774,0.28469330072402954,265440000
1988-02-01,0.2864082455635071,0.2915529614943998,0.2838358647000906,0.2864082455635071,199360000
1988-02-02,0.2846931331976226,0.28726548943014024,0.27783272278181215,0.28297823667526245,191520000
1988-02-03,0.2812626339812543,0.2829783325130945,0.269257507034566,0.27097320556640625,226240000
1988-02-04,0.2709732826174227,0.27526053804336587,0.2675426860069415,0.2726881802082062,199360000
1988-02-05,0.2744029507429135,0.2769753071723476,0.2641127235967007,0.26497018337249756,132160000
1988-02-08,0.2641128181294382,0.2692575328297315,0.25896810342914495,0.2658277153968811,203840000
1988-02-09,0.2675426860069415,0.2735456404525824,0.265827765518189,0.2726881802082062,116480000
1988-02-10,0.27268804701827815,0.28469317151491197,0.27268804701827815,0.2812625765800476,228480000
1988-02-11,0.28126266572648917,0.28297836445197494,0.2761179509383973,0.27869030833244324,147840000
1988-02-12,0.27923985738444596,0.285254648016623,0.2783807064626722,0.2818172872066498,137760000
1988-02-16,0.2818173518695976,0.283536434173584,0.27494421174771905,0.283536434173584,154560000
1988-02-17,0.28353643125842865,0.2921278735297867,0.28353643125842865,0.2878321409225464,256480000
1988-02-18,0.2861139970676438,0.2938462918887424,0.2852548455509217,0.28697314858436584,143360000
1988-02-19,0.28697314858436584,0.2886914286746766,0.2852548455509217,0.28697314858436584,90764800
1988-02-22,0.28525475435510517,0.2998609908206423,0.28525475435510517,0.2972835600376129,200480000
1988-02-23,0.297283491671979,0.3007200729067572,0.29040954913631556,0.29384613037109375,220640000
1988-02-24,0.2938462670140546,0.29556534996851075,0.28869140423635853,0.2904096841812134,145600000
1988-02-25,0.2886914286746766,0.29556537498872243,0.28697314858436584,0.28697314858436584,179200000
1988-02-26,0.2886914286746766,0.2904097087649874,0.2835365654606109,0.28697314858436584,82342400
1988-02-29,0.28697293802860496,0.2972834369583257,0.28525463625590103,0.2955651581287384,112000000
1988-03-01,0.2972835600376129,0.29900186252171657,0.2921279184052676,0.2972835600376129,171360000
1988-03-02,0.30072008821003476,0.3093123103287746,0.299001808976765,0.30759403109550476,292320000
1988-03-03,0.3058750438250298,0.32305951634128993,0.3058750438250298,0.3196229338645935,473760000
1988-03-04,0.31618550588921823,0.32305944948648746,0.31274892412369737,0.32220029830932617,209440000
1988-03-07,0.3213411471321649,0.32821431066320655,0.3196228677209666,0.32220029830932617,207200000
1988-03-08,0.3213411487466781,0.3230594511096339,0.3161855074778279,0.3179037868976593,144480000
1988-03-09,0.317903706572075,0.3247776484670236,0.317903706572075,0.32134106755256653,134400000
1988-03-10,0.32305943035878393,0.3247777096682463,0.31103062629699707,0.31103062629699707,176960000
1988-03-11,0.3127488530706975,0.3144671320915222,0.3058749110351101,0.3144671320915222,157920000
1988-03-14,0.3144672051148721,0.31962286932684664,0.31274892569504065,0.3179037868976593,98123200
1988-03-15,0.31618556808509746,0.31790384783429315,0.30759412345286113,0.3093124032020569,181440000
1988-03-16,0.3084531799746381,0.3187637049628377,0.30587496941371967,0.3170446455478668,118720000
1988-03-17,0.31790384783429315,0.31962293059299873,0.30759412345286113,0.3093124032020569,260960000
1988-03-18,0.3093123103287746,0.3127488917384362,0.3041566696196964,0.30759403109550476,272160000
1988-03-21,0.3050158786514028,0.3067349382773871,0.2955652837152954,0.3015792965888977,227360000
1988-03-22,0.3024384677410126,0.3058750502903485,0.2972836053885735,0.3024384677410126,119179200
1988-03-23,0.30243831751922173,0.30243831751922173,0.2878320860804337,0.2921278178691864,209440000
1988-03-24,0.2869729666431178,0.2921278265889954,0.2749441647412829,0.2809581756591797,320320000
1988-03-25,0.2800989692197604,0.28353632955006663,0.2749441102946885,0.27580323815345764,131040000
1988-03-28,0.27494424375466603,0.28697304911333493,0.2715076618221043,0.28525474667549133,172480000
1988-03-29,0.285254648016623,0.28869122876060055,0.27923985738444596,0.2818172872066498,213920000
1988-03-30,0.28009912436432755,0.28353648659855996,0.26635201562635447,0.2715076804161072,371840000
1988-03-31,0.2732259137484868,0.27838077465564426,0.2697885520964874,0.2749442160129547,217280000
1988-04-04,0.27322585008140465,0.2783807097873768,0.26463362952440683,0.2663519084453583,181440000
1988-04-05,0.26978862285614014,0.2715077056376726,0.26463376059697513,0.26978862285614014,147840000
1988-04-06,0.2715077559324994,0.28697314858436584,0.26807039274220856,0.28697314858436584,190400000
1988-04-07,0.2869730375688938,0.2912687476044427,0.280099093914032,0.280099093914032,163520000
1988-04-08,0.28009900830621975,0.2869729498601705,0.2732258468182646,0.2818172872066498,202720000
1988-04-11,0.28697304911333493,0.2886913286080531,0.28181738467666406,0.28525474667549133,148960000
1988-04-12,0.28697314858436584,0.2904097087649874,0.2835365654606109,0.28697314858436584,173600000
1988-04-13,0.28697301570608463,0.28869129500077356,0.2818173518695976,0.283536434173584,143360000
1988-04-14,0.27838082180880724,0.2852547662109532,0.2680703181818747,0.2715076804161072,188160000
1988-04-15,0.2732259600285004,0.2749442625840207,0.2646337360139612,0.2715076804161072,232960000
1988-04-18,0.2732259137484868,0.28009907692011216,0.2697885520964874,0.2749442160129547,170240000
1988-04-19,0.2758033475698149,0.2852547213766135,0.2758033475698149,0.2766624987125397,212329600
1988-04-20,0.27666248496809553,0.2783807642250585,0.26978854198784163,0.27322590351104736,215040000
1988-04-21,0.2775216934741741,0.27838082180880724,0.2680703181818747,0.2715076804161072,178080000
1988-04-22,0.2732258086909217,0.27666238895534107,0.2715075300302692,0.27580323815345764,107643200
1988-04-25,0.2766624437422025,0.28181730368808006,0.2749441647412829,0.2809581756591797,150080000
1988-04-26,0.28181738467666406,0.28697304911333493,0.2800991051819459,0.28525474667549133,175840000
1988-04-27,0.28697314858436584,0.2886914286746766,0.2852548455509217,0.28697314858436584,126560000
1988-04-28,0.286973028999489,0.28869130837377355,0.28353644730779615,0.28439557552337646,99164800
1988-04-29,0.28353636911619295,0.285254648016623,0.2783807064626722,0.2818172872066498,89992000
1988-05-02,0.28009900830621975,0.28353636911619295,0.2783807064626722,0.2818172872066498,82196800
1988-05-03,0.28181748236063087,0.2904097087649874,0.2800992022703201,0.28697314858436584,124320000
1988-05-04,0.28783219061857324,0.2964244144395991,0.28697306230328934,0.28869134187698364,224000000
1988-05-05,0.2886914286746766,0.2904097087649874,0.2852548455509217,0.28697314858436584,70459200
1988-05-06,0.28611386458717875,0.28697301570608463,0.283536434173584,0.283536434173584,107038400
1988-05-09,0.2835364557745799,0.2835364557745799,0.27838079154531276,0.280099093914032,76372800
1988-05-10,0.27838072274312203,0.28181730368808006,0.2766624437422025,0.2809581756591797,95905600
1988-05-11,0.27666254219641395,0.28009912436432755,0.2715076804161072,0.2715076804161072,174720000
1988-05-12,0.2715076242540844,0.27666248496809553,0.2715076242540844,0.27322590351104736,82980800
1988-05-13,0.2766625316674465,0.278380811214447,0.2749442521204459,0.278380811214447,71400000
1988-05-16,0.27893150985047493,0.2849582013327476,0.2754881524847199,0.2840973734855652,74760000
1988-05-17,0.28581910164233965,0.28926248259263987,0.27720987915127987,0.27893155813217163,193760000
1988-05-18,0.2789315172079002,0.2806532189247041,0.27204477930622484,0.2737664580345154,174720000
1988-05-19,0.27204483524620715,0.2737665143285228,0.265157291330295,0.2686006724834442,249760000
1988-05-20,0.2703222530075265,0.27204473605996454,0.2668788731098175,0.2668788731098175,81737600
1988-05-23,0.2651572429439234,0.26773977259039117,0.25740887239504906,0.2617138624191284,183680000
1988-05-24,0.2617139208838737,0.2686006834719099,0.2599922417311241,0.26773983240127563,142240000
1988-05-25,0.2686006633890088,0.27376650505917927,0.2651572823524475,0.2651572823524475,135520000
1988-05-26,0.26515730421921013,0.27204484846991595,0.26515730421921013,0.2711839973926544,85780800
1988-05-27,0.27032229597996804,0.2754881597513192,0.26860061725167755,0.2737664580345154,83955200
1988-05-31,0.275488182637753,0.28581908345222473,0.27376648077791715,0.28581908345222473,123200000
1988-06-01,0.2858190145061813,0.292705774307251,0.2840973360501687,0.292705774307251,229600000
1988-06-02,0.28926259226181217,0.2927059745176143,0.28581921000601,0.28754091262817383,133280000
1988-06-03,0.28754069039505414,0.297871587799303,0.28754069039505414,0.2961499094963074,175840000
1988-06-06,0.2944275852278419,0.30303680896759033,0.2944275852278419,0.30303680896759033,164640000
1988-06-07,0.3013151297369849,0.3116460556958588,0.2995934505063794,0.30303680896759033,311360000
1988-06-08,0.30475852162304623,0.313367745657614,0.30303681934496174,0.3099243640899658,258720000
1988-06-09,0.30992419739488375,0.3116458987469381,0.2978715982752497,0.2995932996273041,269920000
1988-06-10,0.2995933133293156,0.3082025331270952,0.2961499334562311,0.3064800500869751,176960000
1988-06-13,0.3099243640899658,0.3116460663680503,0.30475852162304623,0.3099243640899658,148960000
1988-06-14,0.3116459846496582,0.3168110441525116,0.30992428282303053,0.3116459846496582,292420800
1988-06-15,0.3116459283198467,0.31508928537368774,0.3099242268044155,0.31508928537368774,122080000
1988-06-16,0.3099242115693827,0.31164591300017974,0.3047583716446876,0.3064800500869751,107374400
1988-06-17,0.3082025945186615,0.3082025945186615,0.30475843235020345,0.3082025945186615,95390400
1988-06-20,0.3056193212352453,0.3082026328380175,0.30303676825353215,0.3038976192474365,78601600
1988-06-21,0.30303680096504654,0.3099243452923044,0.3021759728667364,0.30906349420547485,123592000
1988-06-22,0.3133675945675358,0.31595012375097614,0.3099242146601121,0.31422844529151917,195563200
1988-06-23,0.3150894249471776,0.3150894249471776,0.3099243640899658,0.3099243640899658,71388800
1988-06-24,0.3099243640899658,0.313367745657614,0.30648020091260986,0.3099243640899658,74715200
1988-06-27,0.3064800500869751,0.3125067407270687,0.3064800500869751,0.3064800500869751,83619200
1988-06-28,0.30820261571060886,0.3185327351093292,0.3064801322089458,0.3185327351093292,162568000
1988-06-29,0.31681089092874154,0.3219767295426696,0.31508918993480467,0.31939420104026794,143449600
1988-06-30,0.3185327351093292,0.3219768975146071,0.31681105620571437,0.3185327351093292,114688000
1988-07-01,0.3202552795410156,0.3228378098820338,0.31853279571164217,0.3202552795410156,94539200
1988-07-05,0.3202551716845274,0.32542023062705994,0.31767186060384306,0.32542023062705994,104451200
1988-07-06,0.324559489113206,0.3271420194542242,0.3176719675903161,0.3202552795410156,156553600
1988-07-07,0.3202552585534128,0.3202552585534128,0.31164603537502744,0.3159502446651459,105604800
1988-07-08,0.31336766348777106,0.3168110441525116,0.30992428282303053,0.3116459846496582,105392000
1988-07-11,0.31336758425900807,0.31336758425900807,0.30906335376919275,0.31078505516052246,73628800
1988-07-12,0.30992427330389405,0.3116459750776407,0.306480111135436,0.3082025945186615,100900800
1988-07-13,0.3082025945186615,0.30992427330389405,0.30475843235020345,0.3082025945186615,115169600
1988-07-14,0.30820268480040214,0.3116460663680503,0.30648020091260986,0.3099243640899658,62809600
1988-07-15,0.3099243640899658,0.313367745657614,0.30820268480040214,0.3099243640899658,83025600
1988-07-18,0.31250687333794336,0.3168111057529079,0.3116460452457659,0.31336772441864014,113500800
1988-07-19,0.30992427330389405,0.31336765386287324,0.3021759026780976,0.3082025945186615,122304000
1988-07-20,0.3082027122203459,0.30992439166308267,0.30303684630531263,0.30475854873657227,120086400
1988-07-21,0.3013149673938018,0.30303664569679745,0.2944274265955442,0.2961499094963074,149027200
1988-07-22,0.2961499358171152,0.2978716142731278,0.292705774307251,0.292705774307251,103846400
1988-07-25,0.2944275140762329,0.29787167630332567,0.2909841334586323,0.2944275140762329,105896000
1988-07-26,0.2944275140762329,0.29787167630332567,0.2909841334586323,0.2944275140762329,101528000
1988-07-27,0.2944275140762329,0.29787167630332567,0.2927058352616898,0.2944275140762329,116524800
1988-07-28,0.2927057934132897,0.2961499551479677,0.29098409185638535,0.29356664419174194,92680000
1988-07-29,0.29787174509054,0.3064801871282229,0.2961500658784113,0.30561935901641846,158950400
1988-08-01,0.30648020091260986,0.3150894249471776,0.30475852162304623,0.3099243640899658,85937600
1988-08-02,0.3099243443048789,0.313367725652707,0.30648018134739297,0.3073418140411377,121284800
1988-08-03,0.3082025945186615,0.3082025945186615,0.3030367305764568,0.3082025945186615,110846400
1988-08-04,0.30820266512522454,0.3116460464730526,0.30648018134739297,0.3073418140411377,68913600
1988-08-05,0.306480228179309,0.30992439166308267,0.30475854873657227,0.30475854873657227,52662400
1988-08-08,0.30648019041732133,0.30820267424612785,0.30303680896759033,0.30303680896759033,29937600
1988-08-09,0.30303665635439586,0.3047583577064502,0.29614991991170386,0.2995932996273041,170027200
1988-08-10,0.30131505687513377,0.30131505687513377,0.287540775785847,0.28840160369873047,147806400
1988-08-11,0.29098416527221876,0.2978717088699341,0.28926248626944284,0.2978717088699341,106052800
1988-08-12,0.2961499358171152,0.2961499358171152,0.2909840728627287,0.292705774307251,77481600
1988-08-15,0.29153270207524956,0.29153270207524956,0.2794573780119046,0.28463298082351685,166678400
1988-08-16,0.28290722531140505,0.2984332032361919,0.28118230090790197,0.29325762391090393,122752000
1988-08-17,0.2932576688457402,0.29498259351354744,0.2880828718104643,0.2898077964782715,118944000
1988-08-18,0.2898077520720469,0.2967082788326888,0.2880828276685438,0.29325762391090393,74065600
1988-08-19,0.2932576737848151,0.29498259848167363,0.27945740099946664,0.28118234872817993,227360000
1988-08-22,0.2777323863572908,0.2811822576656009,0.2725575909107493,0.2742825150489807,170195200
1988-08-23,0.27428260051418046,0.27773247289745495,0.2708319450478545,0.27255767583847046,163576000
1988-08-24,0.2742826038770363,0.28118234872817993,0.2725576791801777,0.28118234872817993,125473600
1988-08-25,0.27773257586382766,0.27945750117903523,0.27083204545592954,0.27687010169029236,127680000
1988-08-26,0.2760075074675658,0.28118230376246034,0.2760075074675658,0.2777324318885803,40152000
1988-08-29,0.28118226492381015,0.2829071891065673,0.27945731770920507,0.28204473853111267,57232000
1988-08-30,0.28118226492381015,0.2829071891065673,0.2760074693436907,0.28204473853111267,50568000
1988-08-31,0.28290727951662986,0.28377053648263534,0.2725576850489204,0.2751450836658478,237686400
1988-09-01,0.27428246656876715,0.27428246656876715,0.2656570182556809,0.2682444155216217,246736000
1988-09-02,0.2725575909107493,0.2760074622190594,0.26910693651963175,0.2742825150489807,186300800
1988-09-06,0.27600741343395657,0.27600741343395657,0.26738194208902705,0.2682444155216217,143449600
1988-09-07,0.26910693408106073,0.27255758844090944,0.2604822674043634,0.26393213868141174,179110400
1988-09-08,0.26393220639078313,0.2725576583630609,0.26048233422870193,0.26738205552101135,207256000
1988-09-09,0.26738215125740716,0.28290735311265847,0.26048242749464606,0.2794574797153473,234673600
1988-09-12,0.28290730714797974,0.2880829110022651,0.2768700354415416,0.28290730714797974,148030400
1988-09-13,0.27773250940870636,0.28463303816546365,0.27600758450623436,0.28290730714797974,119683200
1988-09-14,0.2880828718104643,0.2923951949959095,0.28635792411080274,0.2898077964782715,238571200
1988-09-15,0.2898078772970478,0.29498267577542076,0.28635800396751226,0.28722047805786133,165760000
1988-09-16,0.28635786944372144,0.2949825371999759,0.285495395758541,0.2915326654911041,123760000
1988-09-19,0.2898077625241855,0.2915326869898993,0.28463296609519245,0.2880828380584717,92131200
1988-09-20,0.28808276710675645,0.29153261518852325,0.2854953464976624,0.2863578200340271,102681600
1988-09-21,0.28808283178395216,0.2967082830713161,0.28635788432395654,0.29498255252838135,91347200
1988-09-22,0.29670839611459954,0.30360811948776245,0.2949826649141764,0.30360811948776245,145667200
1988-09-23,0.3001582065410707,0.3053330037466344,0.3001582065410707,0.30188313126564026,101483200
1988-09-26,0.30188307938760073,0.3036080038157452,0.2932576281002368,0.29498255252838135,87035200
1988-09-27,0.2932576694575122,0.30015819728989296,0.2932576694575122,0.29929572343826294,162982400
1988-09-28,0.3001580834388733,0.3044704049976357,0.2984331363898918,0.3001580834388733,84694400
1988-09-29,0.3018831944024367,0.3053330676049481,0.3001582693171109,0.30360811948776245,106075200
1988-09-30,0.30360813213879584,0.30360813213879584,0.2984333336353302,0.2984333336353302,92892800
1988-10-03,0.2967082788326888,0.2984332032361919,0.2898077520720469,0.29325762391090393,90776000
1988-10-04,0.29153261518852325,0.294982486302136,0.283770422456779,0.2863578200340271,51654400
1988-10-05,0.2846329194040001,0.28808279080136234,0.27945731770920507,0.28204473853111267,123200000
1988-10-06,0.2794573104955222,0.2820447312506402,0.27083186065786313,0.2742825150489807,167764800
1988-10-07,0.26910693651963175,0.2742825150489807,0.26479459162628227,0.2742825150489807,457587200
1988-10-10,0.2725576236289891,0.2742825479742831,0.258756570573434,0.26565709710121155,332640000
1988-10-11,0.26393224623473627,0.27255769950913666,0.26393224623473627,0.26910704374313354,194555200
1988-10-12,0.2656571309558972,0.2691070031179784,0.262207258793816,0.26738205552101135,132944000
1988-10-13,0.2656571710602499,0.2742826243346503,0.2656571710602499,0.26910704374313354,164460800
1988-10-14,0.2725576583630609,0.2725576583630609,0.2630697325922996,0.26738205552101135,157248000
1988-10-17,0.26565709710121155,0.2691069688236496,0.2639321727559175,0.26565709710121155,93688000
1988-10-18,0.2691070150670495,0.27255767046535023,0.26393221811007933,0.27169519662857056,142598400
1988-10-19,0.27428243738018926,0.28118217804300405,0.272557513730406,0.27600738406181335,277323200
1988-10-20,0.27600744664227145,0.2872202935703918,0.27600744664227145,0.2863578200340271,173465600
1988-10-21,0.28463303816546365,0.2880829110022651,0.2811823822455078,0.28290730714797974,123603200
1988-10-24,0.28463283145699714,0.28463283145699714,0.27341996403937724,0.27600738406181335,135161600
1988-10-25,0.27773248228277514,0.27773248228277514,0.2742826097829203,0.2751450836658478,85187200
1988-10-26,0.2760074849409128,0.2760074849409128,0.26565708708109587,0.2708318829536438,188720000
1988-10-27,0.26738209588576345,0.27083196856864716,0.26393224623473627,0.26910704374313354,143684800
1988-10-28,0.2691069688236496,0.2725576236289891,0.26565709710121155,0.26565709710121155,84481600
1988-10-31,0.2673819970869384,0.2673819970869384,0.2587565469996797,0.26651954650878906,242905600
1988-11-01,0.2656570815848744,0.26738200582942007,0.26048228581938865,0.2622072100639343,143696000
1988-11-02,0.2639321453603151,0.2639321453603151,0.25358174818444895,0.2570316195487976,208521600
1988-11-03,0.2570316737243786,0.2587565982541982,0.25358180163288674,0.2561691999435425,242457600
1988-11-04,0.25358181346320346,0.262207265661394,0.25358181346320346,0.2604823410511017,153798400
1988-11-07,0.25703174238496773,0.2604823984812145,0.2553067943625122,0.2587566673755646,170083200
1988-11-08,0.258756570573434,0.2673820214465055,0.25789411991671196,0.26565709710121155,154526400
1988-11-09,0.26393216280086296,0.27169513969255676,0.2622072154887809,0.2708318829536438,201723200
1988-11-10,0.27255767583847046,0.27428260051418046,0.26910702037214446,0.27255767583847046,99915200
1988-11-11,0.2691069688236496,0.2734200742857111,0.26565709710121155,0.26565709710121155,108684800
1988-11-14,0.26738194208902705,0.2691068889542164,0.2639320944223347,0.2682444155216217,85232000
1988-11-15,0.26910704374313354,0.27083196856864716,0.26738209588576345,0.26910704374313354,80001600
1988-11-16,0.26910695310581445,0.27083187735036013,0.26048228581938865,0.2622072100639343,147840000
1988-11-17,0.26220719152696403,0.2656570628040124,0.26220719152696403,0.26393213868141174,79542400
1988-11-18,0.2656570815848744,0.2656570815848744,0.2622072100639343,0.2622072100639343,57590400
1988-11-21,0.2594394009267168,0.26116968540112834,0.25079197357940364,0.2533861994743347,221905600
1988-11-22,0.2525214566481203,0.25511568237604554,0.24906248131334438,0.24992720782756805,148187200
1988-11-23,0.2473321444683635,0.25598035457322815,0.24560266871427036,0.2551156282424927,187992000
1988-11-25,0.2507919856817563,0.25425096140612546,0.2490625093658866,0.25252148509025574,48294400
1988-11-28,0.25252148509025574,0.25425096140612546,0.2490625093658866,0.25252148509025574,139361600
1988-11-29,0.25252149706517457,0.25425097346305847,0.249062521176776,0.25425097346305847,92668800
1988-11-30,0.2542508540805977,0.262899063343994,0.2542508540805977,0.26030483841896057,167843200
1988-12-01,0.2611696681362604,0.26981709491192724,0.25943938377623094,0.26808759570121765,212161600
1988-12-02,0.2646287610180817,0.27587120366060836,0.26289926103909594,0.27154669165611267,333715200
1988-12-05,0.27327701449394226,0.27673599183657666,0.26808775178389344,0.27327701449394226,154414400
1988-12-06,0.2715467291265278,0.2750064916189392,0.26981725200153084,0.27327701449394226,104932800
1988-12-07,0.2698170807569868,0.2732768410535955,0.2680875816370089,0.27241209149360657,98134400
1988-12-08,0.27154664441380366,0.27154664441380366,0.2680876681502447,0.2706819176673889,59460800
1988-12-09,0.27154664441380366,0.27327692924143193,0.2680876681502447,0.2706819176673889,44956800
1988-12-12,0.2715465281537284,0.27327681224055184,0.26635807752609253,0.26635807752609253,117880000
1988-12-13,0.2663581195831351,0.26808759570121765,0.26462864346505255,0.26808759570121765,122550400
1988-12-14,0.2663582278227505,0.2767359431756243,0.2663582278227505,0.2750064432621002,193300800
1988-12-15,0.27673599183657666,0.28019494608657053,0.2715467291265278,0.27327701449394226,112571200
1988-12-16,0.2732769721327179,0.2801949026529836,0.2715466870335185,0.2776006758213043,183489600
1988-12-19,0.2784654200186249,0.2836538735743361,0.2767359431975999,0.28192439675331116,234326400
1988-12-20,0.28365373611450195,0.2871134963222124,0.2810595105938193,0.28365373611450195,274187200
1988-12-21,0.2836538927582822,0.29057263184521864,0.2836538927582822,0.28884315490722656,241964800
1988-12-22,0.288842995397751,0.29057247138066433,0.2819242601315886,0.28365373611450195,106030400
1988-12-23,0.2836537205218367,0.2862487310491281,0.2836537205218367,0.2845192551612854,40958400
1988-12-27,0.28365370423629177,0.2871134640551797,0.2801947295665741,0.2801947295665741,59987200
1988-12-28,0.28019480686641207,0.2819243062247146,0.27500635497676246,0.2784653306007385,51542400
1988-12-29,0.2784652537780266,0.2819242284477443,0.2784652537780266,0.2801947295665741,117812800
1988-12-30,0.28019480686641207,0.28538406699807756,0.2784653306007385,0.2784653306007385,81692800
1989-01-03,0.27846556280547624,0.28019504051331345,0.2767360850976391,0.279330313205719,100016000
1989-01-04,0.2819243112534669,0.29143727376531575,0.28019481186431483,0.29057252407073975,239948800
1989-01-05,0.29057250644957794,0.29922071874239803,0.2853840547820235,0.2923019826412201,307328000
1989-01-06,0.29230196641800377,0.30095020132346134,0.29230196641800377,0.2948962152004242,198665600
1989-01-09,0.29749125242233276,0.29835597900053384,0.29230199234060306,0.29749125242233276,79307200
1989-01-10,0.29403146560628407,0.2966264764453874,0.2871135150384165,0.2948962152004242,103320000
1989-01-11,0.292301935061246,0.2940314340639939,0.2853840083281274,0.29143720865249634,156128000
1989-01-12,0.2923020722574012,0.29749133375790004,0.290572595535523,0.2957610487937927,150315200
1989-01-13,0.29576097991488354,0.3009502402068708,0.29316675388991037,0.2992207407951355,193905600
1989-01-16,0.29922068287481124,0.304409133920426,0.2974912068904814,0.3026796579360962,168593600
1989-01-17,0.29922098106284717,0.3009504818633327,0.2767360850976391,0.279330313205719,756604800
1989-01-18,0.28192439673092345,0.284519408658212,0.27327696644121263,0.2750064432621002,487928000
1989-01-19,0.2801947295665741,0.28365370423629177,0.2767357779894791,0.2801947295665741,255987200
1989-01-20,0.28019476105605,0.2871134963222124,0.27846528507313667,0.28365373611450195,173734400
1989-01-23,0.2819242601315886,0.28538402033929905,0.2819242601315886,0.28365373611450195,180532800
1989-01-24,0.28365389849966427,0.2888431607536435,0.2819244215266662,0.2879784107208252,223294400
1989-01-25,0.2888429867442135,0.2905724626753129,0.28365372761643104,0.2871134877204895,110936000
1989-01-26,0.28192441582029004,0.2914373818605337,0.28105966580497505,0.28884315490722656,285264000
1989-01-27,0.26462856202242957,0.27154648745831206,0.2507918798163465,0.26030483841896057,2127171200
1989-01-30,0.2603049259091892,0.2628991517061593,0.257709914962877,0.2585746645927429,586499200
1989-01-31,0.2577099114828701,0.2611696720123291,0.25425093610274263,0.2611696720123291,460353600
1989-02-01,0.26116978415274755,0.27414170368162266,0.25857477212723756,0.27154669165611267,487558400
1989-02-02,0.27327696644121263,0.27846541999651186,0.27154668137804966,0.2750064432621002,473491200
1989-02-03,0.27673595365010123,0.2784654305364497,0.2698172147697643,0.27154669165611267,178908800
1989-02-06,0.27327681224055184,0.27327681224055184,0.2646286016810884,0.26635807752609253,116737600
1989-02-07,0.2646287497525063,0.2715466800960324,0.2646287497525063,0.26981720328330994,165155200
1989-02-08,0.2698171914685126,0.27327695318473244,0.26289923833527457,0.26462873816490173,157012800
1989-02-09,0.26462873816490173,0.2698171914685126,0.26289923833527457,0.26462873816490173,160809600
1989-02-10,0.2646286565554964,0.2646286565554964,0.25598042111007846,0.25770992040634155,348342400
1989-02-13,0.25425092615513245,0.2577099013999269,0.25425092615513245,0.25598040223121643,235188800
1989-02-14,0.25511571668271193,0.2559804433132197,0.2438732544103828,0.24733223021030426,891576000
1989-02-15,0.24733217690905454,0.2507919371128082,0.24560270092811914,0.2507919371128082,330624000
1989-02-16,0.25079199118064405,0.257709942781066,0.24906251482685368,0.25165674090385437,255696000
1989-02-17,0.25148355904778846,0.2566863185437948,0.25148355904778846,0.254952073097229,116849600
1989-02-21,0.2558192472625239,0.26188992932045563,0.25495211282596253,0.2601548731327057,190556800
1989-02-22,0.25842058714666954,0.26015483259323535,0.25321782765066325,0.254952073097229,238324800
1989-02-23,0.25321782765066325,0.2566863185437948,0.25148355904778846,0.254952073097229,95368000
1989-02-24,0.25668616967292773,0.25668616967292773,0.24974916875362396,0.24974916875362396,152129600
1989-02-27,0.24974918488176767,0.2532176971435547,0.24801412985862697,0.2532176971435547,115920000
1989-02-28,0.2532177081838259,0.2549519528121838,0.249749195770812,0.2514834403991699,176019200
1989-03-01,0.251483413194376,0.2532176807914236,0.24627986940177646,0.24974916875362396,170128000
1989-03-02,0.24801419970117422,0.2514835002540394,0.24107719638038816,0.2428114414215088,376331200
1989-03-03,0.24454567459098495,0.24454567459098495,0.23587361617944558,0.24107718467712402,387777600
1989-03-06,0.24281144166820945,0.24888212136707527,0.23934292842614058,0.24627995491027832,168515200
1989-03-07,0.24627993693602845,0.24974923723921857,0.2428114239471021,0.2480141818523407,260691200
1989-03-08,0.24714708552685036,0.25148349696541733,0.24454568326473236,0.24454568326473236,216294400
1989-03-09,0.24454557963142107,0.24801409135472563,0.2393428236246109,0.2393428236246109,133436800
1989-03-10,0.239342928182964,0.2428114414215088,0.23760868314184336,0.2428114414215088,102715200
1989-03-13,0.2428114414215088,0.2462799546600536,0.24107719638038816,0.2428114414215088,131107200
1989-03-14,0.24281143824629026,0.2462799514394777,0.2419443041589176,0.24454568326473236,161940800
1989-03-15,0.24454568646262942,0.2462799546600536,0.24107719638038816,0.2428114414215088,90059200
1989-03-16,0.24281143824629026,0.2462799514394777,0.23934292505310284,0.24454568326473236,192236800
1989-03-17,0.23934278643846946,0.24801405282134936,0.2358734879402054,0.24194416403770447,237126400
1989-03-20,0.2428112976228794,0.24454554163693945,0.23934278643846946,0.24194416403770447,181451200
1989-03-21,0.24627980880728934,0.24627980880728934,0.24107705360881934,0.24194416403770447,128195200
1989-03-22,0.23760864747259497,0.24107716019045483,0.23413934744053289,0.23500648140907288,144849600
1989-03-23,0.23587363304663828,0.2393429336791716,0.23413938796569292,0.23847579956054688,118910400
1989-03-27,0.23760866827382038,0.2393429132064231,0.23240509984913685,0.2341393679380417,151659200
1989-03-28,0.23587347567081451,0.2393427739886167,0.23587347567081451,0.23587347567081451,141254400
1989-03-29,0.23587364534859737,0.2393429461620716,0.23587364534859737,0.23760870099067688,74401600
1989-03-30,0.23760867160696064,0.24281142963405447,0.23587361617944558,0.24107718467712402,105246400
1989-03-31,0.24281152387980356,0.2480142839263156,0.24107727824973668,0.24714717268943787,185348800
1989-04-03,0.2462799546600536,0.2514835002540394,0.24107719638038816,0.2428114414215088,166286400
1989-04-04,0.2393428236246109,0.24194420162801597,0.23500641402372377,0.2393428236246109,115729600
1989-04-05,0.239342928182964,0.24454568646262942,0.23760868314184336,0.2428114414215088,120254400
1989-04-06,0.24107711292322476,0.25061627939585224,0.23934284532617717,0.24974916875362396,156374400
1989-04-07,0.24974927864406554,0.2601547961796283,0.24974927864406554,0.25928768515586853,354984000
1989-04-10,0.25842041849875275,0.2636239619133757,0.25495190671289997,0.25668615102767944,135374400
1989-04-11,0.2601547598979543,0.2636240602924695,0.2566862468177235,0.26188981533050537,146540800
1989-04-12,0.2653582813049101,0.2722952830776277,0.2627568795893054,0.2670925259590149,387912000
1989-04-13,0.2688267706131197,0.27403033820217554,0.2653582813049101,0.2670925259590149,181272000
1989-04-14,0.2705610505918002,0.27229529532390134,0.2653582932391974,0.26882678270339966,123356800
1989-04-17,0.2670926265216409,0.27229538559913635,0.2636241127512083,0.27229538559913635,140145600
1989-04-18,0.274030375654254,0.2809673783750605,0.27229532029257386,0.27836599946022034,560985600
1989-04-19,0.27749876141257684,0.2887721932431862,0.27576449415997967,0.2835686504840851,425880000
1989-04-20,0.2827017307281494,0.2879052774238533,0.2792332167552354,0.2827017307281494,179816000
1989-04-21,0.2809673783750605,0.28356878044620215,0.2757646205453802,0.27836599946022034,115169600
1989-04-24,0.27749888859280797,0.2792331334839342,0.274030375654254,0.27836599946022034,110790400
1989-04-25,0.27749887108802795,0.2809673606514862,0.27576460314999873,0.27749887108802795,116177600
1989-04-26,0.2774989423315636,0.2792331875585332,0.27142826198830616,0.27576467394828796,186132800
1989-04-27,0.2740302137267692,0.27749872461574177,0.27056091552400957,0.2731630802154541,139384000
1989-04-28,0.2722954040818529,0.2740304599774351,0.2670926446512074,0.270561158657074,103857600
1989-05-01,0.2670926446512074,0.2722954040818529,0.2670926446512074,0.270561158657074,80662400
1989-05-02,0.2705610055116868,0.2792330613540579,0.2705610055116868,0.2766316831111908,215745600
1989-05-03,0.2757645266676669,0.28270155018322424,0.2757645266676669,0.27923303842544556,220539200
1989-05-04,0.2792330523408034,0.2861708635160854,0.2774988079536362,0.28443580865859985,188910400
1989-05-05,0.2948422121676973,0.2965764570277914,0.28790518641471863,0.28790518641471863,460756800
1989-05-08,0.2879052279627933,0.2931079864501953,0.2879052279627933,0.2931079864501953,205923200
1989-05-09,0.29137364159790474,0.29831145329140346,0.29137364159790474,0.2948421537876129,346774400
1989-05-10,0.2983116025085759,0.30178011643325464,0.29484230126942107,0.30004584789276123,234438400
1989-05-11,0.30004587102683383,0.30698289941104856,0.29831162550893514,0.30438151955604553,300944000
1989-05-12,0.3087170892802391,0.3121863901615143,0.3052485757133589,0.3121863901615143,467140800
1989-05-15,0.31045202883413475,0.3208575424863708,0.31045202883413475,0.3191232979297638,317900800
1989-05-16,0.31912339289189867,0.3208576379645681,0.31218636628861285,0.31478774547576904,228670400
1989-05-17,0.31392064690589905,0.31565489204700736,0.31218637860848586,0.31392064690589905,248460800
1989-05-18,0.3139206167198021,0.31565486169414825,0.31045210361480713,0.31045210361480713,211254400
1989-05-19,0.31045203956292106,0.320857553574757,0.31045203956292106,0.31738904118537903,330769600
1989-05-22,0.31808442275912024,0.32156053446445076,0.3146083342608217,0.3198224902153015,190400000
1989-05-23,0.3198224888245376,0.3198224888245376,0.3146083328927318,0.3163463771343231,134467200
1989-05-24,0.3146082657780922,0.331989586353302,0.3146082657780922,0.331989586353302,297606400
1989-05-25,0.32851355116197534,0.34068071972353,0.32851355116197534,0.33546656370162964,232366400
1989-05-26,0.3354667389751812,0.34068089772135796,0.3337278815489148,0.33720478415489197,112515200
1989-05-30,0.3354665424540251,0.340680698145674,0.32938256403904215,0.3302515745162964,111921600
1989-05-31,0.33025151927545654,0.3345974528019602,0.32677543153381955,0.331989586353302,115214400
1989-06-01,0.33198966421565596,0.3424187653395006,0.33025159673017723,0.33894267678260803,179502400
1989-06-02,0.33720487216906747,0.3441571011166076,0.33720487216906747,0.3406809866428375,124476800
1989-06-05,0.3389428756002618,0.34068092089821356,0.32329958605094766,0.3267756998538971,124118400
1989-06-06,0.32503747940063477,0.326775547093122,0.3215605781834996,0.32503747940063477,145006400
1989-06-07,0.32503743941169766,0.3372046079732523,0.32503743941169766,0.33546656370162964,175672000
1989-06-08,0.33720474043906074,0.34068085355487715,0.32851368021363153,0.3311207592487335,178012800
1989-06-09,0.3285137451518488,0.33198985895479816,0.32329958605094766,0.3267756998538971,94416000
1989-06-12,0.3250374188246475,0.33198964188486657,0.321560518255489,0.3302515745162964,80864000
1989-06-13,0.3302517679824488,0.3389428525416472,0.3267756776230273,0.33720478415489197,230977600
1989-06-14,0.340680751135815,0.3493718087484462,0.3354665946331461,0.345025897026062,251305600
1989-06-15,0.3441568096757835,0.3458948538373228,0.3302515745162964,0.3302515745162964,161403200
1989-06-16,0.3111321127844762,0.31634626689934203,0.3024410591518816,0.3093932569026947,542001600
1989-06-19,0.30939343511684964,0.31113229200023257,0.3024412333614888,0.30591732263565063,183120000
1989-06-20,0.305917267166146,0.305917267166146,0.2937500982523776,0.29896506667137146,134534400
1989-06-21,0.29896498931341253,0.3024411002648637,0.2937500222438048,0.2954880893230438,129864000
1989-06-22,0.29548822171621264,0.30417928042426373,0.29201210920729315,0.30070316791534424,137200000
1989-06-23,0.30070325837901063,0.30765548548835986,0.30070325837901063,0.305048406124115,123894400
1989-06-26,0.30591720812065143,0.30591720812065143,0.3007030529542034,0.3024411201477051,183836800
1989-06-27,0.30417920755369593,0.3076553192298621,0.2954881509277143,0.2963571846485138,105784000
1989-06-28,0.2937500525076104,0.2937500525076104,0.2850589967981763,0.2902739644050598,257028800
1989-06-29,0.28505912573079817,0.28679798281458907,0.2781069231741772,0.2824520468711853,233520000
1989-06-30,0.28158291300982213,0.2902739927757304,0.27463071291820057,0.2867978811264038,164740800
1989-07-03,0.29027403636930366,0.29027403636930366,0.2833210229873657,0.2833210229873657,48350400
1989-07-05,0.28158292174339294,0.28332098922547994,0.2781068331932837,0.28158292174339294,119156800
1989-07-06,0.28332098043800125,0.2902739927757304,0.27984486878867465,0.2867978811264038,173924800
1989-07-07,0.2867978811264038,0.2920120369968779,0.28158291300982213,0.2867978811264038,106108800
1989-07-10,0.2850590335005346,0.286797890021722,0.2781068331932837,0.28158292174339294,203694400
1989-07-11,0.28332108222642466,0.28505912707199743,0.2763688564300537,0.2763688564300537,243924800
1989-07-12,0.27636877094970524,0.2798448827727358,0.2746307266417064,0.27810683846473694,124129600
1989-07-13,0.2781069231741772,0.28505912573079817,0.27463081029234676,0.2824520468711853,225433600
1989-07-14,0.2833210229873657,0.285059067469534,0.2763687986446222,0.2833210229873657,257320000
1989-07-17,0.2833210229873657,0.28679792419793193,0.2763687986446222,0.2833210229873657,130894400
1989-07-18,0.2833210967575021,0.2833210967575021,0.26941585541222357,0.27289196848869324,477310400
1989-07-19,0.2746307214361421,0.28332098922547994,0.2711538206399,0.28158292174339294,238974400
1989-07-20,0.2833209945957663,0.2867978954579123,0.27636877094970524,0.27810683846473694,236073600
1989-07-21,0.27636877094970524,0.27810683846473694,0.27115382577956043,0.27810683846473694,139484800
1989-07-24,0.27636887060456283,0.27636887060456283,0.27289196848869324,0.27289196848869324,115987200
1989-07-25,0.2728919081104382,0.27636880945703163,0.264201638945536,0.26941579580307007,209843200
1989-07-26,0.2659396827220917,0.2676777271155326,0.26246357072817594,0.2659396827220917,233744000
1989-07-27,0.2659397655427951,0.2746308256698486,0.26420169740103966,0.27289196848869324,173073600
1989-07-28,0.2728917777536425,0.2763686774393669,0.27115373403371695,0.2737616002559662,119336000
1989-07-31,0.27289195449250875,0.27810692448266644,0.27115390964693603,0.2763688564300537,111865600
1989-08-01,0.2763687392836466,0.27984485070838766,0.27289183881988044,0.27723777294158936,139540800
1989-08-02,0.27636876571119673,0.28158292174339294,0.2746307214361421,0.28158292174339294,101404800
1989-08-03,0.28158291300982213,0.2885359253475513,0.28158291300982213,0.2867978811264038,172939200
1989-08-04,0.28679799393355593,0.29722630977630615,0.2859289598776465,0.29722630977630615,183355200
1989-08-07,0.2989650652437376,0.30591726570531363,0.29635719813064954,0.30417922139167786,168212800
1989-08-08,0.30244111761389203,0.3111321729264718,0.30244111761389203,0.3067862391471863,206192000
1989-08-09,0.30591732263565063,0.31808449375559344,0.3050483119206288,0.30591732263565063,195160000
1989-08-10,0.30591732507520475,0.30591732507520475,0.29722626636715366,0.30070316791534424,152364800
1989-08-11,0.3059174026824318,0.3059174026824318,0.28679802480432465,0.29114314913749695,230081600
1989-08-14,0.28853596868010023,0.29201208085147196,0.2815829552981623,0.2833210229873657,102827200
1989-08-15,0.28332094656668194,0.28853589085277986,0.28332094656668194,0.28766685724258423,163732800
1989-08-16,0.28853606157192163,0.2902741298206819,0.27810695586808193,0.2807140350341797,120534400
1989-08-17,0.27984482025357343,0.2867978313854018,0.278106776333865,0.28505897521972656,153316800
1989-08-18,0.2902740479872195,0.29548820484945076,0.2885359802284517,0.293750137090683,84067200
1989-08-21,0.2944471836090088,0.3014166962367296,0.29270501481101974,0.2944471836090088,137827200
1989-08-22,0.2927050317269509,0.299674544757452,0.2927050317269509,0.298803448677063,111832000
1989-08-23,0.29967447509443446,0.30838536408705297,0.2961893239335495,0.30490100383758545,173644800
1989-08-24,0.3049010451573958,0.31012757460883955,0.30315887642761574,0.3075143098831177,162926400
1989-08-25,0.3066432310338015,0.31361274377836906,0.3066432310338015,0.3118705749511719,161392000
1989-08-28,0.3101275919503009,0.31361274377836906,0.3066432310338015,0.3118705749511719,81659200
1989-08-29,0.31187055751224785,0.3136127262420279,0.3049010451573958,0.3075143098831177,176904000
1989-08-30,0.3066430484703468,0.31187038927555993,0.3066430484703468,0.3101274073123932,116099200
1989-08-31,0.3101274073123932,0.31361255706553753,0.3083852395224156,0.3101274073123932,56291200
1989-09-01,0.3101276553403133,0.31187063869744963,0.3083854861570171,0.3109995424747467,74121600
1989-09-05,0.3101275919503009,0.3162260086502174,0.3101275919503009,0.3118705749511719,114822400
1989-09-06,0.3118705749511719,0.312741647733718,0.3066432310338015,0.3118705749511719,86755200
1989-09-07,0.3118705749511719,0.31709710469486846,0.3118705749511719,0.3118705749511719,113892800
1989-09-08,0.3118705605641608,0.3153549213199219,0.310127577643696,0.3136127293109894,55832000
1989-09-11,0.31187046644184935,0.3205813540712597,0.31012748404741547,0.3188391625881195,98593600
1989-09-12,0.31709707556086064,0.3258087563322202,0.3136127149644948,0.32058143615722656,103588800
1989-09-13,0.3223236195693402,0.3249376752321674,0.3136127293109894,0.3136127293109894,128688000
1989-09-14,0.31361274377836906,0.3153549358676712,0.3101275919503009,0.3118705749511719,131286400
1989-09-15,0.3136127293109894,0.3153549213199219,0.30838540889686733,0.3136127293109894,124868800
1989-09-18,0.31012760870915945,0.3136127607255603,0.3066432476043701,0.3066432476043701,63156800
1989-09-19,0.30838544729959855,0.31012761626337654,0.2996745559564948,0.3014167249202728,80796800
1989-09-20,0.30664329371161125,0.31361280788074575,0.30490112452831514,0.3109995424747467,118148800
1989-09-21,0.31361274377836906,0.3205814656113678,0.30838542312310363,0.3118705749511719,200961600
1989-09-22,0.31187059419594393,0.3153549553274547,0.3083854421528155,0.3127416670322418,72497600
1989-09-25,0.3118705822771036,0.3188392810116942,0.3118705822771036,0.31535494327545166,136158400
1989-09-26,0.31361275114522486,0.3170971121435729,0.3118705822771036,0.31535494327545166,77324800
1989-09-27,0.30838542312310363,0.31448383982302014,0.3066432310338015,0.3118705749511719,90126400
1989-09-28,0.3136126483718071,0.31883917652550053,0.3136126483718071,0.317097008228302,79419200
1989-09-29,0.31535474811760633,0.31709691590758393,0.3101274073123932,0.3101274073123932,69809600
1989-10-02,0.3101275368707764,0.3118705195620887,0.30490100805532605,0.3092564642429352,137401600
1989-10-03,0.30838548885531925,0.31012765805385895,0.3005456693066157,0.30403003096580505,170497600
1989-10-04,0.3049010118211627,0.310999427513305,0.30315884328186193,0.30838537216186523,159174400
1989-10-05,0.3101274976039839,0.32406651885262017,0.30838532930678536,0.317097008228302,245280000
1989-10-06,0.32232356502142206,0.33626258750858273,0.3205813965694266,0.33539149165153503,361704000
1989-10-09,0.334519603378335,0.3467156431851408,0.33103524322791755,0.34497347474098206,195552000
1989-10-10,0.3467156431851408,0.3510718901000825,0.33800475444014727,0.34497347474098206,287123200
1989-10-11,0.33974688230364364,0.3432312185372101,0.33451954051785676,0.34061795473098755,156956800
1989-10-12,0.3414890905762076,0.3432312588978527,0.338004730670819,0.3397469222545624,82644800
1989-10-13,0.3397469026358079,0.3449734305610348,0.31361263466289263,0.3188391625881195,201118400
1989-10-16,0.31187055316235895,0.3258087635040283,0.29618935994159196,0.3258087635040283,424916800
1989-10-17,0.320581421648885,0.3397469742534756,0.31361270077153197,0.3292931020259857,250040000
1989-10-18,0.32406654400789064,0.336262583732605,0.32058139296953686,0.336262583732605,144032000
1989-10-19,0.3362625623491738,0.34497345048159617,0.3362625623491738,0.3397469222545624,111899200
1989-10-20,0.33277754509616736,0.34323139665733604,0.33103535281317703,0.33451971411705017,261508800
1989-10-23,0.33451965355563856,0.3362626364347362,0.32232361191944997,0.3258087635040283,121956800
1989-10-24,0.3223236595119842,0.3380048550481501,0.31535496039899835,0.33190643787384033,216440000
1989-10-25,0.33277753018483863,0.33277753018483863,0.3223236558299869,0.3240666389465332,119145600
1989-10-26,0.3170971121435729,0.3240666250518564,0.31361275114522486,0.31535494327545166,169265600
1989-10-27,0.31535494327545166,0.3188392810116942,0.31012759923528943,0.31535494327545166,129416000
1989-10-30,0.31709699436707617,0.3205813540712597,0.31361263466289263,0.3188391625881195,86979200
1989-10-31,0.3188392946822434,0.3240666389465332,0.31709712573942495,0.3240666389465332,91996800
1989-11-01,0.32232357104720644,0.32580872218985013,0.318839210815976,0.3214524984359741,61185600
1989-11-02,0.3136127607255603,0.3136127607255603,0.29967454865689763,0.3066432476043701,452670400
1989-11-03,0.3066432550737137,0.31012761626337654,0.3014167249202728,0.3014167249202728,174652800
1989-11-06,0.30315891714615767,0.3066432550737137,0.2996745559564948,0.3014167249202728,123088000
1989-11-07,0.3014167175782392,0.31012760870915945,0.3014167175782392,0.3066432476043701,151323200
1989-11-08,0.30838540889686733,0.3153549213199219,0.30838540889686733,0.3136127293109894,142632000
1989-11-09,0.3136127149644948,0.32058143615722656,0.31012756345663267,0.32058143615722656,88188800
1989-11-10,0.3188392512463852,0.32755095547161234,0.3188392512463852,0.3258087635040283,64859200
1989-11-13,0.3240666389465332,0.32929316903709516,0.3240666389465332,0.3240666389465332,68017600
1989-11-14,0.32406661743943604,0.32580878626663323,0.3101275919503009,0.3118705749511719,84380800
1989-11-15,0.3136126919533066,0.31535488375470844,0.3066431803604634,0.30838537216186523,97787200
1989-11-16,0.3101275919503009,0.3118705749511719,0.3049010622066043,0.3118705749511719,96566400
1989-11-17,0.31089166119450445,0.31613188385217333,0.31089166119450445,0.31263893842697144,88558400
1989-11-20,0.31438534613946334,0.31787829097203246,0.31089160844687097,0.3161318302154541,108068800
1989-11-21,0.3161318302154541,0.32486497349719395,0.3161318302154541,0.3161318302154541,140246400
1989-11-22,0.3178783449050661,0.3196248059579589,0.31089166119450445,0.31263893842697144,97944000
1989-11-24,0.31263893842697144,0.31438539947986416,0.31263893842697144,0.31263893842697144,27854400
1989-11-27,0.31263898979793153,0.3161319357970734,0.3056523049393598,0.3073987662792206,105145600
1989-11-28,0.30565209365265356,0.30914503723724446,0.2986654136237317,0.3082717955112457,135374400
1989-11-29,0.303905843599499,0.30914525093850165,0.2969191587409272,0.3073987662792206,152947200
1989-11-30,0.3056522666123154,0.3108916732943265,0.30390580549145085,0.3091452121734619,63448000
1989-12-01,0.31089171227836243,0.31438545113779237,0.30477906260971926,0.3073987662792206,146227200
1989-12-04,0.3056522028577235,0.31787829097203246,0.3056522028577235,0.3161318302154541,97361600
1989-12-05,0.3161318686093121,0.3196247905466802,0.31089164620430987,0.31438538432121277,121766400
1989-12-06,0.3143852553914237,0.3161317389632879,0.28643934953686456,0.29866543412208557,334980800
1989-12-07,0.2951724902977629,0.3021591708062027,0.2934260300453044,0.29866543412208557,178416000
1989-12-08,0.29691908641010234,0.30041282441844197,0.2881867351991979,0.2916796803474426,252582400
1989-12-11,0.28643952535536427,0.2899332641839617,0.26810078365098744,0.27421343326568604,650014400
1989-12-12,0.27421337630917675,0.27596065345040127,0.2445217910042569,0.2515084743499756,1025416000
1989-12-13,0.2515084743499756,0.2550014195927768,0.24801473624705805,0.2515084743499756,389760000
1989-12-14,0.24976122272576895,0.2523817189558571,0.24102887038632717,0.24364857375621796,304752000
1989-12-15,0.24277534194968567,0.2445218029970353,0.22705630638571828,0.23578865826129913,518168000
1989-12-18,0.23578876817205943,0.24452191697867237,0.23578876817205943,0.24277545511722565,307204800
1989-12-19,0.24102893950893362,0.24801483271167798,0.24102893950893362,0.2445218861103058,251193600
1989-12-20,0.2497611790895462,0.25325491693900665,0.24626823410014465,0.2497611790895462,177990400
1989-12-21,0.2497612411315384,0.2532549798488617,0.24801477986271428,0.2532549798488617,304808000
1989-12-22,0.25325494141987176,0.2602408320739653,0.2515084804160562,0.255001425743103,184587200
1989-12-26,0.2567478928211215,0.2567478928211215,0.24626826373191607,0.24801474809646606,135284800
1989-12-27,0.248014632247221,0.2497610924765718,0.244521688469114,0.24539493024349213,257006400
1989-12-28,0.24452168077162595,0.24626814094599858,0.23928227692910345,0.24190197885036469,151256000
1989-12-29,0.24277535018669338,0.24976121793252842,0.24015562354766098,0.24626827239990234,152409600
1990-01-02,0.24626816474107951,0.26198719396662484,0.24452170439795928,0.26024073362350464,183198400
1990-01-03,0.2654811577885617,0.2654811577885617,0.2619874179363251,0.2619874179363251,207995200
1990-01-04,0.2672274380528801,0.27072035904704955,0.26024075656581763,0.2628612518310547,221513600
1990-01-05,0.26373448967933655,0.26722743393914417,0.2584942687700275,0.26373448967933655,123312000
