Date,Open,High,Low,Close,Volume
2014-08-12,9.121969667195176,9.26026204352627,9.116650612585603,9.15388298034668,25514800
2014-08-13,9.297490616409902,9.297490616409902,9.212387806404292,9.26557731628418,26177800
2014-08-14,9.25493975337103,9.297491160865622,9.164517885631827,9.270896911621094,19733500
2014-08-15,9.302811282132964,9.302811282132964,9.132605632604843,9.207070350646973,20958100
2014-08-18,9.244301647870989,9.318767371865707,9.244301647870989,9.270896911621094,17174900
2014-08-19,9.313451160234868,9.318770214607497,9.212391156166715,9.233667373657227,15899400
2014-08-20,9.228345373080215,9.270896779970558,9.175155860840894,9.260258674621582,14204600
2014-08-21,9.270897191691109,9.302810494649744,9.238983888732472,9.254940032958984,15051300
2014-08-22,9.212387399366634,9.249619750285833,9.121965540917657,9.132603645324707,20294800
2014-08-25,9.153880250276824,9.196432674462494,9.148562211759247,9.164518356323242,10770300
2014-08-26,9.180476148898931,9.22834661490552,9.143243789672852,9.143243789672852,12167200
2014-08-27,9.164520681318953,9.25494257664185,9.153882572573696,9.233667373657227,18221100
2014-08-28,9.185793558717108,9.281534473599802,9.153879244085864,9.26557731628418,16855000
2014-08-29,9.292171976162948,9.302810081511925,9.249620569272604,9.260258674621582,15373400
2014-09-02,9.297493812580987,9.371959557813897,9.297493812580987,9.361321449279785,18538300
2014-09-03,9.419827625654023,9.504931466849012,9.276217239681952,9.292173385620117,25723900
2014-09-04,9.286851868795114,9.37727372498122,9.143241520915787,9.185792922973633,20733700
2014-09-05,9.201751500656169,9.201751500656169,9.010270647957917,9.11664867401123,29801700
2014-09-08,8.90389296318922,8.973039654433231,8.887935800323863,8.935806274414062,47565300
2014-09-09,8.930484602578462,8.94644074444854,8.824105589085796,8.845380783081055,26656600
2014-09-10,8.856018887331413,8.893251237702207,8.834743693336156,8.845380783081055,16644400
2014-09-11,8.824106262206525,8.866657667948408,8.781554856464645,8.86133861541748,14658900
2014-09-12,8.850700464441802,8.871976674455139,8.776235758406187,8.824106216430664,16470100
2014-09-15,8.808150119243653,8.840064438105497,8.733685404243992,8.760279655456543,23691600
2014-09-16,8.712409988476784,8.792194778422584,8.595393852131755,8.78687572479248,23772600
2014-09-17,8.824107672234618,8.882616244918525,8.786875313074205,8.792194366455078,25366300
2014-09-18,8.797515232389888,8.856022802622423,8.77623901448285,8.818790435791016,19453000
2014-09-19,8.87197904287336,8.919849513677093,8.818789518146346,8.856021881103516,35006900
2014-09-22,8.818786890398012,8.834744047413077,8.691132677793993,8.701770782470703,23800300
2014-09-23,8.675175573009751,8.696451782491268,8.58475371172431,8.60071086883545,28285100
2014-09-24,8.637943084599597,8.749641153603749,8.637943084599597,8.728364944458008,22021600
2014-09-25,8.723048644295025,8.723048644295025,8.600713446626717,8.616670608520508,19054900
2014-09-26,8.632625341060267,8.68581485748291,8.606031090101768,8.68581485748291,20432100
2014-09-29,8.590075161986572,8.723048464848612,7.887976285195933,8.036906242370605,82938700
2014-09-30,7.983715363165029,8.058180070755059,7.7071307142512735,7.866698741912842,115056700
2014-10-01,7.856060621457937,7.887973920516144,7.744363060248729,7.760319709777832,55948300
2014-10-02,7.7975532707263016,7.802872323812059,7.680536639103759,7.744364261627197,37781800
2014-10-03,7.7975520610966536,7.813508710625757,7.71244925393778,7.760319709777832,38177500
2014-10-06,7.797556827316468,7.818832542110866,7.712453968138872,7.723092079162598,23974300
2014-10-07,7.6964923244041294,7.707129921285613,7.489053859061593,7.499691963195801,42850700
2014-10-08,7.483735148762514,7.574157009021779,7.24438337459206,7.558200359344482,50319300
2014-10-09,7.558201970057939,7.563521023501487,7.3401258514010275,7.361401557922363,31768500
2014-10-10,7.29225787570687,7.403955499909283,7.191198362025177,7.334809303283691,41079500
2014-10-13,7.329487482706672,7.3826770007365266,7.191195648884159,7.201833248138428,37691700
2014-10-14,7.2337454917118125,7.467778204335077,7.201831686364094,7.329485893249512,43392900
2014-10-15,7.228429064457511,7.324170008014165,7.0529043394389195,7.244385719299316,46497000
2014-10-16,7.122048438055466,7.4784168379447085,7.10609128062561,7.4358649253845215,41375500
2014-10-17,7.552883259966946,7.579478021140823,7.4305480687211425,7.4571428298950195,31548000
2014-10-20,7.46777820661869,7.542243414284319,7.419907752208839,7.536924362182617,18972600
2014-10-21,7.584795951843262,7.595433550386113,7.499693134489235,7.584795951843262,29926800
2014-10-22,7.600752612994984,7.622028317360673,7.489055038261914,7.515649795532227,24285200
2014-10-23,7.606074583151774,7.707134090836204,7.595436473262361,7.659263610839844,30418400
2014-10-24,7.664578566763276,7.680535215810772,7.260339737706729,7.329485893249512,91944000
2014-10-27,7.377357123292324,7.387995228610952,7.2762976590292645,7.350762367248535,61472200
2014-10-28,7.387999534166445,7.531610488891602,7.372042366889035,7.531610488891602,36821800
2014-10-29,7.587953815097034,7.6094190099893195,7.3840342077350085,7.464528560638428,31263900
2014-10-30,7.448428949609362,7.496725760594792,7.341102987292048,7.485992908477783,25506000
2014-10-31,7.582587134787049,7.593319475988879,7.534290319952323,7.561121940612793,37277800
2014-11-03,7.566486912778466,7.604050867420766,7.480625640813854,7.507457256317139,31620700
2014-11-04,7.480626482419278,7.512824526999751,7.437696097492353,7.485992908477783,19695700
2014-11-05,7.528921475071855,7.539654324596742,7.4430607259544965,7.480624675750732,26042800
2014-11-06,7.469895251688559,7.630884474963955,7.469895251688559,7.614785194396973,36431700
2014-11-07,7.630884643577845,7.657716266678395,7.582587824350984,7.604053020477295,30254700
2014-11-10,7.614784555050782,7.620150981455871,7.485993391952174,7.512825012207031,36413300
2014-11-11,7.539655616207701,7.743575186179904,7.51282399956942,7.711377143859863,35345600
2014-11-12,7.684544566633386,7.850900159579425,7.6523470401086415,7.824068546295166,36221100
2014-11-13,7.8938344228817785,8.140684465453834,7.888467995228521,8.011893272399902,50292300
2014-11-14,8.054823132151128,8.194347171193598,8.044090277561397,8.124585151672363,37093200
2014-11-17,8.237275768288937,8.371433350757679,8.156780911745354,8.339235305786133,46517300
2014-11-18,8.425097898449167,8.451929523098853,8.183614300143333,8.317771911621094,43647800
2014-11-19,8.30703724468445,8.30703724468445,8.188978940816002,8.285572052001953,22633500
2014-11-20,8.24800694433087,8.398263272187254,8.199710139577265,8.296303749084473,21163200
2014-11-21,8.392900043862513,8.398265959174887,8.248009583244647,8.280207633972168,25609600
2014-11-24,8.323134874631627,8.419727966687367,8.31776844958118,8.408995628356934,32797900
2014-11-25,8.446564266733455,8.500227523471985,8.376802237681664,8.414366722106934,32253500
2014-11-26,8.39826382085686,8.414363098006842,8.328502333622367,8.376798629760742,20003200
2014-11-28,8.39826415042483,8.441194534301758,8.301671042587014,8.441194534301758,18620300
2014-12-01,8.468024795438104,8.52705444763918,8.425094418439393,8.462658882141113,30022000
2014-12-02,8.510957824221848,8.559254641336,8.376800226358366,8.53242301940918,32313000
2014-12-03,8.521694370734885,8.655851514967226,8.521694370734885,8.591456413269043,37561100
2014-12-04,8.586085632712825,8.602184911748981,8.451928044701686,8.484126091003418,23264600
2014-12-05,8.532422481005108,8.553887674837966,8.387532550575965,8.42509651184082,29700300
2014-12-08,8.414365240423976,8.451929206463872,8.253376010327676,8.280207633972168,25519100
2014-12-09,8.076288010752942,8.280207633972168,7.915298780656642,8.280207633972168,23382800
2014-12-10,8.280206332932305,8.280206332932305,8.129949468840746,8.135315895080566,24615500
2014-12-11,8.140682643955795,8.312404196271244,8.06555420893249,8.199711799621582,30359300
2014-12-12,8.156781718208267,8.162148144862531,8.044089317321777,8.044089317321777,22684500
2014-12-15,7.974329208733462,8.006527264570611,7.657717637150298,7.663083553314209,47476400
2014-12-16,7.614784670163135,7.759675114667313,7.475261163915768,7.561121940612793,43879300
2014-12-17,7.604051873504416,7.791872695107277,7.571853828286286,7.754308223724365,29504200
2014-12-18,7.888464849729401,7.947494506835938,7.786505323827072,7.9474945068359375,35542500
2014-12-19,7.9367634480535125,8.076287472285921,7.909931826197954,8.06555461883545,40843500
2014-12-22,8.092386361066405,8.178247142864887,8.049455970167163,8.16751480102539,25366800
2014-12-23,8.162147844345279,8.290939008682063,8.162147844345279,8.226543426513672,20828700
2014-12-24,8.24800936911743,8.25337579606114,8.18361378110482,8.210445404052734,7128800
2014-12-26,8.210444033741657,8.312403569802067,8.188978841319964,8.290938377380371,11666400
2014-12-29,8.248009690398703,8.414365349739242,8.231910920711123,8.32850456237793,19137500
2014-12-30,8.307039057052949,8.371435160920466,8.290940286971406,8.317771911621094,14795000
2014-12-31,8.323138338905165,8.39290035828608,8.30167314153955,8.317771911621094,17930200
2015-01-02,8.36606668746761,8.398264219755836,8.146048340339378,8.24264144897461,24777900
2015-01-05,8.113851057623526,8.119217484098625,7.883099836900224,7.920664310455322,44079700
2015-01-06,7.985061226704659,7.995793569677039,7.716745999376292,7.845537185668945,32981600
2015-01-07,7.9313959845455555,8.097751608887712,7.9260300702923665,8.07091999053955,26065300
2015-01-08,8.264110359170488,8.307040762716507,8.172883123692502,8.274843215942383,33943400
2015-01-09,8.2963070461663,8.301673473665067,8.081655063922561,8.162149429321289,23420800
2015-01-12,8.215811618729694,8.221177533764129,8.108485129710964,8.16751480102539,22750800
2015-01-13,8.253376649717552,8.30703938939314,8.0923874071494,8.162149429321289,26279400
2015-01-14,8.08701717272012,8.135313973932112,7.958226044001777,8.108482360839844,36798300
2015-01-15,8.113852561503208,8.135317759611523,7.942130976636693,7.974328517913818,24981300
2015-01-16,7.947496837159117,8.070921589534551,7.915298786408199,8.060189247131348,32089900
2015-01-20,8.092386888294442,8.119218512297236,7.915298886354934,8.05482292175293,28553700
2015-01-21,8.038720672619394,8.108482664564226,7.9850579561952335,8.033354759216309,23281500
2015-01-22,8.054822277155598,8.087019813965773,7.995792606719245,8.06555461883545,23669200
2015-01-23,8.060188382376213,8.092385917902092,7.9904263730426734,8.001158714294434,21620600
2015-01-26,8.038723001983024,8.129950209286328,8.033357087025069,8.092386245727539,25237200
2015-01-27,8.027989434878842,8.044088200836583,7.899198283675837,7.968960285186768,34609100
2015-01-28,8.039433999102098,8.039433999102098,7.817170564856046,7.838854789733887,40579800
2015-01-29,7.9255930084157535,8.109909209052155,7.7521191805192755,8.050277709960938,40731100
2015-01-30,7.996066628316554,8.071961684126448,7.931013944904976,7.974382400512695,30439700
2015-02-02,7.996067186509712,8.294225727371348,7.990645999932109,8.277962684631348,40371800
2015-02-03,8.386383291863797,8.559857115247949,8.370119733176953,8.483962059020996,48335400
2015-02-04,8.500224810725808,8.684540989069514,8.483961253582969,8.603224754333496,41179500
2015-02-05,8.679120293056108,8.684541479076268,8.538172558488514,8.59238338470459,25713200
2015-02-06,8.586961261979843,8.673698160869709,8.549013997963701,8.597803115844727,28187700
2015-02-09,8.543593183102425,8.689962094072163,8.521908957439434,8.630330085754395,20286700
2015-02-10,8.700801757487843,8.749591385091234,8.624907240764898,8.72248649597168,27928500
2015-02-11,8.717067937719603,8.841752119612087,8.679120667924982,8.809226036071777,34285300
2015-02-12,8.858014059526589,8.917646063440392,8.836329318472346,8.868856430053711,23738800
2015-02-13,8.852595882484232,8.868859443801473,8.776701330975209,8.836332321166992,19954600
2015-02-17,8.787540516416843,8.836330154419189,8.673698717068342,8.733330726623535,44362300
2015-02-18,8.760438393341262,8.852596512728555,8.70622755241007,8.787543296813965,22812700
2015-02-19,8.776699674427949,8.933909934879287,8.765857302262885,8.906805038452148,24863900
2015-02-20,8.88512084391649,8.923068114856797,8.809226302035874,8.890542030334473,21523600
2015-02-23,8.852594808775715,8.917648012168824,8.830911096968405,8.87969970703125,19016800
2015-02-24,8.868856430053711,8.901382507649709,8.82548798193059,8.868856430053711,17672500
2015-02-25,8.858017171453314,9.009807310202596,8.858017171453314,8.950175285339355,23320200
2015-02-26,8.8905420799277,8.982700181576345,8.874279554568615,8.87969970703125,20800000
2015-02-27,8.879697813934968,8.89054018451989,8.792960917226313,8.858014106750488,20337000
2015-03-02,8.85801427836561,8.993540811346742,8.85801427836561,8.982698440551758,26341100
2015-03-03,8.711647815031608,8.83633201214623,8.706226628115449,8.76585865020752,37689000
2015-03-04,8.72248751093595,8.74959240320948,8.635750614878226,8.689961433410645,25659400
2015-03-05,8.72248835507069,8.798382887969689,8.72248835507069,8.733330726623535,16548200
2015-03-06,8.695382775428126,8.782119673049596,8.624908399869819,8.635750770568848,24420500
2015-03-09,8.662855507151756,8.727908696187729,8.635750614878226,8.689961433410645,17132400
2015-03-10,8.641173674000473,8.6465948607522,8.505647107164254,8.521910667419434,31687700
2015-03-11,8.549014139225216,8.592382589386755,8.511066357589337,8.538171768188477,20638700
2015-03-12,8.608647848588783,8.798384737718795,8.597805474756465,8.76585865020752,31172200
2015-03-13,8.760438814664132,8.809228470450108,8.67370187859703,8.782123565673828,27877700
2015-03-16,8.814645937297573,8.944751286477176,8.80380356636959,8.939330101013184,37731700
2015-03-17,8.885117530822754,8.93932834080282,8.868855011618372,8.885117530822754,20917700
2015-03-18,8.84175137391002,8.95017302188098,8.733330759924526,8.923067092895508,33748000
2015-03-19,8.901382555104815,8.923066262289295,8.825488028981086,8.858014106750488,18021500
2015-03-20,8.863437015339814,8.966437487951989,8.858015828993324,8.933910369873047,42096800
2015-03-23,8.928487620562228,9.074856524338344,8.923066435164735,8.982698440551758,30709000
2015-03-24,8.988119172310748,9.04775117468809,8.928487169933407,8.977276802062988,16661800
2015-03-25,8.961013807371883,8.971855143061685,8.771276473999023,8.771276473999023,21996200
2015-03-26,8.73333088856574,8.765856969841948,8.652014651389738,8.679120063781738,33327900
2015-03-27,8.706223594547867,8.727908334656744,8.592381810932215,8.66285514831543,53270400
2015-03-30,8.73875139652993,8.825488295861483,8.700803098335149,8.760435104370117,20537600
2015-03-31,8.738751444080508,8.830909529369924,8.717066702136925,8.749592781066895,21792600
2015-04-01,8.760435948451864,8.760435948451864,8.59238331905302,8.624909400939941,27365900
2015-04-02,8.635750614878226,8.695382618662423,8.592382166849365,8.689961433410645,15925400
2015-04-06,8.646593014315386,8.733330432842195,8.619487603337802,8.673698425292969,18522100
2015-04-07,8.64659221725581,8.657434587444458,8.554434138622964,8.619486808776855,26616700
2015-04-08,8.65743448028087,8.722487149629524,8.64659211022643,8.66285514831543,25147000
2015-04-09,8.673698505099049,8.711645770621187,8.608645828349932,8.64659309387207,23461900
2015-04-10,8.657434838892657,8.700802769928838,8.646592468389102,8.689961433410645,17657700
2015-04-13,8.673698617640955,8.717067069369742,8.603224754333496,8.603224754333496,22521100
2015-04-14,8.61949048335311,8.700806226463033,8.614069812940565,8.657438278198242,21745900
2015-04-15,8.67911999898372,8.717067265853565,8.673698813147247,8.71164608001709,25503500
2015-04-16,8.695384711303598,8.722489610100222,8.635752693168293,8.641173362731934,23494400
2015-04-17,8.608646085368568,8.608646085368568,8.516487994641013,8.543593406677246,32149000
2015-04-20,8.614067545975217,8.630330586918678,8.576119761116809,8.624909400939941,15250800
2015-04-21,8.630332165981876,8.662858253819987,8.543595242423118,8.57612133026123,18509500
2015-04-22,8.581540947095545,8.635751772897416,8.52190945230769,8.624909400939941,20312100
2015-04-23,8.586961859138128,8.61948793998742,8.511066808835219,8.543593406677246,28458000
2015-04-24,8.5273293495393,8.603224395394589,8.511066310067704,8.5490140914917,20293300
2015-04-27,8.576118362007595,8.673697625734764,8.549013470521306,8.619486808776855,34824900
2015-04-28,8.635750151334433,8.717065857775571,8.549013259932511,8.706223487854004,56634200
2015-04-29,8.678861391722135,8.810193867729462,8.656972732698712,8.766416549682617,35126900
2015-04-30,8.73905834023422,8.777363896956464,8.613198119918778,8.646031379699707,30269300
2015-05-01,8.700752669150878,8.722641334761477,8.591309341097883,8.651503562927246,20602200
2015-05-04,8.6515019935261,8.689807020929296,8.61866874013275,8.635085105895996,15078700
2015-05-05,8.629613980458894,8.656974418165003,8.492809704460752,8.498281478881836,32248900
2015-05-06,8.542057887568753,8.5694188442017,8.427142287203843,8.470919609069824,26381200
2015-05-07,8.459979956206837,8.514701898041212,8.284870577324217,8.487340927124023,26996600
2015-05-08,8.547532985812023,8.596782619525806,8.531116615196433,8.574893951416016,21336800
2015-05-11,8.563949584960938,8.667921152657238,8.558477809187732,8.563949584960938,17249800
2015-05-12,8.531113439394552,8.563946168403383,8.481863824014487,8.514697074890137,17670000
2015-05-13,8.50375548797153,8.547532823359088,8.41072851980622,8.4326171875,20890400
2015-05-14,8.481867291757382,8.503755960667881,8.317702013995122,8.35600757598877,28794700
2015-05-15,8.356004530571756,8.476391904769782,8.356004530571756,8.470919609069824,18937700
2015-05-18,8.465451542582334,8.558478522754333,8.45450694638936,8.52564525604248,19491900
2015-05-19,8.531116469420077,8.553005137155843,8.454505871411394,8.481866836547852,15145300
2015-05-20,8.503756141933854,8.514700737555915,8.35053545629431,8.372424125671387,22391500
2015-05-21,8.361480669651806,8.509229599484351,8.350536594405199,8.487340927124023,23962000
2015-05-22,8.481867291757382,8.481867291757382,8.35600757598877,8.35600757598877,24795800
2015-05-26,8.356008930627876,8.394313976964337,8.29034239138378,8.312231063842773,25002900
2015-05-27,8.334116957698196,8.41072754669618,8.317700589293965,8.383366584777832,18763900
2015-05-28,8.361479644557875,8.394312910006658,8.339590974881038,8.366951942443848,13959000
2015-05-29,8.37789538428959,8.427144492878881,8.295812492906816,8.301284790039062,19060400
2015-06-01,8.38883704552806,8.454503026640069,8.312226473297304,8.405253410339355,26685300
2015-06-02,8.449031248505007,8.481864502005154,8.323171574132635,8.350532531738281,34974700
2015-06-03,8.366950971244645,8.38336734112997,8.273924005449485,8.31770133972168,24311600
2015-06-04,8.279396882319844,8.301285550988311,8.213730876314443,8.23561954498291,23428400
2015-06-05,8.219199254390308,8.219199254390308,8.08786678314209,8.08786678314209,44736900
2015-06-08,8.115231756159748,8.213731027919414,8.09881538482215,8.153536796569824,30240600
2015-06-09,8.16448205463794,8.213731694514687,8.120704712940183,8.142593383789062,20454700
2015-06-10,8.213730152417323,8.252035188744463,8.18089689137479,8.224674224853516,20961100
2015-06-11,8.268454667475455,8.399787239162903,8.252038291714715,8.361481666564941,27187100
2015-06-12,8.31770151916481,8.399784414096244,8.306757446294153,8.334117889404297,19847300
2015-06-15,8.241091842616783,8.268452287052098,8.191842207645976,8.23561954498291,23825400
2015-06-16,8.21372806358219,8.230144428995118,8.169950741236486,8.208255767822266,23359500
2015-06-17,8.213731650824728,8.252036694139747,8.131648744177735,8.21920394897461,25842100
2015-06-18,8.224674016944594,8.339589644888077,8.2082576477718,8.284868240356445,21360500
2015-06-19,8.257506665650432,8.345061323910787,8.241090297693347,8.268450736999512,24675100
2015-06-22,8.284867399912716,8.345061095351358,8.262978735947126,8.27939510345459,18863800
2015-06-23,8.334118676995065,8.432617951474361,8.328646900976143,8.366951942443848,21177800
2015-06-24,8.481866836547852,8.569421507490915,8.43808950107632,8.481866836547852,35401000
2015-06-25,8.492810636750924,8.514699302438759,8.421672342798725,8.4490327835083,23994400
2015-06-26,8.443562852197612,8.476395596965146,8.399785511262856,8.427145957946777,20428200
2015-06-29,8.334119078919665,8.37242464410176,8.164482011209946,8.21920394897461,38117400
2015-06-30,8.301283558381725,8.30675585470205,8.153534688934345,8.213728904724121,28509300
2015-07-01,8.284867419736594,8.301283787283339,8.098813514650441,8.202784538269043,31744500
2015-07-02,8.213731810548401,8.252036854608297,8.104288454757924,8.137121200561523,18482400
2015-07-06,8.071455063917135,8.153537449040648,8.044094094920272,8.093343734741211,22609800
2015-07-07,8.082399493362292,8.153537280671243,7.945595173070042,8.126176834106445,28151300
2015-07-08,8.027676349552426,8.055037313870619,7.8087896787408555,7.863511085510254,42278500
2015-07-09,7.989373674665545,8.000317750508218,7.808791987390727,7.841624736785889,29660700
2015-07-10,7.923706054687499,7.956539321485186,7.852568266715475,7.9237060546875,20093600
2015-07-13,8.011260986328125,8.016732762385706,7.8908730413214485,8.011260986328125,19864000
2015-07-14,8.049565217519936,8.13164759065599,7.9838992146376935,8.104287147521973,20830700
2015-07-15,8.115230425448903,8.131646794094596,7.994842504357607,8.071453094482422,21892100
2015-07-16,8.065982684264716,8.093343652985189,7.90728969192646,7.972955703735352,33938900
2015-07-17,7.940120317429342,8.038619041442871,7.923703428538005,8.038619041442871,31718000
2015-07-20,8.04956631177926,8.071454982382225,7.951067033132388,7.972955703735352,25428200
2015-07-21,7.9510638132832225,7.962008405086137,7.907286489805284,7.940119743347168,19334700
2015-07-22,7.9291760800355595,7.940120673120065,7.852566015911707,7.890871047973633,30909700
2015-07-23,8.071453119660672,8.137119116315233,7.983898457454591,7.994842529296875,29440400
2015-07-24,8.055035617305757,8.06050739152333,7.836148470729569,7.874454021453857,26050900
2015-07-27,7.852565166584182,7.989369434142326,7.786898658913431,7.962008476257324,43857200
2015-07-28,8.186368854772136,8.208257520619108,7.989370862149381,8.115230560302734,56398500
2015-07-29,8.19815292329658,8.457973158152624,8.187097023515182,8.408220291137695,52125400
2015-07-30,8.408217998568375,8.457970852017782,8.270015862186384,8.34740924835205,34980300
2015-07-31,8.391636763869153,8.397164450546132,8.142872411422841,8.198153495788574,32654400
2015-08-03,8.275547273586733,8.314243718030381,8.209210285740689,8.258962631225586,26702300
2015-08-04,8.25895948267964,8.292128227557567,8.203678944148844,8.242375373840332,18845000
2015-08-05,8.286601557544975,8.314242095553478,8.137343495818111,8.181568145751953,22490000
2015-08-06,8.181569381358651,8.225794037971442,8.082063640380126,8.198153495788574,26811400
2015-08-07,8.209208683760457,8.247905120652716,8.153927607743448,8.181568145751953,14279200
2015-08-10,8.214737773712034,8.292131187924484,8.187097758178556,8.286602973937988,16804900
2015-08-11,8.181567578839337,8.181567578839337,8.076533647124855,8.126286506652832,26971300
2015-08-12,8.043365377767158,8.131814670980368,7.943859659302608,8.115230560302734,20864000
2015-08-13,8.093117572188513,8.209207391794472,8.065477038530078,8.131814002990723,20560700
2015-08-14,8.142871659770432,8.198152739033278,8.115231647338451,8.170512199401855,18398900
2015-08-17,8.15945520690934,8.164983419535009,8.054421275819122,8.115230560302734,16028300
2015-08-18,8.120760083116446,8.203681709665046,8.104175968686521,8.198153495788574,16853800
2015-08-19,8.170510480719303,8.281072088788706,8.159454583512028,8.164982795715332,22521900
2015-08-20,8.131815118379938,8.131815118379938,7.960444207951256,7.977028846740723,24108500
2015-08-21,7.8996350966416085,7.949387956402583,7.650871325036116,7.661927223205566,42103400
2015-08-24,6.766378640386378,7.4518613301145225,5.7713228339296805,7.291546821594238,59805900
2015-08-25,7.656398918466176,7.66192660350413,7.131230354309082,7.131230354309082,47961800
2015-08-26,7.286017703460753,7.379995210045556,7.059366256003067,7.3026018142700195,48377900
2015-08-27,7.4408055136610995,7.556895367842716,7.313659231843383,7.496086597442627,42067900
2015-08-28,7.4850275591181905,7.6508702254193395,7.479499347228314,7.5955891609191895,25699000
2015-08-31,7.606646913405158,7.706152108807674,7.468444755213347,7.667455673217773,38210300
2015-09-01,7.711680378498389,7.8222420004268,7.51819767192352,7.584534645080566,50482900
2015-09-02,7.733792645885916,7.739320858741443,7.534781727881489,7.667455673217773,29602800
2015-09-03,7.706150380905873,7.778015550315666,7.617701103847444,7.650869846343994,27560400
2015-09-04,7.562423581660767,7.57347948209738,7.407636757952286,7.496086597442627,31138400
2015-09-08,7.612175378355407,7.617703064194601,7.485029114464514,7.556894302368164,30030100
2015-09-09,7.634288543155721,7.650872656896541,7.4463334967615245,7.479501724243164,30846300
2015-09-10,7.473973306233381,7.645343694913324,7.379995792234927,7.590062618255615,38696300
2015-09-11,7.601118996990604,7.634287748217943,7.479500945422918,7.579006671905518,22804500
2015-09-14,7.584531889018884,7.623228310832501,7.534779045430402,7.617700099945068,26093500
2015-09-15,7.628757370541912,7.94385804539671,7.623229159039377,7.910689830780029,46666700
2015-09-16,7.916218611735701,8.159454679550667,7.877522180255776,8.093117713928223,41675000
2015-09-17,8.076534460918463,8.22579305454173,7.993613371482935,8.071006774902344,37709000
2015-09-18,7.982554230149654,8.004666548291926,7.855408532631404,7.894104957580566,40712200
2015-09-21,7.849881790784379,7.977028039303504,7.822241256132453,7.9162187576293945,20764100
2015-09-22,7.744847436213967,7.766959755767498,7.590060672139968,7.695094585418701,44081000
2015-09-23,7.700624433928436,7.711680332455568,7.46844476566531,7.562422275543213,31598400
2015-09-24,7.501612281168919,7.573477460017473,7.335770128502323,7.545836925506592,32462000
2015-09-25,7.6674567706373615,7.6674567706373615,7.468445824149108,7.479501724243164,35967400
2015-09-28,7.440805586591777,7.468446128753458,7.219682303697315,7.252850532531738,41124700
2015-09-29,7.263904383159485,7.30260081213727,7.192039209915522,7.269432067871094,44417400
2015-09-30,7.391052926030731,7.507142784646899,7.335772367337012,7.501614570617676,40205300
2015-10-01,7.606647165316801,7.617703064194601,7.446332677593092,7.556894302368164,33326900
2015-10-02,7.4629157532684305,7.7448482526975235,7.418691109499083,7.733791828155518,30097000
2015-10-05,7.8056562941987675,7.888577889103286,7.684038271325049,7.844352722167969,38611900
2015-10-06,7.844352347148136,7.982554471515926,7.8222400283372595,7.910689830780029,27045900
2015-10-07,8.010197423712349,8.15392780303955,7.993613311389802,8.15392780303955,33389600
2015-10-08,8.137344886699088,8.297659401910982,8.115232557952604,8.286602973937988,25994700
2015-10-09,8.308715256925197,8.347412227418054,8.192625399845625,8.27554702758789,29216500
2015-10-12,8.281073570251465,8.292129996636039,8.20920890754945,8.281073570251465,14372100
2015-10-13,8.22579440090232,8.347412475553162,8.198153857499923,8.258962631225586,30615400
2015-10-14,8.258959104147927,8.314240167344346,8.214734464470506,8.297656059265137,22314500
2015-10-15,8.402691361437137,8.4192754732954,8.286601524030464,8.413747787475586,27437600
2015-10-16,8.430331515422843,8.452443839293354,8.352938118276361,8.446915626525879,24240500
2015-10-19,8.419274234845725,8.49113941192627,8.375049591596056,8.49113941192627,17863000
2015-10-20,8.441389449587627,8.62381628592218,8.441389449587627,8.502198219299316,29453800
2015-10-21,8.623814640832528,8.673566973542469,8.485612486506362,8.518780708312988,34039800
2015-10-22,8.56300482596779,8.640398217396056,8.513251969135288,8.612757682800293,23484400
2015-10-23,8.684624151080785,8.706736476600046,8.563006097125134,8.662511825561523,28592800
2015-10-26,8.695677417682463,8.756486689850398,8.607228142382844,8.668037414550781,38062300
2015-10-27,8.297655428287596,8.37504827823826,8.181565626162348,8.231318473815918,64579700
2015-10-28,8.253658427710683,8.376514117214533,8.192230849240968,8.359761238098145,34485300
2015-10-29,8.34300880440673,8.354177746836527,8.158725514830994,8.225737571716309,32247000
2015-10-30,8.231321680848103,8.348592908379945,8.16989409787979,8.27041244506836,29225800
2015-11-02,8.259242446416033,8.320670021525105,8.214567749506818,8.236905097961426,30295900
2015-11-03,8.253659032160622,8.303918205754906,8.220153271474075,8.27041244506836,25878800
2015-11-04,8.281579117117273,8.298331993946096,8.175476853782252,8.181060791015625,27166400
2015-11-05,8.20898435010088,8.214568821084116,8.097297593258483,8.136387825012207,21877700
2015-11-06,8.102879771624657,8.12521711667304,8.030283267076333,8.108464241027832,24085700
2015-11-09,8.108466982912178,8.114050921639251,7.963273924718386,8.002364158630371,25257400
2015-11-10,8.002363349390059,8.007947820116895,7.896261068402356,7.9744415283203125,22197200
2015-11-11,7.9744403616328725,8.030283995602252,7.918597260227857,7.991193771362305,16893000
2015-11-12,7.9353493262580725,7.96885560972763,7.829247071639039,7.8404154777526855,20283700
2015-11-13,7.8292506361072975,7.857171930385459,7.756654099342068,7.773406982421875,25482700
2015-11-16,7.734313223133652,7.862752822544288,7.734313223133652,7.8404154777526855,22636000
2015-11-17,7.829248044488075,8.024699702560007,7.82366357445518,7.901844024658203,25188600
2015-11-18,7.946517715886719,8.097295192340479,7.91859643437837,8.074957847595215,26250400
2015-11-19,8.069375770906769,8.169894118347157,8.052622890521526,8.136387825012207,23593800
2015-11-20,8.164312295776382,8.242493317209348,8.11963757854744,8.153143882751465,18906200
2015-11-23,8.153138296347478,8.2257342626794,8.102879140760555,8.125216484069824,18273900
2015-11-24,8.047035516205243,8.169891170688363,7.996776360618319,8.125216484069824,21251800
2015-11-25,8.119632015101438,8.197812982966019,8.10846360972894,8.125216484069824,12627000
2015-11-27,8.119633427764686,8.14755524490021,8.097296080569139,8.114048957824707,7760600
2015-11-30,8.11963539293082,8.125219864222387,7.980026806028595,8.002364158630371,27860300
2015-12-01,7.9967775423160745,8.130802154541016,7.980024665499589,8.130802154541016,29142200
2015-12-02,8.153137373459785,8.164305777568083,7.952100773868258,7.9632697105407715,21398100
2015-12-03,7.99119674670448,8.007949630107108,7.778991604201142,7.806912899017334,29847300
2015-12-04,7.8627550782062405,7.963273424887241,7.818080375806787,7.92976713180542,28354100
2015-12-07,7.924183447466422,7.929767918961818,7.829250094867276,7.8850932121276855,14530600
2015-12-08,7.834833466801876,7.873924231876183,7.751068530690961,7.801327705383301,30356900
2015-12-09,7.767819808833672,7.896259954611867,7.706392237196324,7.756651401519775,25196900
2015-12-10,7.767818790928255,7.868337106403103,7.756650385077881,7.795740604400635,22039300
2015-12-11,7.728730240622159,7.773404938799733,7.583537205262836,7.617043495178223,29576400
2015-12-14,7.628208539800716,7.672883218279101,7.483015568463875,7.605871200561523,26825200
2015-12-15,7.6728864057736486,7.818079437427034,7.661717997796525,7.745482921600342,43728500
2015-12-16,7.818078384725378,8.01911449432373,7.812493915206564,8.01911449432373,40683800
2015-12-17,8.024702513509736,8.030286985498797,7.790160015614706,7.806912899017334,26179800
2015-12-18,7.751067942090906,7.767820821528015,7.661718541673744,7.706393241882324,40453000
2015-12-21,7.756653025365453,7.7901587868859,7.633797323806702,7.667303085327148,31598000
2015-12-22,7.778990144348381,7.957688953946194,7.76223673152524,7.92976713180542,50646600
2015-12-23,7.968855866347386,8.030283433361356,7.963271396828572,8.01911449432373,22172300
2015-12-24,8.013531118437184,8.02469952569244,7.9576874844678045,7.991193771362305,9000100
2015-12-28,7.974441282905294,8.007947573670714,7.907429233938879,7.918598175048828,13697500
2015-12-29,7.97444023772393,7.985609177370004,7.901843727717505,7.946518421173096,18867800
2015-12-30,7.946519694266506,7.963273106419644,7.885092114064988,7.913013935089111,13800300
2015-12-31,7.896262796265303,7.907431207598411,7.840419141906084,7.868340969085693,19881000
2016-01-04,7.745484059599706,7.818080586092588,7.678472004198078,7.801327705383301,38618500
2016-01-05,7.8013259656164875,7.818078842589731,7.544446210914536,7.661717414855957,50267500
2016-01-06,7.572369888105307,7.572369888105307,7.287568246762821,7.32107400894165,61285500
2016-01-07,7.203800701074868,7.281981677912298,7.036270873310042,7.092113971710205,57846700
2016-01-08,7.2875677544577036,7.3154895760968195,6.980428781556334,7.002766132354736,46199400
2016-01-11,7.147957959038534,7.159126366249637,7.008349407231392,7.131205081939697,41269100
2016-01-12,7.276398719994946,7.281983190764452,7.025103393576074,7.1758809089660645,50983700
2016-01-13,7.10886867801341,7.170296794400695,6.734718171465126,6.812898635864258,102174700
2016-01-14,6.8073134422302255,6.874326022551146,6.6006928285065625,6.807313442230225,62938600
2016-01-15,6.595107447794778,6.701209700389317,6.466667318270547,6.684456825256348,69030000
2016-01-19,6.784975559655958,6.790560029671146,6.6006923096697525,6.673288822174072,41142600
2016-01-20,6.5839400441916105,6.74030149120066,6.405241247609839,6.645367622375488,59879000
2016-01-21,6.706795215606689,6.857572180447035,6.623029761749269,6.7067952156066895,48841800
2016-01-22,6.846403327950434,6.9022464276625195,6.71796318674038,6.779391288757324,44537800
2016-01-25,6.868739871230726,6.874324340318283,6.662119308069691,6.690040588378906,96738600
2016-01-26,6.7793920291112935,6.868741424459646,6.723548390736371,6.846404075622559,45969800
2016-01-27,6.9560850671126175,6.984948600275961,6.771358785182886,6.840631484985352,42064200
2016-01-28,6.944540009101196,6.961858460749972,6.465407190674771,6.759814262390137,75699800
2016-01-29,6.829086889045827,6.892586231231689,6.725178374081519,6.8925862312316895,52137400
2016-02-01,6.881038450807019,7.008037635951631,6.7713571611965895,6.967628479003906,37301200
2016-02-02,6.898355963789242,6.973400907643675,6.60972181843801,6.644358158111572,55649200
2016-02-03,6.736724006340836,6.742496823953238,6.3614996699536945,6.615497589111328,69454600
2016-02-04,6.56354426130736,6.748270046859145,6.5000449101555,6.655907154083252,40223100
2016-02-05,6.6501317738606485,6.75403970434059,6.592404717629341,6.60972261428833,33322200
2016-02-08,6.57508862741296,6.748268742634443,6.494270836590418,6.690542221069336,45274500
2016-02-09,6.621269815171987,6.702087052420564,6.476952690912513,6.551997661590576,48956800
2016-02-10,6.615495781282027,6.678995106087305,6.54045082440704,6.5462236404418945,38160300
2016-02-11,6.448087692260743,6.598177599546955,6.407679082809076,6.448087692260742,45801300
2016-02-12,6.494269790166058,6.68476832663551,6.453861176528923,6.667450428009033,28085000
2016-02-16,6.782904988005959,6.857949960319376,6.65590576174278,6.852177143096924,41072100
2016-02-17,6.921449010919275,7.100402483704911,6.915676193936419,7.083084583282471,37766400
2016-02-18,7.158131160014446,7.181221884381217,6.996496089447051,7.0773138999938965,28784700
2016-02-19,7.036902334423039,7.054220784723054,6.93299438525349,6.984948635101318,26479300
2016-02-22,6.984948123095102,7.250491619110108,6.984948123095102,7.250491619110107,33549700
2016-02-23,7.233175172808608,7.30244733653275,7.169675827026367,7.169675827026367,30136700
2016-02-24,6.990719920659922,6.990719920659922,6.696313463699413,6.97340202331543,60608400
2016-02-25,6.990719190501581,7.158126982082554,6.956083399430192,7.152354717254639,32024800
2016-02-26,7.227401359547841,7.267809975445836,7.158128660113989,7.198537826538086,30228800
2016-02-29,7.16967488913291,7.302446381270929,7.152356988098853,7.2216291427612305,32999100
2016-03-01,7.51026320963107,7.573762545532786,7.342855369048242,7.5564446449279785,71523900
2016-03-02,7.539127352515439,7.7065352066032995,7.527581717496742,7.631490230560303,36598200
2016-03-03,7.648805804650733,7.8566222170028235,7.643032988898339,7.816213607788086,44524500
2016-03-04,7.827761520219646,8.000941639046234,7.752716545149244,7.84507942199707,31818600
2016-03-07,7.77003149117314,7.931666464170194,7.764258675934612,7.862394332885742,26131400
2016-03-08,7.798895980507163,7.839304591118009,7.591079010449029,7.637260437011719,34770600
2016-03-09,7.648806421243381,7.689215033715574,7.510262135173528,7.614170074462891,34146200
2016-03-10,7.648805334324864,7.666123229991157,7.458306830417719,7.591078281402588,39076500
2016-03-11,7.654578561075173,7.67766927337977,7.619942217355272,7.671896457672119,27583000
2016-03-14,7.666125927486041,7.718080183292141,7.608399404777396,7.660353660583496,20609600
2016-03-15,7.573761113119527,7.643033252963562,7.533352502508682,7.637260437011719,27729900
2016-03-16,7.625717300960754,7.798897970012385,7.608399399213441,7.793125152587891,47035000
2016-03-17,7.775806427001953,7.8970328274416675,7.729624993551216,7.775806427001953,31521700
2016-03-18,7.816216252850257,7.908579134040763,7.787352714846675,7.873943328857422,32182400
2016-03-21,7.873941044409877,7.943213185204997,7.82775961721313,7.885486125946045,20905200
2016-03-22,7.8797152255519185,7.9258966639758315,7.798897983573157,7.84507942199707,26148000
2016-03-23,7.833533523344251,7.856624241778658,7.614171422954303,7.654580593109131,31535500
2016-03-24,7.567989857675016,7.573762674817206,7.377491296191916,7.539126873016357,36203200
2016-03-28,7.579535362576433,7.602626080224888,7.544899010840685,7.5564446449279785,18684200
2016-03-29,7.533355455012769,7.619945526123047,7.487174010350455,7.619945526123047,26077400
2016-03-30,7.666126640956987,7.758489526307784,7.648808737585268,7.706535816192627,25322500
2016-03-31,7.700762275900666,7.804670787436879,7.700762275900666,7.793125152587891,32943400
2016-04-01,7.6661242198310555,7.694987750019015,7.5333527517029095,7.562216281890869,57914000
2016-04-04,7.567989575963384,7.573762392890686,7.365945938242943,7.389036655426025,42406300
2016-04-05,7.348625238685635,7.41789791956266,7.227399423465728,7.371716499328613,32425000
2016-04-06,7.3601708475591,7.429442977708307,7.302443797171785,7.400579452514648,22597400
2016-04-07,7.371719341744841,7.383264425991974,7.1523572357876475,7.227402210235596,37688100
2016-04-08,7.285126204593905,7.377489048625844,7.221626886953441,7.244717597961426,20015300
2016-04-11,7.279355896497634,7.389037224458468,7.262037994908195,7.3082194328308105,27744800
2016-04-12,7.342854049385612,7.41212618988134,7.30821770387473,7.394808292388916,23417000
2016-04-13,7.429445549419333,7.573762674817206,7.4179004656610985,7.539126873016357,29331100
2016-04-14,7.5564446449279785,7.608398897268534,7.516036026674717,7.5564446449279785,22453700
2016-04-15,7.562215366195161,7.573760446556742,7.417898283256521,7.469851970672607,22986100
2016-04-18,7.492943834166102,7.66612447042891,7.47562593569764,7.648806571960449,30137700
2016-04-19,7.706534003521009,7.79312405053878,7.666124837790101,7.758487701416016,28808300
2016-04-20,7.746944091957377,7.920124769452675,7.735398456545465,7.873943328857422,32199000
2016-04-21,7.972077425296848,8.012486040063662,7.82776031481413,7.879714012145996,38126300
2016-04-22,7.868167373055652,7.954757402005121,7.798895239790882,7.856621742248535,28846300
2016-04-25,7.845077740208215,7.879713536338014,7.775805597422564,7.8393049240112305,19494800
2016-04-26,7.8854870993880795,7.977849965183519,7.868169199682961,7.937441349029541,35214200
2016-04-27,7.960787374056031,8.00164167557496,7.93160549157189,7.97245979309082,27151400
2016-04-28,8.048332270082126,8.299295674133242,8.001641481877002,8.22342300415039,87588800
2016-04-29,8.130040409311274,8.188403608957625,7.896585940931784,7.914095401763916,69695100
2016-05-02,7.978294290517696,8.048330457048454,7.937439999190914,7.949112415313721,57955400
2016-05-03,7.879075359868249,7.9082572317799364,7.674802813084352,7.838221073150635,45594000
2016-05-04,7.756513119202948,7.809040385288877,7.66896804679173,7.768186092376709,28895000
2016-05-05,7.791533473941322,7.838224265376329,7.7156607987099,7.77402400970459,23838100
2016-05-06,7.739004533754646,7.867403904349295,7.727331560101668,7.844058513641357,23284500
2016-05-09,7.832387777297419,7.879078568732427,7.750678613987087,7.77402400970459,21602000
2016-05-10,7.809040784938934,7.890749931542968,7.809040784938934,7.8732404708862305,23583400
2016-05-11,7.844060196857102,7.90242396444993,7.762351590144908,7.77402400970459,20229600
2016-05-12,7.820716233207013,7.861571100642267,7.686480322400686,7.791534900665283,24784300
2016-05-13,7.7856972383125855,7.890751800746802,7.686479164146527,7.71566104888916,27481900
2016-05-16,7.7156607987099,7.809042381579915,7.709824310630989,7.77402400970459,21262700
2016-05-17,7.668967247009277,7.768185282246989,7.628112401759789,7.668967247009277,34165300
2016-05-18,7.65729911012059,7.785699099727313,7.616444795672297,7.680644512176514,23509700
2016-05-19,7.645624638887126,7.7039878500904395,7.5989338472852195,7.6397881507873535,24117800
2016-05-20,7.674806191952259,7.739006449742004,7.6631337720074955,7.698151588439941,19465000
2016-05-23,7.6689696321721,7.703987445736504,7.651460168791787,7.663133144378662,16234300
2016-05-24,7.6806399907401,7.7623491281344705,7.6806399907401,7.756512641906738,19721600
2016-05-25,7.779858436768435,7.937440233564127,7.779858436768435,7.890749454498291,26188300
2016-05-26,7.931605109109425,7.984132383728388,7.803205166329524,7.855732440948486,18369900
2016-05-27,7.867404860140642,7.902423228755852,7.82071407305242,7.84989595413208,17263300
2016-05-31,7.8732404708862305,7.91409532248726,7.820713202112068,7.8732404708862305,26096000
2016-06-01,7.838223883996775,7.844059815193591,7.5697515680093,7.65146017074585,58219600
2016-06-02,7.639786010108337,7.7740218592012065,7.616440620848795,7.709822177886963,41614600
2016-06-03,7.6689685192997805,7.6689685192997805,7.528895615574328,7.610604763031006,39850700
2016-06-06,7.633949916659496,7.709822574808625,7.610604526198073,7.6923136711120605,25588700
2016-06-07,7.721494915601643,7.849894840172374,7.69231359526112,7.809040546417236,27656900
2016-06-08,7.849896760150268,7.873242156091457,7.791533548596368,7.797369480133057,18084800
2016-06-09,7.739006996154785,7.762352394290771,7.66897080174683,7.739006996154785,19873800
2016-06-10,7.686477023558508,7.733167803504658,7.616440853639283,7.645622730255127,27382700
2016-06-13,7.628114067887818,7.6631324348077925,7.563914377898933,7.575586795806885,20745800
2016-06-14,7.581422484065278,7.628113263972534,7.447186630981416,7.493877410888672,30546000
2016-06-15,7.534732970104217,7.680641820978732,7.517224063846743,7.593096733093262,25829700
2016-06-16,7.5464075822586185,7.668971065842803,7.4997167843787595,7.6572980880737305,26581200
2016-06-17,7.680643222515724,7.820715611331636,7.674806733832178,7.739006996154785,37364900
2016-06-20,7.814878540456149,7.908260119392455,7.814878540456149,7.832387447357178,29666700
2016-06-21,7.844060451199695,7.844060451199695,7.692315652414685,7.71566104888916,36721800
2016-06-22,7.72149499174033,7.768186329261188,7.674804210817483,7.6923136711120605,20666600
2016-06-23,7.756513831492822,7.826550007172901,7.75067734436997,7.820713520050049,24579700
2016-06-24,7.464697799336827,7.534733990449041,7.266261646219801,7.307116508483887,96887300
2016-06-27,7.254585707797421,7.254585707797421,7.003622393904514,7.097003936767578,52731800
2016-06-28,7.248750128522758,7.260422544541081,7.126186699041534,7.231241226196289,40640400
2016-06-29,7.289605219652495,7.342132488995709,7.213732559112078,7.3246235847473145,31937900
2016-06-30,7.330462056960314,7.336297988891602,7.155371297263517,7.336297988891602,44983800
2016-07-01,7.517223522051209,7.523060009249074,7.406332491683993,7.423841953277588,45067800
2016-07-05,7.336298661743724,7.347971639873254,7.184553842247454,7.2370805740356445,30243300
2016-07-06,7.190389115243968,7.34213447742107,7.126189411214354,7.336297988891602,35091200
2016-07-07,7.336296392610415,7.493878209029265,7.336296392610415,7.441350936889648,33473000
2016-07-08,7.523061171782586,7.68647894238926,7.523061171782586,7.6397881507873535,45945200
2016-07-11,7.686478289614808,7.779859864888188,7.663132895796463,7.744842052459717,28626300
2016-07-12,7.809041654579407,7.902423228755852,7.809041654579407,7.84989595413208,31320100
2016-07-13,7.873241425337261,7.884914400523501,7.768187431651558,7.867404937744141,26779800
2016-07-14,7.919932839777252,7.995805514699134,7.90826042026519,7.931605815887451,31803000
2016-07-15,7.954952171889086,7.978297570329771,7.8965883974882685,7.919933795928955,19546300
2016-07-18,7.914093743554873,7.984129902414909,7.832384613252541,7.966620445251465,22545800
2016-07-19,7.914093743554873,8.007475288701588,7.879075385825899,7.966620445251465,26183400
2016-07-20,7.943276171392243,8.042494216155237,7.914094851895589,8.019148826599121,22588900
2016-07-21,8.095023705184696,8.19424177719892,8.089187217043118,8.124205589294434,40574400
2016-07-22,8.124201602765496,8.13003808804312,8.001638194924718,8.077510833740234,25134100
2016-07-25,8.089188024870525,8.141715310194067,8.030824807420744,8.07167911529541,26248500
2016-07-26,8.101179491805498,8.189685070816244,8.077578116609532,8.177884101867676,28467200
2016-07-27,8.177882786551589,8.254587384276737,8.112979155876962,8.166082382202148,34625500
2016-07-28,7.540645177569428,7.58784792025366,7.345933723321704,7.499342918395996,142168600
2016-07-29,7.440338673848609,7.599648340981877,7.434438753462999,7.4698405265808105,59754100
2016-08-01,7.440340629025494,7.4462411136626745,7.3164332651506285,7.363636016845703,51963100
2016-08-02,7.2869310646006165,7.292830985805679,7.021414915833725,7.045016288757324,101624900
2016-08-03,7.092220872810885,7.1984267887171995,7.045017555773256,7.1571245193481445,47323300
2016-08-04,7.1512230245311725,7.216126661903159,7.109920760994557,7.127621650695801,38443200
2016-08-05,7.174823545538739,7.233827254464323,7.174823545538739,7.192524433135986,31219500
2016-08-08,7.210223506039797,7.2751271142967076,7.168920698330048,7.186622142791748,33310600
2016-08-09,7.174822524614248,7.304630328159194,7.168922042021071,7.2633280754089355,30097800
2016-08-10,7.257428585409464,7.2928303604084235,7.216125764309255,7.227926731109619,24555800
2016-08-11,7.2633280754089355,7.298729845566017,7.23382622514404,7.2633280754089355,24987300
2016-08-12,7.25152699725893,7.298729731867046,7.227925629954871,7.275128364562988,18816900
2016-08-15,7.298733657866753,7.3400359321901645,7.292833172191613,7.334136009216309,16371100
2016-08-16,7.28693161609713,7.334134365516773,7.27513064739164,7.281031131744385,20450100
2016-08-17,7.275129279452312,7.3105316162109375,7.21612557242162,7.3105316162109375,23434500
2016-08-18,7.275128364562988,7.292829249365786,7.239726594957392,7.275128364562988,23629500
2016-08-19,7.257428392423526,7.322332019996445,7.2279265389081795,7.3105316162109375,21891400
2016-08-22,7.286932452244174,7.304633344632359,7.251530104766582,7.292832374572754,22458400
2016-08-23,7.316432274358639,7.334133725873048,7.275130012893902,7.328233242034912,34634100
2016-08-24,7.3223322759290985,7.340033163576573,7.2456276791886145,7.2574286460876465,19999600
2016-08-25,7.257428711435132,7.387236534987928,7.204325485313484,7.357734680175781,44713700
2016-08-26,7.357735418338866,7.404938165693473,7.281030813212345,7.304632186889648,22645900
2016-08-29,7.304631454054134,7.375435567982638,7.304631454054134,7.357734680175781,22243200
2016-08-30,7.357735947068329,7.410839182333562,7.334134571695022,7.404938697814941,26040400
2016-08-31,7.3636354511514215,7.440340057438558,7.3636354511514215,7.4344401359558105,26030600
2016-09-01,7.469842330614096,7.505244674982927,7.2869318123617965,7.340034484863281,40510400
2016-09-02,7.393139585485624,7.416740966786165,7.351837308885006,7.375438690185547,21079800
2016-09-06,7.369535876431345,7.47574234008789,7.334134097013256,7.475742340087891,36098900
2016-09-07,7.4462421612503045,7.52294678422142,7.4462421612503045,7.493444919586182,22879100
2016-09-08,7.375435465088927,7.522944174390705,7.375435465088927,7.511143207550049,34017900
2016-09-09,7.440339944858861,7.487542692213468,7.304632186889648,7.304632186889648,35733600
2016-09-12,7.269231536140136,7.534747755156022,7.245630156972198,7.493444919586182,42690200
2016-09-13,7.393137197504254,7.481642770819993,7.275130329117736,7.304632186889648,56549100
2016-09-14,7.186625322359401,7.26332992752708,7.145322496376106,7.163023948669434,62450600
2016-09-15,7.16302234065354,7.186623709045273,7.115819603870074,7.145320892333984,57334800
2016-09-16,7.109919121096889,7.157121857880354,7.086317752705156,7.145320892333984,26271600
2016-09-19,7.15122137510717,7.275128699839019,7.115819603870074,7.145320892333984,41175500
2016-09-20,7.133522296577061,7.192525451152771,7.056817689197601,7.080419063568115,37820800
2016-09-21,7.127622026083679,7.145322916717169,7.086319760371812,7.1335225105285645,32934600
2016-09-22,7.180721661304514,7.25152575104866,7.174821179817282,7.186622142791748,36136200
2016-09-23,7.151223238802789,7.210226956509711,7.151223238802789,7.18072509765625,18993500
2016-09-26,7.151221159661745,7.151221159661745,7.080417056619667,7.086317539215088,26758600
2016-09-27,7.09222023532486,7.13352250098145,7.039117000794292,7.068618297576904,28965800
2016-09-28,7.092220244816699,7.133522510528565,7.05681790084855,7.1335225105285645,29341500
2016-09-29,7.098119693488841,7.151222924551285,7.050916946478031,7.062717914581299,23397400
2016-09-30,7.080418529505278,7.163023614921905,7.074518045682424,7.121720790863037,34903800
2016-10-03,7.115820568259486,7.168923232312,7.092219196669118,7.1394219398498535,20683100
2016-10-04,7.145323484657716,7.227928585348421,7.133523077531166,7.198426723480225,23948700
2016-10-05,7.210227355187307,7.39313787733042,7.210227355187307,7.363636016845703,55529100
2016-10-06,7.334132986483004,7.381335727027136,7.275129279452312,7.3105316162109375,25880900
2016-10-07,7.31053245371947,7.3282333427761035,7.19842551005818,7.251528739929199,22093200
2016-10-10,7.2869315072586085,7.304632397351302,7.139422776850144,7.151223182678223,24951400
2016-10-11,7.180722728132287,7.180722728132287,7.027313562877792,7.074516296386719,40053500
2016-10-12,7.080417948565219,7.086318431903945,7.045015611233926,7.056816577911377,20627000
2016-10-13,7.0273141860961905,7.0273141860961905,6.897506376084134,7.027314186096191,39904200
2016-10-14,7.056816037830888,7.080417406678443,7.015513783022923,7.027314186096191,25775700
2016-10-17,7.02731583457071,7.080419067609969,7.009614944458008,7.009614944458008,19875000
2016-10-18,7.033217173391324,7.039117658379529,6.909309802145121,7.01551628112793,39911300
2016-10-19,7.01551343617301,7.10991890689578,7.009612953577589,7.086317539215088,26094000
2016-10-20,7.092219772138337,7.098119693488841,7.0214150889209925,7.062717914581299,18116000
2016-10-21,7.03911754460059,7.104021190318093,6.991914790860366,7.092220783233643,24364200
2016-10-24,7.115820399314226,7.198424916568758,7.115820399314226,7.192524433135986,33733600
2016-10-25,7.198499946063449,7.228369353914979,7.025258064178456,7.0790228843688965,42486000
2016-10-26,7.049151139106032,7.126811345884218,7.025255734690542,7.096941947937012,36219900
2016-10-27,7.055129752174437,7.0670771773493914,6.929678654422778,7.013312339782715,48402000
2016-10-28,7.013308789213103,7.079021588398613,6.9475965597390585,7.00136137008667,37142400
2016-10-31,7.019286337226069,7.055129752174437,6.983442922277701,7.013312339782715,31898400
2016-11-01,7.037202614235675,7.073046002975326,6.869934796110422,6.935647010803223,35613600
2016-11-02,6.875909187903388,6.90577858529993,6.78630099571376,6.810196399688721,36229400
2016-11-03,6.804225594291908,6.846042424911653,6.732539354781663,6.780330181121826,38651500
2016-11-04,6.756433044975748,6.869936086161025,6.750459050778774,6.774354457855225,24752400
2016-11-07,6.881883692952177,6.9416219224750755,6.804223481832138,6.917726516723633,25120700
2016-11-08,6.869936824058379,6.875910818897017,6.780329180324828,6.8579888343811035,28497900
2016-11-09,6.660850477612075,6.947595916340789,6.613059666109192,6.917726516723633,60625700
2016-11-10,6.917727588862609,7.156681683411152,6.917727588862609,7.132786273956299,52756500
2016-11-11,7.096943354175753,7.407583673129598,7.073047945025458,7.335897445678711,79259300
2016-11-14,7.329921634081021,7.467320049530963,7.180575233090402,7.204470634460449,56109900
2016-11-15,7.204472421640545,7.252263236235884,7.138759624288367,7.192524433135986,31498500
2016-11-16,7.168630123138428,7.198499529260479,7.120839301227761,7.168630123138428,25195500
2016-11-17,7.108890977478596,7.144734377086265,7.037204747974769,7.090969562530518,38502500
2016-11-18,7.0909698244776305,7.108891240087744,7.007335602111217,7.025257587432861,30662000
2016-11-21,7.031231614629342,7.1088912725314355,7.031231614629342,7.043179035186768,19508600
2016-11-22,7.025257917136883,7.114865569104378,7.007335930974137,7.1029181480407715,24274700
2016-11-23,7.108891963958741,7.1686307816907995,7.0790231248043,7.10889196395874,22414000
2016-11-25,7.138759624288367,7.204472421640545,7.1268122054952565,7.192524433135986,11439600
2016-11-28,7.180576487160047,7.198497898889684,7.102916276716408,7.120837688446045,24407200
2016-11-29,7.126811682259727,7.168628499532684,7.090968289089044,7.120837688446045,23690800
2016-11-30,7.15070885475642,7.252264495837966,7.120839448018634,7.144734859466553,47646200
2016-12-01,7.306028961297306,7.6465392966825725,7.276160123383979,7.425506591796875,95143600
2016-12-02,7.5151134486811655,7.5151134486811655,7.258237367921102,7.312002182006836,38689800
2016-12-05,7.353818853992421,7.4673218961407235,7.341870865497101,7.431478500366211,36220000
2016-12-06,7.407583046824868,7.5210866579757605,7.389661633905259,7.503165245056152,23923900
2016-12-07,7.52108695306377,7.8556226660086335,7.491217550551539,7.801858425140381,58600400
2016-12-08,7.807831908797139,7.8556227252927835,7.74809367303332,7.783936500549316,41459500
2016-12-09,7.766012423400111,7.885489423664012,7.712247630853538,7.867568016052246,45256100
2016-12-12,7.8138058500051155,7.82575383890329,7.652511987860036,7.658485412597656,39596800
2016-12-13,7.670433153375813,7.694328560687735,7.6166683444961265,7.6286163330078125,39570500
2016-12-14,7.556930023814647,7.640564239601524,7.467322383102017,7.485243797302246,42820100
2016-12-15,7.491218895047415,7.598748535505871,7.479271473725125,7.5151143074035645,23774800
2016-12-16,7.562907670871532,7.586803091249019,7.503169404783696,7.544986248016357,28354900
2016-12-19,7.521087532995527,7.646538577450926,7.521087532995527,7.562904357910156,22830000
2016-12-20,7.586797436442967,7.658483644144239,7.57485002001509,7.634588241577148,17834000
2016-12-21,7.60472048934816,7.628616466790594,7.5509562492370605,7.5509562492370605,18117100
2016-12-22,7.544983715542181,7.550957711059321,7.4075846672058105,7.4075846672058105,27821100
2016-12-23,7.425505671407509,7.443427085876465,7.383688278031289,7.443427085876465,15621200
2016-12-27,7.425503870502477,7.473294677303332,7.383686487268213,7.401608467102051,19467400
2016-12-28,7.389661262032877,7.437452073887804,7.3000536322327445,7.317975044250488,26875400
2016-12-29,7.317977788900945,7.353821196091129,7.300056370161669,7.306029796600342,19819100
2016-12-30,7.312002924461543,7.335898336513579,7.216421276253403,7.246290683746338,27405700
2017-01-03,7.288106506996482,7.527061164263988,7.246289684102049,7.521087169647217,40510800
2017-01-04,7.6286140155244455,7.927306801039834,7.610692038201403,7.867568016052246,77638100
2017-01-05,7.891465813438955,7.897439807694797,7.54498212256036,7.6286163330078125,75628400
2017-01-06,7.646538881624706,7.670434292485252,7.550957238182521,7.62264347076416,40315900
2017-01-09,7.640567929526304,7.682384772758965,7.544986248016357,7.544986248016357,39438400
2017-01-10,7.586799601543634,7.777963446345524,7.562904192157335,7.676407814025879,58703500
2017-01-11,7.592774061515617,7.598748056656083,7.473297007263947,7.568878650665283,49718700
2017-01-12,7.562903992541649,7.5748519817751925,7.377714717113603,7.521087169647217,36493300
2017-01-13,7.5390122504940456,7.568881668393844,7.467325989361585,7.544986248016357,29197100
2017-01-17,7.556927340813884,7.604718141521239,7.491215132269089,7.533031940460205,49069500
2017-01-18,7.545174389884415,7.557314353067084,7.46626260307189,7.533033847808838,33830800
2017-01-19,7.526965687821617,7.624088314987008,7.490545209166032,7.5451765060424805,30135600
2017-01-20,7.557316366144513,7.575526605215716,7.472334864550191,7.502685070037842,29270000
2017-01-23,7.4966144166990745,7.514824653439342,7.417702618967264,7.472333908081055,31670700
2017-01-24,7.4966117211170245,7.65443468093872,7.49054145142198,7.654434680938721,34625200
2017-01-25,7.715138043466518,7.769769325847683,7.672647303344687,7.763699054718018,46747800
2017-01-26,7.678717810812316,7.696928626134714,7.4966142887321645,7.508754253387451,55672800
2017-01-27,7.575524196438485,7.611945241893212,7.51482322587111,7.581594467163086,34613900
2017-01-30,7.563385541568688,7.563385541568688,7.454122965206215,7.508754253387451,39254200
2017-01-31,7.472334864550191,7.520895888002107,7.399492750479253,7.502685070037842,46974500
2017-02-01,7.557314883784826,7.636226676138987,7.417702113468736,7.478403091430664,44396800
2017-02-02,7.466264041423691,7.5087547890880995,7.423772714866262,7.454123497009277,29035400
2017-02-03,7.539104319888392,7.660506849417005,7.520894085182332,7.624086380004883,38245300
2017-02-06,7.618017500453335,7.6605082488272656,7.563386207462265,7.599807262420654,26916800
2017-02-07,7.587667804944701,7.599808351301306,7.4723355090225105,7.490545749664307,32914400
2017-02-08,7.490542456753734,7.557313695682483,7.448051720971153,7.514822959899902,26411400
2017-02-09,7.514822959899902,7.569454236701996,7.49661272726349,7.514822959899902,32924600
2017-02-10,7.551243426527873,7.593734741210937,7.508752690737667,7.5937347412109375,32996500
2017-02-13,7.6119458376055595,7.660506849417005,7.575524789300514,7.624086380004883,24474000
2017-02-14,7.672648396955488,7.709068871138797,7.642297615874063,7.678718090057373,28355700
2017-02-15,7.660511355936109,7.672651905477464,7.618020590327894,7.666581630706787,25114400
2017-02-16,7.654439245561368,7.67265006550628,7.575527429146121,7.611948490142822,22896500
2017-02-17,7.587667061680896,7.636228084564209,7.539106038797582,7.636228084564209,26407400
2017-02-21,7.654436672071887,7.721208498301036,7.654436672071887,7.70299768447876,29156200
2017-02-22,7.684788568784199,7.751560404738191,7.678718296626014,7.690858840942383,24787500
2017-02-23,7.7090678612284504,7.721208403627773,7.618016108805222,7.624086380004883,22520600
2017-02-24,7.593735652855003,7.593735652855003,7.514823863419051,7.569455146789551,40817300
2017-02-27,7.5815959205526635,7.6969287708578396,7.545175447009021,7.684788227081299,41713100
2017-02-28,7.6665780069991305,7.684788243810594,7.557315428344367,7.605876445770264,36089800
2017-03-01,7.6847874495494155,7.739418733230381,7.678717178275323,7.70299768447876,36178600
2017-03-02,7.7212092795179315,7.739419516289752,7.636227209761117,7.684788227081299,33245100
2017-03-03,7.684788362052258,7.7151391431336815,7.6058765627977545,7.678718090057373,30429200
2017-03-06,7.636227738486015,7.648368283103155,7.587666717803515,7.599807262420654,28753600
2017-03-07,7.593736745110535,7.605876710442966,7.539105453882069,7.563385963439941,25906900
2017-03-08,7.5876662089588,7.672648278900615,7.563385700245852,7.605876445770264,27327800
2017-03-09,7.61194797794291,7.61194797794291,7.526965893931047,7.587667465209961,29149100
2017-03-10,7.618016989573234,7.6665780069991305,7.5694559721473365,7.605876445770264,34866100
2017-03-13,7.624089036772764,7.6665797921913095,7.587667975776063,7.611948490142822,22625800
2017-03-14,7.593734786012864,7.624085559853301,7.557313741625767,7.618015289306641,26956700
2017-03-15,7.624087378782408,7.678718090057373,7.599806869695869,7.678718090057373,34296200
2017-03-16,7.678718469433221,7.721209796603747,7.642297993450517,7.70906925201416,28954700
2017-03-17,7.733350819034597,7.733350819034597,7.557316950682394,7.575527191162109,54929100
2017-03-20,7.575526046688316,7.5815963188955235,7.435913259280676,7.454123497009277,45329700
2017-03-21,7.466263480746737,7.478403445356484,7.102055280166711,7.114195823669434,101559900
2017-03-22,7.114195729327714,7.180966981028305,7.053494170405017,7.1445465087890625,71107900
2017-03-23,7.023142632508008,7.13240519521231,6.980651893186516,7.083844184875488,71209300
2017-03-24,7.077775919152114,7.144547761452878,7.011004655744422,7.053495407104492,43772400
2017-03-27,6.9867239988753616,7.011004510419695,6.926022430567999,6.95637321472168,57713400
2017-03-28,6.986721957857321,7.162755759852576,6.968511145349168,7.0717034339904785,57662800
2017-03-29,7.120266913008573,7.138477731834302,7.065636193210657,7.089916706085205,35795700
2017-03-30,7.083846433143296,7.126337185950482,7.047425374384928,7.089916706085205,28008200
2017-03-31,7.0777751696068245,7.089915713791472,7.0413546948389,7.0656352043151855,26717500
2017-04-03,7.065633656161799,7.065633656161799,6.847108539863333,6.944230556488037,65671100
2017-04-04,6.907811776914102,6.968512762684148,6.847110212251032,6.9017415046691895,40068200
2017-04-05,6.968512508566079,6.980653052613177,6.828899725382456,6.834969997406006,43316100
2017-04-06,6.841040134429932,6.8956708448847985,6.810689353804123,6.841040134429932,36165300
2017-04-07,6.8349699253758045,6.8653207062806985,6.804619144470911,6.81675910949707,28874900
2017-04-10,6.834969655264608,6.889600942955843,6.822829111825234,6.828899383544922,25857100
2017-04-11,6.841040101635027,6.847109794616698,6.7803385406744034,6.847109794616699,36366300
2017-04-12,6.841040197335382,6.85925043432112,6.798548872511333,6.81675910949707,56588400
2017-04-13,6.8106878531414035,6.8288980859472606,6.743916034698486,6.743916034698486,32789900
2017-04-17,6.810689321154715,6.859250338366019,6.7621283039434115,6.847109794616699,44731700
2017-04-18,6.859411055935408,6.8778672934871885,6.816347675037047,6.853259563446045,35660000
2017-04-19,6.884022235870362,6.93938980288376,6.8717186580311935,6.884022235870361,37524400
2017-04-20,6.920932523012278,7.074731023523661,6.914780442185089,7.056275367736816,49990200
2017-04-21,7.050123451124613,7.062427026370851,6.963996077622017,6.976300239562988,26076200
2017-04-24,7.062427419362314,7.074731581987955,6.988604203692768,7.031668186187744,41071300
2017-04-25,7.056276502467411,7.074732161222139,7.031668761896171,7.062427997589111,35862500
2017-04-26,7.056274264075852,7.197768580801952,7.043970104345951,7.136249542236328,51685800
2017-04-27,7.173161969979792,7.1854661316341675,6.97630007706753,7.056275367736816,50203700
2017-04-28,7.080883104350849,7.080883104350849,7.01321138864122,7.056275367736816,41415100
2017-05-01,7.068578948773348,7.099338766241013,7.0132113946704955,7.025515556335449,32118400
2017-05-02,6.951692675273354,6.994756069748328,6.705614710586262,6.717918872833252,99514700
2017-05-03,6.717917547816018,6.822500559508884,6.711765467905936,6.810196399688721,57290600
2017-05-04,6.822500783551071,6.834804357080636,6.742525502177614,6.7671332359313965,34639800
2017-05-05,6.773284294138686,6.865563135119335,6.754828056586906,6.853259563446045,28926000
2017-05-08,6.877869614220761,6.914780928389826,6.822502056272402,6.847109794616699,35561800
2017-05-09,6.853261248452274,6.927084456726562,6.8286535123608445,6.865564823150635,44142900
2017-05-10,6.865565058800096,6.890172795736146,6.785589767084249,6.791741847991943,34989300
2017-05-11,6.791742955332573,6.8101986143699795,6.748679555347016,6.773287296295166,29276300
2017-05-12,6.767134348431721,6.78559000510746,6.705614710586262,6.717918872833252,34264300
2017-05-15,6.742527342445973,6.785590741594918,6.717919601975889,6.730223178863525,27359500
2017-05-16,6.804046986968589,6.810198482065002,6.705615438393441,6.730223178863525,42130200
2017-05-17,6.730223256165333,6.736375338027218,6.564121152758157,6.619488716125488,54670100
2017-05-18,6.601032317873772,6.656399879960585,6.58257665940977,6.637944221496582,37890800
2017-05-19,6.650246799628599,6.7302214961395865,6.6379426391225,6.687158107757568,32431700
2017-05-22,6.834805306680567,6.847109468614274,6.7548300141956705,6.828653812408447,73335000
2017-05-23,6.865565613209285,6.871717694613774,6.748678999997882,6.797894477844238,40816600
2017-05-24,6.804047130716126,6.804047130716126,6.687159920992669,6.742527484893799,46638800
2017-05-25,6.742526545669477,6.748678626733699,6.6194878578587595,6.681006908416748,46269200
2017-05-26,6.6748560230707685,6.736375079241844,6.650248283263379,6.724071502685547,28176500
2017-05-30,6.767134979861806,6.840958200147832,6.76098289816427,6.81635046005249,36082600
2017-05-31,6.840960025787353,6.847112109126689,6.767136785800201,6.8409600257873535,36398700
2017-06-01,6.920933398092919,7.099339657775967,6.828654520796264,7.019364356994629,76707200
2017-06-02,7.025517225760357,7.031669308054711,6.914782091241429,6.9824538230896,45925000
2017-06-05,6.988604382702639,6.988604382702639,6.908629083671742,6.920933246612549,42558600
2017-06-06,6.884023435772786,6.8901755191121214,6.79789661580192,6.8409600257873535,44543700
2017-06-07,6.865563945490195,6.88401959852581,6.779437173527574,6.810196399688721,37344200
2017-06-08,6.810197569507887,6.828653812408447,6.711766620817162,6.828653812408447,40757400
2017-06-09,6.822502056272402,6.859413370441468,6.773286579583808,6.847109794616699,30285900
2017-06-12,6.847111290221348,6.988605669933779,6.847111290221348,6.939390182495117,38473100
2017-06-13,6.963995350382167,6.9824515913662655,6.8594123315843,6.933236122131348,29889300
2017-06-14,6.933238041539702,6.945541618907236,6.804047252358997,6.902478218078613,44367900
2017-06-15,6.859413061307154,6.945540434978057,6.853261567019381,6.914780616760254,28431600
2017-06-16,6.914781795446148,6.914781795446148,6.810198747695348,6.902478218078613,54035400
2017-06-19,6.8901728795249575,6.939388353995549,6.877869304254677,6.914780616760254,30540900
2017-06-20,6.896327602451457,6.902479685790793,6.822504362464304,6.8409600257873535,31971500
2017-06-21,6.859412977892401,6.859412977892401,6.767134111055893,6.791741847991943,37002500
2017-06-22,6.779438660843573,6.877869614220761,6.767134498324044,6.847109794616699,26972800
2017-06-23,6.828653746743383,6.847109402771739,6.767134111055893,6.791741847991943,45190200
2017-06-26,6.804048277949436,6.890175092588782,6.804048277949436,6.877871513366699,31316800
2017-06-27,6.871718021940709,6.890173680338515,6.80404688335222,6.81635046005249,28491600
2017-06-28,6.834805234502355,6.871717133218938,6.810197497589541,6.8225016593933105,31820000
2017-06-29,6.84711019007456,6.890173587990535,6.810198287078871,6.871717929840088,32917000
2017-06-30,6.877870740298206,6.93938980288376,6.8655665757641815,6.884022235870361,41075000
2017-07-03,6.988603569217455,7.19161754055134,6.920932441004397,7.111642837524414,43949600
2017-07-05,7.080883835246463,7.111643655862742,6.927085318859849,6.951693058013916,39412200
2017-07-06,6.945542665825461,6.988606073145134,6.871719430408197,6.877871513366699,31936000
2017-07-07,6.896326053372512,6.939389453684879,6.86556623028018,6.927085876464844,20871800
2017-07-10,6.914780603247601,6.982452320533473,6.908628522277115,6.976300239562988,18881300
2017-07-11,6.957845452838157,7.031668673625151,6.951693371098872,7.000908851623535,25914300
2017-07-12,7.0193634694684075,7.1485542333657595,7.01321138864122,7.056275367736816,33088200
2017-07-13,7.050122184210902,7.191616500937002,7.043970104345951,7.136249542236328,33650800
2017-07-14,7.167010522245539,7.216225999821019,7.136251288781942,7.185466766357422,39792200
2017-07-17,7.203922596078232,7.228530335454541,7.167010693666375,7.222378253936768,24394200
2017-07-18,7.21007570015025,7.228531360626221,7.179315874893717,7.228531360626221,24625200
2017-07-19,7.234683275056217,7.2777466773986825,7.22237911056131,7.277746677398682,26225900
2017-07-20,7.28397677324604,7.340055391258899,7.265284098651557,7.290207862854004,30315100
2017-07-21,7.221667290689369,7.240359964328298,7.140664912614833,7.184281349182129,27630600
2017-07-24,7.171817098724778,7.196740852387792,7.022274576746696,7.034736156463623,48123400
2017-07-25,7.040969073067128,7.090816593346278,6.991121552787978,7.022276401519775,52854300
2017-07-26,6.941273603624979,6.95373518581014,6.8228853046049265,6.891426086425781,72271700
2017-07-27,6.903888741073517,6.97866002848742,6.872733889427048,6.966198444366455,38687500
2017-07-28,6.947505434407865,6.991122466021697,6.891427412440468,6.959967613220215,24864100
2017-07-31,6.9537372533330615,6.9973536952933175,6.9350445773828735,6.991123199462891,39548600
2017-08-01,6.922581034558201,6.947504795662046,6.773038467935134,6.822885990142822,65140100
2017-08-02,6.841578921409978,6.872733772526524,6.810424664522792,6.85404109954834,30890500
2017-08-03,6.860273770789951,6.885197538585439,6.804195144692729,6.810426235198975,20309300
2017-08-04,6.791731140205683,6.847809751246667,6.716959856894149,6.822885990142822,29267600
2017-08-07,6.816655080468878,6.841578842227784,6.791731318709973,6.804193496704102,35013000
2017-08-08,6.822887308705734,6.854042164663732,6.779270866902207,6.785501956939697,26322100
2017-08-09,6.7792697349451965,6.822886169465942,6.748114884189226,6.804193496704102,32155900
2017-08-10,6.7792707593095844,6.797963434895935,6.71073055267334,6.71073055267334,31903800
2017-08-11,6.723192138321092,6.754346993784637,6.704499462734742,6.71073055267334,32300100
2017-08-14,6.74188405091589,6.82288642826214,6.7231913774450245,6.797962665557861,26413500
2017-08-15,6.804192456079743,6.85403997197394,6.754344940185547,6.754344940185547,29266300
2017-08-16,6.766807916786608,6.791731679870874,6.716960390618078,6.729422569274902,28316300
2017-08-17,6.723190357314233,6.729421445602185,6.604802650989591,6.629726409912109,35518800
2017-08-18,6.617265106946933,6.623496196057512,6.523801147205706,6.5798797607421875,43998700
2017-08-21,6.561187303435619,6.642189689185372,6.554956807785205,6.586111068725586,30152500
2017-08-22,6.611034906008442,6.685806202692588,6.611034906008442,6.635958671569824,28676100
2017-08-23,6.611036790688724,6.71696297307949,6.598575201470194,6.673346519470215,35405800
2017-08-24,6.698270292136889,6.7294251565276335,6.660884336022072,6.673346519470215,33584400
2017-08-25,6.710730922291662,6.779271132703012,6.704499832009863,6.741885185241699,35926800
2017-08-28,6.766807696713107,6.779269874964631,6.685805320766297,6.723191261291504,22307400
2017-08-29,6.69826633624726,6.785499786176735,6.68580416015908,6.754344940185547,29807300
2017-08-30,6.741885759285597,6.816657066345215,6.710731493682901,6.816657066345215,23629300
2017-08-31,6.835348248007326,6.978659727478546,6.822886070194519,6.8727335929870605,54208900
2017-09-01,6.966199752757235,7.1219734460176065,6.941275985604755,7.0721259117126465,64560300
2017-09-05,7.078355312347412,7.097048580490821,7.003584022461946,7.078355312347412,44000200
2017-09-06,7.097051015904704,7.184283920257771,7.097051015904704,7.165591239929199,43279000
2017-09-07,7.178050516429194,7.178050516429194,7.059662202417021,7.103278636932373,30271000
2017-09-08,7.0658937278145295,7.097048580490821,7.034738875138238,7.078355312347412,26633900
2017-09-11,7.103280761404496,7.134435621474508,7.090819173914209,7.109511852264404,43375000
2017-09-12,7.121971767779186,7.2715143354555,7.097048006499801,7.2216668128967285,41386700
2017-09-13,7.2278981991349065,7.2465908723061405,7.178050674525372,7.240359783172607,23302200
2017-09-14,7.227897124382419,7.277744641579875,7.153125254356957,7.202973365783691,31696300
2017-09-15,7.190512258563072,7.2465908723061405,7.159357407124772,7.240359783172607,30865500
2017-09-18,7.246591567993165,7.308900682622197,7.2278988930273975,7.246591567993164,25132400
2017-09-19,7.246591384278614,7.315131586901756,7.240360294704853,7.302670001983643,26392900
2017-09-20,7.277745544452359,7.352516829524621,7.252821782761605,7.296438217163086,26705300
2017-09-21,7.296438912409882,7.364979115033023,7.283976733262361,7.302670001983643,40319400
2017-09-22,7.315129806785467,7.396132168844432,7.302668224899845,7.377439498901367,30196500
2017-09-25,7.402364372193537,7.514521597208839,7.3774406104378425,7.439749717712402,40766000
2017-09-26,7.445980947401956,7.477135798742589,7.414826096061322,7.43351936340332,30646700
2017-09-27,7.464674177039216,7.489598535353436,7.389902884784782,7.445981502532959,28412200
2017-09-28,7.445983626509009,7.470907397703358,7.414828763958679,7.45221471786499,23105700
2017-09-29,7.458442211151123,7.4895970586718645,7.427287363630382,7.458442211151123,31227500
2017-10-02,7.477135954357416,7.533214569091797,7.4584432808557475,7.533214569091797,36020000
2017-10-03,7.676526982454207,7.745067783945051,7.614217865188243,7.688989162445068,65641700
2017-10-04,7.682755646691969,7.763758008368494,7.651600800781111,7.664062976837158,52909800
2017-10-05,7.688990792353567,7.701452380756582,7.570602434262266,7.6329121589660645,48145800
2017-10-06,7.60175539331013,7.68275777745211,7.595524303553956,7.6702961921691895,35091800
2017-10-09,7.682758072449638,7.732605603954188,7.632910540945087,7.688989162445068,28924800
2017-10-10,7.688987515427762,7.738835036254739,7.6329089059400825,7.720142364501953,40586200
2017-10-11,7.713912487030029,7.745067340995954,7.670296048015382,7.713912487030029,34953400
2017-10-12,7.664064289325072,7.676525873285932,7.545675973435405,7.551907062530518,45924400
2017-10-13,7.514522334114145,7.583062537106303,7.396134008492929,7.508291244506836,44597300
2017-10-16,7.4709046869821565,7.570599735586489,7.452212013926185,7.551907062530518,32349700
2017-10-17,7.558138445870367,7.670295677031298,7.5519073565326735,7.645371913909912,55273200
2017-10-18,7.651601009037041,7.695218032191082,7.583060821551084,7.595522403717041,30783700
2017-10-19,7.564370087045697,7.6329102920723235,7.508291467374171,7.620448112487793,29678200
2017-10-20,7.645682502443854,7.658299429127721,7.5699827471651835,7.633066177368164,28171700
2017-10-23,7.6393738364299875,7.68984033861023,7.595215797424316,7.595215797424316,21504800
2017-10-24,7.639370498780971,7.7339956002332375,7.626754179552074,7.6898369789123535,34651200
2017-10-25,7.664607087520109,7.664607087520109,7.551057758418645,7.595215797424316,47674800
2017-10-26,7.696148216989627,7.78446488989835,7.60783214568902,7.740306854248047,49003100
2017-10-27,7.7150723264869026,7.721380788628569,7.57628976901863,7.6078314781188965,33925400
2017-10-30,7.576291210507117,7.664607290861477,7.538441032063693,7.633066177368164,36457400
2017-10-31,7.664606505121647,7.759231640725589,7.651990181339324,7.740306854248047,42010200
2017-11-01,7.822313544606629,7.8664721766813495,7.746613805974596,7.790772438049316,43495800
2017-11-02,7.778156412661593,7.841239836279617,7.733998377093844,7.834931373596191,40923400
2017-11-03,7.828622704630239,7.860164415608134,7.771847745191647,7.797080993652344,33220300
2017-11-06,7.797081066638225,7.841239703063871,7.759231494396932,7.778156280517578,20178500
2017-11-07,7.790771576910328,7.809696359074508,7.639371514772952,7.670913219451904,41536300
2017-11-08,7.658297972036098,7.670914294711367,7.57628976901863,7.6078314781188965,34127500
2017-11-09,7.576291009508766,7.601524260598887,7.525824507328524,7.595215797424316,26257300
2017-11-10,7.569982621052714,7.626757586967916,7.5573656945790395,7.576291084289551,35298400
2017-11-13,7.576288707023025,7.7087633853882425,7.551055463601458,7.670913219451904,30415900
2017-11-14,7.6330637431317925,7.670913307896553,7.563671871716422,7.582597255706787,25893400
2017-11-15,7.551058216460168,7.588907794587196,7.487974784104192,7.569983005523682,28441300
2017-11-16,7.569982546334195,7.601524260598887,7.525824507328524,7.595215797424316,28269000
2017-11-17,7.582599547526388,7.60783279886557,7.563674157815877,7.576291084289551,31117700
2017-11-20,7.588906988014498,7.664606737831146,7.582599126735878,7.6519904136657715,32352000
2017-11-21,7.658299261307287,7.71507362531603,7.6456823348999015,7.645682334899902,28510300
2017-11-22,7.639373282983983,7.664606532246043,7.601523709894952,7.614140033721924,36184000
2017-11-24,7.633066177368164,7.664607290861477,7.588907535582807,7.633066177368164,9549600
2017-11-27,7.626756978600581,7.689839801112495,7.607832192007819,7.639373302459717,28525200
2017-11-28,7.664606300750249,7.721381260277126,7.620448266277388,7.702456474304199,33199300
2017-11-29,7.721379366726941,7.929553766201838,7.715070905746987,7.923245906829834,64866000
2017-11-30,7.9043204974429395,7.980020224125259,7.8349292317194665,7.898012638092041,49224200
2017-12-01,7.961097219569057,8.011563715286762,7.7907729469238225,7.935863971710205,52458700
2017-12-04,7.980021164172658,8.080954746580355,7.94217159717679,7.967404842376709,39558900
2017-12-05,7.834931466441038,7.961097713564058,7.822314540924675,7.841239929199219,45527200
2017-12-06,7.803387736382887,7.841237901536193,7.746612789456912,7.809696197509766,28453800
2017-12-07,7.935863857139601,7.94217231941526,7.778155909896592,7.904322147369385,25417100
2017-12-08,7.904321241962264,7.954787731170654,7.841238431255778,7.954787731170654,21981900
2017-12-11,7.92955550934347,7.967405681935791,7.891705938359233,7.935863971710205,44194600
2017-12-12,7.9232487851122135,7.97371528806894,7.891707070362217,7.948482036590576,54370600
2017-12-13,7.954787918972739,8.030487654572497,7.94217159717679,7.967404842376709,31859000
2017-12-14,7.980022909685891,8.005256160405214,7.82862340536995,7.860165119171143,37074000
2017-12-15,7.891705938359233,7.986330467427909,7.885397475992499,7.935863971710205,48655500
2017-12-18,7.986331462860108,8.043106428021092,7.954789748703099,7.986331462860107,25022700
2017-12-19,8.017874534949257,8.062032581282917,7.986332815450245,8.005257606506348,23056900
2017-12-20,8.024179458618164,8.043104241323983,7.980020830160596,8.024179458618164,18989400
2017-12-21,8.036796116274482,8.055721501380436,7.967404842376709,7.967404842376709,21004700
2017-12-22,7.986330467427909,7.986330467427909,7.92324764858482,7.935863971710205,17876200
2017-12-26,7.929556646775676,7.980023149732403,7.91694032184058,7.948482036590576,11664600
2017-12-27,7.9295549878443135,7.9358634497961615,7.853855249246263,7.885396957397461,17005600
2017-12-28,7.872780551259031,7.935863971710204,7.86647269050038,7.935863971710205,14793500
2017-12-29,7.935863355470153,7.954788139492714,7.879088401794434,7.879088401794434,18362500
2018-01-02,7.898015385150274,7.986331462860108,7.885398458844207,7.986331462860107,20773300
2018-01-03,7.998948134304598,8.074647884904586,7.992639671352564,8.04941463470459,29765600
2018-01-04,8.062028069127255,8.226044437438832,8.055720210044443,8.188194274902344,37478200
2018-01-05,8.238661683082764,8.33959465167542,8.226044761204708,8.326977729797363,46121900
2018-01-08,8.333287984980934,8.339596447278241,8.270204565224027,8.295437812805176,33828300
2018-01-09,8.314362290113943,8.339595534934597,8.2512788772583,8.2512788772583,27924100
2018-01-10,8.23866339333758,8.28912988811019,8.17557997406778,8.219738006591797,56517100
2018-01-11,8.213428414627838,8.326977703126914,8.200811492790193,8.30174446105957,28342300
2018-01-12,8.26389580212889,8.38375356464902,8.26389580212889,8.345903396606445,56979200
2018-01-16,8.396369708226178,8.503610537571666,8.207120088801986,8.263895034790039,53961400
2018-01-17,7.935865233554472,7.935865233554472,7.633066211101605,7.68353271484375,132412500
2018-01-18,7.683531920398676,7.696148244225647,7.582598923350437,7.614140033721924,66541700
2018-01-19,7.645682763385936,7.645682763385936,7.513208036724943,7.569983005523682,51303700
2018-01-22,7.582597255706787,7.620446820471549,7.506896922961295,7.582597255706787,52851900
2018-01-23,7.588908258003823,7.588908258003823,7.5069000315765,7.544750213623047,51831000
2018-01-24,7.569981688661984,7.626756647584243,7.519515192199552,7.601523399353027,63300500
2018-01-25,7.525823037902945,7.525823037902945,7.216715020392457,7.298723220825195,114886800
2018-01-26,7.3113397152459605,7.380730987717013,7.254564764311459,7.349189281463623,52496000
2018-01-29,7.381508867585312,7.413827330704809,7.181134889383166,7.187598705291748,55114000
2018-01-30,7.168206459342002,7.258697398510086,7.142351817233508,7.148815631866455,52068200
2018-01-31,7.168207341788342,7.187598171651009,7.0453973143369275,7.090643405914307,57644600
2018-02-01,7.077716121491727,7.11003458379365,7.013079813311277,7.058325290679932,41352200
2018-02-02,7.032472205265509,7.032472205265509,6.86441665712748,6.9225897789001465,72312900
2018-02-05,6.967833918427797,6.980761550286966,6.618795871734619,6.618795871734619,96757000
2018-02-06,6.638185534795411,6.9742958592635365,6.5864756376847575,6.954905033111572,139938100
2018-02-07,6.948441218919834,7.135887515517486,6.9161227643843946,6.954905033111572,68041800
2018-02-08,6.974296592551557,7.0195420638044,6.735140990121322,6.741604804992676,73990700
2018-02-09,6.832095678261511,6.877341765479142,6.618794721054978,6.806241035461426,72103600
2018-02-12,6.8967330377914315,6.9936878004321805,6.812705289171888,6.916123867034912,49068900
2018-02-13,6.870878754712348,6.909660415239102,6.8062418319365845,6.845024108886719,36884500
2018-02-14,6.819170922096179,6.948444178883732,6.786852453793413,6.941980361938477,27844300
2018-02-15,6.980759673455275,6.980759673455275,6.877341112080466,6.954905033111572,28208300
2018-02-16,6.916123310040065,6.993687237190668,6.79977772752581,6.857950210571289,41041800
2018-02-20,6.838561184516387,6.896734299310939,6.819170351726023,6.870879650115967,27617900
2018-02-21,6.8838054801727475,6.948442400232625,6.845023821275504,6.851487636566162,36037700
2018-02-22,6.851488817325603,6.935515964891667,6.825634168130631,6.870879650115967,25409600
2018-02-23,6.8967330377914315,6.922587682257188,6.8644145781034,6.916123867034912,21786800
2018-02-26,6.941979317322961,7.077716370630322,6.916124669856007,7.038934707641602,27157800
2018-02-27,7.064787966062862,7.103569621426514,6.851487012292878,6.857950210571289,43502000
2018-02-28,6.903196297059947,6.974296409508842,6.832095568187754,6.857950210571289,41321400
2018-03-01,6.883806293968229,6.909660941764015,6.592941352159777,6.651114463806152,75841400
2018-03-02,6.618796575453373,6.735142808862314,6.554160258555556,6.722215175628662,60491900
2018-03-05,6.6640423333117775,6.870879523046317,6.65757851702671,6.838561058044434,44021300
2018-03-06,6.883806666501723,6.903198115715547,6.7674610533360795,6.870879650115967,30978900
2018-03-07,6.793315702531052,6.877343466520575,6.741606404141108,6.870879650115967,30046600
2018-03-08,6.883804852954823,6.903196297059947,6.773922468718977,6.857950210571289,26948000
2018-03-09,6.870878149415062,6.935514450073242,6.832095875881493,6.935514450073242,26684400
2018-03-12,6.909660972377303,7.013080180442074,6.903197772717291,6.987225532531738,33800900
2018-03-13,7.006616275403936,7.097107233729539,6.935515532235624,6.967833995819092,44456800
2018-03-14,7.271625083468135,7.394434480318235,7.116497229629072,7.122961044311523,91985300
2018-03-15,7.142352146108063,7.271625362603008,7.077715229648931,7.155279159545898,47645300
2018-03-16,7.187597506587315,7.252234422046551,7.148815850450423,7.206988334655762,80684200
2018-03-19,7.206988943043107,7.21991657379558,7.026006427472009,7.116497993469238,63122500
2018-03-20,7.142354175966745,7.194063477260519,7.090644874672972,7.103571891784668,45612800
2018-03-21,7.110034251512605,7.232843662812449,7.064788776258458,7.174671173095703,38551000
2018-03-22,7.1100331683491556,7.1488154386754825,6.9355138765155955,6.948441505432129,51280900
2018-03-23,6.974299052292923,6.987226686595032,6.7933164870281235,6.825634956359863,39950900
2018-03-26,6.941977584159235,7.026005321553966,6.903195930852907,7.000150680541992,52325500
2018-03-27,7.013078309259612,7.05832377692475,6.929050571864881,7.000150680541992,40677300
2018-03-28,7.0001518641599425,7.077715800310731,6.935514942489267,7.019542694091797,42263700
2018-03-29,7.064788403230529,7.194061623147602,7.0583245881288414,7.1617431640625,39864000
2018-04-02,7.148816537433149,7.168207367365003,6.916124112557411,7.019542694091797,43598100
2018-04-03,7.116497392720805,7.226379779147519,7.045396662430984,7.206988334655762,42523900
2018-04-04,7.0260059859435176,7.342725522395481,6.9807605139999005,7.323334693908691,44834600
2018-04-05,7.329799840471901,7.355654488625702,7.258699095731374,7.336263656616211,28755600
2018-04-06,7.291016652331426,7.336262743285223,7.155279612316753,7.226380348205566,31920700
2018-04-09,7.271625995635986,7.355653747778584,7.239307534592929,7.271625995635986,36462700
2018-04-10,7.39443464174992,7.465535371962532,7.37504381370253,7.400898456573486,43144300
2018-04-11,7.35565484270939,7.426754974449072,7.303945543912627,7.387973308563232,32979000
2018-04-12,7.433217040160986,7.459071683469831,7.271625365374877,7.310407638549805,47133700
2018-04-13,7.336263148967299,7.36211779533203,7.258698593449713,7.291017055511475,34598800
2018-04-16,7.342725655805268,7.400898758745905,7.284553169287965,7.355653285980225,32803300
2018-04-17,7.3879717449942826,7.400898758745905,7.303943998127066,7.355653285980225,30906800
2018-04-18,7.355653152335557,7.420289452765963,7.303943865421902,7.323334693908691,46226100
2018-04-19,7.323335131974033,7.36918765526031,7.107172344061899,7.179226398468018,49154200
2018-04-20,7.211979794091421,7.2250802497122955,7.061320493941068,7.087522029876709,44930000
2018-04-23,7.100622185856161,7.231629848480225,7.094071646551505,7.231629848480225,31936500
2018-04-24,7.238179999661105,7.316784593020628,7.159575406301581,7.179226398468018,39625000
2018-04-25,7.179227387389758,7.3102350610349625,7.120273778075949,7.277482986450195,40356100
2018-04-26,7.480546722278014,7.552600799835929,7.395391562603762,7.487097263336182,80676800
2018-04-27,7.467442204715923,7.572248939347653,7.454341753320513,7.526395797729492,33375900
2018-04-30,7.552597319620381,7.683604956945904,7.349535637939245,7.362636089324951,66090900
2018-05-01,7.36918665218482,7.434690783415051,7.270931080033166,7.375737190246582,61430400
2018-05-02,7.375738176868784,7.3822887158067845,7.284032505818108,7.342986106872559,41899500
2018-05-03,7.316784326542419,7.342985856707997,7.1857766757145285,7.336435317993164,38907400
2018-05-04,7.310235490352827,7.473995248200136,7.264382958057629,7.4412431716918945,32043500
2018-05-07,7.441240614706964,7.493643669235672,7.408489174146787,7.428140163421631,27510300
2018-05-08,7.415041336970713,7.447793412160693,7.3626382665442955,7.382289886474609,25754100
2018-05-09,7.342985573890674,7.388838093740974,7.2185284665711205,7.244729995727539,43732000
2018-05-10,7.231629443701658,7.369187637930784,7.218528990519434,7.342986106872559,32023800
2018-05-11,7.349536144587572,7.36918713536764,7.310233538333701,7.3298845291137695,19837700
2018-05-14,7.356087095268384,7.395389707062186,7.316785108168404,7.323335647583008,27903100
2018-05-15,7.270933243378711,7.369188844764689,7.2447317080295255,7.3495378494262695,26950100
2018-05-16,7.342987752453729,7.467444896697998,7.336437212047736,7.467444896697998,28976700
2018-05-17,7.467442257750044,7.519845313091232,7.454341806261594,7.506744861602783,20741100
2018-05-18,7.493642934443341,7.513294546484923,7.401937910357121,7.421588897705078,23893700
2018-05-21,7.48054425166063,7.565699383210491,7.460893259670285,7.5394978523254395,31011900
2018-05-22,7.5853496678461925,7.62465227285558,7.539497149246667,7.546047687530518,22360900
2018-05-23,7.532948761094488,7.5657008371684595,7.4215920772593185,7.493646144866943,23595000
2018-05-24,7.500196980749917,7.631204665517486,7.493646440338059,7.61155366897583,34876300
2018-05-25,7.572249922105197,7.605001367191182,7.513296321440388,7.5394978523254395,19337500
2018-05-29,7.598452913242431,7.6115533688556845,7.441243073026145,7.493646144866943,31324300
2018-05-30,7.552599927240324,7.605003000263283,7.513297934820058,7.565701007843018,25554600
2018-05-31,7.631204536774762,7.690158150099067,7.441243240893061,7.565701007843018,61563200
2018-06-01,7.644303517530416,7.70980765316245,7.605000911212448,7.670505046844482,35406200
2018-06-04,7.690155029296875,7.722907092818328,7.657402965775421,7.690155029296875,25141300
2018-06-05,7.6901566202663565,7.775311753161899,7.6508546356645875,7.749110221862793,31036700
2018-06-06,7.775311406454642,7.86046653555305,7.742559337617753,7.840815544128418,31110500
2018-06-07,7.840816857460985,7.958723450451819,7.834266317657645,7.8801188468933105,47314100
2018-06-08,7.886670794234217,7.939073872625622,7.860469255038513,7.925973415374756,28371900
2018-06-11,7.925972000822834,7.958723450451819,7.873568931783828,7.8801188468933105,30398100
2018-06-12,7.9063193353412204,7.958722397446866,7.880117804288398,7.932520866394043,51395400
2018-06-13,7.925972081259047,7.925972081259047,7.834266397163189,7.873569011688232,28406700
2018-06-14,7.860464217202247,7.867014753976372,7.755658127590522,7.788410186767578,34523000
2018-06-15,7.755661202955623,7.880118327547343,7.729459670162955,7.781862735748291,56326800
2018-06-18,7.742559506554012,7.886668237764402,7.736009592398723,7.853916168212891,32706500
2018-06-19,7.742557054042271,7.788410186767578,7.64430150120467,7.788410186767578,40064800
2018-06-20,7.840817531658472,7.893220605203388,7.749111840607914,7.775313377380371,31964800
2018-06-21,7.729458643974567,7.7491096347866835,7.624652526718299,7.670505046844482,33316700
2018-06-22,7.696707797454303,7.7753123978693,7.611552657497931,7.631203651428223,36703500
2018-06-25,7.618102674397486,7.644304206071588,7.454342945260894,7.532947540283203,36101900
2018-06-26,7.572249215972206,7.61810173457173,7.526396072678967,7.546047687530518,36627700
2018-06-27,7.559150608621096,7.624654763469277,7.4674449167724255,7.480545997619629,27242000
2018-06-28,7.447791408877091,7.467442398827867,7.303682691619416,7.388837814331055,43836400
2018-06-29,7.4150410053769304,7.447793079102268,7.225079727402591,7.251281261444092,44718500
2018-07-02,7.218529607810273,7.277482589212298,7.146474922718083,7.270932674407959,37892800
2018-07-03,7.270932013133712,7.303683458258226,7.166125264776439,7.198877334594727,16544800
2018-07-05,7.270932710318389,7.2971342437466395,7.21852964346189,7.238180637359619,32008500
2018-07-06,7.231628918802464,7.270931524883957,7.15302433133321,7.244729995727539,25646700
2018-07-09,7.270931804926096,7.375737925588409,7.2250786586160185,7.336435317993164,23916800
2018-07-10,7.336435286302569,7.375737893728042,7.316784294936709,7.369187355041504,21231500
2018-07-11,7.303684329527092,7.316785408894766,7.238180806770265,7.251281261444092,30030100
2018-07-12,7.270932710318389,7.2971342437466395,7.205428564400848,7.238180637359619,27025200
2018-07-13,7.218530136137226,7.238181131376164,7.146475445771325,7.192327976226807,36561500
2018-07-16,7.172676005956333,7.185777084130622,7.04821888676954,7.10717248916626,46156800
2018-07-17,7.074420813876275,7.13992433432792,7.074420813876275,7.113722801208496,37584300
2018-07-18,7.107171707536674,7.139923149982891,7.080970178763467,7.120272159576416,36420000
2018-07-19,7.133375186284499,7.13992510174799,7.0547705784775765,7.087522029876709,40308800
2018-07-20,7.094162547515507,7.120732418598963,6.981240437041893,7.014452934265137,41531200
2018-07-23,7.014455681977428,7.021097677243333,6.921460780019391,6.9546732902526855,34942000
2018-07-24,6.98124173227168,7.134018360977279,6.974599104899486,7.021096229553223,47303000
2018-07-25,6.855034972638687,7.021096871266375,6.72218558043171,6.987884998321533,92497700
2018-07-26,6.735471768877524,6.748756393199465,6.536197336240729,6.5694098472595215,103893000
2018-07-27,6.615904552266642,6.675686923444393,6.5826920534483655,6.595977306365967,46171100
2018-07-30,6.615906415620081,6.708901311807887,6.595979164106946,6.688973426818848,35877000
2018-07-31,6.7155416142670425,6.7155416142670425,6.642474621482009,6.669044494628906,38026900
2018-08-01,6.682330418249023,6.69561503941719,6.52291052990038,6.576050281524658,44126700
2018-08-02,6.5760497112603,6.629189458276386,6.536195217736112,6.589334964752197,40318900
2018-08-03,6.595977501843873,6.682329747940228,6.595977501843873,6.669044494628906,25925100
2018-08-06,6.642476331904152,6.675688840258855,6.622549080281694,6.662403583526611,22247900
2018-08-07,6.669044939837664,6.708900068956512,6.655760319115239,6.695614814758301,27961200
2018-08-08,6.675686836242676,6.70889933462711,6.669044209870645,6.675686836242676,22600900
2018-08-09,6.682330612270946,6.688972606309976,6.57605047246073,6.582693099975586,35682600
2018-08-10,6.582693041196642,6.582693041196642,6.45648628692045,6.469770908355713,39180500
2018-08-13,6.469770655632181,6.476413282828247,6.257211653164432,6.2837815284729,66586200
2018-08-14,6.3169935215883966,6.390060514425769,6.2771383951016295,6.3103508949279785,37657400
2018-08-15,6.283782291699167,6.310352170234805,6.210715284095131,6.277139663696289,36298600
2018-08-16,6.31035061018107,6.37677560683642,6.3037079838203915,6.316993236541748,28857700
2018-08-17,6.330278778849729,6.376776536678925,6.283781654496341,6.343564033508301,32742900
2018-08-20,6.3502071897479375,6.469771324254576,6.3502071897479375,6.456486701965332,25252500
2018-08-21,6.489698692465132,6.576050314176488,6.43655830710119,6.549480438232422,46413900
2018-08-22,6.502983252586379,6.522910500988206,6.4299162527958105,6.436558246612549,30803700
2018-08-23,6.423274074481501,6.436558696519361,6.363491691621507,6.396704196929932,31511800
2018-08-24,6.409988499558379,6.443201003211826,6.383418623330785,6.4299163818359375,18380000
2018-08-27,6.4764144594213,6.6690462487727435,6.463129202615589,6.635833740234375,49769300
2018-08-28,6.695615071147396,6.702257698500862,6.609262815979772,6.649117946624756,33845500
2018-08-29,6.649117500651304,6.6557601275592315,6.576049871615635,6.622547626495361,37336400
2018-08-30,6.556123198483704,6.582693074966357,6.423273816070443,6.443201065063477,48539300
2018-08-31,6.403347317231948,6.429917196827272,6.24392740618411,6.297067165374756,76424900
2018-09-04,6.330278844360374,6.363491347874707,6.217356712497135,6.290424346923828,54111100
2018-09-05,6.290422981203886,6.34356272189927,6.1907854922932835,6.303707599639893,44561900
2018-09-06,6.297066853209565,6.343564615303266,6.243927096653221,6.26385498046875,29519100
2018-09-07,6.25056889857186,6.303708648105725,6.14428939950413,6.157574653625488,51229900
2018-09-10,6.184144717989705,6.303708841368679,6.177502090725372,6.230641841888428,30421700
2018-09-11,6.210714371549427,6.217356365100518,6.124362120627447,6.184144496917725,27158400
2018-09-12,6.184145225480859,6.257212230957228,6.164217342052514,6.20407247543335,25450000
2018-09-13,6.230642605189923,6.250569855948359,6.184145475594944,6.223999977111816,29315700
2018-09-14,6.230642534627891,6.297066914229049,6.217357278622136,6.277139663696289,30013300
2018-09-17,6.270496399837769,6.376776536678925,6.263854405984291,6.343564033508301,29544400
2018-09-18,6.336921183442179,6.383418306161237,6.29706605434314,6.363491058349609,57055400
2018-09-19,6.3834186193815805,6.529553255280848,6.3834186193815805,6.496340751647949,40111500
2018-09-20,6.529551918299631,6.595976911964348,6.4498423059873815,6.5162672996521,46314400
2018-09-21,6.536195469616722,6.6026198392087005,6.496340341080913,6.542838096618652,74488600
2018-09-24,6.496340628033064,6.542838385624672,6.323636752684734,6.370133876800537,43170800
2018-09-25,6.3302803628268425,6.350208249801103,6.224000832867991,6.23728609085083,44406100
2018-09-26,6.230641650865606,6.25056889857186,6.157574653625488,6.157574653625488,58597500
2018-09-27,6.177500169057687,6.19742741117601,6.111075184029138,6.131002426147461,57272200
2018-09-28,6.1243631961308385,6.164217698339377,6.038010930044481,6.144290447235107,30987200
2018-10-01,6.263854955448667,6.270496949884779,6.177502693020563,6.190787315368652,44864700
2018-10-02,6.1575755481960925,6.204072677424366,6.097793162916383,6.111077785491943,41806400
2018-10-03,6.157572908400311,6.184142775636613,6.064578056335448,6.064578056335449,47023100
2018-10-04,6.0645809773071235,6.12436336575156,6.038011097273586,6.0778656005859375,38889600
2018-10-05,6.077863436118462,6.124361184725163,6.044651573010983,6.057936191558838,36952200
2018-10-08,6.044651402217628,6.164215499672739,6.038008776393548,6.150930881500244,43657700
2018-10-09,6.131004566596847,6.184144953257362,5.9450154304504395,5.9450154304504395,58356900
2018-10-10,5.9450148542097345,5.96494210135352,5.852020611888226,5.8586626052856445,54104100
2018-10-11,5.8586627340524355,5.971584859475395,5.8188082388889075,5.852020740509033,66170800
2018-10-12,5.945015410248289,5.945015410248289,5.679316645227739,5.739099025726318,59308500
2018-10-15,5.759025862667837,5.878590615109978,5.752383235648656,5.852020740509033,40183200
2018-10-16,5.891876003978397,5.9051612597491685,5.798881114010586,5.845378875732422,36772000
2018-10-17,5.845378431650153,5.885232928982936,5.739098927461647,5.818808555603027,48795100
2018-10-18,5.80552330644825,5.81880856122255,5.646104050011532,5.652746677398682,59669200
2018-10-19,5.526539103928371,5.666031106959053,5.440186851245016,5.646103858947754,59831100
2018-10-22,5.666389847371398,5.713722252461408,5.592010261536288,5.686675071716309,39803500
2018-10-23,5.612295533082567,5.842196893777291,5.564962482738815,5.808387756347656,55443300
2018-10-24,5.7475301235159755,5.81514838291131,5.524390770309091,5.531152725219727,58895100
2018-10-25,5.761054222576348,6.085620330682069,5.720483136635366,6.078858375549316,90399200
2018-10-26,6.058575937211691,6.126194229879664,5.990957644543717,6.072099208831787,100639800
2018-10-29,6.329046778961526,6.4845685686193235,6.20057281781441,6.274952411651611,92275100
2018-10-30,6.295237848947509,6.4642828963484495,6.268190667157586,6.396664619445801,58062000
2018-10-31,6.504853849174006,6.538662990237443,6.376379886959823,6.457521438598633,68507100
2018-11-01,6.450759500349741,6.4575214575534226,6.261429212636776,6.28171443939209,59794400
2018-11-02,6.3290454398024645,6.389901751363498,6.261427817400107,6.342569351196289,48499200
2018-11-05,6.342569668340441,6.471043608727846,6.322284445090982,6.443996429443359,41274300
2018-11-06,6.396664098013562,6.471043680658784,6.362854962318233,6.450758457183838,40928600
2018-11-07,6.491328716278076,6.491328716278076,6.389901322203251,6.491328716278076,37347400
2018-11-08,6.477806164815571,6.525138571734017,6.383140706122999,6.396664619445801,55810100
2018-11-09,6.342569351196289,6.626565041910719,6.268189773097019,6.342569351196289,52203600
2018-11-12,6.342570161392446,6.477806068327704,6.335808204831766,6.41694974899292,36317200
2018-11-13,6.443996501073646,6.538661952049442,6.403426054123753,6.450758457183838,33098000
2018-11-14,6.511614772464305,6.538661952049442,6.376378874538616,6.450758457183838,46677600
2018-11-15,6.423711000637867,6.443996223238208,6.16676248322968,6.295237064361572,57170100
2018-11-16,6.274950201505567,6.295236065743547,6.07209607311426,6.119429111480713,54582500
2018-11-19,6.099146134891025,6.329046877094967,6.0585750363516615,6.254667282104492,56292500
2018-11-20,6.153240708383924,6.23438226331475,6.0923843809718665,6.126193523406982,35159900
2018-11-21,6.119431301476599,6.220858079542685,6.072098246170794,6.160001754760742,25882700
2018-11-23,6.132951395249826,6.234378765651544,6.105904225447113,6.173522472381592,13520800
2018-11-26,6.241141788556965,6.443995940217818,6.200571345138137,6.35609245300293,46304400
2018-11-27,6.335808736089197,6.376379833999494,6.254667185124324,6.274952411651611,34283200
2018-11-28,6.268191560759602,6.383141616112454,6.200573274217198,6.362856388092041,33199500
2018-11-29,6.335808753967285,6.3831411642830895,6.261429159920203,6.335808753967285,29207600
2018-11-30,6.335809202446234,6.410188801758261,6.329047244820839,6.362856388092041,36269500
2018-12-03,6.565708289381845,6.660373728213905,6.491328716278076,6.491328716278076,64668600
2018-12-04,6.457520126004133,6.491329260195321,6.207333564758301,6.207333564758301,57930300
2018-12-06,6.166763042193694,6.166763042193694,6.031527137840783,6.099145412445068,53963600
2018-12-07,6.099145704862268,6.173525294608507,5.950385880514101,5.963909149169922,43534800
2018-12-10,5.970670965153678,5.984194878346331,5.666390011731386,5.7610554695129395,56499700
2018-12-11,5.896289746457932,5.950384094556633,5.747529966758755,5.7745771408081055,42294500
2018-12-12,5.842196941375732,5.903052615418095,5.808387803670643,5.842196941375732,40602700
2018-12-13,5.862482580274981,5.882767806389038,5.720484707765162,5.747531890869141,34200400
2018-12-14,5.7610554695129395,5.869244195631472,5.720484374790653,5.7610554695129395,35613300
2018-12-17,5.734007976889296,5.8962917203688825,5.6866755676712595,5.747531890869141,44469900
2018-12-18,5.781340647101135,5.869244147566493,5.686675190094825,5.727246284484863,38263000
2018-12-19,5.720483699164427,5.8489576350426615,5.5920097632861925,5.625818252563477,75272900
2018-12-20,5.632581357674281,5.693437682559919,5.531154579435372,5.585248947143555,58926200
2018-12-21,5.558200853059885,5.679912838043469,5.436488223220677,5.4432501792907715,57542300
2018-12-24,5.416202581197739,5.416202581197739,5.145730485429665,5.15925407409668,38709500
2018-12-26,5.226871908861812,5.3147753945854115,5.0104941722562835,5.308013439178467,58810000
2018-12-27,5.287728217813194,5.308013439178467,5.091636025000719,5.308013439178467,49813000
2018-12-28,5.294490348385126,5.436488200998565,5.247157945799186,5.280966758728027,47331700
2018-12-31,5.308013539148578,5.314775494682876,5.071350576720511,5.1727776527404785,57816000
2019-01-02,5.091636984383002,5.4229654459143015,5.0578278458334145,5.341823577880859,47494400
2019-01-03,5.389155083516083,5.402678672188317,5.26068115234375,5.26068115234375,39172400
2019-01-04,5.348585103847141,5.490582966995988,5.308014331865731,5.463535785675049,43039800
2019-01-07,5.483820496061127,5.659627480584103,5.429726138493382,5.605533123016357,40729400
2019-01-08,5.693438011085445,5.774579567329789,5.64610559782352,5.659628868103027,45644000
2019-01-09,5.713721838664542,5.930099913810546,5.652865525181466,5.8962907791137695,48404900
2019-01-10,5.889528293602687,5.930099380561691,5.713721324872924,5.862481117248535,39490400
2019-01-11,5.930100655102525,6.0382893837718505,5.882767602667928,5.963909149169922,41559900
2019-01-14,5.950384452304685,6.126191416623051,5.9233372766292085,6.078858375549316,44833800
2019-01-15,6.0991458497224995,6.105907161783153,5.916576882115068,5.977433204650879,65311700
2019-01-16,5.869243599800821,5.930099913278437,5.585247900142355,5.605533123016357,73869900
2019-01-17,5.592009742465191,5.7069597663200335,5.551438652685673,5.652865409851074,56722600
2019-01-18,5.673152248057742,5.815150119303822,5.632581151334988,5.801626205444336,51127900
2019-01-22,5.77457907397312,5.821911483191156,5.720484707765162,5.747531890869141,47182600
2019-01-23,5.7745782031708535,5.7745782031708535,5.5987712170787,5.639342308044434,45196900
2019-01-24,5.625819331415774,5.869244627969235,5.558201695038706,5.815150260925293,79516400
2019-01-25,5.909814289913624,6.058574101803793,5.903052333724153,5.990955829620361,53098800
2019-01-28,5.9503845280043075,5.9503845280043075,5.801624737468925,5.855719089508057,42116300
2019-01-29,5.88952975005825,5.94362411614386,5.828673426998011,5.923338890075684,30485000
2019-01-30,5.957734526553126,5.999012422379522,5.861420529774695,5.992132663726807,29906100
2019-01-31,5.930217388269085,6.067809309649684,5.916458524176043,6.054050445556641,39389100
2019-02-01,6.0334120464074825,6.060930431709989,5.930217609455542,5.999013900756836,34124000
2019-02-04,5.985254764556885,5.985254764556885,5.909579364136075,5.985254764556885,28855600
2019-02-05,5.971495357653891,6.026532126804523,5.9508560771548735,6.019652366638184,26166800
2019-02-06,6.047170911013707,6.122846306573083,5.97149551545433,5.999013900756836,32644300
2019-02-07,5.930216754205326,5.930216754205326,5.703189944178727,5.716949462890625,55161800
2019-02-08,5.703191613522588,5.785746781688264,5.6137566839872335,5.7719879150390625,38650100
2019-02-11,5.785744882969014,5.806383504214877,5.703189741895621,5.730708122253418,27403500
2019-02-12,5.765107877182683,5.8270244143600465,5.765107877182683,5.8201446533203125,26235100
2019-02-13,5.813264004594292,5.957735683917252,5.7719867568391745,5.785745620727539,27182900
2019-02-14,5.765107043158299,5.827023571378344,5.723829138981591,5.792625427246094,23569900
2019-02-15,5.840781628229927,5.888939285796104,5.785744867659958,5.875179767608643,58080300
2019-02-19,5.868302088610137,6.088449865014164,5.868302088610137,6.074690341949463,37929200
2019-02-20,6.074689477971116,6.177883261918861,6.067809717417245,6.150364875793457,55316900
2019-02-21,6.150363176199884,6.164122693505314,5.985252905074091,5.992132663726807,44730400
2019-02-22,6.005891524942341,6.019651042247772,5.8889389082956605,5.992132663726807,40947500
2019-02-25,6.033410501231476,6.088447257741397,6.019650984059051,6.026530742645264,56615400
2019-02-26,6.019652550568633,6.150364717272782,5.999013925529043,6.1090874671936035,38348800
2019-02-27,6.074688017253122,6.1297247762698035,6.040289878845215,6.040289878845215,34093300
2019-02-28,6.033410549163818,6.047169410355661,5.916457276628632,6.033410549163818,43960500
2019-03-01,6.088449023272415,6.115967409507168,5.992134343405738,6.047171115875244,37699500
2019-03-04,6.07468863835401,6.171003304525767,6.026531633313124,6.060929775238037,46196900
2019-03-05,6.05404916899653,6.060928927637398,5.985252894767633,6.033410549163818,40852600
2019-03-06,6.019652290674599,6.040290914823131,5.88894012961385,5.902698993682861,50378600
2019-03-07,5.888940261625859,5.895819365769556,5.744468577167454,5.833902835845947,54286000
2019-03-08,5.778865907157181,5.827023571378344,5.737588659070504,5.792625427246094,43766800
2019-03-11,5.820144154018687,5.937097457300427,5.813264393569157,5.923337936401367,36875300
2019-03-12,5.950856436475288,5.985254583293947,5.882060798928049,5.895819664001465,37805000
2019-03-13,5.909578819611451,5.950856068368459,5.8476622903859,5.868300914764404,49018700
2019-03-14,5.861421668428628,5.882060292306187,5.778865860738345,5.785745620727539,36307900
2019-03-15,5.79262499739356,5.8270231389732325,5.758226855813887,5.79950475692749,66555500
2019-03-18,5.8132645052907295,5.895819664001465,5.792625879635566,5.895819664001465,37198300
2019-03-19,5.923338229626177,6.1022080736282005,5.923338229626177,5.985254764556885,57293600
2019-03-20,5.9646167689967164,5.9646167689967164,5.833903924523153,5.854543209075928,54539700
2019-03-21,5.847662318065216,5.978374481201172,5.840782557876469,5.978374481201172,46843100
2019-03-22,5.937096287272342,5.964614667557326,5.861420905511119,5.875179767608643,41964000
2019-03-25,5.888941360573717,5.950857245961534,5.8270248190957314,5.854543209075928,45849500
2019-03-26,5.875179334198038,6.026530742645264,5.875179334198038,6.026530742645264,47852100
2019-03-27,6.0196531452168305,6.095328548564255,5.93021821975708,5.93021821975708,39895800
2019-03-28,5.950854757653185,6.07468778882924,5.943975655102212,6.033410549163818,38914700
2019-03-29,6.054049396644346,6.115965914560593,5.992132878728098,6.040289878845215,33962800
2019-04-01,6.0953279913368625,6.191642669047808,6.0953279913368625,6.177883148193359,45653100
2019-04-02,6.157244186693182,6.212280954924739,6.129725802577404,6.198522090911865,30699400
2019-04-03,6.239797584984952,6.377390122975543,6.232918482957299,6.281075477600098,56663600
2019-04-04,6.336112821766529,6.398029338423549,6.315474201577492,6.356751441955566,39483100
2019-04-05,6.308596853729526,6.377393155437588,6.246680313410302,6.363633632659912,37854700
2019-04-08,6.3154756027421355,6.411789622386013,6.308595842456129,6.398030757904053,26221100
2019-04-09,6.3773923133783015,6.439308189432109,6.308596020753977,6.336114406585693,29879100
2019-04-10,6.349873406534759,6.432429221876153,6.329234780744453,6.418669700622559,28469500
2019-04-11,6.43243014934899,6.473707406881246,6.418670626111451,6.459948539733887,26488100
2019-04-12,6.514984038351924,6.604418953524554,6.494344757557436,6.501224517822266,38646000
2019-04-15,6.521863485664174,6.535623006917768,6.3705126884151495,6.418669700622559,41206700
2019-04-16,6.411787881572596,6.46682463673795,6.356751126407242,6.439306259155273,40950000
2019-04-17,6.466825363334991,6.590658404415559,6.459946260233807,6.535621643066406,30688300
2019-04-18,6.549382526710635,6.618178164693006,6.521863484209584,6.570021152496338,29843000
2019-04-22,6.590658404415559,6.590658404415559,6.508103262391829,6.535621643066406,38718500
2019-04-23,6.542613048496222,6.647463020396333,6.500673593028679,6.640472888946533,39493700
2019-04-24,6.605522530543446,6.717361961050947,6.570572541855955,6.689402103424072,39796300
2019-04-25,6.654452613633317,6.661442077902182,6.528632924175745,6.570572376251221,52596700
2019-04-26,7.010939468848622,7.30451825152087,6.955019764207761,7.2765583992004395,156136700
2019-04-29,7.241610564039763,7.262580959458698,7.038901407966339,7.213650703430176,62500500
2019-04-30,7.192679753039345,7.339469162963232,7.1787001584166426,7.304519176483154,46079300
2019-05-01,7.325489340389621,7.339469602465035,7.1926801837511105,7.199670314788818,41805500
2019-05-02,7.199669806000689,7.234619792103786,7.129769833794497,7.227629661560059,34508400
2019-05-03,7.248598546880009,7.30451825152087,7.1996689719731215,7.2765583992004395,36291200
2019-05-06,7.0738511926095615,7.283550474330025,7.0738511926095615,7.248600482940674,28640600
2019-05-07,7.220637126518038,7.276556819015315,7.1996674084853876,7.255587100982666,41154500
2019-05-08,7.255589517119428,7.304519097694438,7.206659936544416,7.227629661560059,33472200
2019-05-09,7.1717084796275445,7.199668329452753,7.038898692996256,7.129768371582031,43621300
2019-05-10,7.213646998302049,7.276556819015315,7.129767459556131,7.255587100982666,37629500
2019-05-13,7.108800654598201,7.171710501090934,7.017930950399319,7.045890808105469,51102100
2019-05-14,7.094820257245081,7.192680090659672,7.0808406619661834,7.1577301025390625,31297200
2019-05-15,7.136760277075941,7.269569430148846,7.017930719087545,7.241609573364258,44050200
2019-05-16,7.199670560890179,7.29752973230079,7.199670560890179,7.2695698738098145,32697000
2019-05-17,7.213649129440166,7.297528692966736,7.157729420422453,7.192679405212402,34565400
2019-05-20,7.199670665741511,7.199670665741511,7.129770685188289,7.185690402984619,29535900
2019-05-21,7.206660352554147,7.206660352554147,7.094820257245081,7.1577301025390625,30099300
2019-05-22,7.108799607445856,7.1367594610334155,6.941040485920497,6.969000339508057,51407200
2019-05-23,6.885122299194336,6.885122299194336,6.759302596957671,6.885122299194336,43153800
2019-05-24,6.9340512793197915,6.955021005649255,6.850171707386356,6.87114143371582,22131500
2019-05-28,6.899101982955845,6.920071711388417,6.829202665975388,6.8361921310424805,27656200
2019-05-29,6.773280749009044,6.815220863015342,6.675421594020178,6.787261009216309,32262600
2019-05-30,6.808230400085449,6.878130364473659,6.766290954744894,6.808230400085449,24759600
2019-05-31,6.62649132675957,6.668431440619344,6.514651911954168,6.654451847076416,48250400
2019-06-03,6.724352535391045,6.74532226333966,6.612513097510919,6.717362403869629,39446800
2019-06-04,6.801239816176987,6.955019327593285,6.794250353497253,6.934049606323242,37324100
2019-06-05,6.899101982955845,6.934051974753897,6.745322419013804,6.8361921310424805,42464800
2019-06-06,6.7942534860721,6.864152811405336,6.7523133575795775,6.815223217010498,28291100
2019-06-07,6.822211742401123,6.864151194398125,6.78027162378855,6.822211742401123,18848700
2019-06-10,6.913081249081711,7.010940412060904,6.822211550161351,6.8641510009765625,33883400
2019-06-11,6.899099626462889,6.975989048863329,6.843179925332494,6.934049606323242,26434200
2019-06-12,6.920071623935063,6.941042018718266,6.878132167599935,6.885122299194336,21746700
2019-06-13,6.899099674714679,7.031909465789795,6.850170102537228,7.031909465789795,25555900
2019-06-14,6.996960687042841,7.017930412059985,6.948030439848783,6.975990295410156,21553200
2019-06-17,6.98298034738408,7.052880318808789,6.948030361671726,7.024920463562012,19383800
2019-06-18,7.045890934335494,7.129770508956678,7.024921207334098,7.059871196746826,32591700
2019-06-19,7.094819462785757,7.115789853279259,7.010939900658253,7.017930030822754,29051300
2019-06-20,7.080839869072257,7.094819462785757,6.955020192573252,7.017930030822754,32086500
2019-06-21,7.0109401061743615,7.024920366913175,6.927060541588044,6.982980251312256,47904000
2019-06-24,6.955020427703857,7.003950673894062,6.941040833517746,6.955020427703857,28091200
2019-06-25,6.969001573356834,6.982981169317928,6.871141735166725,6.878131866455078,28682000
2019-06-26,6.899101698806032,6.96201154812836,6.864151708447447,6.927061557769775,33739100
2019-06-27,7.0179289722812,7.15772822140724,6.989969122455992,7.129768371582031,42954600
2019-06-28,7.129769469019862,7.206659567835915,7.129769469019862,7.1507391929626465,37551600
2019-07-01,7.227629353962308,7.290539192947419,7.0388998370069755,7.09481954574585,38452600
2019-07-02,7.09481796698503,7.136758072514299,7.017928551232626,7.073848247528076,29708000
2019-07-03,7.115788779977129,7.199668329452753,7.080838801041769,7.129768371582031,19326600
2019-07-05,7.115788779977129,7.178698608737697,7.05287895121656,7.129768371582031,21397900
2019-07-08,7.129768371582031,7.1717084796275445,7.115788779977129,7.129768371582031,23244100
2019-07-09,7.108801225502164,7.122780822170137,7.059871637240792,7.087831497192383,25140600
2019-07-10,7.122780392340429,7.171710644264711,7.066860675811768,7.066860675811768,29082200
2019-07-11,7.094821414967061,7.129771408790757,7.066861553231242,7.122781276702881,27667500
2019-07-12,7.157729269602295,7.339468653388199,7.157729269602295,7.3324785232543945,40761600
2019-07-15,7.3324788889225845,7.381409135683848,7.227629598148727,7.2835493087768555,33753500
2019-07-16,7.24860049961506,7.346460342407227,7.19268077990972,7.346460342407227,29530500
2019-07-17,7.325490451171253,7.339470715366528,7.206661538589846,7.220641136169434,25204400
2019-07-18,7.199670348847932,7.206660479918708,7.115790775845397,7.17171049118042,25810600
2019-07-19,7.199668329452753,7.213647921057655,7.129768371582031,7.129768371582031,38505600
2019-07-22,7.186524165936511,7.214901331706088,7.094298208044138,7.108487129211426,36238600
2019-07-23,7.186525230995324,7.250374032580654,7.136865352680112,7.214902400970459,74624800
2019-07-24,7.221997353631459,7.342600503366907,7.193620181726951,7.32841157913208,61107500
2019-07-25,6.916940195445368,6.938222898916246,6.668639507546992,6.782148838043213,133898600
2019-07-26,6.79633815925709,6.845998034085788,6.74667828442839,6.789243698120117,47710200
2019-07-29,6.8105268478393555,6.867281181857598,6.753772513821113,6.8105268478393555,36487800
2019-07-30,6.782151301578177,6.796339550190825,6.725396277432014,6.775056838989258,36944700
2019-07-31,6.789243331612066,6.796337792366052,6.668640205054347,6.760866165161133,56715500
2019-08-01,6.760867172191672,6.803433266490794,6.583509686314707,6.604793071746826,58060800
2019-08-02,6.569320722844267,6.62607505801037,6.533849094224192,6.5835089683532715,41495200
2019-08-05,6.512566101657333,6.576414895056328,6.4274346026470095,6.548037052154541,47963400
2019-08-06,6.682829313216798,6.746678108655977,6.640263224069001,6.7253947257995605,51856100
2019-08-07,6.689923587316309,6.782149547423094,6.611885872152482,6.760866165161133,43042400
2019-08-08,6.782148838043213,6.824714244984969,6.746677214548453,6.782148838043213,25469000
2019-08-09,6.767961811431788,6.796338982853436,6.661547587741892,6.704113006591797,38739700
2019-08-12,6.661547089965712,6.68992425926691,6.583509366963606,6.590603828430176,23050400
2019-08-13,6.590604341877932,6.682830318433054,6.512567289361353,6.569321632385254,28231500
2019-08-14,6.477095066831831,6.491283313015022,6.356491929731874,6.38486909866333,45967400
2019-08-15,6.4274342334046946,6.4274342334046946,6.228793403893751,6.285547733306885,40682800
2019-08-16,6.328113923689588,6.384868254044788,6.250076888592436,6.3564910888671875,27369900
2019-08-19,6.420339738430273,6.455811363263252,6.399057034156474,6.406150817871094,21844000
2019-08-20,6.384868254044788,6.43452812396434,6.3352083841252345,6.3564910888671875,25108600
2019-08-21,6.399057908851538,6.420340616034497,6.3635862791698985,6.413246154785156,20434800
2019-08-22,6.420340616034497,6.484189414148435,6.399057908851538,6.413246154785156,20974700
2019-08-23,6.313924993934339,6.377773784635347,6.193321872957988,6.2216997146606445,44982300
2019-08-26,6.299737243347044,6.3210199497269395,6.2358884476423215,6.257171154022217,31888200
2019-08-27,6.306831772318547,6.321020017869752,6.207511347199931,6.214605808258057,23024400
2019-08-28,6.186228916143136,6.413246267594786,6.17203999339487,6.38486909866333,35147300
2019-08-29,6.455812973170745,6.484190144800643,6.406152415394568,6.470001220703125,22011000
2019-08-30,6.498376769276399,6.54803663808422,6.455811360745402,6.505471229553223,32057900
2019-09-03,6.512565830863004,6.526754075158933,6.413245414531558,6.455811500549316,26331000
2019-09-04,6.5054702477076045,6.548035649814369,6.434527008776505,6.526752948760986,27406400
2019-09-05,6.562225997324811,6.668640202331099,6.562225997324811,6.62607479095459,36626800
2019-09-06,6.647357496642845,6.6757346630821885,6.526754370134376,6.62607479095459,29210100
2019-09-09,6.6615472832493845,6.84599855077645,6.6615472832493845,6.767961502075195,48059400
2019-09-10,6.4416240370241855,6.682830333709717,6.413246865447366,6.682830333709717,70567300
2019-09-11,6.5906043569437704,6.689924795745206,6.5906043569437704,6.682830333709717,34190300
2019-09-12,6.640261944921599,6.725393430252849,6.611884783144516,6.67573356628418,35687700
2019-09-13,6.718301930585188,6.803433444850132,6.697018544595101,6.704113006591797,27161300
2019-09-16,6.640263146920993,6.704111941618362,6.555131646179508,6.597697734832764,50052600
2019-09-17,6.5764151838812905,6.604792351464342,6.512566387678165,6.5835089683532715,27391200
2019-09-18,6.569321233897279,6.640263820091286,6.540944064106657,6.56222677230835,24309400
2019-09-19,6.604791786763992,6.618980031059921,6.455811500549316,6.455811500549316,28780700
2019-09-20,6.477094065010901,6.597697183457011,6.462905144457255,6.505471229553223,37491300
2019-09-23,6.477096042897589,6.5480386376343835,6.441624407246603,6.498378753662109,22051100
2019-09-24,6.5196587762926015,6.548035937800108,6.420339049298776,6.462904453277588,33092500
2019-09-25,6.455810386394756,6.548035649814369,6.4487159271886725,6.526752948760986,20510300
2019-09-26,6.548037632841562,6.548037632841562,6.434528957428393,6.484189510345459,26556300
2019-09-27,6.484190741060078,6.810528583095163,6.427436392581384,6.441624641418457,32459500
2019-09-30,6.462907118011124,6.533850389313096,6.455813332133068,6.498378753662109,21510000
2019-10-01,6.519659399154412,6.555131023568835,6.292642085406042,6.313924789428711,39559500
2019-10-02,6.278455188578481,6.285548973731318,5.987588347228706,6.10819149017334,68137000
2019-10-03,6.0656256947481095,6.179134368896484,5.994682435122843,6.179134368896484,40827900
2019-10-04,6.186227844379171,6.214605008394283,6.143661760074023,6.200416088104248,27827400
2019-10-07,6.172038986207964,6.235887775025817,6.108190197390112,6.157850742340088,29340400
2019-10-08,6.1365673633649775,6.143661823583333,6.030153166349502,6.058530330657959,31091200
2019-10-09,6.10819100344479,6.129474386902667,6.072720050811768,6.072720050811768,16898500
2019-10-10,6.086908228846123,6.13656810323202,6.044342815533938,6.115285396575928,28069600
2019-10-11,6.193322943045396,6.292643376470405,6.193322943045396,6.228794574737549,34175700
2019-10-14,6.257171154022217,6.271360075985505,6.214605741262426,6.257171154022217,24794500
2019-10-15,6.271360743937984,6.455812689716185,6.228794650079511,6.4345293045043945,29771700
2019-10-16,6.46290647488834,6.5196608156562315,6.4274355193322394,6.4345293045043945,27190300
2019-10-17,6.469998912795688,6.484187831831891,6.406150130262573,6.462904453277588,28361200
2019-10-18,6.4487179819241875,6.611886536264803,6.4487179819241875,6.590603828430176,42422900
2019-10-21,6.626656809571138,6.662710576659474,6.496864210788906,6.511285305023193,33610200
2019-10-22,6.4968652077129025,6.590604741459253,6.460811435092227,6.5401291847229,35878500
2019-10-23,6.496864560526369,6.641078948974609,6.468021682836721,6.641078948974609,44770400
2019-10-24,6.395914545445902,6.410336329028392,6.165171509473984,6.201225280761719,120395200
2019-10-25,6.25169981264678,6.309385568545721,6.215646043292828,6.287753582000732,51373600
2019-10-28,6.316596850174716,6.316596850174716,6.1868035475495455,6.208435535430908,39635300
2019-10-29,6.194013487074762,6.280542112965001,6.194013487074762,6.230067253112793,36771800
2019-10-30,6.230066990245766,6.230066990245766,6.143538368006454,6.157959461212158,28685300
2019-10-31,6.186803180995488,6.201224963840937,6.129117424950606,6.194014072418213,29124100
2019-11-01,6.2300673941682545,6.439178416721265,6.2300673941682545,6.410335540771484,55354900
2019-11-04,6.439178250809669,6.525706876429518,6.439178250809669,6.48965311050415,46716500
2019-11-05,6.5040740966796875,6.597812913888326,6.489652317005556,6.5040740966796875,37569700
2019-11-06,6.525708224670457,6.525708224670457,6.410336700007711,6.431968688964844,39497700
2019-11-07,6.460810401766499,6.496864168620826,6.403124649866938,6.410335540771484,32640400
2019-11-08,6.417546098137666,6.518496513366699,6.359860343054916,6.518496513366699,29476800
2019-11-11,6.453600384781544,6.561761699991279,6.446389492900529,6.547339916229248,24846600
2019-11-12,6.532918295971609,6.583393159751904,6.518496513366699,6.518496513366699,28703900
2019-11-13,6.48965366252596,6.48965366252596,6.345439274225739,6.352650165557861,34491200
2019-11-14,6.381492884959351,6.424756856542263,6.331017334554712,6.338228225708008,26527800
2019-11-15,6.381493550597768,6.460811298552175,6.381493550597768,6.4536004066467285,26416300
2019-11-18,6.52570795036419,6.52570795036419,6.410336430551053,6.4536004066467285,38291400
2019-11-19,6.482442438764892,6.48965332972723,6.395913810222072,6.417545795440674,31168900
2019-11-20,6.403125145606921,6.410336037069746,6.258910754692715,6.294963836669922,38271500
2019-11-21,6.323807032232367,6.338228126645135,6.251699497163272,6.280542373657227,33161400
2019-11-22,6.345438897967377,6.417545744007625,6.323806912922143,6.410335540771484,34966700
2019-11-25,6.4175455786534155,6.496864001222901,6.395913594165551,6.48965311050415,30580900
2019-11-26,6.475231170384376,6.504074732552539,6.424756311926834,6.496863842010498,30093800
2019-11-27,6.511284879872367,6.597813502633485,6.504074677060214,6.561760425567627,37396100
2019-11-29,6.518496670264516,6.561761331452165,6.511285778788498,6.532918453216553,13096200
2019-12-02,6.547338700468041,6.590603356051914,6.489652951468457,6.496863842010498,37232700
2019-12-03,6.453599510861952,6.453599510861952,6.345438897967377,6.410335540771484,40653100
2019-12-04,6.453600406646728,6.511286166553297,6.4463895147412815,6.4536004066467285,29982900
2019-12-05,6.4680213429709585,6.489653328184418,6.403124699662168,6.439178466796875,25768600
2019-12-06,6.460809445325596,6.540127170528408,6.45359855548853,6.5040740966796875,31086900
2019-12-09,6.468020967510707,6.540127809926,6.460810076968666,6.496863842010498,21772900
2019-12-10,6.504076099770741,6.561761860896416,6.460811435092227,6.5401291847229,34217700
2019-12-11,6.532916654446167,6.5906023950342245,6.532916654446167,6.5689697265625,33204200
2019-12-12,6.568970776702004,6.749238916775074,6.568970776702004,6.720396041870117,48390900
2019-12-13,6.720395617834302,6.770871161484412,6.626656108390768,6.65549898147583,35334500
2019-12-16,6.66270987257946,6.770871162414551,6.648288779869117,6.770871162414551,42337600
2019-12-17,6.763660272225211,6.785292255124894,6.713185416236504,6.770871162414551,35503900
2019-12-18,6.770872465698155,6.900665075747574,6.749239790966194,6.879033088684082,45905300
2019-12-19,6.886242546650832,6.900663639134752,6.763660166030045,6.785292148590088,42236000
2019-12-20,6.8501895276897535,6.879032403457501,6.806924870203932,6.83576774597168,50191200
2019-12-23,6.850189956980598,6.9006648208202375,6.778082419208161,6.806925296783447,54784400
2019-12-24,6.806925294215013,6.842979063087627,6.799715090575246,6.828557968139648,11881600
2019-12-26,6.828558288419802,6.842979384044175,6.799715409502581,6.814136505126953,28961300
2019-12-27,6.814136090262435,6.82134698146984,6.742029241193696,6.749239444732666,28272800
2019-12-30,6.734819003665777,6.742029895573069,6.655500568022576,6.669922351837158,36074900
2019-12-31,6.669921289568638,6.727607040302788,6.669921289568638,6.70597505569458,32342100
2020-01-02,6.698765725583132,6.792505264282227,6.626658176531967,6.792505264282227,43425700
2020-01-03,6.713186487032954,6.756450459733202,6.597814288605914,6.641078948974609,45040800
2020-01-06,6.561761791726095,6.612236660261854,6.532918911467303,6.605025768280029,43372300
2020-01-07,6.633868579969203,6.669922351837158,6.576182820047875,6.669922351837158,44984100
2020-01-08,6.655500568022576,6.705976123705113,6.61223659191583,6.669922351837158,45994900
2020-01-09,6.705975962611294,6.713186854345363,6.61944732480793,6.677133083343506,51817400
2020-01-10,6.684344135651741,6.749240099811859,6.669922351837158,6.669922351837158,39796300
2020-01-13,6.669922035058472,6.677132926623292,6.568971616156397,6.662711143493652,48553700
2020-01-14,6.648290409501417,6.727608158021554,6.641079517544539,6.698765277862549,42935600
2020-01-15,6.684343931792421,6.70597591918606,6.619447281943022,6.626657485961914,55923900
2020-01-16,6.655499035418981,6.691552798984611,6.597813288781313,6.612235069274902,44310400
2020-01-17,6.626657756556996,6.6555006368157885,6.583393780003062,6.605025768280029,41644900
2020-01-21,6.597814288605914,6.648289840314134,6.56176120724519,6.641078948974609,49556400
2020-01-22,6.648290432502472,6.669922420779439,6.597814876298204,6.605025768280029,39914800
2020-01-23,6.590604305267335,6.60502540076005,6.4391790204172255,6.590604305267334,75848700
2020-01-24,6.568970845405248,6.576181736123999,6.460810235297534,6.48965311050415,68100900
2020-01-27,6.403124649866938,6.460810401766499,6.331017116158283,6.410335540771484,60769300
2020-01-28,6.446389670258362,6.489654335066285,6.388703908960143,6.468022346496582,85163400
2020-01-29,6.490021205147475,6.570687880133054,6.482687680322398,6.497354030609131,59057400
2020-01-30,6.460687598887878,6.482687473297119,6.40202010152424,6.482687473297119,42827800
2020-01-31,6.438687040079654,6.482687488363797,6.40935364101136,6.468020439147949,59813700
2020-02-03,6.490019891665689,6.702687173008322,6.490019891665689,6.585352897644043,71405400
2020-02-04,6.6586893753452285,6.776022997919205,6.6513558490934654,6.732023239135742,86196400
2020-02-05,6.1673540043424495,6.218687286864416,6.0573539134058025,6.094020843505859,145792500
2020-02-06,6.138020911823332,6.145354438088444,6.050020694732666,6.050020694732666,68823400
2020-02-07,6.020686260762098,6.020686260762098,5.881352782339545,5.947352409362793,98256500
2020-02-10,5.976685159080296,5.976685159080296,5.903352015031742,5.9106855392456055,71834900
2020-02-11,5.940019607543945,5.976685834027258,5.925352557459868,5.940019607543945,80164500
2020-02-12,5.969352835360271,6.108686310304002,5.962019310530754,6.0426859855651855,111536800
2020-02-13,6.020687289035777,6.130687385558221,6.020687289035777,6.050020694732666,67648800
2020-02-14,6.064686735804843,6.064686735804843,5.925352557459868,5.940019607543945,46359700
2020-02-18,5.954685285802066,5.976685159080296,5.881352141753511,5.9106855392456055,65094800
2020-02-19,5.910686799447774,5.940020203193967,5.8666863441467285,5.8666863441467285,69668200
2020-02-20,5.866685827247177,5.918019104439286,5.85935230211589,5.888685703277588,52318200
2020-02-21,5.8813534122218964,5.888686238656408,5.786019325256348,5.786019325256348,58326300
2020-02-24,5.646685410468861,5.661352112196764,5.536685322350467,5.551352024078369,110048200
2020-02-25,5.632019155483371,5.632019155483371,5.294684639301843,5.302018165588379,108888300
2020-02-26,5.353350499577201,5.47068409419313,5.287350177764893,5.287350177764893,92469500
2020-02-27,5.228684018116256,5.338684451324538,5.074683481561008,5.111350059509277,118642400
2020-02-28,5.01601657593415,5.1040167808532715,4.891349444124529,5.1040167808532715,116490700
2020-03-02,5.214016923905181,5.302017123964596,5.045349698950445,5.280016899108887,96766000
2020-03-03,5.346017627041498,5.3826845546715045,5.052683255046657,5.111350059509277,97457800
2020-03-04,5.1993510812919554,5.1993510812919554,5.074683935808747,5.192017555236816,70588100
2020-03-05,5.104016310053863,5.111349484946505,4.920682391875726,4.942682266235352,78070900
2020-03-06,4.840015900068023,4.8986827043614225,4.6933488893345245,4.7593488693237305,109932200
2020-03-09,4.378014417475152,4.502681555020039,4.304680910002203,4.326681137084961,103901700
2020-03-10,4.590681552886963,4.612681427600543,4.253347110037302,4.590681552886963,101873600
2020-03-11,4.4440147490416795,4.480681677619027,4.312014435590371,4.326681137084961,98587100
2020-03-12,3.9453469874188274,4.172681060714171,3.813346309602199,3.923346757888794,89453100
2020-03-13,4.304679641587599,4.326679862187785,3.7546779730810584,4.128679275512695,125375300
2020-03-16,3.696012060275167,3.8280123661129495,3.666678658977882,3.6740121841430664,110310900
2020-03-17,3.725345461572452,3.7693455635183795,3.4466777995665185,3.6740121841430664,104233500
2020-03-18,3.4833443562189736,3.5493446769717893,3.006676111221092,3.3000104427337646,125954700
2020-03-19,3.175343931939468,3.358677880431878,3.00667668533918,3.278010845184326,126603800
2020-03-20,3.329344287884162,3.4833448238609757,3.1166769476650837,3.1753437519073486,129378600
2020-03-23,3.131343812933932,3.314677760645946,2.904009759732845,2.940676689147949,134925000
2020-03-24,3.2780106254538195,3.6593451987692722,3.124010440750299,3.630011796951294,146192100
2020-03-25,4.2313475610303195,4.3046810712502515,3.754679220078121,3.9526798725128174,198999400
2020-03-26,3.9306795681547904,4.143346899577778,3.784012213933671,3.8500125408172607,138227600
2020-03-27,3.7180117246046125,3.8866789314331847,3.60067778745321,3.806011915206909,106324000
2020-03-30,3.7473448151383795,3.754677988914937,3.615344190343897,3.688678026199341,97879700
2020-03-31,3.688678606072176,3.8060122023954945,3.4833444628246686,3.542011260986328,231800800
2020-04-01,3.3953449076233837,3.4980118238200415,3.1973442515460895,3.226677656173706,119174500
2020-04-02,3.2193439420568133,3.3513446048495283,3.1166770318593926,3.1973440647125244,90891700
2020-04-03,3.226676748684375,3.241343446873236,3.0580095446716427,3.1093428134918213,85659900
2020-04-06,3.329344408330808,3.4246781435142726,3.2340106731473437,3.3220112323760986,102205300
2020-04-07,3.5566785937573884,3.6886792628042055,3.3953448700889877,3.4540116786956787,115150400
2020-04-08,3.5640109248630605,3.7326781179036197,3.5200108331587816,3.688678026199341,117022200
2020-04-09,4.040679849060706,4.216680248090298,3.842678875629851,3.9380125999450684,175681700
2020-04-13,3.9820129540539257,3.9820129540539257,3.681345411665683,3.7840123176574707,99320000
2020-04-14,3.8646782435181426,3.9893453400318943,3.7840112370066037,3.879344940185547,74877000
2020-04-15,3.7106778972106578,3.769344686149697,3.6300108875786568,3.688678026199341,74727700
2020-04-16,3.71067896545629,3.718012491025698,3.586011828230318,3.622678756713867,58951200
2020-04-17,3.7913454105771573,3.8720124309269264,3.688678516293073,3.75467848777771,91989300
2020-04-20,3.674011856772824,3.73267865413993,3.600678010382246,3.6520116329193115,71079400
2020-04-21,3.586012041443516,3.60801226977806,3.4613448968052207,3.498011827468872,82400200
2020-04-22,3.5713453391144085,3.586012041443516,3.4833451251397647,3.498011827468872,62237200
2020-04-23,3.5200109676844207,3.6520112478419646,3.4980107461506678,3.5860109329223633,61959800
2020-04-24,3.615344953438941,3.637345178775516,3.520011576131699,3.5713448524475098,54320400
2020-04-27,3.6006781479063443,3.806012296215432,3.5786782728942654,3.7913455963134766,91082800
2020-04-28,4.026013034869359,4.062679961652037,3.8280123995426973,3.9453463554382324,106222800
2020-04-29,3.9086795761248365,4.033346712271395,3.8206793681443516,3.857346296310425,126393000
2020-04-30,3.7840126497252333,3.8426794582974444,3.7106791390099696,3.7326793670654297,93437900
2020-05-01,3.6813454663525023,3.703345692804138,3.593345259909431,3.6080119609832764,82660100
2020-05-04,3.5786785130964733,3.644678492244362,3.4980114833804623,3.564011812210083,84214700
2020-05-05,3.6593457727284675,3.732679638457379,3.6226791895457993,3.644679069519043,96301300
2020-05-06,3.7033455051035227,3.7326789057644767,3.5346782764621762,3.5713448524475098,89390400
2020-05-07,3.5933450777840847,3.6520118791059932,3.5566781521170325,3.5713448524475098,67222900
2020-05-08,3.637344314245733,3.8500115933314136,3.6300107909826784,3.8426780700683594,101207100
2020-05-11,3.798678585328032,3.806012109760598,3.7033452154765136,3.75467848777771,75734000
2020-05-12,3.77667875216526,3.8280120250206298,3.6446781084075757,3.6520116329193115,70965200
2020-05-13,3.6666783855464997,3.6740119101648085,3.4173441434311935,3.4613442420959473,100192300
2020-05-14,3.402677035640501,3.6080111544561166,3.314676848868805,3.5860109329223633,108061100
2020-05-15,3.5200123624739237,3.6226792877222223,3.4833454286157757,3.593345880508423,80544700
2020-05-18,3.754679318515896,3.908679868856121,3.754679318515896,3.8940131664276123,136157700
2020-05-19,3.8646789486598294,3.9966792427509805,3.776678752599062,3.886679172515869,94836300
2020-05-20,3.945347155379029,4.062680785382873,3.938013628662889,4.0260138511657715,87685400
2020-05-21,3.9966786512748738,4.172679367031422,3.989345477529241,4.128679275512695,87098200
2020-05-22,4.16534666173866,4.202013586713669,4.033346361255707,4.143346786499023,76656500
2020-05-26,4.341347310314256,4.392680584458094,4.268013811764698,4.282680511474609,86046300
2020-05-27,4.40734658655115,4.466013371450064,4.282679493800148,4.422013282775879,110413900
2020-05-28,4.436681633594059,4.451348335288513,4.260680863578866,4.290014266967773,76930200
2020-05-29,4.2166808158976,4.253347745473761,4.084680498850586,4.187347412109375,92936300
2020-06-01,4.202012984933017,4.3120133944229035,4.158012891073395,4.304679870605469,61879700
2020-06-02,4.370681241568731,4.40001464455791,4.275347507013024,4.326681137084961,80046000
2020-06-03,4.392680310971247,4.598014443807676,4.341347040023402,4.5393476486206055,98876600
2020-06-04,4.546681556236306,4.825349227985959,4.48801475159043,4.818016052246094,115798600
2020-06-05,5.309350379956804,5.5000178326699185,5.148016677391775,5.382684230804443,208648200
2020-06-08,5.522018909454346,5.6760191108115015,5.404684939812163,5.522018909454346,113169300
2020-06-09,5.294683790031322,5.4560178456392485,5.170017010292846,5.309350490570068,115749600
2020-06-10,5.375351754299133,5.382685280686974,4.9646837179882315,4.994017124176025,147327100
2020-06-11,4.451347876139744,4.737348704521975,4.429347651026473,4.49534797668457,116184700
2020-06-12,4.810683023572589,4.86201665777928,4.620015888785321,4.737349510192871,88778000
2020-06-15,4.532014593270699,4.825348949236566,4.480681317011833,4.766682147979736,104742600
2020-06-16,5.038016220412345,5.038016220412345,4.72268199246014,4.803349018096924,109535200
2020-06-17,4.810683195637481,4.810683195637481,4.627349230789947,4.6420159339904785,67831400
2020-06-18,4.590682647629513,4.730016153193666,4.53934901158676,4.6420159339904785,61301800
2020-06-19,4.869349261232988,4.906016188448632,4.568681716918945,4.568681716918945,126127800
2020-06-22,4.598015537889079,4.605349063873291,4.49534862188248,4.605349063873291,71724300
2020-06-23,4.642015813036226,4.678682744923038,4.502681961420825,4.510015487670898,86672800
2020-06-24,4.444015045647201,4.488015153067656,4.2973480209123505,4.363348007202148,75536300
2020-06-25,4.297346190024877,4.4366799790006075,4.253346101350692,4.422013282775879,73612700
2020-06-26,4.429347177904876,4.451347400668189,4.260679968991737,4.33401346206665,118435400
2020-06-29,4.334013830153367,4.451347778720049,4.260680330850258,4.407347679138184,58208400
2020-06-30,4.385347604751812,4.473347806930497,4.326680803299354,4.458681106567383,61909300
2020-07-01,4.473346590915799,4.5320133764205375,4.363346193253602,4.385346412658691,62454700
2020-07-02,4.473347846994685,4.524681473566199,4.400014344522324,4.436681270599365,67270500
2020-07-06,4.502680726787846,4.546680823178148,4.480680853433535,4.5393476486206055,63921800
2020-07-07,4.502680920619547,4.546681018903969,4.466014346890044,4.488014221191406,56652000
2020-07-08,4.49534874426963,4.5320153261436475,4.43668193352578,4.466015338897705,60928600
2020-07-09,4.466014432689355,4.4733476077034595,4.268013811764698,4.282680511474609,82693000
2020-07-10,4.2533480722403185,4.473348617553711,4.209347613495857,4.473348617553711,73710700
2020-07-13,4.51001487785477,4.561348155937209,4.4366813736786215,4.444014549255371,80190700
2020-07-14,4.532015102613654,4.686015648061464,4.458681592800829,4.664015769958496,106131800
2020-07-15,4.796015271565521,4.9720160148510155,4.781348572098538,4.942682266235352,101648700
2020-07-16,4.8840156896230456,5.060016440881724,4.862015814266782,5.0306830406188965,93498500
2020-07-17,5.060016391791318,5.0673495669450235,4.935349267042918,4.986682891845703,80769000
2020-07-20,4.986683294890884,5.023349872986387,4.825349232289111,4.884016036987305,71361700
2020-07-21,4.920682341277257,4.994015837858098,4.869348718829822,4.898682117462158,63285100
2020-07-22,4.8693500539240855,5.045350843656267,4.847350173758682,5.016017436981201,75629600
2020-07-23,5.038015841754287,5.177349657497574,4.986682569946863,5.118682861328125,88652600
2020-07-24,5.060016775870461,5.1406838067745,5.0306833736656715,5.045350074768066,62292000
2020-07-27,5.074682340305992,5.089349038123226,4.964681931835912,5.082015514373779,60370200
2020-07-28,5.060017561220646,5.170018011402314,5.060017561220646,5.140684604644775,56312500
2020-07-29,5.17001691599599,5.17735009129075,5.008682863330664,5.07468318939209,59437200
2020-07-30,4.942682266235352,5.008682588677624,4.89134899294176,4.942682266235352,58991000
2020-07-31,5.052683965015733,5.060017491444887,4.781349781409194,4.847350120544434,115301700
2020-08-03,4.876682472941856,4.928015748124566,4.7886822729014575,4.906015872955322,53845900
2020-08-04,5.067349616106574,5.067349616106574,4.935349314923851,5.0306830406188965,69377600
2020-08-05,5.0306832767540035,5.155350408563624,5.0306832767540035,5.1040167808532715,81728400
2020-08-06,5.082015514373779,5.133349131574926,5.0526821187393125,5.082015514373779,48668500
2020-08-07,5.038016215843746,5.074683141013137,4.979349415318092,5.0306830406188965,47480100
2020-08-10,5.067349703904165,5.228683757826726,5.067349703904165,5.199350357055664,57229000
2020-08-11,5.287351462697086,5.41201861211397,5.272684759805792,5.302018165588379,74016400
2020-08-12,5.375350122589893,5.404683519873416,5.1773495160852745,5.214016437530518,59161400
2020-08-13,5.155350685119629,5.265350772328561,5.133350457868793,5.155350685119629,50066800
2020-08-14,5.111349388098678,5.214016632103959,5.08201598972051,5.162683010101318,43517700
2020-08-17,5.170016482817237,5.177349657497574,5.038015841754287,5.118682861328125,64555200
2020-08-18,5.118684167636248,5.14068439665518,5.0526838302612305,5.0526838302612305,40444200
2020-08-19,5.052683497932755,5.148017234608143,5.030683620042591,5.0380167961120605,44158100
2020-08-20,4.964683800458943,5.052684020484138,4.935350393783877,5.016017436981201,41824500
2020-08-21,4.972016593716336,5.023349872986387,4.8766828612409,4.884016036987305,39158900
2020-08-24,4.93534894845775,5.133349560370487,4.906015550373025,5.118682861328125,64974700
2020-08-25,5.140683371052335,5.206683345578112,5.030682947267096,5.089349746704102,49550000
2020-08-26,5.08934916135476,5.111349033772477,4.964682052048805,5.001348972320557,48600100
2020-08-27,5.008682635482764,5.118683057353918,5.008682635482764,5.067349433898926,45740900
2020-08-28,5.082016221933623,5.0966829217928735,5.030682947267096,5.089349746704102,39936900
2020-08-31,5.060015765010026,5.082015637427743,4.979348750221172,5.001348972320557,50089500
2020-09-01,4.96468310083875,5.038016607192298,4.9280161728211045,5.008683204650879,48189900
2020-09-02,4.994014722563661,5.111348290889343,4.96468133048224,5.096681594848633,59008900
2020-09-03,5.074682463182393,5.199349572488347,4.957348877803455,5.001348972320557,78130900
2020-09-04,5.030683704781743,5.096683689245722,4.9500166685682565,5.060017108917236,70017500
2020-09-08,5.008683319371471,5.258017596366115,4.994016617764831,5.155350685119629,84749300
2020-09-09,5.184683914769291,5.206683791601905,5.0820166572779675,5.111350059509277,56501400
2020-09-10,5.126016232315087,5.162683156166039,5.038016034690845,5.067349433898926,69228600
2020-09-11,5.089349795477866,5.133349895477295,5.023349470637868,5.133349895477295,55080600
2020-09-14,5.140683516358535,5.265350293845139,5.118683291106947,5.221350193023682,58704300
2020-09-15,5.250683205235823,5.265349904424908,5.13334961172315,5.162683010101318,65198500
2020-09-16,5.170018113644909,5.221351401644878,5.126017652956653,5.148017883300781,46245800
2020-09-17,5.162683792253403,5.382684663101723,5.118683688020088,5.338684558868408,84850100
2020-09-18,5.360684977153553,5.426685315005263,5.294684639301843,5.302018165588379,71929400
2020-09-21,5.199350865821449,5.199350865821449,4.994016690649979,5.0380167961120605,72850300
2020-09-22,5.052682527374395,5.126016022391399,4.964682333353989,4.972015857696533,55865500
2020-09-23,4.994015640092367,5.08201583250452,4.862015351474137,4.869348526000977,52588600
2020-09-24,4.840015933463659,4.957349892541787,4.700682097464577,4.884016036987305,59822900
2020-09-25,4.847348440260889,4.9206819307231955,4.76668142591152,4.774014949798584,53761800
2020-09-28,4.832682372921657,4.964682672982255,4.825348848077435,4.906015872955322,47582600
2020-09-29,4.906015734383915,4.913348909339299,4.796015312599545,4.840015411376953,38987300
2020-09-30,4.847349458891803,4.950016367113643,4.832682757717254,4.884016036987305,55944600
2020-10-01,4.920682147414684,4.964682243629695,4.862015352461337,4.950015544891357,58340600
2020-10-02,4.854683167817954,5.082017235831954,4.840016465032591,5.0526838302612305,60798400
2020-10-05,5.096684245619014,5.170018113644909,5.096684245619014,5.148017883300781,42359400
2020-10-06,5.177349657497574,5.316683473240862,5.104016162285762,5.118682861328125,78203800
2020-10-07,5.214017948240619,5.316684868479673,5.177351016171495,5.302018165588379,50664100
2020-10-08,5.346017407916976,5.390017509460449,5.280017080760905,5.390017509460449,54513300
2020-10-09,5.397351761434603,5.456018571393385,5.302018020410695,5.316684722900391,50977900
2020-10-12,5.397350330634755,5.771351319817835,5.375350107891431,5.6246843338012695,97692900
2020-10-13,5.734686333862629,5.778686441834146,5.595352483778608,5.690686225891113,74562600
2020-10-14,5.668685637901592,5.6833523396294945,5.536685322350467,5.551352024078369,57752100
2020-10-15,5.441350476322957,5.588017463684082,5.404683554641835,5.588017463684082,49336200
2020-10-16,5.654017731004582,5.683351128207895,5.5806842379963,5.6246843338012695,47509400
2020-10-19,5.632017597629965,5.66135099529874,5.551350928881677,5.5660176277160645,38960700
2020-10-20,5.588017567183877,5.756684780614022,5.558684169168347,5.676017761230469,63447000
2020-10-21,5.69801845607249,5.7786854821309355,5.668685055629732,5.756685256958008,51981100
2020-10-22,5.815352920046933,6.0280206293103245,5.786019515255107,6.020687103271484,74008500
2020-10-23,6.086687015630904,6.123353943911783,5.932686476342,5.984019756317139,62249000
2020-10-26,5.896019228408875,5.918019104439286,5.8226857255046305,5.888685703277588,62131000
2020-10-27,5.874020454739464,5.932687268072696,5.7933534115653735,5.808020114898682,64154500
2020-10-28,5.6320174712639774,5.778684805998748,5.5953508998415415,5.646684169769287,82938300
2020-10-29,5.991352259881334,6.042685531100388,5.756684728211555,5.793351650238037,118999900
2020-10-30,5.756685159246215,5.8006852591635125,5.580684759577027,5.668684959411621,79345600
2020-11-02,5.7420195726720795,5.764019801737507,5.6320191267084985,5.654019355773926,59962900
2020-11-03,5.690684427949035,5.815351186306298,5.668684206073246,5.778684616088867,65108800
2020-11-04,5.764020014974938,5.771353191813517,5.595352751506149,5.602685928344727,67326800
2020-11-05,5.690685235455453,5.859352111816406,5.654018310353333,5.859352111816406,61442600
2020-11-06,5.874019158943038,5.881352683832827,5.683351707989085,5.7126851081848145,50912100
2020-11-09,5.947353014674233,6.145354013986495,5.925353136760707,6.01335334777832,110511300
2020-11-10,6.03535300973922,6.299354332709266,5.998686780983144,6.1453537940979,87468400
2020-11-11,6.306686441209607,6.306686441209607,6.079352097436961,6.108685493469238,75644400
2020-11-12,6.057354034102151,6.079353912855137,5.940020414934846,6.020687103271484,81064900
2020-11-13,6.03535189956074,6.284686125673549,6.03535189956074,6.262686252593994,79475100
2020-11-16,6.409354855724222,6.490022242972816,6.314021115843585,6.453355312347412,84853900
2020-11-17,6.350687634422294,6.490021821885811,6.328687757219865,6.416687965393066,46754500
2020-11-18,6.468020439147949,6.636688008313196,6.438687040079654,6.468020439147949,77759300
2020-11-19,6.512020887432092,6.512020887432092,6.40935364101136,6.468020439147949,56672700
2020-11-20,6.460687226035815,6.4680200508401136,6.36535350994637,6.409353256225586,57024300
2020-11-23,6.468020630672245,6.585354230419786,6.43868723073536,6.497354030609131,71537100
2020-11-24,6.710022312749145,6.966690123355001,6.702689486240836,6.930023193359375,99520500
2020-11-25,6.746690200603714,6.783357135805114,6.600023159161733,6.658689975738525,95217800
2020-11-27,6.688021699718008,6.702688749850271,6.6220213728497095,6.666021823883057,27853900
2020-11-30,6.7686900819791065,6.7686900819791065,6.585356105335725,6.658689975738525,77970100
2020-12-01,6.717354682410608,6.893355076859692,6.717354682410608,6.776021480560303,68863000
2020-12-02,6.717353541332826,6.7760203295167845,6.658686753148867,6.746686935424805,48345000
2020-12-03,6.790689527337413,6.834689282731585,6.710022143508927,6.754022598266602,50302100
2020-12-04,6.790688423562623,6.922688367653053,6.776021374572914,6.849355220794678,48775500
2020-12-07,6.827354762490724,6.842021110862117,6.710020478702934,6.761354446411133,58305200
2020-12-08,6.739355260006001,6.842022517161142,6.7246889086201085,6.783355712890625,56296700
2020-12-09,6.827356628607849,6.959356597483172,6.812689576864192,6.930023193359375,60780300
2020-12-10,6.827356811365827,6.834689638070425,6.673356260752657,6.688022613525391,83372800
2020-12-11,6.73935385127265,6.73935385127265,6.6073539189377914,6.614687442779541,73438200
2020-12-14,6.695354460100712,6.73202138188016,6.512020550566837,6.53402042388916,76826000
2020-12-15,6.622021764745092,6.71002197265625,6.556021433970853,6.71002197265625,69606100
2020-12-16,6.724689166032741,6.732022691688142,6.57802214974222,6.629355430603027,55274500
2020-12-17,6.666023502651529,6.695356910939926,6.600023159161733,6.658689975738525,49301600
2020-12-18,6.666022228085527,6.666022228085527,6.534021566344908,6.563354969024658,78764600
2020-12-21,6.504687485759758,6.607354734120854,6.446020686514393,6.548687934875488,63908100
2020-12-22,6.585354561889708,6.592688087083912,6.416687678603726,6.44602108001709,59031200
2020-12-23,6.4680218885064,6.622022442964341,6.453355535367507,6.592689037322998,54086700
2020-12-24,6.6073548048950155,6.614688329720091,6.453354280385513,6.497354030609131,27927000
2020-12-28,6.541354696089365,6.585354447765166,6.49735424505012,6.519354820251465,38068400
2020-12-29,6.54868781110831,6.54868781110831,6.438687040079654,6.468020439147949,37537900
2020-12-30,6.475354155497322,6.541354480196168,6.460687805210589,6.497354030609131,38461900
2020-12-31,6.4826880066246595,6.497354357649614,6.438687554822885,6.44602108001709,40176500
2021-01-04,6.46068797906227,6.482687854766078,6.182020322481439,6.248020648956299,85043100
2021-01-05,6.211353793246822,6.394687724693842,6.204020268141714,6.343353748321533,70127800
2021-01-06,6.44602054970612,6.55602062111572,6.365353877296639,6.482687473297119,72590200
2021-01-07,6.556021555841694,6.658688816661616,6.512021800749939,6.644022464752197,77117100
2021-01-08,6.673354730606964,6.702688128790062,6.519354215304853,6.600020885467529,59162200
2021-01-11,6.504687988184826,6.834688934270283,6.468021060983449,6.8200225830078125,95968300
2021-01-12,6.820021118757944,7.2013552614352925,6.812687595019472,7.172021865844727,124808500
2021-01-13,7.267355576354894,7.274689100093364,7.069355330959406,7.172021865844727,89549300
2021-01-14,7.194023888231507,7.480024378090425,7.179356837795943,7.458024501800537,112695300
2021-01-15,7.362692158745381,7.3700256853443555,7.201358070385889,7.208691596984863,99985000
2021-01-19,7.377357769583418,7.487357849607373,7.311357441823664,7.348024368286133,78732800
2021-01-20,7.5020234705990365,7.97135854505097,7.472690072156002,7.964025020599365,125033200
2021-01-21,8.272026487870436,8.910028461997552,8.154692887943161,8.455360412597656,282394100
2021-01-22,8.550694161320923,8.57269403652803,8.31602696080932,8.448027610778809,130866600
2021-01-25,8.426024872819132,8.448025441740999,7.978690461856528,8.27935791015625,118954500
2021-01-26,8.294026011757811,8.455359341539673,8.154691854971356,8.206025123596191,66267500
2021-01-27,8.081359642437729,8.191359716232427,7.84669174598514,7.912692070007324,82863000
2021-01-28,7.949358839774924,8.103359359710172,7.854025117970875,7.861358642578125,77388700
2021-01-29,7.766025368418887,7.949359297987366,7.663358116089701,7.722024917602539,73925800
2021-02-01,7.810025479147779,8.389360695260152,7.59735813903978,7.942026138305664,157114400
2021-02-02,8.169359509063991,8.21335925704685,7.854024951278833,7.964025020599365,80440700
2021-02-03,8.008026029269525,8.330693434760327,7.949359228271196,8.213359832763672,82968600
2021-02-04,8.360027832258735,8.521361903926215,8.191360934114543,8.338027954101562,106845000
2021-02-05,8.653363130184342,8.726696295229862,8.286695206866053,8.440695762634277,113402100
2021-02-08,8.448027326326562,8.492027075259267,8.294026806335294,8.477360725402832,75756700
2021-02-09,8.462696035628896,8.829363975992997,8.426029101719768,8.748697280883789,102250800
2021-02-10,8.800028610228935,8.814695660273768,8.455360627173206,8.624028205871582,76282500
2021-02-11,8.550695689727576,8.609362500341962,8.294028568130525,8.396695137023926,55762900
2021-02-12,8.374695257884419,8.521362284420384,8.338028326409539,8.396695137023926,44401200
2021-02-16,8.4333607673095,8.580027771216107,8.345360564965535,8.46269416809082,48392100
2021-02-17,8.514026303407896,8.514026303407896,8.338025922310836,8.418692588806152,49554000
2021-02-18,8.338027174473892,8.418693853083324,8.286693897119113,8.382027626037598,37777100
2021-02-19,8.448026583974206,8.499359853006027,8.404026139544547,8.492026329040527,48615600
2021-02-22,8.448028568367217,8.756028954268988,8.433361516991011,8.580028533935547,62183000
2021-02-23,8.4993605230713,8.543360271606435,8.162026087060555,8.521360397338867,72904500
2021-02-24,8.558029806855895,9.09336466551972,8.536029926197221,8.998031616210938,95152800
2021-02-25,8.961362663904897,9.093362617491191,8.594694805145357,8.624028205871582,75249400
2021-02-26,8.71936272455548,8.785362357657895,8.462694920379919,8.580028533935547,69614500
2021-03-01,8.704696505138253,8.858697062489627,8.638696166364296,8.78536319732666,43172800
2021-03-02,8.829362033828268,9.38669734843381,8.756028182141009,9.203363418579102,104789000
2021-03-03,9.247364373102865,9.247364373102865,8.90269704367945,8.924696922302246,80169700
2021-03-04,8.976031012265919,9.13736510184793,8.52869637679261,8.748697280883789,88339600
2021-03-05,8.844031052873033,9.012697970195521,8.558029806855895,8.998031616210938,79345700
2021-03-08,9.086031325270449,9.445365719651992,9.020030987656787,9.276698112487793,86129700
2021-03-09,9.35736512543643,9.35736512543643,9.078697433057958,9.21803092956543,61568700
2021-03-10,9.328029888409151,9.518696630483596,9.25469604189817,9.467363357543945,62111200
2021-03-11,9.489364559351195,9.577365467221401,9.3500310707231,9.394031524658203,56536500
2021-03-12,9.372032560644362,9.848701312946645,9.364699733196334,9.80470085144043,87160100
2021-03-15,9.819364993404914,9.98803186387746,9.570030750651236,9.680030822753906,64476000
2021-03-16,9.577365617827498,9.643365250722777,9.115363991379548,9.159363746643066,125425300
2021-03-17,9.049363182936972,9.313363798716692,8.961362977677066,9.3060302734375,109324400
2021-03-18,9.313364288792382,9.540698688865564,9.122696817681133,9.159363746643066,76733300
2021-03-19,9.423364178229232,9.496697329805599,9.203363324773266,9.408697128295898,90885200
2021-03-22,9.423365592956543,9.482032402770642,9.174031301564852,9.423365592956543,81362100
2021-03-23,9.218030669940223,9.298698054550453,8.888029703831902,8.95403003692627,73020200
2021-03-24,9.064029006390761,9.188696131424582,8.88802860611834,8.902695655822754,54534400
2021-03-25,8.756029823125386,9.056698111901223,8.59469643815912,9.034697532653809,54201800
2021-03-26,9.115364718502088,9.15936447727542,8.844030541521361,9.020030975341797,49239800
2021-03-29,8.946695382441805,9.064028982311717,8.851361657706647,8.910028457641602,44747900
2021-03-30,8.917362569907493,9.152029785106068,8.880695642691848,9.13736343383789,49762300
2021-03-31,9.137361750648223,9.19602854364088,8.954027847705332,8.98336124420166,60456900
2021-04-01,9.005363610161517,9.01269713615696,8.814696829824735,8.924696922302246,61907500
2021-04-05,9.086032195355436,9.37203275325085,9.04203173294496,9.313365936279297,82332700
2021-04-06,9.313364941268587,9.526032304910657,9.269365182922531,9.474699020385742,67499400
2021-04-07,9.438028712397035,9.482029154365467,9.28402821455247,9.33536148071289,42264000
2021-04-08,9.29136391082409,9.357364239528776,9.115363500520571,9.174030303955078,52622000
2021-04-09,9.15936325341472,9.25469698383666,9.086030098803318,9.174030303955078,40555400
2021-04-12,9.166695490021818,9.203362411854577,9.034694851169226,9.078695297241211,40422800
2021-04-13,9.086031438328579,9.130031197709474,8.87336406968474,8.946697235107422,51556000
2021-04-14,8.946695043526532,9.15936236007542,8.946695043526532,8.976028442382812,49877500
2021-04-15,9.020028890348932,9.034695240095376,8.895361770368888,8.976028442382812,38209300
2021-04-16,9.034697889534783,9.064031296993134,8.939364140454249,8.968697547912598,33132900
2021-04-19,8.961361757705639,8.983361631184756,8.814694768905909,8.880694389343262,39063500
2021-04-20,8.844030442163055,8.844030442163055,8.323361973437716,8.396695137023926,83170800
2021-04-21,8.33069282964289,8.609360463825054,8.198692886666464,8.60202693939209,49641100
2021-04-22,8.84403004031493,8.910029674734615,8.675362442939695,8.75602912902832,73064400
2021-04-23,8.778029839952215,8.976030144947778,8.704695979219917,8.961363792419434,51833300
2021-04-26,9.005364443521431,9.122698072852483,8.968697509514579,8.998031616210938,40863800
2021-04-27,9.012696730158835,9.166697272308152,8.998030378192162,9.159363746643066,42037800
2021-04-28,9.240031214699139,9.240031214699139,9.086030671142037,9.115364074707031,68023400
2021-04-29,8.734026383985745,8.734026383985745,8.169358367987938,8.25735855102539,230430600
2021-04-30,8.330693514893154,8.46269416809082,8.308693639148023,8.46269416809082,90786500
2021-05-03,8.477361826297438,8.565362034954209,8.382028092078398,8.528695106506348,61987300
2021-05-04,8.455361277674434,8.470028328847656,8.235360405620568,8.367361068725586,71007700
2021-05-05,8.433359972143839,8.536027214879882,8.360026127423325,8.514026641845703,64495500
2021-05-06,8.4700262854963,8.624026788845807,8.41869231813758,8.609359741210938,50032800
2021-05-07,8.543359811065109,8.67536044828163,8.44802679459024,8.6680269241333,41525800
2021-05-10,8.638693653141818,8.748694418884162,8.580026857824581,8.587360382080078,51703500
2021-05-11,8.396692615579047,8.624026962966168,8.374692743045886,8.492026329040527,56882600
2021-05-12,8.4626934479672,8.565360691647188,8.272026009431526,8.308692932128906,55663100
2021-05-13,8.330693741559049,8.56536165355803,8.323360915686784,8.470027923583984,56598500
2021-05-14,8.543361204700217,8.70469526546431,8.521361328029853,8.682695388793945,48619200
2021-05-17,8.668027733069055,8.932029032139777,8.646027857934302,8.910028457641602,52201700
2021-05-18,9.012695731152162,9.188696131424582,8.895362130970547,8.902695655822754,72472900
2021-05-19,8.82202759382337,8.954028233424811,8.690027653585295,8.880694389343262,70220800
2021-05-20,9.181364323638325,9.306030763127296,9.020030255823922,9.159363746643066,106243900
2021-05-21,9.313365115675518,9.87803405347807,9.218031371655728,9.77536678314209,200958600
2021-05-24,9.812031153843193,9.812031153843193,9.474696724361706,9.577363967895508,111374300
2021-05-25,9.62869874734278,9.848699618291315,9.386697999108438,9.394031524658203,113383400
2021-05-26,9.650695086509371,10.23003010463985,9.606695348068856,10.193363189697266,227538700
2021-05-27,10.54536899212869,11.036704038932944,10.354701514397346,10.912036895751953,278939100
2021-05-28,11.00736936169837,11.036702762621504,10.567367648487924,10.655367851257324,152105300
2021-06-01,10.794703134651852,10.882703346425215,10.604035659461143,10.860703468322754,89071000
2021-06-02,10.926701776276694,11.014702676731455,10.765368423957636,10.934035301208496,77517200
2021-06-03,11.11003495968416,11.777370297811158,10.992701366083375,11.72603702545166,179671400
2021-06-04,11.975372999401833,12.063373906736501,11.5867052393549,11.711372375488281,151788000
2021-06-07,11.740706127056525,11.880040318340923,11.476704795933879,11.64537239074707,90915300
2021-06-08,11.557371773112958,11.586705175608635,11.242037171761805,11.462038040161133,93891100
2021-06-09,11.440036415870905,11.454702765196982,11.286035901448525,11.352035522460938,60079100
2021-06-10,11.432702332671786,11.572035791593802,11.058701001733208,11.080700874328613,78147500
2021-06-11,11.220038909730192,11.315372656404245,11.12470516305614,11.205371856689453,50613500
2021-06-14,11.168702796776167,11.220036773280471,10.868035260328098,10.904702186584473,82666000
2021-06-15,10.934034962335863,11.117368883768357,10.824034889221728,11.000035285949707,62612700
2021-06-16,11.073370557057627,11.212704047529034,10.91203648964587,11.014703750610352,69112900
2021-06-17,11.220035177233198,11.29336831995088,10.692033332594495,10.831367492675781,126653100
2021-06-18,10.662702355239112,10.831369950554569,10.589368496516999,10.648036003112793,76319700
2021-06-21,10.728703062955757,10.92670336943974,10.670036253674315,10.838703155517578,63385000
2021-06-22,11.014702676731455,11.080702303027381,10.86803497554914,10.934035301208496,65545900
2021-06-23,11.102704872118828,11.388705402196937,11.022037482106185,11.308038711547852,94985700
2021-06-24,11.396036229147557,11.403369753659584,11.110035067448962,11.190702438354492,79859800
2021-06-25,11.176037849542269,11.381372384899576,11.132038091511092,11.139370918273926,111760500
2021-06-28,11.146703541597022,11.154037067129437,10.875369391169075,10.970703125,79477400
2021-06-29,11.03670339772831,11.146703482679152,10.912036261790165,11.007369995117188,68208200
2021-06-30,10.963367797634573,11.08070138941544,10.860701254508,10.897367477416992,72213500
2021-07-01,10.934035301208496,10.978035751435877,10.882702025412744,10.934035301208496,51112200
2021-07-02,10.970702688553361,11.029369491751764,10.87536895851509,10.948702812194824,43652000
2021-07-06,10.904703616701038,10.91203714278677,10.552702756948339,10.633369445800781,73990600
2021-07-07,10.567366314046737,10.604033235411237,10.281365866003025,10.435365676879883,72992500
2021-07-08,10.237367512524305,10.435367809373082,10.076033445169505,10.310701370239258,62706800
2021-07-09,10.59670110517288,10.692034833515589,10.464701150005892,10.618700981140137,65981200
2021-07-12,10.530699222337525,10.809366841091292,10.442699032104231,10.714033126831055,49205200
2021-07-13,10.63336715283775,10.72870087330404,10.486700159567839,10.574700355529785,45360600
2021-07-14,10.582034796598396,10.728701802571889,10.413367215206291,10.450034141540527,39056200
2021-07-15,10.376700099069579,10.486700876060237,10.222699570773406,10.274033546447754,44952300
2021-07-16,10.354698969458267,10.369366017692878,9.958697758847375,9.980697631835938,48065200
2021-07-19,9.716697178739755,9.76803044947267,9.379362758144822,9.738697052001953,99949200
2021-07-20,9.804701293289046,10.2373696035833,9.738700947737225,10.200702667236328,70731800
2021-07-21,10.30336601888319,10.516033329336631,10.288698970193739,10.40603256225586,53817500
2021-07-22,10.325369831197847,10.369370294686941,10.105368912479658,10.200702667236328,40440100
2021-07-23,10.244699639350706,10.296032913123996,10.068698544738819,10.134698867797852,37927900
2021-07-26,10.193366374864976,10.325367030159832,10.171366498770317,10.288700103759766,43838000
2021-07-27,10.215367724166137,10.23736760192735,10.010033200516478,10.112700462341309,41963200
2021-07-28,10.164031028747559,10.259364739400405,9.951363735556845,10.164031028747559,70653500
2021-07-29,10.64070311990991,10.84603695762206,10.486702566784908,10.552702903747559,111154800
2021-07-30,10.435366721933123,10.48670069672962,10.17136612052434,10.230032920837402,74955700
2021-08-02,10.281370067072395,10.508703813569065,10.178702785173602,10.200702667236328,64673700
2021-08-03,10.24470227600173,10.325368969744067,10.002701495411133,10.28136920928955,53257700
2021-08-04,10.156700529304496,10.215367334002691,9.7533657224818,9.76803207397461,81502700
2021-08-05,9.929365202645963,10.134698999776477,9.863364878727443,10.054032325744629,60524400
2021-08-06,10.134700570220458,10.2007009043662,10.068700236074719,10.120034217834473,44450600
2021-08-09,10.06136651773228,10.134699671889063,9.936699386365945,10.083366394042969,38760400
2021-08-10,10.098032643310303,10.200699190856882,10.017365270965527,10.134698867797852,32120800
2021-08-11,10.164032389768678,10.230032713624873,10.024698916688253,10.21536636352539,42795600
2021-08-12,10.208030235419592,10.303363934525018,10.112696536314168,10.193363189697266,38547900
2021-08-13,10.178700321984302,10.230033600829508,9.92936605439878,9.966032981872559,45118500
2021-08-16,9.900031373475937,9.944031820633494,9.768030731366641,9.870697975158691,38664300
2021-08-17,9.76803322043926,9.775366746728134,9.394032471433032,9.526032447814941,74625300
2021-08-18,9.496697370333095,9.68736482409951,9.460030444706717,9.533364295959473,50966700
2021-08-19,9.386697444549728,9.474697647857461,9.218029863687319,9.291363716125488,69038800
2021-08-20,9.24736433405982,9.29136479048317,9.078697433057958,9.21803092956543,53615600
2021-08-23,9.320695132965612,9.423362364649757,9.144694763818482,9.33536148071289,64573600
2021-08-24,9.394031191602492,9.636031931256948,9.357364264517143,9.592031478881836,53672500
2021-08-25,9.62136358779056,9.738697179206008,9.54803044283759,9.65803050994873,51195500
2021-08-26,9.614032054871661,9.628699106518312,9.394031875080035,9.460031509399414,57559800
2021-08-27,9.452697273462512,9.804698068133629,9.438030224002842,9.760698318481445,57587300
2021-08-30,9.790032019195415,9.804698369742834,9.555364116165808,9.57003116607666,42720100
2021-08-31,9.54803082985217,9.636031026980707,9.482030507164918,9.555363655090332,42212700
2021-09-01,9.555364037578652,9.694698213132076,9.460030312032472,9.614030838012695,58875700
2021-09-02,9.59936581366537,9.687366026472999,9.511365600857744,9.540699005126953,49053200
2021-09-03,9.526031867914432,9.570032323605565,9.438031655895683,9.452698707580566,41616700
2021-09-07,9.408698168279859,9.562698712785037,9.394031816088825,9.496698379516602,64008900
2021-09-08,9.511363906207764,9.694697825066399,9.467363457961795,9.555363655090332,57980900
2021-09-09,9.496695240412445,9.496695240412445,9.32802839946855,9.357361793518066,68806400
2021-09-10,9.416031078935921,9.482031407892752,9.28403042102226,9.298697471618652,48792500
2021-09-13,9.357365539352228,9.526032447814941,9.254698269398691,9.526032447814941,62270800
2021-09-14,9.482032377749924,9.577366118287157,9.379365111164393,9.43069839477539,47640800
2021-09-15,9.452699463835371,9.716700121012757,9.394032651129287,9.694700241088867,60282100
2021-09-16,9.66536494943202,9.922032030115362,9.606698148169345,9.826698303222656,76426100
2021-09-17,9.834031663403518,10.04669898925728,9.819365313015375,9.936698913574219,76182400
2021-09-20,9.584696324021644,9.672696514446793,9.262028959129438,9.401362419128418,126152200
2021-09-21,9.452697658613216,9.511364460115452,9.28403007977171,9.364697456359863,60473100
2021-09-22,9.47469745644761,9.819365436962428,9.467363931479255,9.702031135559082,75784000
2021-09-23,9.790031729433966,10.07603220059633,9.768031155218852,10.054032325744629,68708100
2021-09-24,10.017367443810288,10.222701282805357,10.002701090706703,10.105367660522461,57440200
2021-09-27,10.186034802529651,10.479368851099824,10.178701276474513,10.384035110473633,68769700
2021-09-28,10.728701980602503,10.802035135124406,10.435367264424512,10.494034767150879,107090900
2021-09-29,10.604034615807509,10.633368016844956,10.391367283445147,10.486701011657715,56805500
2021-09-30,10.457368972297944,10.501368729901703,10.332701826814738,10.384035110473633,78820500
2021-10-01,10.457368972297944,10.538035660813858,10.274035017100703,10.384035110473633,51880900
2021-10-04,10.464701080012315,10.846035291469134,10.428034154069836,10.523367881774902,78332500
2021-10-05,10.589367332795726,10.589367332795726,10.347366604716397,10.47936725616455,55915800
2021-10-06,10.369365228270349,10.516032202633891,10.186031335475095,10.354698181152344,61020300
2021-10-07,10.516033972011101,10.963368493927083,10.4940340969958,10.919368743896484,96557500
2021-10-08,10.941370467030021,11.359371659742814,10.890037183535759,11.088037490844727,99468900
2021-10-11,11.146701941880151,11.264035536105723,10.978035075021738,11.066035270690918,45302300
2021-10-12,11.080702409230451,11.498704242624903,11.007369257299862,11.46937084197998,89134000
2021-10-13,11.432702629954925,11.50603577363426,11.198035451199681,11.374035835266113,63363500
2021-10-14,11.454705213734183,11.454705213734183,11.271371262107138,11.330038070678711,50875100
2021-10-15,11.39603691214498,11.755371941773067,11.39603691214498,11.513370513916016,77211800
2021-10-18,11.418037438738196,11.476704242969129,11.359370634507263,11.410704612731934,48643800
2021-10-19,11.44003938657686,11.506039024727809,11.271371779666065,11.308038711547852,44668300
2021-10-20,11.315371476581838,11.850706268206434,11.27137102141101,11.762706756591797,105213700
2021-10-21,11.850706782654607,12.246708798292275,11.828706204432377,12.136707305908203,95855000
2021-10-22,12.041372954424125,12.12937385901239,11.902038771628925,11.938706398010254,60646800
2021-10-25,12.026706725755389,12.100040584802628,11.594039195339917,11.733372688293457,67808000
2021-10-26,11.799371887002595,11.894704915488406,11.51337070345483,11.689371109008789,64882300
2021-10-27,11.579369616676953,11.674703332887109,11.366702311089172,11.374035835266113,96094300
2021-10-28,12.364041328430176,12.892042570689364,12.254039845740092,12.364041328430176,215237600
2021-10-29,12.36403917012011,12.730706985141687,12.1367041177235,12.525372505187988,100560700
2021-11-01,12.833377962101675,13.178045323827758,12.518043308379397,13.163379669189453,125246500
2021-11-02,13.310043994359132,13.339378096655201,13.00204291388532,13.207377433776855,115146200
2021-11-03,13.141376809535084,13.808712235904967,13.112042707892607,13.662044525146484,104755500
2021-11-04,13.874713736107541,14.30004845470877,13.728046012978673,14.241381645202637,157505500
2021-11-05,14.454043373234292,14.46137689676115,13.926042267839863,14.14604377746582,122232200
2021-11-08,14.22671070430175,14.974713370085228,14.109377117362383,14.776712417602539,153490400
2021-11-09,15.040712526034355,15.040712526034355,14.234043129077635,14.754712104797363,164928500
2021-11-10,14.578711620831873,15.01137975181453,13.97737663166322,14.197378158569336,229109600
2021-11-11,14.402713164242908,14.54938086845704,14.124046204708325,14.336712837219238,96436500
2021-11-12,14.212048860009814,14.388050703588819,14.087381703398886,14.300049781799316,77837900
2021-11-15,14.270710538173667,14.6300462239702,14.036043362840443,14.564045906066895,84838600
2021-11-16,14.59338323995356,14.71071686489719,14.322049756794094,14.512717247009277,66557200
2021-11-17,14.476049128134665,14.674050138090319,14.256048938446446,14.637382507324219,80855200
2021-11-18,14.85848742829021,14.932190524626439,14.268865469139662,14.41627025604248,111368800
2021-11-19,14.475237440505898,14.497348798757816,14.180426359330955,14.290980339050293,64610400
2021-11-22,14.290974792991447,15.322815285321022,14.232012599638578,15.094335556030273,137861700
2021-11-23,15.057485152148349,15.131188247434554,14.71845147613965,14.887969017028809,90984500
2021-11-24,14.71845532142389,14.991156423496756,14.578420950141865,14.924823760986328,77324300
2021-11-26,14.489976087690456,14.622641404985327,14.349940318793657,14.55630874633789,49434000
2021-11-29,14.792155000964822,14.880598999030456,14.364678722815189,14.497344017028809,68778700
2021-11-30,14.460498111503588,14.703717432065767,14.025651234472702,14.143575668334961,103238400
2021-12-01,14.467863001455123,15.086966804227187,14.394161305795855,14.431012153625488,125295600
2021-12-02,14.372051421041867,14.821639120469538,14.20990570595855,14.644752502441406,94142300
2021-12-03,15.013265768308434,15.035375715669916,13.951944716093559,14.106719970703125,120275200
2021-12-06,14.1730532440296,14.364680762236684,13.716096505494889,14.165682792663574,88147400
2021-12-07,14.482605983779425,14.784787477863516,14.386792922193957,14.711084365844727,75885600
2021-12-08,14.873227835359923,14.880598285326029,14.556305515665342,14.600526809692383,63246800
2021-12-09,14.563675989203142,14.688970827290547,14.401530306995156,14.423640251159668,63357600
2021-12-10,14.571047987486844,15.83873599725069,14.563677536725633,15.809255599975586,169657200
2021-12-13,15.654477998281214,15.698699294402923,14.836376288296474,15.057485580444336,126632300
2021-12-14,14.593159162021664,14.87323069143689,14.283607232850544,14.777416229248047,124559700
2021-12-15,14.733194715286693,14.98378443557984,14.408901888006767,14.880600929260254,79679700
2021-12-16,15.16066844135094,15.551293857156981,14.932190114181548,14.998522758483887,107020900
2021-12-17,14.762677215122281,14.917452481885402,14.44575482420362,14.571049690246582,98710700
2021-12-20,14.342570726806553,14.460496553735299,14.040389221865981,14.313090324401855,74565600
2021-12-21,14.556310430171782,14.585792239989864,14.246758455932264,14.453126907348633,58930900
2021-12-22,14.47523490789043,14.991155264007736,14.47523490789043,14.843749046325684,75806400
2021-12-23,14.799528887996631,15.04274818194487,14.74056667751736,14.924823760986328,50610500
2021-12-27,14.932194182735252,15.396521413596608,14.81426976201586,15.330188751220703,59651800
2021-12-28,15.22699995984496,15.521810909519843,15.175408219373043,15.300703048706055,53020500
2021-12-29,15.263854240656368,15.308076947399023,15.072228134517447,15.153300285339355,37883000
2021-12-30,15.175413393553269,15.448113087818145,15.086969375610352,15.086969375610352,51470100
2021-12-31,15.079598031759756,15.484964431848823,15.079598031759756,15.308077812194824,51899600
2022-01-03,15.676590863723597,16.126177130229223,15.52181420369034,16.04510498046875,110449000
2022-01-04,16.597874626709036,18.101411353533926,16.524171528995048,17.91715431213379,311645200
2022-01-05,17.732898468376106,18.38885453598585,17.29805170884158,17.438087463378906,253540000
2022-01-06,17.75501405809702,18.14563961154606,17.21698366985653,18.027713775634766,155058800
2022-01-07,18.182489973388346,18.35937661378057,17.71816271808002,18.01297378540039,127017500
2022-01-10,17.762383999866397,18.01297375815216,17.209612722313107,17.578126907348633,122800700
2022-01-11,17.526535956559695,17.94664192199707,17.158021754488995,17.94664192199707,106011600
2022-01-12,18.1382610257907,18.307777142386822,17.696043908165187,18.035076141357422,104050000
2022-01-13,18.160377214323958,19.06692310928905,17.96138063785011,18.440448760986328,185780500
2022-01-14,18.03507753355628,18.632071321031297,17.909782697319873,18.565738677978516,146012200
2022-01-18,18.32989122606677,18.521517313394657,17.909783987870384,17.968746185302734,110518100
2022-01-19,18.167747019544237,18.366744994705424,16.516803822980478,16.54628562927246,153198200
2022-01-20,16.12617738334396,16.863205628402586,15.897699020991336,15.956661224365234,152014100
2022-01-21,15.632365590762916,15.846104418149203,15.13855810494542,15.219630241394043,145532900
2022-01-24,14.688972346856527,15.08696684645556,13.8561296881862,15.02800464630127,186674000
2022-01-25,14.74056812260949,14.969046534894302,14.416275230296447,14.72582721710205,116775800
2022-01-26,15.48496485304487,15.507076208266765,14.423643700482714,14.674233436584473,135786400
2022-01-27,14.969042833442863,15.219632542024575,14.305717713102355,14.40890121459961,105674400
2022-01-28,14.312595626481786,14.482983333226231,14.016268872796354,14.475576400756836,87677100
2022-01-31,14.505207090005642,15.060820234024751,14.349636087918993,15.038595199584961,91361900
2022-02-01,15.268253715931909,15.446049799807678,14.757089091665529,15.305294036865234,117651800
2022-02-02,15.416413184128823,15.594209230770213,14.94969873831985,15.283065795898438,95377600
2022-02-03,14.942289840131231,15.275658298370573,14.720045143303219,14.73486042022705,103016000
2022-02-04,13.719939193512136,13.771796187724577,12.979121760769543,13.30508041381836,211100500
2022-02-07,13.134697468719613,13.423617332268503,13.112473842060362,13.253228187561035,84610000
2022-02-08,13.023572902743462,13.268042645800183,12.608715456676958,13.127286911010742,142694300
2022-02-09,13.534739273509228,13.653269988575735,13.356943200909464,13.59400463104248,87118600
2022-02-10,13.312493442504339,13.801433007137378,13.275453123031198,13.393983840942383,76195300
2022-02-11,13.408800012505893,13.601412774870886,12.905043774473999,13.001349449157715,94534100
2022-02-14,12.971715033377597,13.13469438021199,12.808735686543207,12.934673309326172,78625000
2022-02-15,13.186554378099004,13.431024160415523,13.127289019143412,13.393983840942383,65883300
2022-02-16,13.25322525930254,13.490286644607417,13.142102911565546,13.342123985290527,57442100
2022-02-17,13.231002711616863,13.290268062754112,12.964307925000533,12.993941307067871,55368600
2022-02-18,13.038387384694172,13.690306118080164,13.016162352545718,13.364347457885742,106404200
2022-02-22,13.090245888814426,13.156919579947392,12.645755085593757,12.808735847473145,98550700
2022-02-23,12.964308135477335,13.134695846138506,12.505000596958688,12.556859016418457,79855400
2022-02-24,11.845673534908471,12.734655241155727,11.82344920420191,12.705021858215332,110443900
2022-02-25,12.77910513203014,13.26063634715929,12.682799454203352,13.208779335021973,78888000
2022-02-28,12.84577821626408,13.097656331327888,12.749471130093928,13.008757591247559,82367800
2022-03-01,12.897633335115168,12.897633335115168,12.186449170721563,12.37165355682373,94819500
2022-03-02,12.964305551764863,13.519918646840498,12.816141494545825,13.408796310424805,138638200
2022-03-03,13.519923299119185,13.519923299119185,12.919861345592142,13.038392066955566,95395500
2022-03-04,12.853185435888618,12.882817404653396,12.327204213589024,12.482776641845703,91304000
2022-03-07,12.475368504523274,12.519817164910656,11.830857276916504,11.830857276916504,87999200
2022-03-08,11.897531663106054,12.386471223713317,11.682695268535035,11.8753080368042,101020300
2022-03-09,12.33461289383491,12.467960289389469,12.060511170081607,12.127184867858887,62846700
2022-03-10,11.934571982580456,12.156816697277595,11.67528554010217,12.097551345825195,72992600
2022-03-11,12.149407630756487,12.208672978691988,11.86048923619559,11.88271427154541,54985900
2022-03-14,11.91975745200003,12.023471482591198,11.490083222839582,11.660470962524414,66341700
2022-03-15,11.682694181150305,11.956795908676504,11.504897415797352,11.897530555725098,65263700
2022-03-16,12.201264515574081,12.319795210298745,11.897529433717462,12.282754898071289,82677600
2022-03-17,12.023468473487085,12.282754898071289,11.971611471169712,12.282754898071289,58500200
2022-03-18,12.164225583631401,12.519817708154724,12.06051156722814,12.490185737609863,89144000
2022-03-21,12.497592320284573,12.675388357462051,12.097550176887275,12.208672523498535,72583600
2022-03-22,12.386470802632541,12.82355333634662,12.371655523267487,12.660573959350586,77647100
2022-03-23,12.460552241787067,12.630939956627797,12.275347835308668,12.35683822631836,63296800
2022-03-24,12.401287608098066,12.579083679078254,12.327205558606929,12.467961311340332,56314200
2022-03-25,12.401286425739475,12.430919807909664,12.104959669024765,12.201265335083008,62023100
2022-03-28,12.260529452315051,12.356836521676726,12.060509794789441,12.349428176879883,54634400
2022-03-29,12.601308354975911,13.186553561809133,12.601308354975911,13.149513244628906,90676900
2022-03-30,12.979122985277796,13.082836983487521,12.742061610514279,12.79391860961914,57853400
2022-03-31,12.742062306446954,12.85318465531186,12.223489461080952,12.52722454071045,52529400
2022-04-01,12.601307636457456,12.705021649046403,12.104959784357224,12.334612846374512,64695700
2022-04-04,12.342020034790039,12.393877036222358,12.119775339223722,12.342020034790039,51146500
2022-04-05,12.193856010912643,12.31238811708307,11.71232559977089,11.719733238220215,91708000
2022-04-06,11.55675581944099,11.704919210664842,11.24561234462151,11.40118408203125,102881600
2022-04-07,11.16412175192507,11.267836477194994,10.78630528761779,11.082632064819336,101229100
2022-04-08,11.067813059705049,11.438221807046563,10.97150740711504,11.149303436279297,75085800
2022-04-11,11.030776061544076,11.682695737347439,11.030776061544076,11.319694519042969,66117100
2022-04-12,11.482672463715206,11.645652528761767,11.319692398668645,11.378957748413086,49138700
2022-04-13,11.341917458759617,11.519713508370147,11.275243763530993,11.490080833435059,51871800
2022-04-14,11.48267214376382,11.67528487831567,11.45303946971728,11.467855453491211,39312900
2022-04-18,11.386365699771561,11.697509128413223,11.386365699771561,11.608611106872559,40205800
2022-04-19,11.66046594630251,12.02346631020998,11.66046594630251,11.964200973510742,55398300
2022-04-20,12.023468848939508,12.260530245791463,11.860489491853134,11.890121459960938,47351500
2022-04-21,12.208674032304442,12.27534773111051,11.564162788010337,11.630836486816406,49898500
2022-04-22,11.519714912000335,11.586388615352877,11.112265052122744,11.208571434020996,56193700
2022-04-25,11.119081549925953,11.335348032710586,10.90281506714132,11.327890396118164,58361400
2022-04-26,11.260773008331109,11.290602841403272,10.940101769405864,10.969931602478027,60345300
2022-04-27,11.029590948033585,11.260772681022758,10.88789942285908,11.074336051940918,65847900
2022-04-28,11.11907939870703,11.17873905750525,10.365875317380455,10.902812957763672,131556500
2022-04-29,10.88044181452188,11.163825576786797,10.515026191285266,10.559770584106445,83184900
2022-05-02,10.455367101649903,10.656718302815836,10.30621722084629,10.641803741455078,64734000
2022-05-03,10.67163185641216,10.999759976687379,10.589599292943937,10.858068466186523,55734200
2022-05-04,10.820781484629522,11.186197085398037,10.634344866539555,11.171281814575195,59774900
2022-05-05,11.051962672449964,11.051962672449964,10.694004701273913,10.83569622039795,57889200
2022-05-06,10.783493959596175,10.887898721185357,10.44045055574515,10.597057342529297,66622200
2022-05-09,10.328592300249875,10.567231021766863,9.925889102090212,9.970633506774902,71242000
2022-05-10,10.29130389000125,10.321133727488814,9.709621703394056,9.955718040466309,75506700
2022-05-11,9.843853475069892,10.157067056152963,9.538097529536246,9.567927360534668,71644900
2022-05-12,9.105564902260525,9.54555545631035,9.060819798798132,9.27708625793457,113203900
2022-05-13,9.605215545096884,10.1645254515266,9.597757908989985,10.067578315734863,78944200
2022-05-16,10.060120894062845,10.082493802860432,9.679789978895919,9.731992721557617,65055400
2022-05-17,9.948257150241473,10.089948654174805,9.81402256984207,10.089948654174805,50891400
2022-05-18,9.88114266453177,9.963174536281006,9.478439520236565,9.530641555786133,68362500
2022-05-19,9.426233218844603,9.784191091246754,9.41877558536979,9.582839965820312,58459600
2022-05-20,9.731993436002085,9.784195471296698,9.00116138588055,9.321832656860352,78183400
2022-05-23,9.42623584109198,9.657416853529936,9.321831076997867,9.567927360534668,51929600
2022-05-24,9.396406345179784,9.456066009304157,9.150310052866915,9.262171745300293,51082800
2022-05-25,9.195054612052639,9.553013314487416,9.187596976102071,9.478438377380371,41193100
2022-05-26,9.545557201076285,9.843855574685152,9.538099563936207,9.784195899963379,45709200
2022-05-27,9.888598908269335,10.164525032043457,9.873683636671078,10.164525032043457,54195700
2022-05-31,10.201813697814941,10.306217766465494,9.955717377139525,10.201813697814941,79689900
2022-06-01,10.350962335677442,10.418079639853344,9.993003617139083,10.104866027832031,50726200
2022-06-02,10.171983724853455,10.410622405629109,10.142153889756498,10.358420372009277,42979700
2022-06-03,10.1645254515266,10.276387148332812,9.963173543836227,10.067578315734863,43625200
2022-06-06,10.246557166358734,10.246557166358734,9.978088671201494,10.037748336791992,37711100
2022-06-07,9.88860016010998,10.26893109962176,9.8363974141068,10.24655818939209,38940300
2022-06-08,10.164523579107627,10.328587987240322,10.022831363975103,10.089948654174805,39441900
2022-06-09,10.075035983385337,10.13469565002868,9.90351390838623,9.90351390838623,30468000
2022-06-10,9.69470401838714,9.85131080405521,9.418777912438493,9.508267402648926,55644400
2022-06-13,9.172681839599193,9.232341501060061,8.755063498173856,8.807266235351562,80676300
2022-06-14,8.94150054140203,9.262171770336819,8.88184087711639,9.09810733795166,82369300
2022-06-15,9.11302399637924,9.262173179789825,8.948959539027896,9.150311470031738,70393200
2022-06-16,8.79981017031605,8.88184204166464,8.292702246199042,8.389649391174316,80380100
2022-06-17,8.38218965246037,8.531338795329926,8.12863575398252,8.37473201751709,80248800
2022-06-21,8.613371450839947,8.695403302509181,8.464222306350786,8.54625415802002,66283400
2022-06-22,8.397105903599865,8.710319495826452,8.359818435725405,8.561169624328613,46098900
2022-06-23,8.576084480691767,8.635744141922377,8.389647861546294,8.620829582214355,53655000
2022-06-24,8.687946920079359,9.038447993562189,8.628287253682196,8.956416130065918,55457600
2022-06-27,9.03844900258619,9.083194112978928,8.874384546078689,8.978789329528809,44009900
2022-06-28,9.053362516677458,9.27708589155608,8.799808599869138,8.807266235351562,45866900
2022-06-29,8.755064285110187,8.769979557415674,8.48659578440538,8.5910005569458,39474200
2022-06-30,8.382191321457709,8.471680824997902,8.151010281778714,8.300159454345703,59238200
2022-07-01,8.27778693438689,8.576085267921831,8.195754359265287,8.441850662231445,54356000
2022-07-05,8.240498093074693,8.359817406625226,7.912369269611523,8.352359771728516,87269800
2022-07-06,8.315071899437019,8.404562091397224,8.083890918604146,8.247955322265625,71282900
2022-07-07,8.449309525443798,8.740150976278109,8.449309525443798,8.687948226928711,63000400
2022-07-08,8.687947225351026,8.784894364452716,8.561170252002613,8.66557502746582,55235600
2022-07-11,8.605914076834466,8.695403566242193,8.404562903466887,8.419477462768555,48833600
2022-07-12,8.419477692161598,8.740148904675577,8.404563132453577,8.620829582214355,58414500
2022-07-13,8.434393658418793,8.635744853872122,8.329988887058237,8.583542823791504,48274300
2022-07-14,8.367275925127677,8.501509811447862,8.307616262052198,8.49405288696289,48176300
2022-07-15,8.635747157760953,8.874385886022552,8.568629837637502,8.859471321105957,49306900
2022-07-18,9.060817037531134,9.13539195017546,8.874380467119389,8.9191255569458,45873400
2022-07-19,9.113022324076676,9.463522662972462,9.105564688474823,9.388948440551758,62650800
2022-07-20,9.396407411880755,9.560471151248015,9.329290104321705,9.493353843688965,51932200
2022-07-21,9.605215510101656,9.69470500946045,9.41877887530434,9.69470500946045,66949200
2022-07-22,9.769279153436818,9.7991089841307,9.485895406245294,9.560469627380371,46724700
2022-07-25,9.582843683731475,9.687247748088815,9.396407041722687,9.575386047363281,36830500
2022-07-26,9.456067419187095,9.515727092206621,9.292002962783696,9.351662635803223,49272300
2022-07-27,9.508268063759818,9.836396217346191,9.41877856732717,9.836396217346191,64572300
2022-07-28,10.395704617241595,10.50756700518962,9.978087026926719,10.440449714660645,144096500
2022-07-29,10.522483208689861,11.029591073127694,10.447908982930908,10.955016136169434,94551600
2022-08-01,10.932643768555291,11.506868925033771,10.850611908143778,11.439751625061035,109521700
2022-08-02,11.335347029184735,11.521783660293691,11.275687364125814,11.305517196655273,74626800
2022-08-03,11.544155007980676,12.043805199506378,11.529240448412354,11.700761795043945,95846000
2022-08-04,11.670931725242198,11.68584699570374,11.417378528189149,11.462122917175293,85039800
2022-08-05,11.357719856567208,11.536699572883457,11.283145626701504,11.40992259979248,68093500
2022-08-08,11.611273634747096,11.961775425961857,11.596359073469491,11.7678804397583,75988100
2022-08-09,11.678391492768904,11.708221327939219,11.29806056094785,11.327890396118164,67676800
2022-08-10,11.651761133059829,11.734611146130192,11.470996358090611,11.674356460571289,71607000
2022-08-11,11.900309645013921,11.990691656297486,11.757204255095663,11.922904968261719,61567000
2022-08-12,12.013285956862816,12.216645285365907,11.930435966478937,12.186518669128418,53182500
2022-08-15,12.050946778894813,12.38988023168515,12.005755412425302,12.29196548461914,51779600
2022-08-16,12.276902141996965,12.563112948467307,12.246775520391335,12.37481689453125,54028900
2022-08-17,12.171455903555104,12.25430662081378,11.975627849679455,12.073542594909668,57118300
2022-08-18,12.043412974922951,12.209112951336543,11.94549896070094,12.163922309875488,39414200
2022-08-19,12.013289190737485,12.15639388870353,11.877716508004523,11.960566520690918,48597200
2022-08-22,11.35801887512207,11.455932917632563,11.229977490169311,11.35801887512207,71321800
2022-08-23,11.365549153085212,11.614099869816139,11.365549153085212,11.53878116607666,51289000
2022-08-24,11.538780441036646,11.794863155709027,11.478525769148128,11.689417839050293,39508700
2022-08-25,11.749674469551753,12.081075938473951,11.73461043992235,11.998225212097168,56401300
2022-08-26,12.05847914105545,12.118733819225612,11.606568336486816,11.606568336486816,54517300
2022-08-29,11.448400353991682,11.832524490447769,11.440868339168825,11.727078437805176,50416500
2022-08-30,11.824991913684931,11.900310621749316,11.42580448484554,11.636695861816406,66034400
2022-08-31,11.689418191681565,11.689418191681565,11.47852611541748,11.47852611541748,52058200
2022-09-01,11.373082398929032,11.46346442223019,11.132062951833472,11.440868377685547,65299800
2022-09-02,11.696950077972554,11.727077416347345,11.342954031641838,11.418272018432617,64565400
2022-09-06,11.463464641727812,11.478527953420196,11.177254536647679,11.320359230041504,58676700
2022-09-07,11.229975520950855,11.666822268907252,11.139593509472881,11.621631622314453,55087200
2022-09-08,11.418272676733102,11.659291397626957,11.312827345488262,11.65176010131836,60075900
2022-09-09,11.749674807304018,11.824992802738699,11.538782696184942,11.61410140991211,63328600
2022-09-12,11.712014092710303,11.855118770251345,11.636695387714552,11.704482078552246,52656500
2022-09-13,11.297763459003972,11.395677495177102,11.071808046165401,11.101935386657715,80842500
2022-09-14,11.116999043853879,11.184785737265203,10.883511624136256,11.041680335998535,59571800
2022-09-15,11.064275948599333,11.455932090358399,11.056744652252005,11.214913368225098,61377000
2022-09-16,11.01155149589033,11.101933502024268,10.89857416779599,11.086870193481445,68454800
2022-09-19,10.9211695892238,11.26763430837225,10.913637575737622,11.245038986206055,48696200
2022-09-20,10.612366639137306,10.717811978818993,9.798927672743549,9.859182357788086,196340000
2022-09-21,9.97215855964539,10.235773314954235,9.82905387878418,9.82905387878418,94271600
2022-09-22,9.881776182565112,9.972158196389172,9.603098127034492,9.618162155151367,82004400
2022-09-23,9.28676035360354,9.369610350104853,9.000550295291227,9.271697044372559,104043700
2022-09-26,9.19637850970267,9.324419872797925,8.98548714860735,9.030677795410156,89300400
2022-09-27,9.196379101865947,9.203911116248868,8.78212764860682,8.970423698425293,87044400
2022-09-28,8.970422301712075,9.218972991309212,8.857444976728763,9.173782348632812,72701600
2022-09-29,8.925233889710645,8.947829216696073,8.556173051388697,8.639023780822754,84534900
2022-09-30,8.578767659203661,8.684212979662178,8.428130255761713,8.435662269592285,71688200
2022-10-03,8.571237081573978,8.729405807056958,8.38294101401293,8.639023780822754,66198300
2022-10-04,9.008083289131319,9.31688870403428,8.993019259969007,9.309356689453125,87629200
2022-10-05,9.324420637197761,9.459994025305017,9.136124584067659,9.422334671020508,87919100
2022-10-06,9.309356689453125,9.512716773389677,9.181315314743246,9.309356689453125,64531900
2022-10-07,9.173783278479933,9.26416529128609,9.038209900124501,9.188846588134766,56494500
2022-10-10,8.63902309375553,8.69927777311957,8.435663012182562,8.556172370910645,115548900
2022-10-11,8.510981925757282,8.940296706151157,8.420599904531858,8.706809997558594,75173200
2022-10-12,8.646553440674515,8.812254149880005,8.548640136176918,8.691744804382324,59628500
2022-10-13,8.465789717852209,8.95535984888614,8.435662380426459,8.864977836608887,70487400
2022-10-14,8.887572566110526,8.925231914948874,8.706808553637254,8.789658546447754,55127700
2022-10-17,9.023145019854605,9.030677033116744,8.78212634180471,8.910167694091797,59561700
2022-10-18,9.203911683337134,9.226507009585657,8.970424251127504,9.060806274414062,53603400
2022-10-19,8.970424818915482,9.143657579898937,8.932765460589295,9.136125564575195,54130000
2022-10-20,9.136123873440646,9.188846534362613,8.834849780890753,8.864977836608887,55568100
2022-10-21,8.842381744692421,9.226505833412416,8.797191097956174,9.181314468383789,55132700
2022-10-24,9.264164706586763,9.52777871439387,9.173782699484983,9.399737358093262,64717700
2022-10-25,9.47505692141826,9.813989658562381,9.384674906065987,9.663352966308594,66391600
2022-10-26,9.640755632270004,9.836583650522568,9.429864307078459,9.655818939208984,86833600
2022-10-27,9.618161282162944,9.957093982813184,9.354546560383683,9.791393280029297,88421500
2022-10-28,9.791394606979027,10.024882025194117,9.768799282084801,9.987222671508789,55777900
2022-10-31,9.904373333038293,10.17552014280847,9.89684203588331,10.070074081420898,54676700
2022-11-01,10.22070894587431,10.280963621945054,9.911903551438645,10.092667579650879,47454700
2022-11-02,9.957095355981863,10.29602810337383,9.836585998535156,9.836585998535156,73673500
2022-11-03,9.648289924925693,10.137859367957674,9.618162585635917,9.987222671508789,58782600
2022-11-04,10.220710598450998,10.371348031276677,9.994755885797508,10.175519943237305,61489100
2022-11-07,10.250838743715397,10.36381682717772,10.070074672126761,10.318625450134277,48176900
2022-11-08,10.37887651791604,10.393940544436612,10.175517187934561,10.333685874938965,52731900
2022-11-09,10.220709668518843,10.318623703629811,10.002286272745899,10.024882316589355,74199200
2022-11-10,10.311091144006511,10.815724603824686,10.296027833866182,10.68015193939209,75638500
2022-11-11,10.740407147971915,11.049212563198596,10.695215778730049,10.921171188354492,60187600
2022-11-14,10.829843301260698,10.921170801381844,10.700464248657227,10.700464248657227,57691600
2022-11-15,10.875505976881957,11.096212507802,10.80701072145839,10.883116722106934,61835700
2022-11-16,10.730907325184846,10.784181099484673,10.533032269498712,10.578695297241211,47484200
2022-11-17,10.396040380270696,10.586304664611816,10.312324356448835,10.586304664611816,54317900
2022-11-18,10.715683438761834,10.753736437248746,10.517808427270353,10.647188186645508,37101900
2022-11-21,10.5482506965734,10.685241201009607,10.39603942820016,10.616745948791504,34087100
2022-11-22,10.69285285080268,10.768958128529716,10.63957835801305,10.708073616027832,28738800
2022-11-23,10.654799867396445,10.700463614751854,10.540641587708881,10.677631378173828,25974200
2022-11-25,10.624357171937548,10.738515446906403,10.57869342646964,10.715683937072754,12980900
2022-11-28,10.60913711310907,10.624358605585893,10.42648355819143,10.449315071105957,35249700
2022-11-29,10.540641717793848,10.578693994292221,10.434093456516711,10.4645357131958,28380800
2022-11-30,10.487368515955474,10.61674830422712,10.23621968596951,10.578695297241211,61537300
2022-12-01,10.723294682284175,10.928779722388235,10.654799426982617,10.715683937072754,45335100
2022-12-02,10.533031339742516,10.631968858852316,10.464536078374142,10.54825210571289,42417400
2022-12-05,10.464535343576136,10.479756834278366,10.175333552439412,10.182944297790527,39714500
2022-12-06,10.213386483098748,10.327544759377249,9.939406184549975,10.10683822631836,39996000
2022-12-07,10.045953909870228,10.213386680678244,9.962237887366538,9.9698486328125,36609800
2022-12-08,10.045954745608169,10.09161849628215,9.947017223981792,9.98507022857666,32376300
2022-12-09,9.924184850064071,10.167722897049492,9.924184850064071,10.030733108520508,41553600
2022-12-12,10.045954685111695,10.25144047320613,9.969849402180959,10.243829727172852,35473800
2022-12-13,10.487369131444211,10.593917412097776,10.175335762288299,10.327547073364258,57872100
2022-12-14,10.327545631131771,10.487367666892721,10.167723595370822,10.259050369262695,51199900
2022-12-15,10.068785763248279,10.091618000363603,9.85568996410987,9.916574478149414,55725300
2022-12-16,9.718701956985893,9.756754240905172,9.193572019610665,9.224014282226562,118345700
2022-12-19,9.224011909131978,9.262064909062016,8.78259885186498,8.896757125854492,88062500
2022-12-20,8.866314112730809,8.889146346216345,8.462954089893412,8.729324340820312,82057900
2022-12-21,8.83587310484621,8.972863621848687,8.790210083045814,8.965252876281738,49256000
2022-12-22,8.782598159155487,8.782598159155487,8.447733382944254,8.607555389404297,75158700
2022-12-23,8.577114368631255,8.67605115873166,8.53906136623844,8.645608901977539,38200700
2022-12-27,8.584725425096037,8.668442185629365,8.470567129933352,8.52384090423584,44837400
2022-12-28,8.508619735967587,8.561893507759644,8.29552319719795,8.333576202392578,49375400
2022-12-29,8.432513132433549,8.790210194821439,8.409681621243028,8.782599449157715,53550300
2022-12-30,8.67605166861121,8.858705945670927,8.668441648325938,8.851095199584961,39232200
2023-01-03,8.995695295142001,9.071801300584077,8.805431007337472,8.889147758483887,45809000
2023-01-04,9.041360358565317,9.1935716657868,8.934812080609897,9.140297889709473,53429700
2023-01-05,9.216402097720545,9.421887882680624,9.041359296429228,9.32295036315918,50785600
2023-01-06,9.224013198845649,9.581710286920723,9.20879243222581,9.57409954071045,53089100
2023-01-09,9.695867982471059,9.840469248398708,9.551267442344072,9.657814979553223,50865500
2023-01-10,9.650204585942808,9.794805120470691,9.513214071063294,9.771973609924316,47065500
2023-01-11,9.840469742993175,10.091618558753032,9.810027484288971,10.061176300048828,51911600
2023-01-12,10.099228781853215,10.297103090282535,9.977459027541999,10.22099781036377,58113700
2023-01-13,9.61215163853747,9.75675217387829,9.490382613871382,9.680646896362305,96444000
2023-01-17,9.673035638342595,9.77958389218026,9.459939856467868,9.642593383789062,60774900
2023-01-18,9.733921124770974,9.77958487408638,9.437108568722516,9.444719314575195,48774400
2023-01-19,9.353391270420452,9.40666503254683,9.16312700476845,9.269675254821777,52918500
2023-01-20,9.292507505761987,9.452329530708287,9.193569992623742,9.437108039855957,44349200
2023-01-23,9.497992597853127,9.825247394763343,9.459940322138516,9.741531372070312,49688000
2023-01-24,9.650204517682395,9.817636561572328,9.604540771112013,9.695867538452148,41537400
2023-01-25,9.589319570416176,9.77958384184665,9.505602826474385,9.733920097351074,37739000
2023-01-26,9.886133769660018,9.947018293236308,9.673037937143,9.832859992980957,48970900
2023-01-27,9.802416305337003,10.175334139447486,9.794805559546829,10.099228858947754,62114600
2023-01-30,9.90135389524206,10.045954437304022,9.787194884960929,9.810027122497559,64512600
2023-01-31,10.19055551503125,10.327545308691711,10.084007252583639,10.281882286071777,83093300
2023-02-01,10.2894929002847,10.647189234172226,10.26666066346585,10.494977951049805,70641000
2023-02-02,10.784181921362572,11.111436790260912,10.677633638841979,10.898340225219727,102579800
2023-02-03,9.931796815733776,10.357988450321482,9.726311018992734,10.06878662109375,165500200
2023-02-06,10.015512590856043,10.05356559584515,9.726310769059808,10.00029182434082,77262800
2023-02-07,9.954627395972212,10.28188220049414,9.878521391171551,10.236218452453613,70671100
2023-02-08,10.122059768991749,10.418871579163135,10.122059768991749,10.213386535644531,62028400
2023-02-09,10.396040462750095,10.601526239853085,10.198165431273289,10.266660690307617,78667100
2023-02-10,10.388015159290086,10.436556853554254,10.12103352616821,10.299020767211914,68205200
2023-02-13,10.282842154415901,10.598366305361582,10.274751613519653,10.590275764465332,64201900
2023-02-14,10.509372029492726,10.671178991650507,10.371835918769497,10.493191719055176,75352900
2023-02-15,10.315203091320841,10.468919503785115,10.193848069457278,10.460829734802246,65850000
2023-02-16,10.299021157576625,10.630726348217243,10.121033909786654,10.444647789001465,64145500
2023-02-17,10.371836638545215,10.468920822577248,10.234300518277374,10.42846965789795,54401000
2023-02-21,10.290934379910079,10.363747716782768,9.845964588009862,9.870235443115234,77724200
2023-02-22,9.902595360144218,9.959228375666354,9.821692264701314,9.878324508666992,52844700
2023-02-23,9.967318371669485,9.999679764893484,9.611343046205493,9.765059471130371,57952800
2023-02-24,9.562799008754356,9.692244560508756,9.506166772750893,9.61134147644043,50631600
2023-02-27,9.69224494820743,10.048221001327748,9.676064639369077,9.75696849822998,60378100
2023-02-28,9.765059471130371,9.854053881163725,9.71651776707261,9.765059471130371,59796800
2023-03-01,9.991589202837169,10.145305615571033,9.84596255910036,9.967317581176758,85328800
2023-03-02,10.01586049716201,10.153396606445312,9.894504698146857,10.153396606445312,78214100
2023-03-03,10.290931347771593,10.606454685844792,10.23429834047008,10.582183837890625,80080200
2023-03-06,10.582182723997951,10.663086570737601,10.460827725444739,10.5012788772583,50571200
2023-03-07,10.468917434165142,10.50127881836827,10.339471897352631,10.379923820495605,46540400
2023-03-08,10.339471955335265,10.525550494213954,10.282839725551268,10.5012788772583,46421000
2023-03-09,10.533641400128392,10.582183092618074,10.064400152871627,10.072490692138672,65423500
2023-03-10,10.056314112139988,10.121036907150728,9.708428510289831,9.789332389831543,73897400
2023-03-13,9.651795340255505,9.959228973116874,9.158283110755402,9.732698440551758,119167600
2023-03-14,9.878324173322811,9.959228037575691,9.522348868034287,9.65179443359375,93844200
2023-03-15,9.303909820361476,9.489987646421582,9.158283158883822,9.473807334899902,108909300
2023-03-16,9.328180117650163,9.619433423252625,9.23918648069189,9.562800407409668,74017200
2023-03-17,9.465716166068923,9.489987017521269,8.99647558968912,9.142102241516113,249885100
2023-03-20,9.166374193164124,9.287729236547973,9.020747523858265,9.045019149780273,74975100
2023-03-21,9.223004512396296,9.530438099017024,9.206824203393303,9.48189640045166,74794900
2023-03-22,9.514256879086913,9.659882732396682,9.279636634333954,9.287726402282715,69729100
2023-03-23,9.425265070878805,9.530439798601654,9.117832200989273,9.239187240600586,74225300
2023-03-24,9.15828213515,9.311999320983887,9.045017652489685,9.311999320983887,72425300
2023-03-27,9.409083930324394,9.465716174281154,9.231095885887703,9.320090293884277,55941100
2023-03-28,9.344361374231708,9.425264471643455,9.271548046471604,9.38481330871582,41385900
2023-03-29,9.530440375951349,9.756970928565154,9.473808123576184,9.748880386352539,48655400
2023-03-30,9.9349579351986,10.023952353802267,9.87023514251769,9.943048477172852,57751300
2023-03-31,10.040130478460235,10.218118505327611,10.023950169593954,10.19384765625,66868200
2023-04-03,10.137214879785912,10.29902182995702,10.096762949354034,10.258570671081543,55956300
2023-04-04,10.331384588102123,10.396107371907789,10.121035154955491,10.290932655334473,54655700
2023-04-05,10.177665659707465,10.234297892976395,9.88641318232342,10.056310653686523,53332900
2023-04-06,10.048222839736829,10.096764546689391,9.943048112597582,9.975409507751465,36355800
2023-04-10,9.870233789041208,10.290932655334473,9.837872397138376,10.290932655334473,61326200
2023-04-11,10.347563032612369,10.57409273508895,10.347563032612369,10.412285804748535,63633600
2023-04-12,10.56600578242857,10.582186093995515,10.23430052240633,10.250481605529785,53845500
2023-04-13,10.226209259336402,10.226209259336402,9.88641427892028,10.080582618713379,75485700
2023-04-14,10.072492581158663,10.242390079848123,10.048221730362007,10.129125595092773,43542000
2023-04-17,10.112944030149345,10.258570671081543,10.080582640115122,10.258570671081543,40191100
2023-04-18,10.274749920079831,10.323292385900317,10.210027146690061,10.299020767211914,38865900
2023-04-19,10.193848126085873,10.193848126085873,9.845962596528357,9.886414527893066,69451800
2023-04-20,9.554710707306668,9.651794886027142,9.344361267634076,9.603252410888672,79563100
2023-04-21,9.627522941124692,9.643704022815896,9.433354590168882,9.554710388183594,46926500
2023-04-24,9.619432367834836,9.854052631852447,9.611341827665449,9.837871551513672,57794700
2023-04-25,9.805107082109831,9.813297889291622,9.583938883151335,9.641279220581055,63114700
2023-04-26,9.665854640578049,9.715002615742215,9.428304010769967,9.45287799835205,58105300
2023-04-27,9.510214805603027,9.592129115382734,9.37096094769318,9.510214805603027,53280300
2023-04-28,9.493833684581011,9.780532244843428,9.477450507952547,9.73138427734375,55045000
2023-05-01,9.837872794789869,10.067231804202825,9.821489617806792,9.878829956054688,59834200
2023-05-02,9.87063755496421,9.903403125040068,9.551172660829986,9.665852546691895,91090400
2023-05-03,9.616704278063384,9.903403616344816,9.608512689839834,9.657661437988281,94050700
2023-05-04,9.665853658834248,9.690427643920394,9.395537479307938,9.469260215759277,79792900
2023-05-05,9.657661474972326,9.862446494188188,9.600321919573599,9.821489334106445,64173300
2023-05-08,9.846064567565918,9.878830140952456,9.706810685374906,9.846064567565918,49943800
2023-05-09,9.739575871218937,9.772341443301718,9.649469962096648,9.715001106262207,42878300
2023-05-10,9.846063685309957,9.862446079938838,9.608512323052217,9.739575386047363,49193100
2023-05-11,9.690425694038675,9.731382848402896,9.633086146644413,9.723191261291504,43030800
2023-05-12,9.772340916501163,9.78053172318567,9.54298114309301,9.559364318847656,45155400
2023-05-15,9.58393704381799,9.600320217423068,9.493831932568202,9.534789085388184,53197000
2023-05-16,9.461067521249142,9.485641503463235,9.207133767727484,9.215325355529785,60514900
2023-05-17,9.297241888298785,9.53479252286501,9.272667119031489,9.420112609863281,50077500
2023-05-18,9.387343647713337,9.551171477800548,9.379152060910798,9.534789085388184,38181400
2023-05-19,9.551171781154508,9.641277676458856,9.452875079980188,9.542980194091797,43474200
2023-05-22,9.592130072242588,9.608512467117098,9.313622328640442,9.526598930358887,57417200
2023-05-23,9.44468407928202,9.755957376255516,9.44468407928202,9.608511924743652,56843800
2023-05-24,9.534789876095417,9.542980682384494,9.215324995038031,9.280856132507324,71391000
2023-05-25,9.280857375347086,9.436494433573273,9.280857375347086,9.32181453704834,51328900
2023-05-26,9.493834173356428,10.06723210459463,9.452877010869507,9.903404235839844,123257500
2023-05-30,10.362121944629807,10.468610251291839,10.247442830680601,10.312973976135254,86226900
2023-05-31,10.222869269192415,10.231060858637193,9.796916773572548,9.829682350158691,86275300
2023-06-01,9.887020880086936,9.977126792171969,9.698619029714385,9.91978645324707,64407800
2023-06-02,10.042655886359787,10.247440872062754,9.944359186965489,10.149144172668457,65261200
2023-06-05,10.370313533109858,10.386696710069959,10.23925124220055,10.312973976135254,49890200
2023-06-06,10.280206967110411,10.591480255126953,10.24744139896092,10.591480255126953,57258400
2023-06-07,10.665203876016898,11.14030504475079,10.632437523918036,11.132113456726074,99342000
2023-06-08,11.082967087652868,11.254986567115019,11.02562752156315,11.123924255371094,64254700
2023-06-09,11.328706630174485,11.492534481060577,11.22221833180032,11.254983901977539,70329500
2023-06-12,11.304134376004601,11.369665526377375,11.18126288316095,11.287751197814941,44584700
2023-06-13,11.386047850842624,11.60721606783655,11.377857042992904,11.574450492858887,61781100
2023-06-14,11.672744454434145,11.836572290538532,11.443385483888003,11.631787300109863,69748500
2023-06-15,11.566256514081498,11.877529802652772,11.566256514081498,11.836572647094727,61463400
2023-06-16,11.893913636640542,11.96763558330016,11.730085005327231,11.811999320983887,75398100
2023-06-20,11.713703523694713,11.812000241426725,11.451578161883143,11.648172378540039,56645800
2023-06-21,11.664554740479332,11.697320312961859,11.418812556263955,11.484344482421875,49984300
2023-06-22,11.39423814627647,11.713703051933948,11.377855751244025,11.623597145080566,46862500
2023-06-23,11.410621749037974,11.590832007095432,11.402430160619126,11.484344482421875,48260200
2023-06-26,11.476152827964512,11.656363084984964,11.45976965122109,11.558066368103027,44956300
2023-06-27,11.62359624012241,11.844764414787598,11.517108727720037,11.803807258605957,49813100
2023-06-28,11.787426066635684,12.115081787109375,11.77104289001557,12.115081787109375,58380800
2023-06-29,12.180612200898725,12.393588797033749,12.115081060732997,12.246143341064453,58488600
2023-06-30,12.328058827063677,12.475503515835804,12.25433609208117,12.393589973449707,54036900
2023-07-03,12.409969451541087,12.614754431145348,12.409969451541087,12.483692169189453,29412700
2023-07-05,12.459120198681854,12.631139640525305,12.385397469149972,12.573800086975098,52003900
2023-07-06,12.42635273687076,12.491883868439286,12.188802189636672,12.270715713500977,64841400
2023-07-07,12.27890730024522,12.483692281695044,12.237950147716713,12.270715713500977,53375500
2023-07-10,12.2543353347908,12.360823636385586,12.147847033196015,12.344440460205078,51882000
2023-07-11,12.344440680819478,12.491886144307772,12.26252714203153,12.475502967834473,45849700
2023-07-12,12.590180628789847,12.631137781523293,12.450926778211763,12.467309951782227,47636800
2023-07-13,12.508268546314236,12.51645935285089,12.352631504225775,12.442736625671387,49664300
2023-07-14,12.475500694950801,12.508267041927773,12.213376168676692,12.270715713500977,48747900
2023-07-17,11.943060639111058,11.984017793640438,11.541682243347168,11.541682243347168,99402100
2023-07-18,11.427002953533865,11.607213973999023,11.402428972031776,11.607213973999023,71710800
2023-07-19,11.582639874458232,11.680936580657635,11.517108736991965,11.549874305725098,58280800
2023-07-20,11.492534637451172,11.533491796028244,11.386046337627915,11.492534637451172,45952600
2023-07-21,11.574448536590864,11.599022518372482,11.263175236316792,11.41062068939209,57579800
2023-07-24,11.50170673759845,11.609354192976122,11.468584504381962,11.559670448303223,46687000
2023-07-25,11.476866040204905,11.476866040204905,11.228449651951328,11.245010375976562,58772700
2023-07-26,11.220167599986638,11.385778769605263,11.19532612196793,11.319534301757812,42019700
2023-07-27,11.452023856755096,11.576232043261907,11.344376393257544,11.369217872619629,67313500
2023-07-28,11.245010833596016,11.302974554587845,10.781299486268441,10.980032920837402,116696500
2023-07-31,10.773017966637209,10.9469099070024,10.690211979912293,10.938629150390625,64507700
2023-08-01,10.888944545117388,11.12908094012184,10.855822310968373,11.112520217895508,59129900
2023-08-02,10.930348135769885,10.955189615322414,10.748175443093075,10.797859191894531,57997400
2023-08-03,10.756454131731262,10.880663085009267,10.648806688102155,10.847540855407715,51996300
2023-08-04,10.84754267355524,10.84754267355524,10.599125515058484,10.673650741577148,48412900
2023-08-07,10.70677359135829,10.731615071725091,10.58256461013144,10.71505355834961,43929200
2023-08-08,10.574284983752223,10.681931665374613,10.516320474767342,10.66537094116211,45103800
2023-08-09,10.574285520343455,10.623968485198569,10.48319876861493,10.541162490844727,42932600
2023-08-10,10.582564088376175,10.582564088376175,10.002924573651617,10.069169044494629,104063900
2023-08-11,10.036048881360228,10.10229336588169,9.936682154578033,10.052610397338867,64371700
2023-08-14,9.961521411619247,10.127132585895005,9.953241445177737,10.102291107177734,48099600
2023-08-15,9.986364550766243,10.060888993416008,9.911839318420038,9.920119285583496,42616400
2023-08-16,9.853872800867128,9.961520249006895,9.771067618241656,9.779348373413086,44838900
2023-08-17,9.837312871081224,9.911838094222924,9.75450689210237,9.795909881591797,36104900
2023-08-18,9.71310339785488,9.953240566475149,9.704823432144352,9.903556823730469,44519900
2023-08-21,9.969801286267328,9.986362797078787,9.829031603155132,9.911837577819824,33456700
2023-08-22,9.944961119811937,9.961521843108667,9.804191418155924,9.829032897949219,32027500
2023-08-23,9.78762861712375,9.911837579137298,9.771067896006391,9.903556823730469,30437700
2023-08-24,9.845593972930882,9.8787162077472,9.729665756225586,9.729665756225586,33338200
2023-08-25,9.795910489218723,9.928399432045925,9.588896318627127,9.862154960632324,47610000
2023-08-28,9.895277198610069,9.986363939096966,9.81247200417226,9.853874206542969,29693500
2023-08-29,9.895275731330374,9.986362458310856,9.845592779973996,9.978081703186035,32009000
2023-08-30,9.99464242581722,10.060886887437011,9.944959474450513,9.961520195007324,30617900
2023-08-31,10.044328689575195,10.160256921374057,10.011206450446446,10.044328689575195,39025700
2023-09-01,10.06917112362096,10.16025788211038,9.969804396838764,10.052610397338867,34716900
2023-09-05,10.036048109252361,10.08573186366939,9.969803629827314,10.01120662689209,35202000
2023-09-06,9.936681396602738,10.027767358447528,9.795911680308482,9.994645118713379,41881500
2023-09-07,9.89527606832364,9.978082042999338,9.853873080985789,9.903556823730469,38559600
2023-09-08,9.911839043179919,10.234780654783846,9.911839043179919,10.185097694396973,49493500
2023-09-11,10.234779077854192,10.267901309574253,10.07744867460798,10.118851661682129,34673600
2023-09-12,10.12713250592703,10.42523340696584,10.1188525395509,10.309305191040039,49507700
2023-09-13,10.508037902266665,10.690210575307658,10.458354948516774,10.466635704040527,62579700
2023-09-14,10.441793440335791,10.516318660677397,10.276182278296838,10.450074195861816,43461600
2023-09-15,10.267902461975902,10.590844849763636,10.267902461975902,10.441794395446777,63982400
2023-09-18,10.350708702115735,10.367270215093393,10.14369452807342,10.218219757080078,47444100
2023-09-19,10.218219836657676,10.474916972239269,10.193378356694131,10.400392532348633,40900000
2023-09-20,10.474916717925728,10.491478230630278,10.226500344928589,10.234780311584473,37449600
2023-09-21,10.102291107177734,10.226500080156832,10.069168872322583,10.102291107177734,40140500
2023-09-22,10.350708350596143,10.57428403002328,10.276183124120431,10.292744636535645,65205500
2023-09-25,10.226500427393258,10.516319794792436,10.218219670974209,10.416953086853027,41219400
2023-09-26,10.342427594388536,10.483197291132353,10.243060888986378,10.292744636535645,41261000
2023-09-27,10.367269073591126,10.367269073591126,10.143693411188256,10.259621620178223,41616600
2023-09-28,10.201658323551039,10.483197728792588,10.077450134036901,10.400392532348633,49109800
2023-09-29,10.441791397150835,10.483194376983175,10.226497323475762,10.28446102142334,62364900
2023-10-02,10.251341206391407,10.301024162117649,10.127132237683119,10.193377494812012,51204000
2023-10-03,10.069170355539338,10.127134077649977,9.953242911318057,9.994645118713379,55074700
2023-10-04,9.953240398124523,10.002923350332557,9.837312193478631,9.928398132324219,45217900
2023-10-05,9.88699644225737,9.93668019067717,9.679982271618263,9.853874206542969,47425000
2023-10-06,9.787628450414559,10.060887056615229,9.67998100104819,9.936678886413574,57558500
2023-10-09,9.77107019793199,10.060889598181678,9.754508683216672,9.994645118713379,33328000
2023-10-10,10.01948591488804,10.185097089163799,10.01120515875016,10.102291107177734,40404600
2023-10-11,10.176816158236463,10.259622138800314,10.060887943386344,10.143693923950195,31321500
2023-10-12,9.837312192312993,9.994642593881508,9.804189960946132,9.936678886413574,51644000
2023-10-13,9.911837297370866,9.93667877318888,9.771067618241656,9.779348373413086,47221800
2023-10-16,9.86215590819252,9.903558904228134,9.787630673267705,9.878717422485352,29183000
2023-10-17,9.812471488814783,10.077449360613183,9.812471488814783,9.969801902770996,40516500
2023-10-18,9.8787162077472,9.8787162077472,9.729665756225586,9.729665756225586,44840100
2023-10-19,9.59717672756691,9.737946421649145,9.530932258551314,9.547492980957031,49057500
2023-10-20,9.588896572541602,9.737947032017262,9.555774335957723,9.638580322265625,53307500
2023-10-23,9.564054667905172,9.679982095953624,9.45640720636277,9.50609016418457,49073800
2023-10-24,9.522653155359905,9.580616878385303,9.423286434589293,9.431567192077637,47775600
2023-10-25,9.398444256563339,9.63858067808549,9.282516029391926,9.555774688720703,74213800
2023-10-26,9.862154500296445,9.878716012224997,9.381881710117344,9.398443222045898,84725900
2023-10-27,9.050659313465768,9.083781547425081,8.197760407044889,8.247444152832031,187029600
2023-10-30,8.346811736381282,8.396495487416503,8.015589361801243,8.09011459350586,106474700
2023-10-31,8.174211180842786,8.333994786980417,8.098523914037147,8.199440002441406,82238800
2023-11-01,8.275127347130065,8.35081461464805,8.207849954227363,8.33399486541748,75469700
2023-11-02,8.42650110290082,8.535826254750209,8.38445253572275,8.527417182922363,66914000
2023-11-03,8.628333217707826,8.947901203772158,8.619923343914362,8.880623817443848,60912400
2023-11-06,8.880624549811472,8.914263245749744,8.611514180295517,8.670382499694824,48435500
2023-11-07,8.61992402863536,8.653562724471595,8.451730549454187,8.55264663696289,50430800
2023-11-08,8.569464798101352,8.586284545482075,8.434910027094377,8.451729774475098,38700600
2023-11-09,8.443320870386549,8.468549692345123,8.148981673500616,8.157391548156738,59356900
2023-11-10,8.249897692645458,8.300355331224985,8.132161865943722,8.291945457458496,45069700
2023-11-13,8.26671637679649,8.300355068789173,8.19102911931053,8.258306503295898,34458300
2023-11-14,8.401272120975742,8.796527399324795,8.392862246497943,8.746068954467773,67684000
2023-11-15,8.7544789173046,8.889033702268355,8.737659970189021,8.804937362670898,45193700
2023-11-16,8.746069320700885,8.771298945190749,8.493779491880707,8.54423713684082,45408100
2023-11-17,8.628333671296657,8.678791312690578,8.569465353657414,8.636743545532227,36501200
2023-11-20,8.653562431188393,8.771298263629843,8.628333610668705,8.695611000061035,46933100
2023-11-21,8.645152903812033,8.678791599857613,8.493779172611807,8.569465637207031,47284300
2023-11-22,8.611514296209734,8.729250134583342,8.552646778027821,8.628334045410156,41116300
2023-11-24,8.645152866763503,8.855394916649843,8.645152866763503,8.746068954467773,22028100
2023-11-27,8.720839820580723,8.762888389453366,8.66197230536487,8.695611000061035,32247600
2023-11-28,8.687200806966,8.74606832002075,8.611513546175772,8.720839500427246,38510600
2023-11-29,9.149734014806931,9.217011405929723,8.88062445031577,8.905853271484375,77246800
2023-11-30,8.9815407585212,8.99835970571184,8.561056652628032,8.628334045410156,80525700
2023-12-01,8.65356301778091,8.914263520855407,8.59469549857465,8.897443771362305,61619800
2023-12-04,8.846986885481726,9.074047909039217,8.830167134546425,8.998360633850098,54196100
2023-12-05,8.9479014657555,8.981540159904554,8.863804329377999,8.914262771606445,41551100
2023-12-06,9.040407668576663,9.149733624995966,8.973130280320126,8.989949226379395,47223500
2023-12-07,9.006769376509487,9.149734033438984,8.981540555289508,9.099275588989258,40523200
2023-12-08,9.090866429468237,9.309517547962267,9.074046680809596,9.25905990600586,48961200
2023-12-11,9.267469142007375,9.376794292719376,9.233829647007123,9.309516906738281,39700900
2023-12-12,9.326337749714225,9.418843965801626,9.292699052772463,9.385205268859863,40206200
2023-12-13,9.275877936413785,9.49452983531985,9.082455658003582,9.452481269836426,68066700
2023-12-14,9.645905194390147,10.200944061716896,9.645905194390147,10.158895492553711,110777600
2023-12-15,10.150484346357068,10.242991347325928,10.032749329865279,10.108436584472656,85298200
2023-12-18,10.083208727258086,10.158895995093966,10.01593133407281,10.032751083374023,43424400
2023-12-19,10.066388020578596,10.150484346357068,9.999110639151962,10.108436584472656,35722900
2023-12-20,10.066388408635104,10.209353050180365,9.915013893584904,9.923423767089844,54981100
2023-12-21,10.032750445445899,10.39436621032112,10.007520823098293,10.377547264099121,66424600
2023-12-22,10.360727142782094,10.478462970135421,10.327088449539673,10.385956764221191,43764600
2023-12-26,10.41959508207528,10.512101284656774,10.402775335055182,10.470052719116211,26293700
2023-12-27,10.453235369221732,10.470054316798642,10.285041081393798,10.419596672058105,39891300
2023-12-28,10.411185958552856,10.453234527122461,10.32708882141365,10.377547264099121,26688500
2023-12-29,10.385957485569966,10.419596181148735,10.22617308006348,10.251401901245117,40964700
2024-01-02,10.125257310976655,10.411186633371262,10.041160168386552,10.226173400878906,47494800
2024-01-03,10.10843877707471,10.116847850069798,9.788870744976476,9.847738265991211,70120100
2024-01-04,9.889787163854498,9.940244811521698,9.7804611912291,9.822509765625,54920300
2024-01-05,9.797277961191742,10.125255806136536,9.780459016379268,9.965472221374512,44443800
2024-01-08,9.965473001062875,10.133666472395259,9.915014558658294,10.066389083862305,41514400
2024-01-09,9.93183390208307,10.007520359591187,9.89819520918734,9.957062721252441,49536700
2024-01-10,9.948652267456055,9.973881085154426,9.847736194652917,9.948652267456055,37539200
2024-01-11,9.881376964001035,9.898196714010858,9.730002421951918,9.847738265991211,48692000
2024-01-12,9.797279606157607,9.89819650001511,9.595447422462213,9.637495994567871,55030100
2024-01-16,9.502941205437608,9.671134691850437,9.40202511358991,9.637495994567871,45207700
2024-01-17,9.393613594387086,9.511349415270967,9.343155156291234,9.477710723876953,52671300
2024-01-18,9.460892843971417,9.511351292023587,9.217012082740546,9.242240905761719,71667200
2024-01-19,9.200191354389466,9.435663017580229,9.107685145142211,9.418843269348145,61143300
2024-01-22,9.444072089686534,9.587036741620306,9.368385628671366,9.418843269348145,45479600
2024-01-23,9.553398711419819,9.637495854408098,9.452482621039762,9.561808586120605,45465200
2024-01-24,9.620674746523104,9.629084620036378,9.250649134045542,9.275877952575684,59064600
2024-01-25,9.32633709055101,9.553398078357338,9.275878647699749,9.536579132080078,49356700
2024-01-26,9.587036658398054,9.67113379480898,9.502940323996858,9.578627586364746,35837000
2024-01-29,9.570218737015024,9.72159327795863,9.502941341486714,9.713183403015137,58249600
2024-01-30,9.898196647581367,9.98229299103662,9.77205092938376,9.90660572052002,70213300
2024-01-31,9.889784548985293,10.083206817251593,9.856145858764648,9.856145858764648,74558900
2024-02-01,9.94024377520802,10.209354142079937,9.772050297169175,10.175715446472168,81065800
2024-02-02,10.116848328896378,10.2514031273041,10.041161054289569,10.209355354309082,73130900
2024-02-05,10.10002711753027,10.158894628143905,9.704771884243785,9.746820449829102,81026800
2024-02-06,9.788870209123713,10.17571561606528,9.77205046003462,10.15048599243164,98636800
2024-02-07,10.705523586421249,10.91576561256787,10.259810715553126,10.764391899108887,137224000
2024-02-08,10.823260047233672,10.848488867294432,10.54574062053612,10.789621353149414,68653900
2024-02-09,10.772802905301788,10.865309117809023,10.629838248329845,10.663476943969727,47649600
2024-02-12,10.663475037466966,10.99145206081498,10.629836347841282,10.915764808654785,54036500
2024-02-13,10.739164209661904,10.848489368984197,10.495282663760548,10.663476943969727,67907700
2024-02-14,10.697114854161626,10.755982366706563,10.528921388312012,10.562560081481934,52978800
2024-02-15,10.66620130168994,10.838933136510148,10.631654934725898,10.813023567199707,57811800
2024-02-16,10.72665640393002,10.804385929467967,10.588470946818248,10.623017311096191,43228600
2024-02-20,10.52801307794014,10.648925751947937,10.450284384274635,10.579833030700684,44591000
2024-02-21,10.545288700490994,10.640291004585375,10.407103231389941,10.484832763671875,41835800
2024-02-22,10.476195658256556,10.571197959560736,10.40710292573527,10.467558860778809,36980500
2024-02-23,10.450286396396612,10.588471865497663,10.441649598665204,10.484832763671875,32152100
2024-02-26,10.476194981349746,10.597107667274537,10.320735931396484,10.320735931396484,40241300
2024-02-27,10.381190941705729,10.510739579130282,10.329370992545819,10.363917350769043,36508800
2024-02-28,10.338009599890587,10.709382809965902,10.329372802908528,10.623017311096191,51447900
2024-02-29,10.683471082602747,10.76983738766054,10.64028793007385,10.743927001953125,43098500
2024-03-01,10.821657148890774,10.916660254777598,10.64028855651159,10.752564430236816,48761400
2024-03-04,10.856202831037802,11.253486350341698,10.856202831037802,11.00302505493164,81871700
2024-03-05,10.925297390530499,11.003026913207757,10.795748735168582,10.86484146118164,47896200
2024-03-06,10.81302274869217,10.856205086390704,10.648926900296678,10.692110061645508,48834500
2024-03-07,10.71802043914795,10.76984040141357,10.588471768959439,10.71802043914795,38971000
2024-03-08,10.735293653869252,10.813023182686862,10.484832296373808,10.519378662109375,54723800
2024-03-11,10.47619407115942,10.571196358071175,10.433010913963088,10.4589204788208,35135400
2024-03-12,10.484830867328728,10.502103636017132,10.389827756766758,10.4589204788208,31245200
2024-03-13,10.467558597426711,10.778475885950163,10.458921800166257,10.683473587036133,50595300
2024-03-14,10.657563790729268,10.683473358305593,10.372556076438803,10.433012008666992,52619900
2024-03-15,10.407102262520894,10.597107676671106,10.381192695389139,10.415739059448242,88254000
2024-03-18,10.484832296373808,10.528014635805519,10.346646009781209,10.519378662109375,36599200
2024-03-19,10.45892146303824,10.666200472356193,10.45892146303824,10.623017311096191,32668700
2024-03-20,10.588470650405236,11.158486056859468,10.588470650405236,11.141212463378906,67721500
2024-03-21,11.158485412597656,11.2793980890296,11.046209532407328,11.158485412597656,55822500
2024-03-22,11.115302575675507,11.193032096791809,11.098029806344243,11.149848937988281,33137500
2024-03-25,11.158486056859468,11.279398740272594,11.003027010135488,11.141212463378906,39063500
2024-03-26,11.193030470413449,11.193030470413449,10.735291030367447,10.743927001953125,67140200
2024-03-27,10.821658567501505,11.288034891378057,10.813022594275301,11.279398918151855,53555800
2024-03-28,11.288034654557034,11.486676860297313,11.270761884816727,11.469403266906738,61846400
2024-04-01,11.51258610367759,11.555769262291996,11.34849108932314,11.478039741516113,35898300
2024-04-02,11.36576417751409,11.547132789863793,11.30530824794761,11.469403266906738,42653400
2024-04-03,11.44349395677878,11.814867986491391,11.426220363001317,11.788957595825195,57498900
2024-04-04,12.004871942794933,12.048055101310071,11.374400628884734,11.408946990966797,67812400
2024-04-05,11.460767293861718,11.57304235629939,11.30530824794761,11.469403266906738,46937400
2024-04-08,11.529859261043304,11.69395426919907,11.529859261043304,11.58167839050293,29900500
2024-04-09,11.633498541160538,11.737137625489892,11.521222660557848,11.693954467773438,35497900
2024-04-10,11.452130737430155,11.47804030440933,11.184395799811076,11.279398918151855,51395000
2024-04-11,11.322581903227848,11.348492295340163,11.149850074064062,11.262125968933105,38383100
2024-04-12,11.158485812544537,11.158485812544537,10.795748593897558,10.890750885009766,52356300
2024-04-15,11.00302483709449,11.072117550070741,10.519375846260724,10.5625581741333,59484400
2024-04-16,10.484831643670162,10.57983393761629,10.31209900209498,10.441648483276367,56392200
2024-04-17,10.484831475961306,10.579833768387836,10.38119238686411,10.398465156555176,43646600
2024-04-18,10.43301182965265,10.510741354698204,10.346645507679748,10.415739059448242,39902100
2024-04-19,10.381193661846087,10.562561472303443,10.381193661846087,10.484832763671875,39623800
2024-04-22,10.631654550476494,11.141213238867042,10.57983459007813,11.123940467834473,86462700
2024-04-23,11.270761474707154,11.270761474707154,11.072119276194874,11.175758361816406,62807100
2024-04-24,11.17575899323111,11.2707621114894,11.03757353792845,11.184395790100098,74510400
2024-04-25,11.098030937140093,11.383038661172922,10.908025513234763,11.262125968933105,86944100
2024-04-26,11.020302625027034,11.244854439561381,10.890753121110867,11.046212196350098,57257800
2024-04-29,11.063483391939942,11.089392957639967,10.838931626139075,11.011663436889648,50285600
2024-04-30,10.882114940237736,10.882114940237736,10.476194561435864,10.493467330932617,75890500
2024-05-01,10.502103343913339,10.735291892097527,10.493466547984251,10.536649703979492,48749400
2024-05-02,10.70938176439949,10.838931235531467,10.674835403494338,10.787111282348633,46868600
2024-05-03,10.916662009905446,11.020301104548974,10.700747023485523,10.7352933883667,47463300
2024-05-06,10.830295073560338,10.899387799416363,10.761202347704312,10.795748710632324,29780300
2024-05-07,10.839456989025209,10.883164644959624,10.568471022809387,10.638402938842773,48102900
2024-05-08,10.559728063121668,10.708333575349457,10.50727954919074,10.620918273925781,38177200
2024-05-09,10.612178167528352,10.68211008019294,10.542246254863763,10.603436470031738,29103800
2024-05-10,10.62091908574987,10.63840248083261,10.41112334668195,10.48105525970459,51447800
2024-05-13,10.53350333350192,10.883162856198673,10.53350333350192,10.778264999389648,60962300
2024-05-14,10.874422073364258,11.049252683055602,10.804490162949373,10.874422073364258,39980400
2024-05-15,10.91812957492793,10.979320620936056,10.647143634228076,10.760783195495605,50739900
2024-05-16,10.725817630090644,10.909388273815807,10.717075932678737,10.82197380065918,41502200
2024-05-17,10.813231712021183,10.821973409116813,10.708333847835979,10.73455810546875,24011300
2024-05-20,10.725816969095831,10.778265483026757,10.612177410706693,10.620918273925781,27019100
2024-05-21,10.629659970798969,10.664625924637619,10.51602041240983,10.620918273925781,32851000
2024-05-22,10.54224586636471,10.559728427059516,10.46357225910276,10.516020774841309,35403000
2024-05-23,10.577211895207736,10.682109761070853,10.498538287396864,10.585952758789062,43590100
2024-05-24,10.629659652709961,10.725816648129358,10.524761794333042,10.629659652709961,40840400
2024-05-28,10.585951515817571,10.603434908235641,10.192584356605368,10.210067749023438,57460100
2024-05-29,10.113910158301337,10.183842056518754,10.052719955774593,10.105169296264648,45759500
2024-05-30,10.122653160486335,10.297482928594526,10.035237859605195,10.288742065429688,42218900
2024-05-31,10.288742863041088,10.620919031370807,10.19258585788666,10.603436470031738,57205800
2024-06-03,10.70833313448819,10.769523342773107,10.50727911660685,10.6558837890625,53784100
2024-06-04,10.559728427059516,10.603436079277726,10.454830561928292,10.516020774841309,41533100
2024-06-05,10.533504682106244,10.594694897998844,10.332449805574017,10.550987243652344,45509800
2024-06-06,10.47231363255948,10.577212336452744,10.45483107101338,10.550987243652344,28289900
2024-06-07,10.489796155444367,10.629659970798969,10.446088504732527,10.620918273925781,31934000
2024-06-10,10.603436367286386,10.944355063463437,10.577212108704813,10.82197380065918,68322800
2024-06-11,10.769524232463052,10.804490187750758,10.53350424268457,10.585952758789062,48201800
2024-06-12,10.734559370353558,10.813232986176336,10.516021919136605,10.55972957611084,57116200
2024-06-13,10.559726744743818,10.568468440525606,10.358672743686617,10.437345504760742,41422300
2024-06-14,10.314968366049598,10.341192628048402,10.096430904199625,10.236294746398926,49382100
2024-06-17,10.192585143204226,10.393640003257998,10.192585143204226,10.358674049377441,31970100
2024-06-18,10.323708535983817,10.437347265703732,10.288742580611352,10.297483444213867,29023400
2024-06-20,10.23629150370354,10.463570592106112,10.183842162666796,10.437345504760742,53468000
2024-06-21,10.402381186199023,10.411122883351357,10.28000076068283,10.349932670593262,50178700
2024-06-24,10.428606019039806,10.70833365174464,10.419864322104255,10.690850257873535,58436900
2024-06-25,10.638400950509393,10.673366901990898,10.516019703497111,10.568469047546387,38818900
2024-06-26,10.498538287396864,10.603436153259983,10.446088937638239,10.585952758789062,41426600
2024-06-27,10.559728138456672,10.821973210944504,10.533503881304119,10.690850257873535,48080200
2024-06-28,10.717076073386766,11.031769681459808,10.717076073386766,10.961837768554688,65914700
2024-07-01,10.979321180300976,11.250307134806786,10.953096087681063,11.15415096282959,56152700
2024-07-02,11.215341126784772,11.320238995820104,11.119184955249256,11.250307083129883,46990400
2024-07-03,11.267790478129518,11.328980693319922,11.189116867939479,11.250307083129883,26894300
2024-07-05,11.250307205908832,11.328980816957467,11.14540933572871,11.224082946777344,31589300
2024-07-08,11.337721386684343,11.538775409448661,11.294013736710422,11.34646224975586,44346200
2024-07-09,11.328980570257428,11.425136740748435,11.259048658326853,11.276531219482422,40680900
2024-07-10,11.32023720765682,11.547516304825738,11.285271256834989,11.512550354003906,36305500
2024-07-11,11.5824842599491,11.83598765568861,11.5824842599491,11.774797439575195,51443400
2024-07-12,11.82724551227506,12.421667590358116,11.82724551227506,12.264320373535156,85609700
2024-07-15,12.421667296031373,12.613980463852187,12.342993689484036,12.439149856567383,65643300
2024-07-16,12.47411691171548,12.648946689085024,12.404184167113526,12.579014778137207,52040100
2024-07-17,12.491600053064104,12.788811105229703,12.482858355375898,12.65768814086914,58087100
2024-07-18,12.683912790157432,12.981123831924407,12.631463439517434,12.718878746032715,58077000
2024-07-19,12.66642907739804,12.675170774560934,12.203129965268278,12.220612525939941,75908600
2024-07-22,12.255579265947485,12.395443085382151,12.054524400269559,12.34299373626709,59116800
2024-07-23,12.290546734618875,12.299287599169553,11.862212692775135,12.089491844177246,85897700
2024-07-24,12.002076397626698,12.133199368297532,11.87969595871898,11.949627876281738,81768700
2024-07-25,10.314967435875849,10.472313827333894,9.746769586111792,9.755511283874512,259484000
2024-07-26,9.799217860153277,9.930339977540976,9.659354045965305,9.781734466552734,79599900
2024-07-29,9.77299615185102,9.77299615185102,9.44081908970776,9.624390602111816,91667500
2024-07-30,9.641871432455812,9.71180334520775,9.423333996692461,9.475783348083496,69337000
2024-07-31,9.493265592047743,9.624388549314299,9.37088516565058,9.45829963684082,75478000
2024-08-01,9.493265319067632,9.545714667196894,9.274727896894909,9.344659805297852,60516500
2024-08-02,9.222278412962673,9.222278412962673,8.741495967992293,8.767720222473145,110703000
2024-08-05,8.356872063630156,8.654082281448472,8.29568101360959,8.487994194030762,115594200
2024-08-06,8.557924587960777,8.619114793458238,8.461768431657047,8.549182891845703,111817600
2024-08-07,8.744492640347136,8.859901438372505,8.655715730100615,8.673471450805664,69482400
2024-08-08,8.700105092330222,9.099599536813663,8.700105092330222,8.993067741394043,73007600
2024-08-09,8.948679709029744,9.028578771070285,8.851025770224355,8.966435432434082,48860800
2024-08-12,8.966433738768838,8.966433738768838,8.735614457948724,8.753369331359863,56118700
2024-08-13,8.806635850022921,9.010821555523847,8.673471333099654,9.001944541931152,44766100
2024-08-14,9.019698885681926,9.090720070085776,8.922044968786459,9.037454605102539,37026400
2024-08-15,9.20613076239482,9.32154041194901,9.20613076239482,9.286029815673828,41597900
2024-08-16,9.232763808707688,9.339296447758423,9.206131072264718,9.330418586730957,34142600
2024-08-19,9.37480712670602,9.543482254496704,9.357051404496772,9.516849517822266,41066300
2024-08-20,9.499093375761626,9.578992428892908,9.419194322630347,9.481338500976562,32468000
2024-08-21,9.623380554815295,9.738790200186548,9.543481504432169,9.632258415222168,48943900
2024-08-22,9.632257463921533,9.774299829845656,9.623379604391454,9.694400787353516,50885400
2024-08-23,9.74766740051428,10.013997291342188,9.712156804846517,10.005120277404785,64612700
2024-08-26,10.049508004796982,10.093896461561794,9.827566567612319,9.863077163696289,53070300
2024-08-27,9.871955657504456,9.960732576727692,9.756546001170028,9.889711380004883,44841000
2024-08-28,9.85419919650979,9.934097394991044,9.747666571922826,9.800932884216309,35442200
2024-08-29,9.7831789574869,9.942976216545071,9.756545375444377,9.863077163696289,44989200
2024-08-30,9.898586697765008,9.969607882313117,9.818688500127864,9.934097290039062,44977100
2024-09-03,9.83644326195078,9.889709573080456,9.712155767074401,9.747666358947754,49613500
2024-09-04,9.756546557723501,9.907466821028445,9.632259879688485,9.721035957336426,47900700
2024-09-05,9.836444237868237,9.8897105542827,9.51684887929959,9.561237335205078,50551900
2024-09-06,9.570114899735536,9.650013955634906,9.348173454077035,9.392561912536621,47508900
2024-09-09,9.419192636230571,9.55235798315409,9.35704931564981,9.463581085205078,39223300
2024-09-10,9.312663424036662,9.312663424036662,9.028578627209757,9.1617431640625,63019200
2024-09-11,9.152864455494072,9.286028967706036,8.993066363528257,9.277151107788086,55840200
2024-09-12,9.232763277537208,9.45470471061877,9.152865072804923,9.428071975708008,43779600
2024-09-13,9.481338287640577,9.578992213359648,9.43694983171759,9.490215301513672,35184800
2024-09-16,9.534604278492946,9.694402389892753,9.507971542139453,9.587870597839355,34802400
2024-09-17,9.667770171445536,9.88971162843946,9.605625987772399,9.676647186279297,52068600
2024-09-18,9.703278754085533,9.996241348700512,9.694400894457372,9.747666358947754,55017300
2024-09-19,9.960730646780888,10.040629689273029,9.650012336342407,9.694400787353516,52436400
2024-09-20,9.64113595607199,9.658891677856445,9.490215707461779,9.658891677856445,68809100
2024-09-23,9.6233825517007,9.6944037564141,9.507972882381539,9.685525894165039,40421300
2024-09-24,9.73878891537429,9.765421646441958,9.59674655416105,9.650012016296387,37746300
2024-09-25,9.40143903779598,9.40143903779598,9.161741888856671,9.250518798828125,74109600
2024-09-26,9.374806712347986,9.543481832683382,9.374806712347986,9.481338500976562,51408500
2024-09-27,9.623381409951637,9.756545941330307,9.552360213664421,9.570115089416504,45469600
2024-09-30,9.303783420941024,9.419193054746959,9.25939581663352,9.374805450439453,59662900
2024-10-01,9.5168490913014,9.605625158450621,9.392561581325216,9.543481826782227,63963000
2024-10-02,9.525726777591041,9.525726777591041,9.259397710709372,9.30378532409668,51457400
2024-10-03,9.241640514755607,9.294906827623986,9.17061932869065,9.277151107788086,44458300
2024-10-04,9.401438925088051,9.419193798885873,9.268273561727305,9.383683204650879,45883000
2024-10-07,9.3659293990554,9.41919487316325,9.277152480023057,9.312663078308105,38009100
2024-10-08,9.32154093953923,9.392562136109325,9.215009144684085,9.312663078308105,46355700
2024-10-09,9.312662328908871,9.481338292168909,9.268273872964683,9.428071975708008,40407000
2024-10-10,9.392561587133052,9.499093375761626,9.357050990923526,9.481338500976562,39458300
2024-10-11,9.445828322264143,9.587870713380388,9.436950461159519,9.516849517822266,31915700
2024-10-14,9.507969970418284,9.729911378834545,9.463581519407175,9.694400787353516,41940200
2024-10-15,9.685523991265882,9.783178763540391,9.605624940001057,9.623380661010742,53097100
2024-10-16,9.667768477711805,9.925220488855166,9.667768477711805,9.792055130004883,46996400
2024-10-17,9.800933412587721,9.88083246201567,9.712156502859033,9.827566146850586,37617200
2024-10-18,9.907465835119506,9.916343695992698,9.800934044559442,9.85420036315918,26074900
2024-10-21,9.836444662503926,9.907465856362917,9.64113595607199,9.658891677856445,41008600
2024-10-22,9.694402043957277,9.89858775978026,9.694402043957277,9.863077163696289,51597600
2024-10-23,9.86307695550194,9.978486601998574,9.783178750979081,9.818689346313477,37335400
2024-10-24,9.978486061096191,9.987363921108393,9.827565827446074,9.978486061096191,44736400
2024-10-25,10.013996979969347,10.058385434833692,9.783178538625599,9.827566146850586,39120700
2024-10-28,9.916343878313484,10.111652587917565,9.871955419770815,10.093896865844727,97967000
2024-10-29,9.348172829822039,9.365928550675946,9.037455334632975,9.2416410446167,156228000
2024-10-30,9.232763392136293,9.34817304036792,9.17062006102672,9.294907569885254,48853700
2024-10-31,9.259395482923397,9.303783085631164,9.09071954473257,9.13510799407959,72098700
2024-11-01,9.170620507353107,9.24164170254613,9.055210853504589,9.072966575622559,43472300
2024-11-04,9.081843573594382,9.38368407593779,9.081843573594382,9.197253227233887,55323800
2024-11-05,9.170618399937414,9.445826103046988,9.143985669520111,9.41031551361084,49309000
2024-11-06,9.72103373639474,9.969607882313117,9.623379819300917,9.934097290039062,100781800
2024-11-07,9.907104561852968,9.997086829491414,9.745135278704005,9.862112998962402,55407900
2024-11-08,9.835117839521349,9.871110916137695,9.772129311835764,9.871110916137695,45463400
2024-11-11,9.961093981370382,10.186050942887457,9.916103275581133,10.105066299438477,56630500
2024-11-12,10.024082641436532,10.168054961333054,9.853114867952376,9.988089561462402,44921400
2024-11-13,10.00608567237811,10.05107723688145,9.916103401514142,9.988089561462402,55150900
2024-11-14,10.015082991664451,10.105065252059092,9.916102247787563,9.961092948913574,56780900
2024-11-15,9.943098527757387,10.033080803424932,9.880109990833066,9.907105445861816,58895400
2024-11-18,9.943097203013092,10.14105955613508,9.925100235391708,10.087069511413574,47727300
2024-11-19,9.952094643756244,10.186049191315197,9.907103087560944,9.943096160888672,53227700
2024-11-20,9.907104734174299,9.943097813484268,9.54717308293191,9.655152320861816,68633300
2024-11-21,9.700143633850583,9.763132164622219,9.54717283620082,9.718140602111816,53409500
2024-11-22,9.72713955431792,10.240041160446665,9.718141069754292,10.060075759887695,82556700
2024-11-25,10.168053402719037,10.366015741303379,10.150056436419286,10.258035659790039,63469300
2024-11-26,10.04207875235224,10.105066427771288,9.934099512429848,9.988089561462402,47458800
2024-11-27,10.01508415690732,10.132061881358924,9.952096481488272,9.988089561462402,28474200
2024-11-29,10.042076949913662,10.141058545683487,10.00608387639988,10.015082359313965,28935200
2024-12-02,10.09606718300839,10.123061774126137,9.862111771607701,9.880107879638672,50034400
2024-12-03,9.889107229779395,9.907104197530877,9.736136436462402,9.736136436462402,43904300
2024-12-04,9.763132807379314,9.781128918682645,9.529177353436875,9.664151191711426,66780700
2024-12-05,9.574167514171286,9.619158214899867,9.349210577957942,9.394201278686523,68162000
2024-12-06,9.45719051361084,9.538175154023953,9.376205873197728,9.45719051361084,56227000
2024-12-09,9.502180602948547,9.718139038479924,9.475185154900219,9.53817367553711,53230100
2024-12-10,9.646153350337276,9.664149458412941,9.493182570052497,9.502181053161621,45084300
2024-12-11,9.54717194865491,9.54717194865491,9.250228865091099,9.367206573486328,60487100
2024-12-12,9.340212255577852,9.457189967402567,9.313217663046801,9.349210739135742,38432600
2024-12-13,9.35820836455101,9.39420144063995,9.286222212373126,9.349210739135742,40560700
2024-12-16,9.06126590420742,9.10625746699193,8.890298995397501,8.989279747009277,96264400
2024-12-17,8.962284475478787,9.034270627238246,8.890298323719328,8.971282958984375,76208600
2024-12-18,8.944287732066366,9.079262413596554,8.69233619460971,8.719330787658691,84199500
2024-12-19,8.809315758188433,8.953288095533413,8.728331103896176,8.764324188232422,81659000
2024-12-20,8.72832956338611,8.962284999351052,8.71033345346563,8.890298843383789,87705500
2024-12-23,8.88130008461737,8.926291645240806,8.773320854006714,8.908294677734375,50646600
2024-12-24,8.908294367220009,9.05226752782509,8.899296741923065,9.016274452209473,29083100
2024-12-26,8.998277325090253,9.106256550014225,8.980280358531626,9.061264991760254,35922700
2024-12-27,9.02527141571045,9.178242190395588,8.98027985995437,9.02527141571045,52899900
2024-12-30,8.953286515319478,8.980281109271534,8.836308797337006,8.890298843383789,47116700
2024-12-31,8.91729316148759,9.00727628273446,8.854305491500368,8.908294677734375,54104200
2025-01-02,8.917292626295247,8.962284184218408,8.674339586538327,8.683337211608887,67156200
2025-01-03,8.719331079354536,8.953286515319478,8.575358767420008,8.890298843383789,77245900
2025-01-06,9.052267661343356,9.169244515212524,8.908294498614714,8.926291465759277,63840800
2025-01-07,8.953286936512455,9.007276985099114,8.746326942906139,8.782320022583008,62404000
2025-01-08,8.764324188232422,8.773322673852189,8.620351850887442,8.764324188232422,61678800
2025-01-10,8.701334178035188,8.854304960088378,8.629348028615167,8.683337211608887,73373400
2025-01-13,8.692336964861024,8.746327013885832,8.611352320395172,8.73732852935791,66023000
2025-01-14,8.800314903259277,8.836307977905104,8.710332645716004,8.800314903259277,45419900
2025-01-15,8.97128409392172,9.052268739431955,8.89929793305545,8.953287124633789,68674400
2025-01-16,8.917293411266824,9.052268096917858,8.899297301398953,9.00727653503418,45770000
2025-01-17,9.07026278571635,9.187240485029546,9.0342697134771,9.160245895385742,60802700
2025-01-21,9.26822659712929,9.40320042511738,9.214236551048453,9.385204315185547,65670800
2025-01-22,9.223233746151667,9.223233746151667,9.016273791073273,9.02527141571045,64949200
2025-01-23,9.043270258018675,9.151249499356652,8.971284097126688,9.142251014709473,56241100
2025-01-24,9.142250517146755,9.27722520508034,9.079262844330023,9.106257438659668,42909100
2025-01-27,9.097258900020606,9.37620590023198,9.08826127405973,9.34021282196045,73082600
2025-01-28,9.205237684996577,9.205237684996577,8.926291556559331,9.070263862609863,92177600
2025-01-29,9.088261752018058,9.259228668263438,9.025273218123258,9.18724250793457,69986900
2025-01-30,9.232234144895818,9.349211870880978,9.052268742665854,9.142251014709473,69663100
2025-01-31,9.151248499298946,9.313217772677111,8.98927922592078,9.070263862609863,103652400
2025-02-03,8.746326911618247,9.052268516848551,8.63834767297391,8.899297714233398,131430300
2025-02-04,8.944288643185148,9.142251014709473,8.908295562739156,9.142251014709473,68716500
2025-02-05,9.142250362542546,9.286222674056182,8.962284973150501,9.00727653503418,124187800
2025-02-06,8.539365058921085,8.674339735000673,8.332405090332031,8.332405090332031,222758300
2025-02-07,8.395393901030408,8.413390870215832,8.260420064710619,8.314409255981445,140852700
2025-02-10,8.323407740574158,8.368399305394995,8.20643001529707,8.314409255981445,72168000
2025-02-11,8.28741455078125,8.33240611500727,8.251421471028975,8.28741455078125,54844600
2025-02-12,8.251422143846838,8.359401391908248,8.188434463680045,8.305411338806152,67339600
2025-02-13,8.359401062307912,8.46738030611184,8.314409496187254,8.41339111328125,72059800
2025-02-14,8.485376195333979,8.557362348703592,8.449383118649171,8.530366897583008,53778300
2025-02-18,8.660459432611365,8.688337086919464,8.576828242060026,8.632582664489746,62175800
2025-02-19,8.613999580949175,8.725507554290662,8.558245151185133,8.679045677185059,50191700
2025-02-20,8.669752357699098,8.734798448181746,8.623290484702983,8.725506782531738,39787800
2025-02-21,8.716214767338393,8.744091538377782,8.576829139768304,8.623291015625,58437700
2025-02-24,8.651168955063566,8.734799270909864,8.558245200318877,8.688338279724121,72562600
2025-02-25,8.706921763029344,8.818429727586064,8.651168223844246,8.75338363647461,88876800
2025-02-26,8.790552190706036,8.939229463804297,8.771967088475527,8.799844741821289,87948100
2025-02-27,8.771967391284322,8.855598581835661,8.632582664489746,8.632582664489746,70518800
2025-02-28,8.660461264821834,9.004277765014688,8.65116959760653,8.874185562133789,137992600
2025-03-03,9.022861351808439,9.125076763450675,8.66045980586257,8.725506782531738,154435900
2025-03-04,8.576829566391389,8.6139997778749,8.418860598519549,8.474614143371582,167500000
2025-03-05,8.604705248618991,8.985690966951525,8.54895083038638,8.967105865478516,157774900
2025-03-06,8.84630705697881,9.032153657716497,8.75338331351672,8.929937362670898,136680700
2025-03-07,8.864892242699463,9.255170589990797,8.83701547108911,9.199416160583496,150644900
2025-03-10,9.07861581378547,9.422432257464981,9.07861581378547,9.255169868469238,167183800
2025-03-11,9.218000537595005,9.255169858868108,8.818429669269246,9.004276275634766,210127000
2025-03-12,9.013569484344545,9.022862036886627,8.790553540454104,8.911354064941406,129994600
2025-03-13,8.892768726387247,9.245877738036578,8.827722632673563,8.855599403381348,137747600
2025-03-14,8.976399640462677,9.097200157953386,8.95781542264147,9.0414457321167,91313800
2025-03-17,9.050738961813964,9.273754909486438,9.050738961813964,9.218001365661621,98583100
2025-03-18,9.245878219604492,9.329509422270306,9.180832122502908,9.245878219604492,102730900
2025-03-19,9.255170579983304,9.552525173336473,9.24587802739437,9.450309753417969,124697400
2025-03-20,9.357386426868947,9.43172507859923,9.283047775138666,9.30163288116455,109103700
2025-03-21,9.208708129236767,9.403847290508201,9.13436948553208,9.292339324951172,240638600
2025-03-24,9.329508553389953,9.52464771270752,9.301631783826451,9.52464771270752,102847200
2025-03-25,9.571108766636195,9.617570636055033,9.450308260621796,9.561816215515137,83674900
2025-03-26,9.543233001624365,9.61757164602646,9.375970608626378,9.571109771728516,139742100
2025-03-27,9.53394096465412,9.664033156293502,9.125077512164822,9.199416160583496,229032500
2025-03-28,9.143662048948084,9.190123922868105,8.93923033541191,9.032154083251953,136868300
2025-03-31,8.892768530641787,9.39455482326952,8.87418431264119,9.320216178894043,139951900
2025-04-01,9.385263802218516,9.450309898969701,9.115785976295117,9.23658561706543,135388700
2025-04-02,9.143662510626744,9.543233405852778,9.125077405645728,9.431724548339844,136908500
2025-04-03,9.283047113653279,9.478186282086826,8.85559945356963,8.86489200592041,220271000
2025-04-04,8.660459486992961,9.041445236397843,8.548951527619812,8.902060508728027,177466200
2025-04-07,8.613998259166358,8.957814679092033,8.363104693006656,8.58612060546875,274938500
2025-04-08,8.846306682142755,8.846306682142755,7.944949599024197,8.075041770935059,199286800
2025-04-09,7.8984877435784595,8.86489091440413,7.842733322525276,8.82772159576416,199663000
2025-04-10,8.45603002271808,8.623291545417088,8.25159828810082,8.493199348449707,163535400
2025-04-11,8.465321348269484,8.688338179855949,8.400275252407836,8.669753074645996,146073700
2025-04-14,8.71621527648192,9.11578619152859,8.54895286810208,9.022862434387207,189955000
2025-04-15,8.93923032993688,8.948522881952501,8.71621439868121,8.78126049041748,125469000
2025-04-16,8.799846368716867,8.93923111646901,8.632583962465002,8.7347993850708,133804900
2025-04-17,8.744090861516131,9.004276105512037,8.734798309826795,8.948522567749023,129204600
2025-04-21,8.902060145529731,8.94852201491955,8.688336786997592,8.799844741821289,94138900
2025-04-22,8.874183016672715,9.032152834447631,8.855597915199708,8.967105865478516,121387100
2025-04-23,9.143662218110514,9.30163206064919,9.0228616981582,9.087907791137695,158691500
2025-04-24,9.171538102958792,9.375969800538446,9.125076232665261,9.348093032836914,87031000
2025-04-25,9.33880133357692,9.385263208109453,9.26446268879949,9.329508781433105,88682400
2025-04-28,9.348093852285068,9.45960181905238,9.264462655662948,9.310924530029297,77051500
2025-04-29,9.357385900788941,9.468893872115295,9.227293710668153,9.431724548339844,141980300
2025-04-30,9.394555752734089,9.413140858759975,9.162247244530299,9.30163288116455,136406200
2025-05-01,9.422432081664544,9.589693581353059,9.310924119810032,9.459601402282715,126532500
2025-05-02,9.571109670647909,9.654740866263673,9.496771027030904,9.55252456665039,82228700
2025-05-05,9.506063296578393,9.515355849167328,9.385263657668611,9.450309753417969,105766300
2025-05-06,9.37597010853821,9.868463822980486,9.348093339920931,9.701201438903809,131814000
2025-05-07,9.719786957881917,9.766248831689179,9.403847279416382,9.55252456665039,116885100
2025-05-08,9.60827899245641,9.719786957881917,9.533940348839407,9.55252456665039,107173400
2025-05-09,9.626863762179429,9.747664286529238,9.61757209583451,9.691910743713379,76350700
2025-05-12,9.955892682664507,10.116166636612851,9.880468429059516,9.946464538574219,102035800
2025-05-13,9.993603706359863,10.021887237663769,9.823900720301936,9.993603706359863,83671000
2025-05-14,9.96532046923303,10.08788365171591,9.880468966043548,10.040743827819824,84453100
2025-05-15,9.984175465748237,10.163305694419844,9.946463791337518,10.135022163391113,71096500
2025-05-16,10.153879704004076,10.191591383071612,10.03131652225525,10.18216323852539,64913000
2025-05-19,10.078454202216415,10.172733837801832,10.021887140158956,10.135022163391113,60195700
2025-05-20,10.172735212219699,10.219875036381374,10.050172029046285,10.10673999786377,61063800
2025-05-21,10.050171364646587,10.078454897626873,9.85218483554999,9.880468368530273,89090500
2025-05-22,9.88046794676533,9.899324234025475,9.748477532413373,9.842756271362305,94081100
2025-05-23,9.710765966516881,9.814472850265368,9.701337822780488,9.767333030700684,80519000
2025-05-27,9.852184275396825,9.889895950265513,9.62591422618469,9.720193862915039,89066800
2025-05-28,9.729621999116553,9.7484782878379,9.569347141454433,9.588203430175781,102335600
2025-05-29,9.62591445424157,9.691909662046019,9.53163481527755,9.635342597961426,101642200
2025-05-30,9.59763164004517,9.86161339012451,9.541063672612356,9.786190032958984,152191600
2025-06-02,9.682483684939912,9.691910930776581,9.314794123788149,9.409072875976562,170340800
2025-06-03,9.399643817132253,9.644769244836132,9.324220470282256,9.607057571411133,121584300
2025-06-04,9.60705787482177,9.776760860152438,9.5976306305057,9.654197692871094,123191200
2025-06-05,9.616486960020497,9.663626782686336,9.456212102427044,9.522208213806152,133191400
2025-06-06,9.578774107678882,9.757905232030211,9.569345964477817,9.673053741455078,105916700
2025-06-09,9.701339063870062,9.852185786481014,9.701339063870062,9.748478889465332,63638900
2025-06-10,9.786189045524312,10.040742625493955,9.767332758576876,9.993603706359863,87955500
2025-06-11,10.031315510364411,10.1538786797499,10.003031079578887,10.0501708984375,93094900
2025-06-12,9.974748312462053,9.984176456779883,9.833329744163926,9.927608489990234,76393300
2025-06-13,9.871040876814558,9.908752552884486,9.786189380877898,9.833329200744629,90106200
2025-06-16,9.899323780246494,10.059598618141768,9.899323780246494,10.012458801269531,75195200
2025-06-17,9.984176995712158,10.02188867590177,9.786190449937338,9.823902130126953,100969400
2025-06-18,9.833329200744629,9.92760794136081,9.805044769354222,9.833329200744629,82770200
2025-06-20,9.889896044439768,9.993603825654134,9.86161251279824,9.984175682067871,116743400
2025-06-23,9.946463791337518,10.135022163391113,9.937035647955527,10.135022163391113,77576500
2025-06-24,10.1727350363208,10.248158394028376,10.106739823106007,10.116167068481445,77244400
2025-06-25,10.144451006737274,10.153879150769804,9.823901302569704,9.880468368530273,91927300
2025-06-26,9.89932460480607,10.040743168084951,9.871041071973753,10.02188777923584,88416400
2025-06-27,10.087883591297876,10.295298275727996,10.069028201322785,10.18216323852539,182008200
2025-06-30,10.106739232420063,10.2387296511355,10.07845480059479,10.229302406311035,88472200
2025-07-01,10.191590766374965,10.72898238534893,10.172734478423521,10.700698852539062,140150700
2025-07-02,10.728981608071514,11.106098348606606,10.719553464778828,11.096671104431152,122331600
2025-07-03,11.077815238810619,11.275801759894478,11.077815238810619,11.134383201599121,60311500
2025-07-07,10.93639671820738,11.115526952606686,10.823260792240454,10.926968574523926,73842100
2025-07-08,10.9835363602426,11.172095649834995,10.974109115056843,11.011820793151855,74190200
2025-07-09,11.106098478610793,11.219233502095639,11.08724309092194,11.153238296508789,63886900
2025-07-10,11.181522669397824,11.285230456404472,11.106099314729704,11.228662490844727,67263000
2025-07-11,11.172095237290419,11.181522482128063,11.040103919273164,11.106099128723145,65340700
2025-07-14,11.087245279500127,11.219235716728216,11.00239377035783,11.200380325317383,62098100
2025-07-15,11.21923408136639,11.247518513035912,10.860973604725313,10.908112525939941,65101900
2025-07-16,10.700698366111185,10.794977104230826,10.512139091637392,10.596990585327148,107978100
2025-07-17,10.549851953360987,10.700699569730883,10.474428594734718,10.512140274047852,70345300
2025-07-18,10.530996442839655,10.596991656103636,10.417861406193966,10.521568298339844,68812600
2025-07-21,10.615848835384712,10.79497910031686,10.568709008049698,10.662988662719727,65515600
2025-07-22,10.59699028113245,10.644130098397715,10.446143585177392,10.549850463867188,79403800
2025-07-23,10.634702333852635,10.804405322404289,10.634702333852635,10.728981971740723,76163200
2025-07-24,10.662986451470474,10.776121474142547,10.587562203905188,10.615846633911133,63557800
2025-07-25,10.69127101255129,10.832689579738918,10.596991368347991,10.813834190368652,52312300
2025-07-28,10.82326106533563,10.832689209256978,10.606419149848364,10.634702682495117,54173600
2025-07-29,10.644130627057585,10.644130627057585,10.427288715631652,10.446144104003906,58371500
2025-07-30,10.493283841973875,10.493283841973875,10.201017681980899,10.248157501220703,79866900
2025-07-31,10.153878029240435,10.512138471732467,10.069026540554406,10.436715126037598,101090900
2025-08-01,10.295297977935524,10.295297977935524,10.069027910075196,10.201018333435059,73541500
2025-08-04,10.267014627142462,10.389577807529639,10.23873019381803,10.32358169555664,56696800
2025-08-05,10.351864756130679,10.465000686017367,10.276441402284421,10.427289009094238,58864300
2025-08-06,10.47442782521041,10.615847286583026,10.446144292582805,10.568707466125488,59519800
2025-08-07,10.653558970337814,10.738410467395369,10.465000587497302,10.634702682495117,71775000
2025-08-08,10.66298848731941,10.719555559896992,10.56870883420023,10.672415733337402,48465300
2025-08-11,10.796624509133865,11.0545964749835,10.567315892558312,10.643752098083496,84333000
2025-08-12,10.701077020452713,10.815731309710019,10.634195579517108,10.748849868774414,63944100
2025-08-13,10.767960302853757,10.978159395722857,10.691523192220645,10.930386543273926,63823300
2025-08-14,10.796623649846566,10.939941296001987,10.720187450404826,10.930386543273926,52469200
2025-08-15,10.920832701737238,11.006823653907038,10.901723196281116,10.930386543273926,46141400
2025-08-18,10.892168662894646,10.968604863875623,10.863505315324627,10.949496269226074,37113800
2025-08-19,11.006823165127468,11.207467496358502,10.97815890821618,11.064149856567383,58020200
2025-08-20,11.006823207828155,11.083259404172129,10.95905035731534,10.978158950805664,46469900
2025-08-21,10.91127781635877,10.92083256897067,10.701077814853738,10.825286865234375,51779300
2025-08-22,10.882614746610049,11.245687154378022,10.882614746610049,11.217022895812988,58538700
2025-08-25,11.197914144956604,11.322123196763476,11.159696045261517,11.293458938598633,45038800
2025-08-26,11.283905317018593,11.341232012082969,11.245687216578546,11.312568664550781,48613300
2025-08-27,11.293458892598819,11.446331290756492,11.28390505110749,11.379449844360352,40381500
2025-08-28,11.455886931753938,11.455886931753938,11.11192400922753,11.188360214233398,47723700
2025-08-29,11.217022274090626,11.303013222636766,11.197913680631112,11.245686531066895,44069700
2025-09-02,11.236133180086306,11.360342242233875,11.121478871455807,11.197915077209473,57704200
2025-09-03,11.150141206846913,11.207467900353278,11.054595502747816,11.102368354797363,47728700
2025-09-04,11.131032319443767,11.178805174145227,11.054596116397997,11.159696578979492,33136700
2025-09-05,11.188359548439339,11.379450049582644,11.140586695355665,11.217022895812988,47547800
2025-09-08,11.226578096506787,11.226578096506787,11.064150936257757,11.16925048828125,39734500
2025-09-09,11.150140848175273,11.159695600516102,10.939940852633677,10.978158950805664,41262700
2025-09-10,10.978159216618629,11.006823474335166,10.8061782262762,10.911277770996094,47021300
2025-09-11,10.94949640883606,11.264795969700623,10.920833060900573,11.236132621765137,64196100
2025-09-12,11.226578028846689,11.283905636726724,11.140587072622342,11.159696578979492,50100800
2025-09-15,11.217023275668113,11.236132782025264,11.092814217920882,11.159696578979492,47942400
2025-09-16,11.169249689863793,11.255240640459451,10.997268699863834,11.092813491821289,58065000
2025-09-17,11.111922554027394,11.35078589118742,11.035486359031491,11.140585899353027,68585900
2025-09-18,11.169250042729315,11.25524099604165,11.102368595127004,11.217022895812988,55040100
2025-09-19,11.245686910946008,11.27435025769919,11.07370500804418,11.102368354797363,71676300
2025-09-22,11.08325920870176,11.178803996850979,11.054594952184807,11.140585899353027,58432700
2025-09-23,11.178805636980174,11.398560413228811,11.178805636980174,11.20746898651123,55667600
2025-09-24,11.207468011629812,11.30301371667756,11.073705117992612,11.111923217773438,60193800
2025-09-25,11.025932155994633,11.131031701550548,10.863505005740988,11.102368354797363,67656300
2025-09-26,11.131031804124808,11.771185658390324,11.131031804124808,11.474995613098145,117681800
2025-09-29,11.560986408490388,11.580095002512227,11.360341159708609,11.551431655883789,83325000
2025-09-30,11.570540857424945,11.656531813016631,11.379450351216423,11.427223205566406,70765000
2025-10-01,11.580095855005933,11.732968263200108,11.503659650908844,11.723414421081543,73578400
2025-10-02,11.732967754868909,11.876286314735239,11.580095353297935,11.675641059875488,74530500
2025-10-03,11.704305056701847,12.105595588684082,11.656532200762735,12.105595588684082,100778600
2025-10-06,12.067376822342936,12.229803976885911,11.924058262409577,12.134258270263672,90544900
2025-10-07,11.943167611620298,11.971830958754602,11.217022802147854,11.389004707336426,154390200
2025-10-08,11.446331497184955,11.47499575574999,11.159696201065689,11.217022895812988,78469700
2025-10-09,11.226578131965969,11.245687638498646,10.968605260923379,10.987714767456055,70320500
2025-10-10,11.035485743725925,11.07370383909295,10.8443952668908,10.901721954345703,84595400
2025-10-13,10.978160408828447,11.111924225791403,10.949497059190477,11.025933265686035,73939400
2025-10-14,10.87305910863159,11.236131486843588,10.83484101151408,11.131031036376953,89117900
2025-10-15,11.15969641980957,11.255241216658327,11.121478318831786,11.236132621765137,88960700
2025-10-16,11.217022895812988,11.264795748896661,11.121478100837027,11.217022895812988,108701200
2025-10-17,11.217022802147854,11.474995659930713,11.197914207788777,11.389004707336426,107633500
2025-10-20,11.398559194214663,11.54187683773435,11.379449689109983,11.455885887145996,77878900
2025-10-21,11.713858758265875,12.067376402564395,11.532322104236872,12.000494956970215,297153200
2025-10-22,11.971831303582976,12.038713663744618,11.732967944470515,11.876286506652832,415062200
2025-10-23,11.914503693770891,11.93361228721465,11.646976096027611,11.790294647216797,479840300
2025-10-24,12.162922455855446,13.347685472603047,12.14381385992916,13.22347640991211,298366900
2025-10-27,13.185258276279207,13.185258276279207,12.621540574294071,12.669313430786133,140859000
2025-10-28,12.650202617598122,12.688420716607519,12.459112122551135,12.545103073120117,96738500
2025-10-29,12.51644080240037,12.793522271830414,12.487776542286223,12.650203704833984,127512200
2025-10-30,12.554658092956656,12.697975739495263,12.478221893310547,12.478221893310547,80766300
2025-10-31,12.459112122551135,12.583321172129516,12.411339270991549,12.545103073120117,68862000
2025-11-03,12.51644044125724,12.51644044125724,12.32534902410899,12.430449485778809,80419400
2025-11-04,12.334904439429264,12.354013946646585,12.18203202645652,12.220250129699707,70360600
2025-11-05,12.344458547724894,12.717085718260266,12.30624044647958,12.525994300842285,79134300
2025-11-06,12.554658670204205,12.669312974945028,12.401785352691691,12.53554916381836,82291000
2025-11-07,12.525883619730445,12.796504303251231,12.51621836488663,12.767509460449219,80011300
2025-11-10,12.7868398200187,12.796505075445758,12.564544475573328,12.719184875488281,62051200
2025-11-11,12.748180033345742,12.98980589458355,12.748180033345742,12.854496002197266,79742400
2025-11-12,12.854495567604921,13.047796065714047,12.854495567604921,12.999470710754395,61840500
2025-11-13,12.95114532236986,13.047796032039724,12.806170179594544,12.835165023803711,71481600
2025-11-14,12.738514149296607,12.864159692458355,12.661193956847747,12.748178482055664,67932400
2025-11-17,12.738515748364494,12.738515748364494,12.351913815860591,12.448564529418945,73404400
2025-11-18,12.438897696820584,12.651528686655723,12.332582662767713,12.583873748779297,70215400
2025-11-19,12.593539154171422,12.709519452579286,12.42923350099458,12.467893600463867,49619300
2025-11-20,12.477559237001426,12.57420994949244,11.965312672949869,11.994307518005371,95861900
2025-11-21,12.09095725681172,12.506553074904337,12.071626747178401,12.400238037109375,74048900
2025-11-24,12.40990432601986,12.545214217810486,12.400239070397813,12.525884628295898,52936200
2025-11-25,12.554878510080934,12.815834861475645,12.545213255200514,12.728849411010742,52885000
2025-11-26,12.728848894808149,12.815834341745466,12.680523544095262,12.748178482055664,44942200
2025-11-28,12.767510080072494,12.893155633951524,12.738515235863327,12.835165023803711,29536200
2025-12-01,12.75784497546702,12.941481141663145,12.6901900309366,12.719184875488281,51594000
2025-12-02,12.74817997722593,12.74817997722593,12.438899171156493,12.525884628295898,57641700
2025-12-03,12.554879552438443,12.699855622492937,12.525884707119351,12.651530265808105,45364700
2025-12-04,12.74817928278786,12.796504636536135,12.622534653463585,12.699854850769043,47554800
2025-12-05,12.70951857469855,12.835164119727429,12.564543442134912,12.593538284301758,54099400
2025-12-08,12.632198986829675,12.719184439230679,12.516218690871488,12.699854850769043,45580800
2025-12-09,12.690190132403519,12.77717558848356,12.622535187332149,12.641864776611328,33350000
2025-12-10,12.641864607768552,12.970475916691168,12.632199352393302,12.960810661315918,72210700
2025-12-11,12.941481284469788,13.221767242840912,12.854495828125387,13.173441886901855,59012300
2025-12-12,13.212101120104808,13.376406766475371,13.212101120104808,13.299086570739746,48337300
2025-12-15,13.337747020068397,13.347412275222396,13.038130562400623,13.192770957946777,53577300
2025-12-16,13.260427292092968,13.521382738390011,13.115451224835057,13.212101936340332,69408900
2025-12-17,13.173441327836983,13.20243617147811,12.844830027472668,12.864160537719727,58320600
2025-12-18,12.931815683164398,13.018801137182976,12.806170129774172,12.873825073242188,52604800
2025-12-19,12.864161285104984,13.0284660231035,12.835165518049793,13.01880168914795,61640600
2025-12-22,13.057461555779545,13.154111345706795,12.970476099634372,13.009136199951172,31106100
2025-12-23,12.980141324656197,12.999470913904442,12.835165257511617,12.844830513000488,25440800
2025-12-24,12.85449448532079,12.931814678054469,12.806169134429892,12.912484169006348,14227600
2025-12-26,12.893155381360854,12.931815480125511,12.81583518383154,12.864160537719727,22471400
2025-12-29,12.825500690220307,12.864160789742357,12.796504924281662,12.835165023803711,24398300
2025-12-30,12.835164839308751,12.844830094482704,12.757844641376067,12.786839485168457,23002800
2025-12-31,12.767510281781034,12.777175537246613,12.680524826049805,12.680524826049805,26302300
2026-01-02,12.738514706301888,12.941480450787392,12.622534412557235,12.893155097961426,46366900
2026-01-05,12.806170672724116,13.0284660231035,12.75784531602831,13.01880168914795,50135200
2026-01-06,13.057460681221936,13.395736305904661,12.87382452571953,13.337746620178223,84534700
2026-01-07,13.33774619796635,13.357075785353464,13.134780460889905,13.279755592346191,50609000
2026-01-08,13.424732291714768,14.014299022205645,13.424732291714768,13.917648315429688,154276800
2026-01-09,13.869323167236992,13.92731285092307,13.618032079985575,13.724347114562988,68436200
2026-01-12,13.676022678143411,13.714682777095675,13.492387438552525,13.560042381286621,53444000
2026-01-13,13.589037961229483,13.6566929030397,13.492387254303928,13.511716842651367,58867500
2026-01-14,13.53104802466764,13.64702832570011,13.328082267428446,13.376407623291016,65318600
2026-01-15,13.453727149559606,13.656692896624362,13.328081599307188,13.347412109375,44241500
2026-01-16,13.299086766736115,13.337746865173685,13.134781117944083,13.14444637298584,60750800
2026-01-20,13.018801187830556,13.15411107529299,12.78683966896878,12.835165023803711,67018100
2026-01-21,12.960810251271335,13.308752059936523,12.960810251271335,13.308752059936523,58160100
2026-01-22,13.31841693053534,13.376407541562005,13.241096730319448,13.250761985778809,38170300
2026-01-23,13.241096207720018,13.241096207720018,13.096121068469472,13.105786323547363,39702100
2026-01-26,13.105786440064533,13.202436226514344,12.893155435107806,12.989805221557617,59171000
2026-01-27,13.183106316871616,13.482721845817878,13.057460767990156,13.46339225769043,100003700
2026-01-28,13.415067254249385,13.424732509429617,13.299086957275003,13.357076644897461,48751800
2026-01-29,13.424732777130755,13.618033275942642,13.337747322233033,13.531047821044922,84803900
2026-01-30,13.444062517445209,13.51171746235838,13.328082216852847,13.415067672729492,66996300
2026-02-02,13.395736541085624,13.434396639491794,13.28942150090102,13.347412109375,54218100
2026-02-03,13.357076509102544,13.569707512258596,13.154110761028464,13.27009105682373,76638000
2026-02-04,13.260426858283543,13.531047551223768,13.231431092742847,13.357076644897461,70488700
2026-02-05,13.289421364375663,13.357076305459064,13.07679036446141,13.26042652130127,79719900
2026-02-06,13.318416110449785,13.415066815633098,13.21210107213169,13.337746620178223,55588200
2026-02-09,13.28942127478255,13.318416117661469,13.076790276301786,13.134780883789062,59778000
2026-02-10,13.183105765334687,13.27975554538731,13.115449905395508,13.115449905395508,80827700
2026-02-11,13.163776840331183,13.415067957819693,13.067127048648343,13.386073112487793,129595000
2026-02-12,13.434397110774235,13.878988718906319,13.386072677368377,13.531047821044922,133257200
2026-02-13,13.560356569872518,14.009763233272906,13.53104770296069,13.794829368591309,87400200
2026-02-17,13.765520960872825,13.843678563052956,13.609205756512567,13.80459976196289,57684800
2026-02-18,13.78506052759482,13.814370328540281,13.491969971837445,13.531048774719238,64199300
2026-02-19,13.452889881139946,13.628744011417808,13.37473135114615,13.462658882141113,58268500
2026-02-20,13.462658877137917,13.716671537315177,13.404041144304436,13.687362670898438,67701100
2026-02-23,13.658054177479716,13.716672847624915,13.25749621524267,13.325884819030762,59134400
2026-02-24,13.45288993403016,13.999993124153224,13.413810203023587,13.872986793518066,73560800
2026-02-25,13.921836461446707,14.156309272975951,13.82413899078679,14.097691535949707,58968700
2026-02-26,14.117230504896078,14.459170721313352,13.970685230267037,14.07815170288086,61456300
2026-02-27,13.990223924286061,14.234466665599504,13.706902381630954,13.765521049499512,73157000
2026-03-02,13.609205466535483,13.609205466535483,12.915556063182635,13.08164119720459,110305500
2026-03-03,12.769009921561423,12.876477321542552,12.387991850245333,12.407530784606934,102354700
2026-03-04,12.651772810292035,12.847166801503828,12.514997482299805,12.514997482299805,73976700
2026-03-05,12.407530617955889,12.45637935077192,11.958123953130142,12.055821418762207,71944300
2026-03-06,11.889736208151216,12.036281473925065,11.752959943506767,11.870196342468262,59877700
2026-03-09,11.665032325955329,11.91904498770159,11.52825699402432,11.90927505493164,69611200
2026-03-10,11.90927542710238,12.22190676352615,11.90927542710238,11.958124160766602,56746300
2026-03-11,11.987433761484272,12.202366695308275,11.752960030121232,11.831117630004883,50074500
2026-03-12,11.655263180771065,11.909274907664203,11.57710558300209,11.76272964477539,51733900
2026-03-13,11.831118628548461,11.850658496024577,11.3817119254316,11.401251792907715,48546500
2026-03-16,11.547796980500516,11.606415650751572,11.371942833171659,11.440330505371094,49441400
2026-03-17,11.586874787636797,11.752959918743665,11.567335853707087,11.665032386779785,59520100
2026-03-18,11.596644574784735,11.733420837422866,11.43055944576417,11.518486976623535,55564800
2026-03-19,11.411020365044338,11.479408029626171,11.215625440447019,11.371941566467285,47423400
2026-03-20,11.371942791107774,11.41102159389321,11.108160173521965,11.254706382751465,147725100
2026-03-23,11.65526379446382,11.733421396348083,11.450099856589608,11.489178657531738,44442200
2026-03-24,11.411020881081289,11.606414882802797,11.401250948067188,11.567336082458496,31903900
2026-03-25,11.67480341558819,11.733422086304374,11.391481859169657,11.401251792907715,37746100
2026-03-26,11.293784055129908,11.450099250625899,11.22539545831637,11.332862854003906,28517600
2026-03-27,11.274245161375502,11.284015094863923,11.030002414437808,11.108160018920898,33064600
2026-03-30,11.147238215993104,11.186317016113112,10.854146749237003,10.951844215393066,41459900
2026-03-31,11.098390184631159,11.32309399831258,11.010463577585888,11.274245262145996,38287900
2026-04-01,11.352402564426695,11.420790234207926,11.313323762878547,11.41102123260498,33991700
2026-04-02,11.2058565247354,11.352401787584876,11.098389129047865,11.332862854003906,31109100
2026-04-06,11.332863292388826,11.362172159750052,11.235165825568608,11.342632293701172,24374600
2026-04-07,11.274245318288107,11.342632990234582,11.088621237985324,11.254706382751465,41991600
2026-04-08,11.684572697227381,11.958124304641341,11.684572697227381,11.899506568908691,58140000
2026-04-09,11.792039025335502,11.987433959992396,11.68457255664389,11.958124160766602,32576200
2026-04-10,12.055821395129216,12.133978994796822,11.792038797466985,11.85065746307373,28362700
2026-04-13,11.752960399113437,11.889736669060055,11.645493928827452,11.879966735839844,32688600
2026-04-14,12.221907168558392,12.456379979862541,12.163288499876291,12.417301177978516,50232200
2026-04-15,12.407531244579477,12.46614991326158,12.202367301760315,12.417301177978516,39926500
2026-04-16,12.37822151710741,12.456379115451709,12.133978789353455,12.153517723083496,37407700
2026-04-17,12.34891315631906,12.739701164042533,12.329373290076834,12.573616027832031,45735000
2026-04-20,12.514998292529562,12.62246476172549,12.45637962551499,12.573616027832031,26029000
2026-04-21,12.573615742202083,12.72993094174052,12.485688209533691,12.485688209533691,32210000
2026-04-22,12.544306729313393,12.583385528743474,12.29029406716182,12.339142799377441,23958300
2026-04-23,12.319603728489595,12.407531265807116,12.085130916784296,12.192597389221191,30844500
2026-04-24,12.163287797646333,12.17305773048132,12.006972599134869,12.094900131225586,35043500
2026-04-27,12.094900360829747,12.35868203039734,12.094900360829747,12.202366828918457,35098200
2026-04-28,12.231676340687756,12.231676340687756,11.958123812812694,12.114439010620117,44278000
2026-04-29,12.085130495608743,12.094900428684008,11.860427625150255,11.958124160766602,48672800
2026-04-30,11.284014954715618,11.811579244280164,11.20585735120325,11.801809310913086,80557900
2026-05-01,11.782270829119701,11.792039831150435,11.508718274591539,11.606415748596191,52880500
2026-05-04,11.577106773879558,11.606415643129761,11.196087746778295,11.235166549682617,51014800
2026-05-05,11.293785261183006,11.518488145776292,11.293785261183006,11.420790672302246,42262100
2026-05-06,11.665032379359893,11.967893774630383,11.665032379359893,11.88973617553711,52111200
2026-05-07,11.938585369967829,12.016742972086103,11.78227016573128,11.899506568908691,38986700
2026-05-08,12.006972718608843,12.085130318642275,11.899506251490898,12.03628158569336,38453500
2026-05-11,12.055821574075445,12.104670307520786,11.733421237733117,11.772500038146973,48850800
2026-05-12,11.792285376658635,11.901106461773582,11.67357120831787,11.86153507232666,42165300
2026-05-13,11.841749807500431,13.790641910197275,11.841749807500431,13.424606323242188,216261200
2026-05-14,13.602678636113962,14.77992822659138,13.483964463049915,14.324856758117676,187021600
2026-05-15,13.830213385126486,13.899464024434955,13.147606679488336,13.256427764892578,108272300
2026-05-18,13.840106605589487,13.840106605589487,12.880500163572956,12.890392303466797,69708800
2026-05-19,12.751892958110387,13.088249302168602,12.5837143143531,12.920071601867676,41418200
2026-05-20,12.910179045905245,13.167393563742875,12.78157178698643,13.078357696533203,42349000
2026-05-21,13.028892873554149,13.65214298394347,12.999214566427906,13.52353572845459,72523100
2026-05-22,13.642249710588825,14.789820967036778,13.622464487265425,14.770035743713379,109712200
2026-05-26,14.621642829561713,15.383393294746337,14.621642829561713,15.15585708618164,90423300
2026-05-27,15.26467861188706,15.887927770970677,15.225107221731651,15.709856986999512,89234100
2026-05-28,15.690071510695839,16.57053615972241,15.690071510695839,16.471607208251953,98577300
2026-05-29,16.699141954375758,17.589500602896216,16.639785340111974,17.253143310546875,154228200
2026-06-01,17.19378464911138,17.292713596570753,16.451820373535156,16.451820373535156,97586400
2026-06-02,16.39246407466671,16.570535806131176,15.660392868467161,15.976963996887207,72847500
2026-06-03,15.838464328179718,16.02642914004636,15.4625356479028,15.541678428649902,59298500
2026-06-04,15.719750297307124,15.719750297307124,15.056928795044326,15.175642967224121,50079400
2026-06-05,15.066820648459439,15.096499898531965,14.522714272185445,14.7403564453125,65372100
2026-06-08,14.829392766861687,15.027249722844076,14.750249984468732,14.839285850524902,33038300
2026-06-09,14.948106228326765,15.225106896962247,14.334749222273356,14.789820671081543,51032600
2026-06-10,14.680999977757763,14.680999977757763,14.077535095350614,14.146785736083984,50776700
2026-06-11,14.146785965886894,14.621642657996635,13.94892901084117,14.552392959594727,47657200
2026-06-12,14.591963893016764,14.839285314932303,14.453463557099777,14.680999755859375,42162200
2026-06-15,15.056928990025366,15.314142561350874,14.582071351700604,14.611750602722168,48551900
2026-06-16,14.631535326967722,14.690892883527487,14.255606651306152,14.255606651306152,47490000
2026-06-17,14.275393169610851,14.324856700596632,13.780750312102022,13.810428619384766,43099800
2026-06-18,13.968713683365971,13.978606766591938,13.572999788890696,13.909357070922852,88711700
2026-06-22,13.94892915642865,14.404000629511671,13.80053573100326,13.958821296691895,66738100
2026-06-23,13.691714813777383,14.0676435087749,13.592785862241465,13.850000381469727,65368300
2026-06-24,13.879678155340315,13.998392326540445,13.563107032139966,13.6917142868042,51675000
2026-06-25,13.770857423300738,14.206142728944485,13.741179115598218,13.958821296691895,61741400
2026-06-26,13.82032161528873,14.32485660972013,13.82032161528873,13.978607177734375,59551900
2026-06-29,13.939035961082322,14.097321525503373,13.810428704126121,13.869786262512207,46333200
2026-06-30,13.869786091566327,14.037963794098607,13.642249887923173,13.751070976257324,59308700
2026-07-01,13.701607419945576,13.731285726989121,13.404821519141024,13.493857383728027,44544000
2026-07-02,13.671928428068847,13.850000160611323,13.078357558687909,13.216856956481934,48984900
2026-07-06,13.365249753971128,13.751070565091801,13.27621389187979,13.6818208694458,54301400
2026-07-07,13.602678685400786,13.652143160220794,13.404821729577144,13.414714813232422,43813400
2026-07-08,13.236642997363257,13.424606868340224,13.09814265743639,13.35535717010498,43967600
2026-07-09,13.444392861853965,13.602678423464901,13.295999440251437,13.464178085327148,41197500
2026-07-10,13.48396477031708,13.948929333005642,13.48396477031708,13.850000381469727,47092800
2026-07-13,13.840107102209656,14.067643310147009,13.671928453047036,13.701607704162598,51284100
2026-07-14,13.850000297595653,13.879678605494139,13.612571947494978,13.790642738342285,42721900
2026-07-15,13.889571067087365,14.225928353057526,13.820321370607516,14.028071403503418,57373200
2026-07-16,14.047856950757488,14.117107592291022,13.849999996639626,14.0379638671875,33315200
2026-07-17,13.889571753767488,14.344643231968183,13.701607878262514,14.077535629272461,45456500
2026-07-20,14.146785951717316,14.146785951717316,13.790642489535346,13.840106964111328,39940100
2026-07-21,13.99839227712004,14.265499868969604,13.879678106339023,14.117107391357422,48936300
2026-07-22,14.117107588975104,14.542499804364494,14.10721450540744,14.26550006866455,62012000
2026-07-23,14.057749661491822,14.126999357732359,13.869785795929072,13.998392105102539,65393700
2026-07-24,14.018178885363957,14.3941075764021,13.988500577598323,14.216035842895508,76549600
2026-07-27,14.651321871181368,14.710678485814306,14.18635732042692,14.522714614868164,58748400
2026-07-28,14.601857137415951,14.85907164547532,14.502928190175775,14.799714088439941,75709000
2026-07-29,15.403178141109517,16.11546505708121,14.997571152586854,15.11628532409668,98361100
2026-07-30,15.175643278827723,15.205321586617966,14.483143455164877,14.700785636901855,60025800
2026-07-31,14.799714351220093,14.86896404944398,14.255607018650808,14.522714614868164,56015200
2026-08-03,14.750250186897496,14.89864361351309,14.27539348602295,14.27539348602295,42705200
2026-08-04,14.334749517103068,14.334749517103068,13.830213585414631,14.087428092956543,53923500
2026-08-05,14.176464130791432,14.334749693237077,13.978607177734375,13.978607177734375,41003600
2026-08-06,13.998392581112281,14.008285664756297,13.602678669915475,13.642250061035156,59941400
2026-08-07,13.67192798669465,13.939035576885264,13.612571373400975,13.83021354675293,34589200
2026-08-10,13.790642821856895,13.919250081471025,13.61257202993121,13.850000381469727,39252700
2026-08-11,13.890000343322754,14.180000305175781,13.84000015258789,13.979999542236328,36394900
2026-08-12,14.029999732971191,14.079999923706055,13.789999961853027,13.829999923706055,38326500
2026-08-13,13.859999656677246,14.010000228881836,13.819999694824219,13.890000343322754,26341400
2026-08-14,13.970000267028809,14.4399995803833,13.930000305175781,14.369999885559082,49580800
2026-08-17,14.260000228881836,14.260000228881836,14.0,14.050000190734863,31475800
2026-08-18,14.050000190734863,14.050000190734863,13.859999656677246,13.930000305175781,25839100
2026-08-19,14.050000190734863,14.5,14.050000190734863,14.5,50810300
2026-08-20,14.289999961853027,14.300000190734863,13.819999694824219,13.989999771118164,41185900
2026-08-21,14.130000114440918,14.550000190734863,14.130000114440918,14.40999984741211,45121000
2026-08-24,14.390000343322754,14.399999618530273,13.779999732971191,13.930000305175781,53277300
2026-08-25,13.930000305175781,14.020000457763672,13.819999694824219,13.949999809265137,35605500
2026-08-26,13.930000305175781,13.930000305175781,13.760000228881836,13.899999618530273,28493700
2026-08-27,13.859999656677246,14.100000381469727,13.850000381469727,13.949999809265137,37675800
2026-08-28,14.119999885559082,14.260000228881836,13.800000190734863,13.880000114440918,40250300
2026-08-31,13.899999618530273,14.050000190734863,13.869999885559082,13.9399995803833,41054600
2026-09-01,13.949999809265137,14.050000190734863,13.729999542236328,13.84000015258789,50110700
2026-09-02,13.880000114440918,14.239999771118164,13.770000457763672,14.140000343322754,58216800
2026-09-03,14.300000190734863,14.470000267028809,14.0600004196167,14.40999984741211,40628400
2026-09-04,14.380000114440918,14.640000343322754,14.300000190734863,14.619999885559082,39292500
2026-09-08,14.600000381469727,14.600000381469727,13.869999885559082,14.0,46663600
2026-09-09,13.960000038146973,14.15999984741211,13.449999809265137,13.449999809265137,68871400
2026-09-10,13.329999923706055,13.949999809265137,13.149999618530273,13.880000114440918,47988700
2026-09-11,14.09000015258789,14.130000114440918,13.880000114440918,13.970000267028809,39394600
2026-09-14,13.859999656677246,13.949999809265137,13.739999771118164,13.859999656677246,31579500
2026-09-15,13.880000114440918,13.890000343322754,13.479999542236328,13.5,45801400
2026-09-16,13.539999961853027,13.569999694824219,13.25,13.350000381469727,53312700
2026-09-17,13.609999656677246,13.829999923706055,13.59000015258789,13.609999656677246,46084000
2026-09-18,13.539999961853027,13.600000381469727,12.9399995803833,13.210000038146973,111219500
2026-09-21,13.350000381469727,13.449999809265137,13.170000076293945,13.170000076293945,48152073
