Date,Open,High,Low,Close,Volume
2016-07-25,8.089188024870525,8.141715310194067,8.030824807420744,8.07167911529541,26248500
2016-07-26,8.101178547076186,8.189684115765743,8.077577174632525,8.17788314819336,28467200
2016-07-27,8.177882786551589,8.254587384276737,8.112979155876962,8.166082382202148,34625500
2016-07-28,7.540645657032744,7.587848402718309,7.345934190404515,7.499343395233154,142168600
2016-07-29,7.440340098710332,7.599649796352191,7.434440177194858,7.469841957092285,59754100
2016-08-01,7.440340147221277,7.446240631476368,7.316432791370117,7.363635540008545,51963100
2016-08-02,7.286933037444601,7.292832960246992,7.021416816792586,7.045018196105957,101624900
2016-08-03,7.092218982758847,7.198424870361656,7.045015678300738,7.157122611999512,47323300
2016-08-04,7.151223502947261,7.216127144661294,7.109921236647528,7.127622127532959,38443200
2016-08-05,7.174824021202396,7.2338277340397035,7.174824021202396,7.1925249099731445,31219500
2016-08-08,7.210226376458542,7.275130010553839,7.168923552305981,7.186625003814697,33310600
2016-08-09,7.174825350774885,7.30463320545109,7.168924865857509,7.263330936431885,30097800
2016-08-10,7.257429542976343,7.292831322646319,7.2161267164265155,7.2279276847839355,24555800
2016-08-11,7.263330936431884,7.298732720533714,7.233829074546218,7.263330936431885,24987300
2016-08-12,7.2515274725491725,7.29873021025112,7.2279261036981985,7.2751288414001465,18816900
2016-08-15,7.2987322342604495,7.340034500527918,7.292831749736189,7.334134578704834,16371100
2016-08-16,7.286933047767878,7.334135806461492,7.27513207674384,7.281032562255859,20450100
2016-08-17,7.275129279452312,7.3105316162109375,7.21612557242162,7.3105316162109375,23434500
2016-08-18,7.275128841400146,7.292829727363121,7.239727069474195,7.2751288414001465,23629500
2016-08-19,7.257428392423526,7.322332019996445,7.2279265389081795,7.3105316162109375,21891400
2016-08-22,7.286932452244174,7.304633344632359,7.251530104766582,7.292832374572754,22458400
2016-08-23,7.3164337025665,7.3341351575363305,7.275131433039334,7.328234672546387,34634100
2016-08-24,7.322334200335268,7.34003509263477,7.2456295834357975,7.257430553436279,19999600
2016-08-25,7.257429652108268,7.387237492486133,7.2043264191036345,7.357735633850098,44713700
2016-08-26,7.357733977427855,7.404936715538455,7.2810293873228735,7.304630756378174,22645900
2016-08-29,7.304632400845464,7.375436523951258,7.304632400845464,7.357735633850098,22243200
2016-08-30,7.357733104282958,7.410836319030861,7.33413173802844,7.404935836791992,26040400
2016-08-31,7.363633089672319,7.440337671360693,7.363633089672319,7.4344377517700195,26030600
2016-09-01,7.469841845344114,7.505244187413072,7.2869313389743935,7.340034008026123,40510400
2016-09-02,7.393137673559394,7.416739048756426,7.351835407639882,7.375436782836914,21079800
2016-09-06,7.3695363464941686,7.475742816925049,7.334134564817992,7.475742816925049,36098900
2016-09-07,7.446238844416069,7.522943433220082,7.446238844416069,7.493441581726074,22879100
2016-09-08,7.375435933310818,7.522944651977035,7.375435933310818,7.511143684387207,34017900
2016-09-09,7.440338487770893,7.487541225881493,7.304630756378174,7.304630756378174,35733600
2016-09-12,7.26922829815304,7.5347443988980904,7.245626929498037,7.493441581726074,42690200
2016-09-13,7.393135749660293,7.4816413056434365,7.275128904383792,7.304630756378174,56549100
2016-09-14,7.186625322359401,7.26332992752708,7.145322496376106,7.163023948669434,62450600
2016-09-15,7.16302234065354,7.186623709045273,7.115819603870074,7.145320892333984,57334800
2016-09-16,7.109919121096889,7.157121857880354,7.086317752705156,7.145320892333984,26271600
2016-09-19,7.15122137510717,7.275128699839019,7.115819603870074,7.145320892333984,41175500
2016-09-20,7.133522296577061,7.192525451152771,7.056817689197601,7.080419063568115,37820800
2016-09-21,7.127622026083679,7.145322916717169,7.086319760371812,7.1335225105285645,32934600
2016-09-22,7.180724519978458,7.251528637909994,7.174824036142219,7.186625003814697,36136200
2016-09-23,7.151222289046624,7.2102259989172435,7.151222289046624,7.180724143981934,18993500
2016-09-26,7.151222603275282,7.151222603275282,7.080418485940014,7.0863189697265625,26758600
2016-09-27,7.092220713754166,7.133522982196937,7.039117475641342,7.0686187744140625,28965800
2016-09-28,7.092220244816699,7.133522510528565,7.05681790084855,7.1335225105285645,29341500
2016-09-29,7.098120651943438,7.151223890176378,7.050917898558871,7.062718868255615,23397400
2016-09-30,7.080417581361774,7.1630226557167,7.074517098329058,7.121719837188721,34903800
2016-10-03,7.115819617737808,7.16892227469694,7.092218249300079,7.139420986175537,20683100
2016-10-04,7.1453215913797115,7.227926670182755,7.133521187379885,7.198424816131592,23948700
2016-10-05,7.210226888284229,7.39313739858285,7.210226888284229,7.363635540008545,55529100
2016-10-06,7.334132986483004,7.381335727027136,7.275129279452312,7.3105316162109375,25880900
2016-10-07,7.310531973002417,7.328232860895098,7.198425036712919,7.251528263092041,22093200
2016-10-10,7.28693102137254,7.304631910284954,7.139422300799826,7.1512227058410645,24951400
2016-10-11,7.180723212127981,7.180723212127981,7.027314036533388,7.074516773223877,40053500
2016-10-12,7.080419383861008,7.086319868395841,7.045017039353185,7.056818008422852,20627000
2016-10-13,7.027313709259033,7.027313709259033,6.897505908055062,7.027313709259033,39904200
2016-10-14,7.056815558991888,7.080416926237975,7.01551330698648,7.027313709259033,25775700
2016-10-17,7.027315356529429,7.080418585956279,7.00961446762085,7.00961446762085,19875000
2016-10-18,7.033213349069173,7.03911383084898,6.909306045197784,7.015512466430664,39911300
2016-10-19,7.015514852391295,7.109920342171652,7.009614368604747,7.0863189697265625,26094000
2016-10-20,7.092220729796272,7.098120651943438,7.021416037018215,7.062718868255615,18116000
2016-10-21,7.039116124800117,7.104019757426459,6.991913380580759,7.092219352722168,24364200
2016-10-24,7.115820871066198,7.1984253937970974,7.115820871066198,7.1925249099731445,33733600
2016-10-25,7.198499461178414,7.228368867017965,7.025257590962853,7.079022407531738,42486000
2016-10-26,7.049152559984442,7.126812782416388,7.02525715075242,7.096943378448486,36219900
2016-10-27,7.055127833453091,7.06707525537881,6.929676769819259,7.013310432434082,48402000
2016-10-28,7.01330831156225,7.079021106272301,6.947596086563625,7.001360893249512,37142400
2016-10-31,7.01928442825274,7.055127833453091,6.9834410230523885,7.013310432434082,31898400
2016-11-01,7.037205033332041,7.073048434393153,6.869937157707098,6.935649394989014,35613600
2016-11-02,6.875910632218122,6.905780035888861,6.786302421205901,6.810197830200195,36229400
2016-11-03,6.804224158738988,6.846040980536234,6.732537934353078,6.780328750610352,38651500
2016-11-04,6.756434471702834,6.869937536856064,6.750460476244358,6.774355888366699,24752400
2016-11-07,6.881884641685218,6.9416228794435995,6.804224419858982,6.917727470397949,25120700
2016-11-08,6.869936824058379,6.875910818897017,6.780329180324828,6.8579888343811035,28497900
2016-11-09,6.660851395873588,6.947596874132884,6.613060577782288,6.917727470397949,60625700
2016-11-10,6.9177294387032955,7.1566835971495575,6.9177294387032955,7.132788181304932,52756500
2016-11-11,7.096944738090806,7.407585117619999,7.073049324280868,7.3358988761901855,79259300
2016-11-14,7.329924059782492,7.467322520701888,7.180577609368454,7.20447301864624,56109900
2016-11-15,7.204473376899076,7.252264197831115,7.1387605708338775,7.192525386810303,31498500
2016-11-16,7.168630123138428,7.198499529260479,7.120839301227761,7.168630123138428,25195500
2016-11-17,7.1088900213940045,7.144733416181045,7.037203801531358,7.090968608856201,38502500
2016-11-18,7.090969343180276,7.108890757573978,7.007335126490508,7.025257110595703,30662000
2016-11-21,7.031231614629342,7.1088912725314355,7.031231614629342,7.043179035186768,19508600
2016-11-22,7.025255087395119,7.114862703269062,7.0073331084512684,7.102915287017822,24274700
2016-11-23,7.108891010284423,7.168629820002382,7.079022175136957,7.108891010284424,22414000
2016-11-25,7.1387605708338775,7.204473376899076,7.12681315045663,7.192525386810303,11439600
2016-11-28,7.180579853022443,7.198501273152661,7.102919606175934,7.120841026306152,24407200
2016-11-29,7.126815022920116,7.168631859794515,7.090971612948007,7.120841026306152,23690800
2016-11-30,7.15070885475642,7.252264495837966,7.120839448018634,7.144734859466553,47646200
2016-12-01,7.306028961297306,7.6465392966825725,7.276160123383979,7.425506591796875,95143600
2016-12-02,7.515111978433242,7.515111978433242,7.258235947928111,7.312000751495361,38689800
2016-12-05,7.353820269554918,7.46732333355182,7.341872278759688,7.4314799308776855,36220000
2016-12-06,7.407583517587638,7.521087135951852,7.389662103529098,7.5031657218933105,23923900
2016-12-07,7.521087412740623,7.855623146131776,7.491218008402822,7.801858901977539,58600400
2016-12-08,7.807831430496168,7.855622244064189,7.748093198391861,7.783936023712158,41459500
2016-12-09,7.766016188856768,7.885493247050715,7.712251370241604,7.867571830749512,45256100
2016-12-12,7.813804876989492,7.825752864399841,7.652511034929561,7.65848445892334,39596800
2016-12-13,7.670432673924838,7.694328079743144,7.616667868405794,7.628615856170654,39570500
2016-12-14,7.5569290610069855,7.640563266138257,7.467321431711019,7.48524284362793,42820100
2016-12-15,7.49121604312151,7.598745642643161,7.479268626347634,7.515111446380615,23774800
2016-12-16,7.562904803052866,7.586800214369322,7.503166559617496,7.544983386993408,28354900
2016-12-19,7.521087532995527,7.646538577450926,7.521087532995527,7.562904357910156,22830000
2016-12-20,7.586798384147497,7.658484600803448,7.574850966227208,7.634589195251465,17834000
2016-12-21,7.604721930045147,7.6286179120146205,7.550957679748535,7.550957679748535,18117100
2016-12-22,7.544981287133492,7.550955280727858,7.407582283020019,7.4075822830200195,27821100
2016-12-23,7.425505671407509,7.443427085876465,7.383688278031289,7.443427085876465,15621200
2016-12-27,7.425504827255643,7.473295640214194,7.383687438633339,7.401609420776367,19467400
2016-12-28,7.389662225049301,7.437453043132299,7.300054583571553,7.317975997924805,26875400
2016-12-29,7.317977788900945,7.353821196091129,7.300056370161669,7.306029796600342,19819100
2016-12-30,7.312001480977624,7.335896888312396,7.216419851638537,7.246289253234863,27405700
2017-01-03,7.288105120797952,7.52705973261626,7.246288305857082,7.521085739135742,40510800
2017-01-04,7.628617714361616,7.927310644702262,7.61069572834886,7.867571830749512,77638100
2017-01-05,7.891465320172029,7.897439314054458,7.544981650950874,7.628615856170654,75628400
2017-01-06,7.646538881624706,7.670434292485252,7.550957238182521,7.62264347076416,40315900
2017-01-09,7.640565032259236,7.682381859635149,7.544983386993409,7.544983386993408,39438400
2017-01-10,7.58679913027269,7.777962963200012,7.562903722370707,7.676407337188721,58703500
2017-01-11,7.59277453985818,7.598748535375006,7.473297478079491,7.568879127502441,49718700
2017-01-12,7.5629025540766115,7.574850541037646,7.377713313871583,7.521085739135742,36493300
2017-01-13,7.539009391736409,7.568878798309866,7.467323157787038,7.544983386993408,29197100
2017-01-17,7.5569292542127835,7.604720067020675,7.49121702902979,7.533033847808838,49069500
2017-01-18,7.5451753450957115,7.557315309815287,7.4662635482930355,7.533034801483154,33830800
2017-01-19,7.526966163507895,7.624088796811204,7.490545682550624,7.545176982879639,30135600
2017-01-20,7.557315885835234,7.575526123749075,7.472334389641956,7.502684593200684,29270000
2017-01-23,7.496614895085661,7.5148251329879905,7.417703092318199,7.472334384918213,31670700
2017-01-24,7.496613589138991,7.654436588287354,7.490543317931343,7.6544365882873535,34625200
2017-01-25,7.715138991175716,7.769770280267657,7.672648245834423,7.763700008392334,46747800
2017-01-26,7.678719273703971,7.696930092495757,7.496615716930824,7.508755683898926,55672800
2017-01-27,7.5755265787153565,7.611947635623419,7.514825589059334,7.581596851348877,34613900
2017-01-30,7.5633869824881055,7.5633869824881055,7.454124385309746,7.508755683898926,39254200
2017-01-31,7.472334389641956,7.520895410007551,7.399492280200538,7.502684593200684,46974500
2017-02-01,7.557316329390997,7.636228136839855,7.417703532368982,7.478404521942139,44396800
2017-02-02,7.4662659518788255,7.508756710415696,7.423774614448788,7.45412540435791,29035400
2017-02-03,7.539105734454636,7.660508286762071,7.520895496331779,7.624087810516357,38245300
2017-02-06,7.6180179784330635,7.660508729473004,7.563386682014245,7.5998077392578125,26916800
2017-02-07,7.5876673219248945,7.599807867508651,7.4723350333445895,7.490545272827148,32914400
2017-02-08,7.490544833236185,7.557316093349071,7.448054083972807,7.514825344085693,26411400
2017-02-09,7.514825344085693,7.569456638220346,7.496615105671823,7.514825344085693,32924600
2017-02-10,7.551245797372773,7.593737125396728,7.5087550482418575,7.5937371253967285,32996500
2017-02-13,7.611947265839097,7.660508286762071,7.5755262107003505,7.624087810516357,24474000
2017-02-14,7.672648396955488,7.709068871138797,7.642297615874063,7.678718090057373,28355700
2017-02-15,7.660508973638079,7.672649519403914,7.618018221243821,7.666579246520996,25114400
2017-02-16,7.654435409570032,7.672646220388666,7.575523632701124,7.611944675445557,22896500
2017-02-17,7.587666587876085,7.636227607727051,7.5391055680251196,7.636227607727051,26407400
2017-02-21,7.654436198240791,7.721208020336578,7.654436198240791,7.702997207641602,29156200
2017-02-22,7.684789045244997,7.751560885338878,7.678718772710454,7.690859317779541,24787500
2017-02-23,7.709069307685046,7.721209852362305,7.618017538177727,7.624087810516357,22520600
2017-02-24,7.59373613122171,7.59373613122171,7.5148243368147165,7.569455623626709,40817300
2017-02-27,7.58159686142092,7.696929726038785,7.545176383357535,7.684789180755615,41713100
2017-02-28,7.666576084428183,7.68478631667301,7.557313533173526,7.605874538421631,36089800
2017-03-01,7.684786973839522,7.739418254138657,7.6787167029411965,7.702997207641602,36178600
2017-03-02,7.721210237712062,7.739420476743755,7.63622815740906,7.684789180755615,33245100
2017-03-03,7.684788362052258,7.7151391431336815,7.6058765627977545,7.678718090057373,30429200
2017-03-06,7.6362282176083145,7.648368762987192,7.587667193878935,7.5998077392578125,28753600
2017-03-07,7.593735787609261,7.605875751410952,7.5391045032693045,7.563385009765625,25906900
2017-03-08,7.587664306176803,7.672646354807408,7.5633838035527505,7.605874538421631,27327800
2017-03-09,7.611947021216838,7.611947021216838,7.526964947886153,7.5876665115356445,29149100
2017-03-10,7.618015079180079,7.666576084428183,7.569454073931976,7.605874538421631,34866100
2017-03-13,7.624085215991313,7.666575950115788,7.58766417324688,7.611944675445557,22625800
2017-03-14,7.593734786012864,7.624085559853301,7.557313741625767,7.618015289306641,26956700
2017-03-15,7.624087378782408,7.678718090057373,7.599806869695869,7.678718090057373,34296200
2017-03-16,7.678718469433221,7.721209796603747,7.642297993450517,7.70906925201416,28954700
2017-03-17,7.733348871949497,7.733348871949497,7.557315047918693,7.575525283813477,54929100
2017-03-20,7.57552798510123,7.581598258861688,7.435915161969704,7.45412540435791,45329700
2017-03-21,7.46626298031184,7.478402944107891,7.102054804143286,7.114195346832275,101559900
2017-03-22,7.114196204139218,7.180967460296217,7.053494641165213,7.144546985626221,71107900
2017-03-23,7.023144050761411,7.132406635530194,6.980653302859339,7.083845615386963,71209300
2017-03-24,7.077774005237743,7.1445458294826105,7.01100275988579,7.053493499755859,43772400
2017-03-27,6.986723519957754,7.011004029837736,6.926021955811289,6.9563727378845215,57713400
2017-03-28,6.986725255605978,7.162759140689588,6.96851443450228,7.071706771850586,57662800
2017-03-29,7.120265955251809,7.1384767716279764,7.065635242802346,7.089915752410889,35795700
2017-03-30,7.0838454802854995,7.126336227377198,7.047424426426178,7.089915752410889,28008200
2017-03-31,7.077774691950379,7.089915235315699,7.041354219640356,7.065634727478027,26717500
2017-04-03,7.065636082029321,7.065636082029321,6.847110890703899,6.944232940673828,65671100
2017-04-04,6.9078127314272,6.9685137255848355,6.847111158376461,6.901742458343506,40068200
2017-04-05,6.968513480873405,6.980654026614458,6.828900678209795,6.834970951080322,43316100
2017-04-06,6.841039657592773,6.895670364239746,6.8106888790824875,6.841039657592773,36165300
2017-04-07,6.834968969153769,6.8653197458125454,6.804618192494993,6.816758155822754,28874900
2017-04-10,6.834968700742563,6.88959998080439,6.822828158998648,6.8288984298706055,25857100
2017-04-11,6.841040578049488,6.8471102714538565,6.7803390128615675,6.847110271453857,36366300
2017-04-12,6.841039240264108,6.859249474702207,6.798547921384655,6.816758155822754,56588400
2017-04-13,6.810689297816437,6.828899534485028,6.743917465209962,6.743917465209961,32789900
2017-04-17,6.810689795455528,6.859250816048652,6.762128774862403,6.847110271453857,44731700
2017-04-18,6.859412964996079,6.877869207684463,6.816349572112636,6.853261470794678,35660000
2017-04-19,6.884021759033203,6.939389322211443,6.87171818204627,6.884021759033203,37524400
2017-04-20,6.920933926085836,7.074732457776633,6.914781844011443,7.056276798248291,49990200
2017-04-21,7.050123451124613,7.062427026370851,6.963996077622017,6.976300239562988,26076200
2017-04-24,7.062425982593229,7.0747301427157305,6.988602781942162,7.0316667556762695,41071300
2017-04-25,7.056276502467411,7.074732161222139,7.031668761896171,7.062427997589111,35862500
2017-04-26,7.056274264075852,7.197768580801952,7.043970104345951,7.136249542236328,51685800
2017-04-27,7.1731634241875675,7.185467588336354,6.976301491365697,7.056276798248291,50203700
2017-04-28,7.080884539851025,7.080884539851025,7.013212810422378,7.056276798248291,41415100
2017-05-01,7.0685799082932785,7.099339729936416,7.013212346674591,7.025516510009766,32118400
2017-05-02,6.951692675273354,6.994756069748328,6.705614710586262,6.717918872833252,99514700
2017-05-03,6.717918488567951,6.82250151490623,6.711766407796355,6.810197353363037,57290600
2017-05-04,6.822501745028189,6.834805320291665,6.742526452384026,6.767134189605713,34639800
2017-05-05,6.773286179229192,6.8655650458922075,6.754829936540808,6.853261470794678,28926000
2017-05-08,6.877870093200053,6.914781409939645,6.822502531395862,6.847110271453857,35561800
2017-05-09,6.8532622004175385,6.92708541894638,6.8286544609079245,6.865565776824951,44142900
2017-05-10,6.865564094759764,6.890171828240476,6.785588814273789,6.791740894317627,34989300
2017-05-11,6.791742477196143,6.810198134934278,6.748679080242234,6.773286819458008,29276300
2017-05-12,6.767134348431721,6.78559000510746,6.705614710586262,6.717918872833252,34264300
2017-05-15,6.7425259093192444,6.785589299315047,6.717918174079545,6.730221748352051,27359500
2017-05-16,6.804045540765837,6.810197034554746,6.705614013112352,6.730221748352051,42130200
2017-05-17,6.730222286537415,6.7363743675129655,6.564120207060684,6.619487762451172,54670100
2017-05-18,6.601031369502594,6.6563989236347405,6.582575713690118,6.637943267822266,37890800
2017-05-19,6.6502477480388915,6.730222455955294,6.6379435857780615,6.687159061431885,32431700
2017-05-22,6.834806261213989,6.847110424866067,6.754830957559923,6.828654766082764,73335000
2017-05-23,6.865564650041408,6.871716730582823,6.748678053227988,6.797893524169922,40816600
2017-05-24,6.80404568715249,6.80404568715249,6.687158502228115,6.742526054382324,46638800
2017-05-25,6.7425270268974185,6.748679108400727,6.6194883303051775,6.681007385253906,46269200
2017-05-26,6.674856969764859,6.736376034661175,6.6502492264673565,6.724072456359863,28176500
2017-05-30,6.767136400044688,6.8409596358236024,6.760984317056047,6.816351890563965,36082600
2017-05-31,6.840960025787353,6.847112109126689,6.767136785800201,6.8409600257873535,36398700
2017-06-01,6.920931517490605,7.099337728695911,6.828652665268584,7.019362449645996,76707200
2017-06-02,7.025517705538347,7.031669788252831,6.914782563457232,6.982454299926758,45925000
2017-06-05,6.98860486420219,6.98860486420219,6.908629559661171,6.920933723449707,42558600
2017-06-06,6.884023435772786,6.8901755191121214,6.79789661580192,6.8409600257873535,44543700
2017-06-07,6.8655649069179745,6.8840205625380495,6.779438122894485,6.810197353363037,37344200
2017-06-08,6.810198520604646,6.828654766082764,6.711767558167279,6.828654766082764,40757400
2017-06-09,6.822502531395862,6.859413848135454,6.77328705127987,6.847110271453857,30285900
2017-06-12,6.84710940823633,6.988603749057863,6.84710940823633,6.939388275146484,38473100
2017-06-13,6.963996308287449,6.982452551810223,6.859413275104072,6.933237075805664,29889300
2017-06-14,6.933238520501811,6.945542098719301,6.804047722396346,6.9024786949157715,44367900
2017-06-15,6.859413061307154,6.945540434978057,6.853261567019381,6.914780616760254,28431600
2017-06-16,6.914782273133262,6.914782273133262,6.810199218157654,6.9024786949157715,54035400
2017-06-19,6.8901728795249575,6.939388353995549,6.877869304254677,6.914780616760254,30540900
2017-06-20,6.896327602451457,6.902479685790793,6.822504362464304,6.8409600257873535,31971500
2017-06-21,6.859412014715924,6.859412014715924,6.767133160836916,6.791740894317627,37002500
2017-06-22,6.779439132968069,6.877870093200053,6.7671349695916705,6.847110271453857,26972800
2017-06-23,6.828652787886018,6.847108441322891,6.767133160836916,6.791740894317627,45190200
2017-06-26,6.804046862792273,6.890173659518317,6.804046862792273,6.877870082855225,31316800
2017-06-27,6.871719464071882,6.8901751263428785,6.8040483112816075,6.816351890563965,28491600
2017-06-28,6.834805712199432,6.871717613495856,6.810197973566738,6.822502136230469,31820000
2017-06-29,6.847109714944964,6.890173109872716,6.810197814510639,6.87171745300293,32917000
2017-06-30,6.877870263887144,6.939389322211443,6.865566100205395,6.884021759033203,41075000
2017-07-03,6.988604506392154,7.1916185049502985,6.920933369104369,7.1116437911987305,43949600
2017-07-05,7.080883835246463,7.111643655862742,6.927085318859849,6.951693058013916,39412200
2017-07-06,6.945541221239231,6.988604619602253,6.871718001176279,6.877870082855225,31936000
2017-07-07,6.896326528092268,6.939389931368974,6.865566702882534,6.927086353302002,20871800
2017-07-10,6.914780603247601,6.982452320533473,6.908628522277115,6.976300239562988,18881300
2017-07-11,6.957845452838157,7.031668673625151,6.951693371098872,7.000908851623535,25914300
2017-07-12,7.019364892496771,7.148555682584834,7.013212810422378,7.056276798248291,33088200
2017-07-13,7.050122184210902,7.191616500937002,7.043970104345951,7.136249542236328,33650800
2017-07-14,7.167009571020784,7.216225042064255,7.1362503416396335,7.1854658126831055,39792200
2017-07-17,7.2039221204595565,7.22852985821121,7.167010220484705,7.222377777099609,24394200
2017-07-18,7.210074748910825,7.228530406951905,7.179314927712497,7.228530406951904,24625200
2017-07-19,7.2346818530092705,7.277745246887207,7.222377690932865,7.277745246887207,26225900
2017-07-20,7.283976296816443,7.340054911161318,7.26528362344461,7.290207386016846,30315100
2017-07-21,7.221668728645014,7.240361406005969,7.14066633444154,7.1842827796936035,27630600
2017-07-24,7.171819043240568,7.196742803661232,7.0222764807165845,7.034738063812256,48123400
2017-07-25,7.040970985492953,7.090818519311388,6.991123451674517,7.022278308868408,52854300
2017-07-26,6.94127600505622,6.95373759155264,6.82288766507807,6.891428470611572,72271700
2017-07-27,6.90388968621762,6.978660983867732,6.872734830306044,6.9661993980407715,38687500
2017-07-28,6.947503530474438,6.991120550135213,6.891425523874977,6.959965705871582,24864100
2017-07-31,6.953736779045852,6.9973532180312015,6.935044104370618,6.991122722625732,39548600
2017-08-01,6.922582969776742,6.947506737848063,6.773040361348812,6.822887897491455,65140100
2017-08-02,6.841578445439815,6.872733294388912,6.810424190720037,6.854040622711182,30890500
2017-08-03,6.860272329808137,6.885196092368456,6.804193715490078,6.8104248046875,20309300
2017-08-04,6.791733038844927,6.8478116655627765,6.716961734630963,6.822887897491455,29267600
2017-08-07,6.816655080468878,6.841578842227784,6.791731318709973,6.804193496704102,35013000
2017-08-08,6.8228887470987445,6.854043609624772,6.779272296100051,6.785503387451172,26322100
2017-08-09,6.7792697349451965,6.822886169465942,6.748114884189226,6.804193496704102,32155900
2017-08-10,6.779269314187547,6.797961985789222,6.710729122161866,6.710729122161865,31903800
2017-08-11,6.723190705153209,6.7543455539755435,6.704498033551536,6.710729122161865,32300100
2017-08-14,6.741884523819462,6.822886906847554,6.723191849037416,6.7979631423950195,26413500
2017-08-15,6.804194857860985,6.854042391350632,6.754347324371338,6.754347324371338,29266300
2017-08-16,6.766808396272839,6.791732161123166,6.716960866572184,6.7294230461120605,28316300
2017-08-17,6.723191807992641,6.7294228976250885,6.604804076123208,6.629727840423584,35518800
2017-08-18,6.6172660660398055,6.623497156053506,6.523802092752103,6.579880714416504,43998700
2017-08-21,6.561184928272282,6.642187284699004,6.55495443487732,6.586108684539795,30152500
2017-08-22,6.611033480869776,6.685804761435499,6.611033480869776,6.63595724105835,28676100
2017-08-23,6.611032539224802,6.7169586534959445,6.598570958020144,6.673342227935791,35405800
2017-08-24,6.69826598457434,6.729420828929835,6.660880052501901,6.673342227935791,33584400
2017-08-25,6.710728549123196,6.779268735296133,6.704497461044948,6.741882801055908,35926800
2017-08-28,6.766807696713107,6.779269874964631,6.685805320766297,6.723191261291504,22307400
2017-08-29,6.698268700638117,6.7855021813597345,6.685806520150969,6.754347324371338,29807300
2017-08-30,6.7418834012517275,6.816654682159424,6.710729146545511,6.816654682159424,23629300
2017-08-31,6.835350144980628,6.978661664224226,6.822887963709268,6.872735500335693,54208900
2017-09-01,6.9661978739768315,7.12197152522512,6.941274113546278,7.072124004364014,64560300
2017-09-05,7.078353881835937,7.0970471462015,7.003582607061493,7.0783538818359375,44000200
2017-09-06,7.0970477099718545,7.18428057369028,7.0970477099718545,7.165587902069092,43279000
2017-09-07,7.178051480142258,7.178051480142258,7.059663150235468,7.1032795906066895,30271000
2017-09-08,7.065892299821498,7.0970471462015,7.034737453441496,7.0783538818359375,26633900
2017-09-11,7.103280284985258,7.134435142965705,7.090818698330774,7.109511375427246,43375000
2017-09-12,7.121972238033612,7.271514815584024,7.097048475108543,7.221667289733887,41386700
2017-09-13,7.227899151167828,7.246591826801194,7.178051619992556,7.240360736846924,23302200
2017-09-14,7.227899516817979,7.277747050514974,7.153127622043012,7.202975749969482,31696300
2017-09-15,7.190513205671652,7.246591826801194,7.159358350129746,7.240360736846924,30865500
2017-09-18,7.246592044830322,7.308901163559392,7.227899368634547,7.246592044830322,25132400
2017-09-19,7.246590437927748,7.315130631600049,7.240359349167721,7.302669048309326,26392900
2017-09-20,7.277745068836804,7.3525163490226095,7.25282130877487,7.296437740325928,26705300
2017-09-21,7.2964379595493,7.3649781532216005,7.283975782029247,7.302669048309326,40319400
2017-09-22,7.315132170834477,7.396134559071181,7.302670584921614,7.377441883087158,30196500
2017-09-25,7.40236484663455,7.514522078838365,7.377441083281413,7.4397501945495605,40766000
2017-09-26,7.445982380311545,7.477137237647639,7.414827522975451,7.433520793914795,30646700
2017-09-27,7.464673220970759,7.489597576092691,7.389901938292962,7.445980548858643,28412200
2017-09-28,7.44598124431673,7.47090500753722,7.4148263917337704,7.452212333679199,23105700
2017-09-29,7.458444118499756,7.489598973987731,7.427289263011781,7.458444118499756,31227500
2017-10-02,7.477135954357416,7.533214569091797,7.4584432808557475,7.533214569091797,36020000
2017-10-03,7.676526030325589,7.745066823315237,7.614216920787897,7.688988208770752,65641700
2017-10-04,7.682758036692795,7.763760423568054,7.651603181090089,7.664065361022949,52909800
2017-10-05,7.688987910310821,7.701449494042895,7.570599596594696,7.632909297943115,48145800
2017-10-06,7.601756811038735,7.6827592102876725,7.595525720120462,7.670297622680664,35091800
2017-10-09,7.68275711954817,7.732604644870073,7.632909594226267,7.688988208770752,28924800
2017-10-10,7.688989889992104,7.738837426213325,7.632911263185855,7.720144748687744,40586200
2017-10-11,7.713912010192871,7.745066862232952,7.670295573874384,7.713912010192871,34953400
2017-10-12,7.6640652571628936,7.6765268426974345,7.5456769263228445,7.551908016204834,45924400
2017-10-13,7.514523765812792,7.583063981863522,7.3961354176357315,7.5082926750183105,44597300
2017-10-16,7.470905630427285,7.570600691621364,7.452212955010753,7.551908016204834,32349700
2017-10-17,7.558137503077448,7.670294720248023,7.5519064145170125,7.645370960235596,55273200
2017-10-18,7.651603410825546,7.6952204476706925,7.583063201825263,7.595524787902832,30783700
2017-10-19,7.5643696137175285,7.632909814455363,7.508290997555032,7.620447635650635,29678200
2017-10-20,7.645681547193256,7.658298472300766,7.569981801372503,7.633065223693848,28171700
2017-10-23,7.639371917992166,7.689838407499007,7.595213890075683,7.595213890075684,21504800
2017-10-24,7.639371919904354,7.733997038959374,7.626755598328491,7.689838409423828,34651200
2017-10-25,7.664605162745587,7.664605162745587,7.5510558621592,7.595213890075684,47674800
2017-10-26,7.696147268756047,7.784463930783374,7.607831208336761,7.7403059005737305,49003100
2017-10-27,7.715070392252069,7.721378852812149,7.576287869577775,7.607829570770264,33925400
2017-10-30,7.576290263926258,7.664606333246419,7.5384400902118305,7.633065223693848,36457400
2017-10-31,7.664605560774285,7.759230684719572,7.651989238546404,7.7403059005737305,42010200
2017-11-01,7.822313065838987,7.866471695210961,7.746613331840185,7.790771961212158,43495800
2017-11-02,7.778155939279781,7.841239359058522,7.733997906399509,7.834930896759033,40923400
2017-11-03,7.828623183396357,7.860164896303212,7.771848220485644,7.797081470489502,33220300
2017-11-06,7.797080588640889,7.841239222359406,7.759231018719952,7.77815580368042,20178500
2017-11-07,7.790772545485848,7.809697330002822,7.639372464525895,7.670914173126221,41536300
2017-11-08,7.658296052035082,7.670912371547331,7.576287869577775,7.607829570770264,34127500
2017-11-09,7.57628910691262,7.60152235166604,7.525822617405779,7.595213890075684,26257300
2017-11-10,7.569981668172481,7.62675662694107,7.5573647432869775,7.576290130615234,35298400
2017-11-13,7.5762896489332965,7.708764343768222,7.5510564023746465,7.670914173126221,30415900
2017-11-14,7.6330627831102325,7.6709123431145985,7.563670920422378,7.582596302032471,25893400
2017-11-15,7.5510567895249405,7.588906360499474,7.487973369089938,7.569981575012207,28441300
2017-11-16,7.5699806453222624,7.60152235166604,7.525822617405779,7.595213890075684,28269000
2017-11-17,7.582598593057986,7.6078318412209045,7.56367320572973,7.576290130615234,31117700
2017-11-20,7.588906042202325,7.664605782584446,7.582598181709859,7.651989459991455,32352000
2017-11-21,7.65829639556307,7.715070738326783,7.645679473876953,7.645679473876953,28510300
2017-11-22,7.639370890897004,7.6646041322578755,7.601521329659661,7.614137649536133,36184000
2017-11-24,7.6330652236938485,7.664606333246419,7.588906587425666,7.633065223693848,9549600
2017-11-27,7.6267579306999185,7.689840761086884,7.607833141744647,7.639374256134033,28525200
2017-11-28,7.664606300750249,7.721381260277126,7.620448266277388,7.702456474304199,33199300
2017-11-29,7.721379831415358,7.9295542434186155,7.715071370055746,7.923246383666992,64866000
2017-11-30,7.904322883532894,7.980022633066811,7.834931596862168,7.898015022277832,49224200
2017-12-01,7.961096262862394,8.011562752515403,7.790772010685489,7.935863018035889,52458700
2017-12-04,7.980021641764885,8.080955230213304,7.942172072503777,7.967405319213867,39558900
2017-12-05,7.83492908417338,7.961095292934639,7.822312162493285,7.841237545013428,45527200
2017-12-06,7.803388689286851,7.841238859062196,7.746613735427852,7.809697151184082,28453800
2017-12-07,7.935863378399655,7.942171840294748,7.778155440670555,7.904321670532227,25417100
2017-12-08,7.904322663398337,7.954789161682129,7.841239841347654,7.954789161682129,21981900
2017-12-11,7.929554556427259,7.967404724471023,7.891704989991508,7.935863018035889,44194600
2017-12-12,7.92324688381865,7.9737133746652376,7.891705176637526,7.948480129241943,54370600
2017-12-13,7.954788395054794,8.030488135185067,7.942172072503777,7.967405319213867,31859000
2017-12-14,7.980021457360887,8.005254703487882,7.828621980598912,7.860163688659668,37074000
2017-12-15,7.891704989991508,7.9863295076888985,7.885396528382879,7.935863018035889,48655500
2017-12-18,7.986331462860108,8.043106428021092,7.954789748703099,7.986331462860107,25022700
2017-12-19,8.017871669417106,8.06202969996899,7.986329961190883,8.005254745483398,23056900
2017-12-20,8.024179458618164,8.043104241323983,7.980020830160596,8.024179458618164,18989400
2017-12-21,8.036796597264603,8.055721983503213,7.967405319213868,7.967405319213867,21004700
2017-12-22,7.9863295076888985,7.9863295076888985,7.923246696426642,7.935863018035889,17876200
2017-12-26,7.9295547439684535,7.980021234815042,7.91693842206082,7.948480129241943,11664600
2017-12-27,7.929555467351746,7.935863929685074,7.853855724176064,7.885397434234619,17005600
2017-12-28,7.872779605165621,7.935863018035889,7.866471745165003,7.935863018035889,14793500
2017-12-29,7.935862875197013,7.954787658074258,7.879087924957275,7.879087924957275,18362500
2018-01-02,7.898015385150274,7.986331462860108,7.885398458844207,7.986331462860107,20773300
2018-01-03,7.998947186609425,8.074646928240698,7.992638724404802,8.049413681030273,29765600
2018-01-04,8.062029947086875,8.22604635360424,8.055722086534718,8.188196182250977,37478200
2018-01-05,8.23866357020203,8.33959656191404,8.226046645433986,8.326979637145996,46121900
2018-01-08,8.333287026955222,8.339595488527284,8.270203614450619,8.29543685913086,33828300
2018-01-09,8.314363251079376,8.339596498816462,8.251279830932617,8.251279830932617,27924100
2018-01-10,8.238664349207665,8.289130849835523,8.175580922618773,8.219738960266113,56517100
2018-01-11,8.213429358156727,8.326978659699934,8.200812434869697,8.301745414733887,28342300
2018-01-12,8.26389580212889,8.38375356464902,8.26389580212889,8.345903396606445,56979200
2018-01-16,8.39637261511286,8.503613481585933,8.20712293016902,8.263897895812988,53961400
2018-01-17,7.935861786076735,7.935861786076735,7.633062895165024,7.683529376983643,132412500
2018-01-18,7.6835295144844755,7.696145834360947,7.582596549040989,7.614137649536133,66541700
2018-01-19,7.64568131856936,7.64568131856936,7.513206616942322,7.569981575012207,51303700
2018-01-22,7.582596302032472,7.620445862036838,7.50689597880792,7.582596302032471,52851900
2018-01-23,7.588907778375823,7.588907778375823,7.5068995571315185,7.544749736785889,51831000
2018-01-24,7.569981213803411,7.626756169164226,7.5195147205067,7.601522922515869,63300500
2018-01-25,7.525823037902945,7.525823037902945,7.216715020392457,7.298723220825195,114886800
2018-01-26,7.311340664008694,7.380731945484369,7.254565705706738,7.3491902351379395,52496000
2018-01-29,7.381509357286791,7.413827822550347,7.181135365791504,7.187599182128906,55114000
2018-01-30,7.168209328125342,7.258700303508747,7.142354675669578,7.148818492889404,52068200
2018-01-31,7.168206859735103,7.187597688293761,7.045396840542513,7.090642929077148,57644600
2018-02-01,7.077715643344588,7.110034103463182,7.013079339530754,7.058324813842773,41352200
2018-02-02,7.0324673612054545,7.0324673612054545,6.864411928826315,6.9225850105285645,72312900
2018-02-05,6.967832412479198,6.980760041544335,6.6187944412231445,6.6187944412231445,96757000
2018-02-06,6.638185079672946,6.974295381096918,6.586475186107588,6.954904556274414,139938100
2018-02-07,6.948440742525843,7.135887026271938,6.916122290206198,6.954904556274414,68041800
2018-02-08,6.974299552324962,7.019545042779217,6.7351438484011386,6.741607666015625,73990700
2018-02-09,6.832095678261511,6.877341765479142,6.618794721054978,6.806241035461426,72103600
2018-02-12,6.896732562291188,6.9936873182473205,6.812704819464997,6.916123390197754,49068900
2018-02-13,6.870877797435867,6.909659452559415,6.80624088366556,6.845023155212402,36884500
2018-02-14,6.8191690484901395,6.94844226975913,6.786850589067057,6.941978454589844,27844300
2018-02-15,6.980759194845489,6.980759194845489,6.877340640561189,6.954904556274414,28208300
2018-02-16,6.916122829158099,6.993686750915639,6.799777254733418,6.857949733734131,41041800
2018-02-20,6.838559760733591,6.896732863416548,6.819168931980382,6.870878219604492,27617900
2018-02-21,6.883805959259102,6.948442883817461,6.845024297662805,6.85148811340332,36037700
2018-02-22,6.851487390851284,6.935514520922965,6.825632747039228,6.870878219604492,25409600
2018-02-23,6.896732562291188,6.922587204974377,6.864414104831376,6.916123390197754,21786800
2018-02-26,6.941979317322961,7.077716370630322,6.916124669856007,7.038934707641602,27157800
2018-02-27,7.064787474844158,7.1035691275113,6.851486535905111,6.857949733734131,43502000
2018-02-28,6.903195817076804,6.9742959245820675,6.832095093148285,6.857949733734131,41321400
2018-03-01,6.883807281007213,6.9096619325101845,6.592942297492904,6.651115417480469,75841400
2018-03-02,6.618794697448537,6.735140897845619,6.554158398890508,6.722213268280029,60491900
2018-03-05,6.664041868643409,6.870879043955667,6.65757805280905,6.838560581207275,44021300
2018-03-06,6.883805233298854,6.903196678475394,6.767459644356272,6.870878219604492,30978900
2018-03-07,6.793314288168327,6.877342034663339,6.741605000544216,6.870878219604492,30046600
2018-03-08,6.883804374319978,6.903195817076804,6.773921997724317,6.857949733734131,26948000
2018-03-09,6.870878149415062,6.935514450073242,6.832095875881493,6.935514450073242,26684400
2018-03-12,6.909660972377303,7.013080180442074,6.903197772717291,6.987225532531738,33800900
2018-03-13,7.006614836930376,7.097105776677988,6.9355141083592,6.967832565307617,44456800
2018-03-14,7.271625570257409,7.394434975328821,7.116497706033518,7.122961521148682,91985300
2018-03-15,7.142352622083749,7.27162584719363,7.0777157013171275,7.155279636383057,47645300
2018-03-16,7.187597031033116,7.252233942215768,7.14881537746214,7.2069878578186035,80684200
2018-03-19,7.206991357545387,7.219918992628906,7.026008781341103,7.116500377655029,63122500
2018-03-20,7.142353696526272,7.194062994348986,7.0906443987035574,7.10357141494751,45612800
2018-03-21,7.110034251512605,7.232843662812449,7.064788776258458,7.174671173095703,38551000
2018-03-22,7.1100331683491556,7.1488154386754825,6.9355138765155955,6.948441505432129,51280900
2018-03-23,6.974298077847333,6.987225710343199,6.793315537869327,6.825634002685547,39950900
2018-03-26,6.941979002782782,7.0260067573489495,6.903197341551253,7.000152111053467,52325500
2018-03-27,7.013079742412903,7.058325219324151,6.929051987846736,7.000152111053467,40677300
2018-03-28,7.0001523396798815,7.077716281099585,6.935515413618424,7.019543170928955,42263700
2018-03-29,7.064789343994126,7.19406258112552,7.058325528031702,7.161744117736816,39864000
2018-04-02,7.148817023051871,7.168207854300944,6.91612458236935,7.019543170928955,43598100
2018-04-03,7.116496921870814,7.226379301027361,7.0453961962852425,7.2069878578186035,42523900
2018-04-04,7.0260059859435176,7.342725522395481,6.9807605139999005,7.323334693908691,44834600
2018-04-05,7.329796505552708,7.355651141943136,7.258695793161664,7.3362603187561035,28755600
2018-04-06,7.291016652331426,7.336262743285223,7.155279612316753,7.226380348205566,31920700
2018-04-09,7.2716264724731445,7.355654230125866,7.239308009310803,7.2716264724731445,36462700
2018-04-10,7.394436071012011,7.465536814967605,7.37504523921659,7.400899887084961,43144300
2018-04-11,7.355653893206893,7.426754015768637,7.303944601085009,7.387972354888916,32979000
2018-04-12,7.433218979551654,7.459073629606199,7.27162726260488,7.3104095458984375,47133700
2018-04-13,7.336262669171018,7.362117313844839,7.258698118726203,7.291016578674316,34598800
2018-04-16,7.342724703807043,7.400897799205429,7.284552224831913,7.355652332305908,32803300
2018-04-17,7.3879707871298175,7.400897799205429,7.303943051156956,7.355652332305908,30906800
2018-04-18,7.355653152335557,7.420289452765963,7.303943865421902,7.323334693908691,46226100
2018-04-19,7.323336104791469,7.369188634168706,7.107173288164696,7.179227352142334,49154200
2018-04-20,7.2119802793019,7.225080735804152,7.061320969015429,7.087522506713867,44930000
2018-04-23,7.100622185856161,7.231629848480225,7.094071646551505,7.231629848480225,31936500
2018-04-24,7.238180961166701,7.316785564967904,7.1595763573654985,7.179227352142334,39625000
2018-04-25,7.179227857788986,7.310235540018111,7.120274244612403,7.2774834632873535,40356100
2018-04-26,7.480543387338236,7.552597432773363,7.39538826562743,7.487093925476074,80676800
2018-04-27,7.467443150920191,7.572249898832049,7.454342697864816,7.526396751403809,33375900
2018-04-30,7.5525992761799605,7.683606947444039,7.349537541894102,7.362637996673584,66090900
2018-05-01,7.36918712859849,7.434691264063526,7.27093155009467,7.37573766708374,61430400
2018-05-02,7.375738176868784,7.3822887158067845,7.284032505818108,7.342986106872559,41899500
2018-05-03,7.316785277662273,7.342986811233828,7.1857776098045,7.3364362716674805,38907400
2018-05-04,7.310233616584245,7.473993332456451,7.264381096042024,7.441241264343262,32043500
2018-05-07,7.441241570063204,7.493644631319767,7.4084901252981785,7.428141117095947,27510300
2018-05-08,7.415040379065432,7.447792450024365,7.362637315408657,7.382288932800293,25754100
2018-05-09,7.34298702380325,7.388839552707379,7.218529891908961,7.244731426239014,43732000
2018-05-10,7.231629443701658,7.369187637930784,7.218528990519434,7.342986106872559,32023800
2018-05-11,7.349535666472,7.369186655973696,7.310233062774915,7.329884052276611,19837700
2018-05-14,7.356089011147069,7.39539163317716,7.316787013810962,7.323337554931641,27903100
2018-05-15,7.270932299904111,7.3691878885404645,7.244730767954829,7.349536895751953,26950100
2018-05-16,7.342987752453729,7.467444896697998,7.336437212047736,7.467444896697998,28976700
2018-05-17,7.467444155112489,7.5198472237684895,7.454343700295415,7.506746768951416,20741100
2018-05-18,7.493644860309863,7.51329647740191,7.401939812655449,7.421590805053711,23893700
2018-05-21,7.48054425166063,7.565699383210491,7.460893259670285,7.5394978523254395,31011900
2018-05-22,7.585350147166855,7.624652754659786,7.5394976256698945,7.546048164367676,22360900
2018-05-23,7.532945885066069,7.565697948635521,7.421589243746122,7.493643283843994,23595000
2018-05-24,7.500194161583605,7.631201797108141,7.493643623633957,7.611550807952881,34876300
2018-05-25,7.572249922105197,7.605001367191182,7.513296321440388,7.5394978523254395,19337500
2018-05-29,7.5984500122049745,7.611550462816563,7.4412402320103315,7.493643283843994,31324300
2018-05-30,7.552597547183088,7.605000603692221,7.513295567148092,7.565698623657227,25554600
2018-05-31,7.631202131946788,7.690155726692991,7.441240895927752,7.565698623657227,61563200
2018-06-01,7.6443030423220755,7.7098071738820435,7.605000438447355,7.670504570007324,35406200
2018-06-04,7.690155982971191,7.722908050554306,7.657403915388077,7.690155982971191,25141300
2018-06-05,7.690155200637913,7.775310317813536,7.650853223291421,7.749108791351318,31036700
2018-06-06,7.775312352161723,7.860467491617506,7.742560279341218,7.840816497802734,31110500
2018-06-07,7.840817331919925,7.958723932045453,7.834266791720202,7.880119323730469,47314100
2018-06-08,7.886670319761556,7.939073395000323,7.860468782142172,7.925972938537598,28371900
2018-06-11,7.925972480434632,7.958723932045453,7.873569408224642,7.880119323730469,30398100
2018-06-12,7.90631981060336,7.958722875859043,7.8801182779755194,7.932521343231201,51395400
2018-06-13,7.925972561269827,7.925972561269827,7.834266871620112,7.873569488525391,28406700
2018-06-14,7.860466623445196,7.8670171622245695,7.755660501750262,7.788412570953369,34523000
2018-06-15,7.755660252492327,7.880117361831714,7.729458722910681,7.781861782073975,56326800
2018-06-18,7.742561856935652,7.886670631892625,7.736011940792029,7.853918552398682,32706500
2018-06-19,7.742559424191514,7.788412570953368,7.644303841275954,7.788412570953369,40064800
2018-06-20,7.840817050804137,7.893220121135326,7.749111365377619,7.775312900543213,31964800
2018-06-21,7.729458163472556,7.749109153063068,7.624652052731563,7.670504570007324,33316700
2018-06-22,7.6967063546637124,7.775310940343841,7.611551230670145,7.631202220916748,36703500
2018-06-25,7.61810219216999,7.64430372218553,7.454342473399423,7.532947063446045,36101900
2018-06-26,7.572249694465046,7.618102215962005,7.526396548274333,7.546048164367676,36627700
2018-06-27,7.559147717534887,7.624651847330232,7.467442060760138,7.48054313659668,27242000
2018-06-28,7.447791408877091,7.467442398827867,7.303682691619416,7.388837814331055,43836400
2018-06-29,7.415040517771092,7.447792589342685,7.22507925228842,7.251280784606934,44718500
2018-07-02,7.218528661009278,7.277481634678877,7.146473985367966,7.270931720733643,37892800
2018-07-03,7.270932494743608,7.303683942037503,7.166125739444176,7.198877811431885,16544800
2018-07-05,7.270931752328788,7.297133282304826,7.218528692376712,7.238179683685303,32008500
2018-07-06,7.23163034672706,7.270932960569067,7.153025743736901,7.244731426239014,25646700
2018-07-09,7.270932750085512,7.375738884371731,7.225079597814914,7.3364362716674805,23916800
2018-07-10,7.336436235738316,7.375738848250087,7.316785241829347,7.36918830871582,21231500
2018-07-11,7.303683849243959,7.31678492775012,7.23818033079458,7.251280784606934,30030100
2018-07-12,7.270931752328788,7.297133282304826,7.205427615041817,7.238179683685303,27025200
2018-07-13,7.2185291789886055,7.2381801716219,7.146474498176873,7.19232702255249,36561500
2018-07-16,7.172676005956333,7.185777084130622,7.04821888676954,7.10717248916626,46156800
2018-07-17,7.074421288078996,7.1399248129213815,7.074421288078996,7.113723278045654,37584300
2018-07-18,7.1071740873358475,7.139925540748713,7.080972549789196,7.120274543762207,36420000
2018-07-19,7.133375666206586,7.139925582110744,7.054771053111271,7.087522506713867,40308800
2018-07-20,7.094164476538533,7.120734354846787,6.981242335359484,7.0144548416137695,41531200
2018-07-23,7.014455201041375,7.021097195851881,6.9214603054594,6.954672813415527,34942000
2018-07-24,6.981242206402124,7.134018845483534,6.974599578578796,7.021096706390381,47303000
2018-07-25,6.855034972638687,7.021096871266375,6.72218558043171,6.987884998321533,92497700
2018-07-26,6.735469813314823,6.748754433779735,6.536195438534947,6.569407939910889,103893000
2018-07-27,6.6159059870998655,6.675688371242999,6.582693481078584,6.595978736877441,46171100
2018-07-30,6.615906415620081,6.708901311807887,6.595979164106946,6.688973426818848,35877000
2018-07-31,6.7155416142670425,6.7155416142670425,6.642474621482009,6.669044494628906,38026900
2018-08-01,6.682331871879992,6.695616495938008,6.522911948852176,6.576051712036133,44126700
2018-08-02,6.576051138887611,6.629190897440069,6.536196636711214,6.589336395263672,40318900
2018-08-03,6.595977501843873,6.682329747940228,6.595977501843873,6.669044494628906,25925100
2018-08-06,6.642475381082277,6.675687884682851,6.622548132312259,6.662402629852295,22247900
2018-08-07,6.669044939837664,6.708900068956512,6.655760319115239,6.695614814758301,27961200
2018-08-08,6.675689220428468,6.708901730674568,6.669046591684059,6.675689220428467,22600900
2018-08-09,6.682330612270946,6.688972606309976,6.57605047246073,6.582693099975586,35682600
2018-08-10,6.582692070877077,6.582692070877077,6.4564853352043485,6.4697699546813965,39180500
2018-08-13,6.469771637533618,6.476414265737819,6.257212602806303,6.283782482147217,66586200
2018-08-14,6.316995430944812,6.390062445867204,6.277140292411548,6.310352802276611,37657400
2018-08-15,6.283782291699167,6.310352170234805,6.210715284095131,6.277139663696289,36298600
2018-08-16,6.31035061018107,6.37677560683642,6.3037079838203915,6.316993236541748,28857700
2018-08-17,6.330278778849729,6.376776536678925,6.283781654496341,6.343564033508301,32742900
2018-08-20,6.3502071897479375,6.469771324254576,6.3502071897479375,6.456486701965332,25252500
2018-08-21,6.489698692465132,6.576050314176488,6.43655830710119,6.549480438232422,46413900
2018-08-22,6.502982289070184,6.522909534519485,6.4299153001056055,6.436557292938232,30803700
2018-08-23,6.423275989752654,6.436560615751681,6.363493589066942,6.3967061042785645,31511800
2018-08-24,6.409988499558379,6.443201003211826,6.383418623330785,6.4299163818359375,18380000
2018-08-27,6.476413994039679,6.669045769549004,6.463128738188618,6.635833263397217,49769300
2018-08-28,6.695614590975726,6.70225721785282,6.609262342000798,6.649117469787598,33845500
2018-08-29,6.649118458151793,6.655761086016286,6.576050818594082,6.622548580169678,37336400
2018-08-30,6.556122228095501,6.582692100645479,6.423272865345609,6.44320011138916,48539300
2018-08-31,6.403345862576698,6.429915736136113,6.24392598774445,6.297065734863281,76424900
2018-09-04,6.330279324218649,6.363491830250611,6.2173571837954995,6.290424823760986,54111100
2018-09-05,6.290424884532915,6.3435646413070925,6.190787365474431,6.303709506988525,44561900
2018-09-06,6.297067811940402,6.343565581113405,6.24392804729351,6.263855934143066,29519100
2018-09-07,6.250567930494759,6.303707671798433,6.14428844788741,6.157573699951172,51229900
2018-09-10,6.184144244711017,6.303708358939631,6.177501617955051,6.2306413650512695,30421700
2018-09-11,6.210713413777696,6.217355406304506,6.124361176172339,6.184143543243408,27158400
2018-09-12,6.184146176092009,6.2572131928000525,6.1642182896004,6.204073429107666,25450000
2018-09-13,6.230642127843854,6.250569377075611,6.184145001811145,6.223999500274658,29315700
2018-09-14,6.230642534627891,6.297066914229049,6.217357278622136,6.277139663696289,30013300
2018-09-17,6.270496399837769,6.376776536678925,6.263854405984291,6.343564033508301,29544400
2018-09-18,6.336920708595988,6.383417827830864,6.297065582483424,6.363490581512451,57055400
2018-09-19,6.3834186193815805,6.529553255280848,6.3834186193815805,6.496340751647949,40111500
2018-09-20,6.529552873918188,6.595977877304393,6.449843249940211,6.516268253326416,46314400
2018-09-21,6.536196898675867,6.602621282790721,6.496341761426222,6.542839527130127,74488600
2018-09-24,6.496341114317444,6.542838875389648,6.323637226041344,6.370134353637695,43170800
2018-09-25,6.330278427040762,6.350206307921117,6.223998929581961,6.237284183502197,44406100
2018-09-26,6.2306406858748025,6.250567930494759,6.157573699951172,6.157573699951172,58597500
2018-09-27,6.17750209087172,6.197429339189388,6.111077085178426,6.131004333496094,57272200
2018-09-28,6.12436367142151,6.16421817672302,6.038011398633652,6.144290924072266,30987200
2018-10-01,6.263854955448667,6.270496949884779,6.177502693020563,6.190787315368652,44864700
2018-10-02,6.157573626334889,6.204070741050791,6.097791259714057,6.1110758781433105,41806400
2018-10-03,6.157574844996421,6.184144720589117,6.064579963684083,6.064579963684082,47023100
2018-10-04,6.064580501512205,6.124362885266433,6.0380106235632,6.077865123748779,38889600
2018-10-05,6.0778648713355246,6.12436263092213,6.044653000385448,6.0579376220703125,36952200
2018-10-08,6.044652808011866,6.164216933273795,6.038010180642922,6.150932312011719,43657700
2018-10-09,6.131004074841893,6.184144457240128,5.945014953613281,5.945014953613281,58356900
2018-10-10,5.945015338075111,5.9649425868407775,5.852021088184792,5.858663082122803,54104100
2018-10-11,5.8586627340524355,5.971584859475395,5.8188082388889075,5.852020740509033,66170800
2018-10-12,5.945015410248289,5.945015410248289,5.679316645227739,5.739099025726318,59308500
2018-10-15,5.759025862667837,5.878590615109978,5.752383235648656,5.852020740509033,40183200
2018-10-16,5.891874562087904,5.905159814607438,5.798879694878284,5.845377445220947,36772000
2018-10-17,5.845379389679143,5.885233893543884,5.739099868071945,5.818809509277344,48795100
2018-10-18,5.805522816723627,5.8188080703772505,5.646103573734712,5.652746200561523,59669200
2018-10-19,5.526538637188958,5.666030628438955,5.440186391798414,5.646103382110596,59831100
2018-10-22,5.66638937223519,5.713721773356299,5.592009792636932,5.68667459487915,39803500
2018-10-23,5.61229415086542,5.8421954549391755,5.564961112179028,5.808386325836182,55443300
2018-10-24,5.747530619006892,5.8151488842315535,5.524391246563305,5.531153202056885,58895100
2018-10-25,5.761055126392346,6.0856212854172265,5.720484034086419,6.078859329223633,90399200
2018-10-26,6.058574034110944,6.126192305538874,5.990955762683016,6.072097301483154,100639800
2018-10-29,6.329046298013707,6.484568075853316,6.200572346629399,6.274951934814453,92275100
2018-10-30,6.2952364411185044,6.46428145071523,6.26818926537725,6.396663188934326,58062000
2018-10-31,6.5048509671803,6.538660093264501,6.376377061886865,6.457518577575684,68507100
2018-11-01,6.4507580313422626,6.457519987006069,6.261427786744781,6.281713008880615,59794400
2018-11-02,6.329044012341191,6.3899003101766105,6.261426405189401,6.3425679206848145,48499200
2018-11-05,6.342571545667922,6.471045524082132,6.32228631641427,6.443998336791992,41274300
2018-11-06,6.396664098013562,6.471043680658784,6.362854962318233,6.450758457183838,40928600
2018-11-07,6.491329193115234,6.491329193115234,6.389901791589801,6.491329193115234,37347400
2018-11-08,6.47780471615809,6.525137112491402,6.38313927863593,6.396663188934326,55810100
2018-11-09,6.3425679206848145,6.62656354734648,6.268188359361213,6.3425679206848145,52203600
2018-11-12,6.342570632702531,6.477806549687034,6.335808675639376,6.416950225830078,36317200
2018-11-13,6.443996501073646,6.538661952049442,6.403426054123753,6.450758457183838,33098000
2018-11-14,6.511614772464305,6.538661952049442,6.376378874538616,6.450758457183838,46677600
2018-11-15,6.423710514069359,6.443995735133182,6.1667620161239185,6.295236587524414,57170100
2018-11-16,6.2749511794168615,6.295237046816264,6.072097019412021,6.119430065155029,54582500
2018-11-19,6.0991447399489545,6.329045429572059,6.058573650688649,6.254665851593018,56292500
2018-11-20,6.153240229441527,6.234381778056635,6.09238390676627,6.126193046569824,35159900
2018-11-21,6.119431301476599,6.220858079542685,6.072098246170794,6.160001754760742,25882700
2018-11-23,6.132953290063769,6.234380691802112,6.1059061119046625,6.173524379730225,13520800
2018-11-26,6.2411427249839715,6.44399690708126,6.2005722754779145,6.356093406677246,46304400
2018-11-27,6.3358082546275325,6.37637934945481,6.254666709828652,6.274951934814453,34283200
2018-11-28,6.268191091016695,6.383141137755105,6.200572809541656,6.362855911254883,33199500
2018-11-29,6.335808277130127,6.383140683883663,6.261428688680902,6.335808277130127,29207600
2018-11-30,6.335808727636011,6.410188321373976,6.329046770517363,6.362855911254883,36269500
2018-12-03,6.565708771682745,6.660374217468697,6.491329193115234,6.491329193115234,64668600
2018-12-04,6.457520126004133,6.491329260195321,6.207333564758301,6.207333564758301,57930300
2018-12-06,6.166763042193694,6.166763042193694,6.031527137840783,6.099145412445068,53963600
2018-12-07,6.0991447295626,6.173524307414978,5.950384929002257,5.9639081954956055,43534800
2018-12-10,5.970670470966843,5.984194383040134,5.6663895427296,5.761054992675781,56499700
2018-12-11,5.896290720233146,5.950385077265556,5.747530915966216,5.774578094482422,42294500
2018-12-12,5.842197418212891,5.903053097222262,5.808388277748316,5.842197418212891,40602700
2018-12-13,5.862481607527169,5.8827668302753455,5.72048375857872,5.747530937194824,34200400
2018-12-14,5.761054992675781,5.869243709839635,5.7204839013115265,5.761054992675781,35613300
2018-12-17,5.734007025458969,5.8962907420112005,5.686674624094688,5.747530937194824,44469900
2018-12-18,5.7813416097829915,5.869245124885631,5.686676137013432,5.72724723815918,38263000
2018-12-19,5.720484668886187,5.848958626542994,5.59201071122938,5.625819206237793,75272900
2018-12-20,5.632581357674281,5.693437682559919,5.531154579435372,5.585248947143555,58926200
2018-12-21,5.5582023137809315,5.679914330750991,5.436489651955078,5.443251609802246,57542300
2018-12-24,5.41620308178302,5.41620308178302,5.145730961016924,5.159254550933838,38709500
2018-12-26,5.226872847957681,5.314776349474628,5.010495072476236,5.308014392852783,58810000
2018-12-27,5.287729167842927,5.308014392852783,5.0916369397991765,5.308014392852783,49813000
2018-12-28,5.294491304501627,5.436489182758043,5.247158893368068,5.280967712402344,47331700
2018-12-31,5.308015007059009,5.3147769644633,5.071351979182723,5.172779083251953,57816000
2019-01-02,5.0916360753744305,5.422964477753749,5.057826942860779,5.341822624206543,47494400
2019-01-03,5.389155571998338,5.402679161896374,5.260681629180908,5.260681629180908,39172400
2019-01-04,5.348585103847141,5.490582966995988,5.308014331865731,5.463535785675049,43039800
2019-01-07,5.483820962544746,5.659627962022821,5.4297266003754405,5.605533599853516,40729400
2019-01-08,5.693438490771104,5.774580053851817,5.646106073521311,5.6596293449401855,45644000
2019-01-09,5.713721376591861,5.930099434239219,5.652865068030278,5.896290302276611,48404900
2019-01-10,5.889528293602687,5.930099380561691,5.713721324872924,5.862481117248535,39490400
2019-01-11,5.930099706834443,6.038288418203569,5.88276666196876,5.9639081954956055,41559900
2019-01-14,5.950385385823527,6.126192377723155,5.923338205904787,6.078859329223633,44833800
2019-01-15,6.099144876629444,6.105906187611358,5.916575938150122,5.9774322509765625,65311700
2019-01-16,5.869244099070627,5.930100417725012,5.585248375253942,5.605533599853516,73869900
2019-01-17,5.592009742465191,5.7069597663200335,5.551438652685673,5.652865409851074,56722600
2019-01-18,5.673152248057742,5.815150119303822,5.632581151334988,5.801626205444336,51127900
2019-01-22,5.774578115810928,5.82191051717521,5.72048375857872,5.747530937194824,47182600
2019-01-23,5.7745782031708535,5.7745782031708535,5.5987712170787,5.639342308044434,45196900
2019-01-24,5.625818870103583,5.869244146696387,5.558201239271102,5.815149784088135,79516400
2019-01-25,5.909814289913624,6.058574101803793,5.903052333724153,5.990955829620361,53098800
2019-01-28,5.950386466187752,5.950386466187752,5.801626627197726,5.8557209968566895,42116300
2019-01-29,5.88952975005825,5.94362411614386,5.828673426998011,5.923338890075684,30485000
2019-01-30,5.957735474752828,5.999013377148783,5.8614214626456,5.992133617401123,29906100
2019-01-31,5.930217388269085,6.067809309649684,5.916458524176043,6.054050445556641,39389100
2019-02-01,6.0334120464074825,6.060930431709989,5.930217609455542,5.999013900756836,34124000
2019-02-04,5.985253810882568,5.985253810882568,5.909578422519672,5.985253810882568,28855600
2019-02-05,5.971495830676369,6.0265326041866505,5.950856548542443,6.019652843475342,26166800
2019-02-06,6.047170911013707,6.122846306573083,5.97149551545433,5.999013900756836,32644300
2019-02-07,5.930217248830602,5.930217248830602,5.703190419868237,5.716949939727783,55161800
2019-02-08,5.70319114236885,5.785746303714455,5.61375622022192,5.771987438201904,38650100
2019-02-11,5.785745364385636,5.806383987348785,5.703190216443046,5.730708599090576,27403500
2019-02-12,5.765107877182683,5.8270244143600465,5.765107877182683,5.8201446533203125,26235100
2019-02-13,5.813264483699402,5.957736174929118,5.771987232542384,5.785746097564697,27182900
2019-02-14,5.7651075177302,5.827024051047089,5.72382961015558,5.792625904083252,23569900
2019-02-15,5.84078257632065,5.888940241703901,5.785745806816972,5.875180721282959,58080300
2019-02-19,5.868299785427314,6.0884474754280555,5.868299785427314,6.074687957763672,37929200
2019-02-20,6.07469041991122,6.177884219860172,6.0678106582905755,6.150365829467773,55316900
2019-02-21,6.150364155057284,6.164123674552602,5.985253857653464,5.992133617401123,44730400
2019-02-22,6.005892480806441,6.01965200030176,5.888939845546236,5.992133617401123,40947500
2019-02-25,6.0334128881390034,6.088449666422288,6.019653365523107,6.026533126831055,56615400
2019-02-26,6.019652080712206,6.150364237213781,5.999013457283538,6.109086990356445,38348800
2019-02-27,6.07468993546369,6.129726711859387,6.040291786193848,6.040291786193848,34093300
2019-02-28,6.033411502838135,6.047170366204779,5.916458211816666,6.033411502838135,43960500
2019-03-01,6.08844806308833,6.115966444983273,5.992133398411043,6.047170162200928,37699500
2019-03-04,6.07468863835401,6.171003304525767,6.026531633313124,6.060929775238037,46196900
2019-03-05,6.0540501259331005,6.060929885661421,5.985253840829883,6.033411502838135,40852600
2019-03-06,6.0196527769595845,6.040291402775365,5.888940605339528,5.9026994705200195,50378600
2019-03-07,5.888941224297201,5.895820329565433,5.744469516221856,5.833903789520264,54286000
2019-03-08,5.778866382861684,5.827024051047089,5.737589131377147,5.792625904083252,43766800
2019-03-11,5.820142748428952,5.937096023465969,5.813262989640914,5.923336505889893,36875300
2019-03-12,5.950856917763664,5.985255067364347,5.882061274652429,5.895820140838623,37805000
2019-03-13,5.9095778592289445,5.950855101277869,5.847661340065626,5.868299961090088,49018700
2019-03-14,5.861422151502692,5.882060777081201,5.778866337008502,5.785746097564697,36307900
2019-03-15,5.792625473665062,5.82702361807296,5.758227329257163,5.799505233764648,66555500
2019-03-18,5.8132649754510615,5.895820140838623,5.792626348126705,5.895820140838623,37198300
2019-03-19,5.923337285817474,6.10220710131886,5.923337285817474,5.985253810882568,57293600
2019-03-20,5.964615311589635,5.964615311589635,5.833902499054725,5.854541778564453,54539700
2019-03-21,5.847661851653703,5.978374004364014,5.840782092013689,5.978374004364014,46843100
2019-03-22,5.937097250997108,5.964615635748947,5.861421856952062,5.875180721282959,41964000
2019-03-25,5.888939921657325,5.950855791916483,5.827023395308158,5.854541778564453,45849500
2019-03-26,5.875181658506946,6.026533126831055,5.875181658506946,6.026533126831055,47852100
2019-03-27,6.0196521771599425,6.095327568337546,5.930217266082764,5.930217266082764,39895800
2019-03-28,5.950855698278275,6.074688749028065,5.9439765946399525,6.033411502838135,38914700
2019-03-29,6.054051308337836,6.115967845805526,5.992134770870145,6.040291786193848,33962800
2019-04-01,6.095327520871688,6.1916421911486275,6.095327520871688,6.177882671356201,45653100
2019-04-02,6.157245134016682,6.2122819107159275,6.129726745667059,6.198523044586182,30699400
2019-04-03,6.239799479798895,6.377392059571652,6.232920375682292,6.2810773849487305,56663600
2019-04-04,6.3361161487895235,6.398032697958223,6.315477517763374,6.356754779815674,39483100
2019-04-05,6.30859543559003,6.377391721833044,6.24667890918932,6.3636322021484375,37854700
2019-04-08,6.3154765441109895,6.411790578111191,6.308596782799503,6.398031711578369,26221100
2019-04-09,6.377392793321913,6.439308674035325,6.308596495520184,6.336114883422852,29879100
2019-04-10,6.349873406534759,6.432429221876153,6.329234780744453,6.418669700622559,28469500
2019-04-11,6.432428724931274,6.473705973322963,6.418669204740688,6.459947109222412,26488100
2019-04-12,6.514984994044645,6.604419922336616,6.494345710222551,6.501225471496582,38646000
2019-04-15,6.521863485664174,6.535623006917768,6.3705126884151495,6.418669700622559,41206700
2019-04-16,6.41178930597078,6.466826073362716,6.356752538578843,6.439307689666748,40950000
2019-04-17,6.466825363334991,6.590658404415559,6.459946260233807,6.535621643066406,30688300
2019-04-18,6.54938062535362,6.61817624336387,6.521861590841648,6.570019245147705,29843000
2019-04-22,6.590658404415559,6.590658404415559,6.508103262391829,6.535621643066406,38718500
2019-04-23,6.542611169255954,6.647461111039918,6.5006717258347155,6.6404709815979,39493700
2019-04-24,6.605522059685432,6.717361482220741,6.570572073489263,6.689401626586914,39796300
2019-04-25,6.654453096557801,6.661442561333903,6.528633397969289,6.570572853088379,52596700
2019-04-26,7.010941306572595,7.3045201661984045,6.955021587273929,7.276560306549072,156136700
2019-04-29,7.241610564039763,7.262580959458698,7.038901407966339,7.213650703430176,62500500
2019-04-30,7.192680222575653,7.339469642081915,7.178700627040366,7.3045196533203125,46079300
2019-05-01,7.325489340389621,7.339469602465035,7.1926801837511105,7.199670314788818,41805500
2019-05-02,7.199670280993218,7.234620269402112,7.12977030417543,7.227630138397217,34508400
2019-05-03,7.24860044689974,7.3045201661984045,7.199670859167317,7.276560306549072,36291200
2019-05-06,7.073850261926429,7.2835495160574535,7.073850261926429,7.248599529266357,28640600
2019-05-07,7.2206385501387755,7.27655825366118,7.1996688279717365,7.255588531494141,41154500
2019-05-08,7.255589995801215,7.3045195796043165,7.206660411998114,7.227630138397217,33472200
2019-05-09,7.1717094389117495,7.1996692924768535,7.0388996345158885,7.129769325256348,43621300
2019-05-10,7.2136484205446125,7.27655825366118,7.129768865261007,7.255588531494141,37629500
2019-05-13,7.108800654598201,7.171710501090934,7.017930950399319,7.045890808105469,51102100
2019-05-14,7.094819784598881,7.192679611494198,7.080840190251283,7.157729625701904,31297200
2019-05-15,7.136763096674917,7.269572302218207,7.01793349173921,7.241612434387207,44050200
2019-05-16,7.199670088637968,7.297529253629645,7.199670088637968,7.269569396972656,32697000
2019-05-17,7.213648651212825,7.297528209178617,7.157728945902297,7.192678928375244,34565400
2019-05-20,7.199670665741511,7.199670665741511,7.129770685188289,7.185690402984619,29535900
2019-05-21,7.20665987245733,7.20665987245733,7.094819784598881,7.157729625701904,30099300
2019-05-22,7.10880106665362,7.136760925980438,6.9410419106927135,6.969001770019531,51407200
2019-05-23,6.8851213455200195,6.8851213455200195,6.759301660710935,6.8851213455200195,43153800
2019-05-24,6.934049835711039,6.955019557674789,6.850170281240596,6.871140003204346,22131500
2019-05-28,6.899101020505369,6.920070746012586,6.829201713276128,6.836191177368164,27656200
2019-05-29,6.7732821765739795,6.815222299419751,6.675423000959909,6.787262439727783,32262600
2019-05-30,6.808230400085449,6.878130364473659,6.766290954744894,6.808230400085449,24759600
2019-05-31,6.6264922764267595,6.668432396297128,6.5146528455932335,6.654452800750732,48250400
2019-06-03,6.7243501487242545,6.745319869230109,6.612510750539173,6.717360019683838,39446800
2019-06-04,6.801240751585313,6.955020284151671,6.794251287944283,6.934050559997559,37324100
2019-06-05,6.899101020505369,6.934051007427767,6.745321478016151,6.836191177368164,42464800
2019-06-06,6.794251584592181,6.8641508903629775,6.752311467837269,6.815221309661865,28291100
2019-06-07,6.822211742401123,6.864151194398125,6.78027162378855,6.822211742401123,18848700
2019-06-10,6.913080768845478,7.010939925026615,6.822211076237633,6.864150524139404,33883400
2019-06-11,6.899100575330362,6.975990008305785,6.843180866509051,6.934050559997559,26434200
2019-06-12,6.920070665419835,6.94104105729838,6.878131214893838,6.8851213455200195,21746700
2019-06-13,6.8991020138709915,7.031911849975586,6.850172425103851,7.031911849975586,25555900
2019-06-14,6.996962121854548,7.017931851171789,6.94803186462675,6.975991725921631,21553200
2019-06-17,6.98298034738408,7.052880318808789,6.948030361671726,7.024920463562012,19383800
2019-06-18,7.0458904584425905,7.129770027398388,7.02492073285753,7.059870719909668,32591700
2019-06-19,7.094819462785757,7.115789853279259,7.010939900658253,7.017930030822754,29051300
2019-06-20,7.080839869072257,7.094819462785757,6.955020192573252,7.017930030822754,32086500
2019-06-21,7.010941542413604,7.024921806016371,6.927061960643981,6.9829816818237305,47904000
2019-06-24,6.955020427703857,7.003950673894062,6.941040833517746,6.955020427703857,28091200
2019-06-25,6.96900060708315,6.982980201105931,6.871140782461612,6.878130912780762,28682000
2019-06-26,6.899101698806032,6.96201154812836,6.864151708447447,6.927061557769775,33739100
2019-06-27,7.017929910995933,7.157729178821452,6.989970057430829,7.129769325256348,42954600
2019-06-28,7.129771370775146,7.20666149010044,7.129771370775146,7.150741100311279,37551600
2019-07-01,7.227629353962308,7.290539192947419,7.0388998370069755,7.09481954574585,38452600
2019-07-02,7.094819401737113,7.136759515747735,7.01792997043572,7.073849678039551,29708000
2019-07-03,7.115789731781542,7.1996692924768535,7.0808397481712895,7.129769325256348,19326600
2019-07-05,7.115789731781542,7.178699568956898,7.052879894606186,7.129769325256348,21397900
2019-07-08,7.1297693252563485,7.1717094389117495,7.115789731781542,7.129769325256348,23244100
2019-07-09,7.108799312510539,7.122778905416577,7.059869737416211,7.08782958984375,25140600
2019-07-10,7.122780872950777,7.171711128176632,7.066861152648926,7.066861152648926,29082200
2019-07-11,7.094820940001687,7.129770931485642,7.066861080137651,7.122780799865723,27667500
2019-07-12,7.157727873183086,7.339467221513003,7.157727873183086,7.33247709274292,40761600
2019-07-15,7.3324788889225845,7.381409135683848,7.227629598148727,7.2835493087768555,33753500
2019-07-16,7.248598617673607,7.346458435058594,7.192678912486605,7.346458435058594,29530500
2019-07-17,7.325488516126436,7.339468776628793,7.2066596349339545,7.220639228820801,25204400
2019-07-18,7.1996698701517605,7.206660000757772,7.115790302726263,7.171710014343262,25810600
2019-07-19,7.1996692924768535,7.213648885951659,7.1297693252563485,7.129769325256348,38505600
2019-07-22,7.18652320179275,7.214900363755247,7.094297256273406,7.108486175537109,36238600
2019-07-23,7.186523806110241,7.250372595036156,7.136863937641181,7.214900970458984,74624800
2019-07-24,7.221997353631459,7.342600503366907,7.193620181726951,7.32841157913208,61107500
2019-07-25,6.916942627015498,6.938225337968063,6.668641851829894,6.782151222229004,133898600
2019-07-26,6.796337681921657,6.845997553262534,6.74667781058078,6.789243221282959,47710200
2019-07-29,6.81052827835083,6.86728262428999,6.75377393241167,6.81052827835083,36487800
2019-07-30,6.78214986956875,6.796338115185637,6.72539485740606,6.775055408477783,36944700
2019-07-31,6.789245246966352,6.7963397097218,6.66864208638456,6.760868072509766,56715500
2019-08-01,6.760866684086646,6.803432775312682,6.583509211014115,6.604792594909668,58060800
2019-08-02,6.569319771225232,6.626074098170013,6.533848147743509,6.583508014678955,41495200
2019-08-05,6.512566101657333,6.576414895056328,6.4274346026470095,6.548037052154541,47963400
2019-08-06,6.682830260855255,6.746679065348319,6.640264165671502,6.725395679473877,51856100
2019-08-07,6.689925474650904,6.78215146077611,6.611887737471388,6.760868072509766,43042400
2019-08-08,6.782151222229004,6.824716644134136,6.746679586264606,6.782151222229004,25469000
2019-08-09,6.7679603672963715,6.79633753266295,6.66154616631295,6.704111576080322,38739700
2019-08-12,6.661547089965712,6.68992425926691,6.583509366963606,6.590603828430176,23050400
2019-08-13,6.590603385113986,6.68282934828058,6.512566343926116,6.5693206787109375,28231500
2019-08-14,6.477095550556644,6.491283797799446,6.356492404449758,6.384869575500488,45967400
2019-08-15,6.427435696207749,6.427435696207749,6.2287948214886555,6.285549163818359,40682800
2019-08-16,6.3281148731064345,6.384869211976574,6.250077826301263,6.356492042541504,27369900
2019-08-19,6.420341172110175,6.455812804864067,6.399058463083888,6.406152248382568,21844000
2019-08-20,6.384869211976574,6.434529089346675,6.335209334606473,6.356492042541504,25108600
2019-08-21,6.399058860416008,6.420341570763787,6.363587225459601,6.413247108459473,20434800
2019-08-22,6.420341570763787,6.484190378372287,6.399058860416008,6.413247108459473,20974700
2019-08-23,6.313925477839733,6.377774273434175,6.193322347620241,6.221700191497803,44982300
2019-08-26,6.299737243347044,6.3210199497269395,6.2358884476423215,6.257171154022217,31888200
2019-08-27,6.306832740145576,6.321020987874066,6.207512299785554,6.214606761932373,23024400
2019-08-28,6.186229378145375,6.413246746551219,6.172040454337447,6.384869575500488,35147300
2019-08-29,6.455811545796279,6.484188711152011,6.406150999000007,6.46999979019165,22011000
2019-08-30,6.498376769276399,6.54803663808422,6.455811360745402,6.505471229553223,32057900
2019-09-03,6.512567273950391,6.526755521390223,6.413246835611023,6.455812931060791,26331000
2019-09-04,6.5054702477076045,6.548035649814369,6.434527008776505,6.526752948760986,27406400
2019-09-05,6.562226469567171,6.668640682231423,6.562226469567171,6.626075267791748,36626800
2019-09-06,6.647357975011586,6.675735143493058,6.526754839824065,6.626075267791748,29210100
2019-09-09,6.6615472832493845,6.84599855077645,6.6615472832493845,6.767961502075195,48059400
2019-09-10,6.44162311777125,6.6828293800354,6.413245950244,6.6828293800354,70567300
2019-09-11,6.590603416430576,6.689923841058474,6.590603416430576,6.6828293800354,34190300
2019-09-12,6.64026431643898,6.725395832174271,6.611887144527217,6.675735950469971,35687700
2019-09-13,6.718300497046107,6.803431993145842,6.69701711559743,6.704111576080322,27161300
2019-09-16,6.640263146920993,6.704111941618362,6.555131646179508,6.597697734832764,50052600
2019-09-17,6.576414231234566,6.604791394706956,6.512565444280453,6.583508014678955,27391200
2019-09-18,6.569321233897279,6.640263820091286,6.540944064106657,6.56222677230835,24309400
2019-09-19,6.604793250287274,6.618981497727107,6.455812931060791,6.455812931060791,28780700
2019-09-20,6.477094065010901,6.597697183457011,6.462905144457255,6.505471229553223,37491300
2019-09-23,6.477095092346632,6.548037676672195,6.441623461901312,6.498377799987793,22051100
2019-09-24,6.519659738341657,6.548036904036534,6.420339996692087,6.462905406951904,33092500
2019-09-25,6.455810386394756,6.548035649814369,6.4487159271886725,6.526752948760986,20510300
2019-09-26,6.54803859590646,6.54803859590646,6.434529903798791,6.484190464019775,26556300
2019-09-27,6.484191221048164,6.8105290872402,6.427436868368266,6.441625118255615,32459500
2019-09-30,6.462906169542473,6.533849430433113,6.455812384705471,6.498377799987793,21510000
2019-10-01,6.519660383903506,6.555132013675672,6.292643035865755,6.313925743103027,39559500
2019-10-02,6.278455188578481,6.285548973731318,5.987588347228706,6.10819149017334,68137000
2019-10-03,6.0656256947481095,6.179134368896484,5.994682435122843,6.179134368896484,40827900
2019-10-04,6.186229747363269,6.214606920107658,6.143663649964103,6.200417995452881,27827400
2019-10-07,6.172039464143798,6.235888257905823,6.108190670381774,6.157851219177246,29340400
2019-10-08,6.136567846344047,6.143662307120772,6.030153640953232,6.058530807495117,31091200
2019-10-09,6.108190044200032,6.129473424315516,6.072719097137451,6.072719097137451,16898500
2019-10-10,6.086908228846123,6.13656810323202,6.044342815533938,6.115285396575928,28069600
2019-10-11,6.193322468923721,6.292642894745386,6.193322468923721,6.228794097900391,34175700
2019-10-14,6.257171154022217,6.271360075985505,6.214605741262426,6.257171154022217,24794500
2019-10-15,6.271359349701813,6.455811254473033,6.228793265306547,6.43452787399292,29771700
2019-10-16,6.462905038068111,6.519659366218493,6.427434090397842,6.43452787399292,27190300
2019-10-17,6.469999867516872,6.48418878864681,6.406151075562151,6.462905406951904,28361200
2019-10-18,6.4487179819241875,6.611886536264803,6.4487179819241875,6.590603828430176,42422900
2019-10-21,6.626657780143322,6.662711552512266,6.496865162351039,6.51128625869751,33610200
2019-10-22,6.496863786664485,6.590603299907345,6.46081002192979,6.540127754211426,35878500
2019-10-23,6.496863161079174,6.641077518463135,6.468020289602382,6.641077518463135,44770400
2019-10-24,6.395913070023105,6.4103348502787485,6.165170087279468,6.201223850250244,120395200
2019-10-25,6.25169981264678,6.309385568545721,6.215646043292828,6.287753582000732,51373600
2019-10-28,6.3165958798858,6.3165958798858,6.186802597198106,6.208434581756592,39635300
2019-10-29,6.194013961152436,6.280542593665407,6.194013961152436,6.230067729949951,36771800
2019-10-30,6.230067472666519,6.230067472666519,6.143538843726925,6.157959938049316,28685300
2019-10-31,6.186803180995488,6.201224963840937,6.129117424950606,6.194014072418213,29124100
2019-11-01,6.230066930740464,6.439177937738609,6.230066930740464,6.410335063934326,55354900
2019-11-04,6.43917872393811,6.525707355915782,6.43917872393811,6.489653587341309,46716500
2019-11-05,6.50407600402832,6.597814848726284,6.489654220124938,6.50407600402832,37569700
2019-11-06,6.525707257097288,6.525707257097288,6.410335749540792,6.431967735290527,39497700
2019-11-07,6.460809921174733,6.496863685347177,6.403124173566166,6.410335063934326,32640400
2019-11-08,6.417547037042653,6.518497467041016,6.359861273520315,6.518497467041016,29476800
2019-11-11,6.453600384781544,6.561761699991279,6.446389492900529,6.547339916229248,24846600
2019-11-12,6.532919251755872,6.583394122920781,6.518497467041016,6.518497467041016,28703900
2019-11-13,6.489652688284366,6.489652688284366,6.345438321633938,6.352649211883545,34491200
2019-11-14,6.3814933650513925,6.424757339889138,6.331017810849381,6.338228702545166,26527800
2019-11-15,6.381492607578971,6.460810343812276,6.381492607578971,6.453599452972412,26416300
2019-11-18,6.525706986034254,6.525706986034254,6.4103354832700274,6.453599452972412,38291400
2019-11-19,6.48244147544666,6.48965236533743,6.395912859762359,6.417544841766357,31168900
2019-11-20,6.40312563063719,6.410336522646233,6.258911228798888,6.29496431350708,38271500
2019-11-21,6.32380655211043,6.338227645428306,6.2516990225159494,6.280541896820068,33161400
2019-11-22,6.345438425957599,6.41754526663413,6.323806442521475,6.410335063934326,34966700
2019-11-25,6.417546050192364,6.496864478589892,6.395914064115055,6.489653587341309,30580900
2019-11-26,6.475233071382091,6.504076642018144,6.424758198106145,6.496865749359131,30093800
2019-11-27,6.5112862993798055,6.597814941004793,6.504076094995776,6.561761856079102,37396100
2019-11-29,6.518497146049031,6.561761810394563,6.51128625404669,6.532918930053711,13096200
2019-12-02,6.547340622635077,6.590605290920583,6.489654856700117,6.496865749359131,37232700
2019-12-03,6.453599030806574,6.453599030806574,6.345438425957599,6.410335063934326,40653100
2019-12-04,6.453599452972412,6.511285204354525,6.446388562132548,6.453599452972412,29982900
2019-12-05,6.468022779890092,6.489654769909259,6.403126122164029,6.43917989730835,25768600
2019-12-06,6.4608113399866784,6.540129088449765,6.453600448034987,6.50407600402832,31086900
2019-12-09,6.46802286639165,6.540129729976064,6.460811973732637,6.496865749359131,21772900
2019-12-10,6.504074677145097,6.561760425653262,6.46081002192979,6.540127754211426,34217700
2019-12-11,6.532919499766704,6.59060526547898,6.532919499766704,6.568972587585449,33204200
2019-12-12,6.568971242794976,6.749239395658741,6.568971242794976,6.720396518707275,48390900
2019-12-13,6.720396580807734,6.770872131690545,6.626657057932157,6.6554999351501465,35334500
2019-12-16,6.662712218679072,6.770873546600342,6.648291120890717,6.770873546600342,42337600
2019-12-17,6.763662653871875,6.785294644388697,6.713187780109763,6.770873546600342,35503900
2019-12-18,6.77087152701868,6.900664119074308,6.749238855285762,6.879032135009766,45905300
2019-12-19,6.886243998445209,6.90066509396946,6.76366159198095,6.7852935791015625,42236000
2019-12-20,6.8501895276897535,6.879032403457501,6.806924870203932,6.83576774597168,50191200
2019-12-23,6.850190436848523,6.900665304224016,6.778082894024825,6.8069257736206055,54784400
2019-12-24,6.806924343561909,6.842978107399265,6.799714140929117,6.828557014465332,11881600
2019-12-26,6.828556854880721,6.84297794747763,6.799713982018568,6.8141350746154785,28961300
2019-12-27,6.814136571684574,6.821347463401431,6.74202971752145,6.749239921569824,28272800
2019-12-30,6.734819003665777,6.742029895573069,6.655500568022576,6.669922351837158,36074900
2019-12-31,6.669922238115654,6.727607997053445,6.669922238115654,6.7059760093688965,32342100
2020-01-02,6.698763844556743,6.792503356933593,6.626656315753517,6.792503356933594,43425700
2020-01-03,6.713185040989265,6.756449004370303,6.597812867413797,6.641077518463135,45040800
2020-01-06,6.561761318012297,6.6122361829041205,6.532918439835761,6.605025291442871,43372300
2020-01-07,6.633868579969203,6.669922351837158,6.576182820047875,6.669922351837158,44984100
2020-01-08,6.655500568022576,6.705976123705113,6.61223659191583,6.669922351837158,45994900
2020-01-09,6.705975483714366,6.713186374933479,6.619446852090312,6.677132606506348,51817400
2020-01-10,6.684344135651741,6.749240099811859,6.669922351837158,6.669922351837158,39796300
2020-01-13,6.669922035058472,6.677132926623292,6.568971616156397,6.662711143493652,48553700
2020-01-14,6.64828946301299,6.727607200241001,6.641078572082695,6.698764324188232,42935600
2020-01-15,6.684342969816169,6.705974954096644,6.61944632930636,6.626656532287598,55923900
2020-01-16,6.655499515376094,6.691553281541716,6.597813764578454,6.6122355461120605,44310400
2020-01-17,6.6266572781581585,6.6555001563346945,6.5833933047275845,6.605025291442871,41644900
2020-01-21,6.597812867413797,6.648288408249408,6.561759793819031,6.641077518463135,49556400
2020-01-22,6.648289952541905,6.6699219392571925,6.597814399981623,6.605025291442871,39914800
2020-01-23,6.590604782104492,6.60502587864059,6.439179486298604,6.590604782104492,75848700
2020-01-24,6.568971328070398,6.576182219318981,6.460810710015418,6.489653587341309,68100900
2020-01-27,6.403124173566166,6.460809921174733,6.33101664522128,6.410335063934326,60769300
2020-01-28,6.446389670258362,6.489654335066285,6.388703908960143,6.468022346496582,85163400
2020-01-29,6.490022634044493,6.570689326790318,6.482689107604807,6.4973554611206055,59057400
2020-01-30,6.460688549325772,6.482688426971435,6.402021043331502,6.4826884269714355,42827800
2020-01-31,6.438687514754288,6.482687966282243,6.4093541135234675,6.468020915985107,59813700
2020-02-03,6.490020831534118,6.702688143674695,6.490020831534118,6.585353851318359,71405400
2020-02-04,6.6586893753452285,6.776022997919205,6.6513558490934654,6.732023239135742,86196400
2020-02-05,6.167353521767213,6.2186868002725175,6.057353439437712,6.094020366668701,145792500
2020-02-06,6.138020428050368,6.145353953737481,6.050020217895508,6.050020217895508,68823400
2020-02-07,6.020686743478898,6.020686743478898,5.881353253885092,5.947352886199951,98256500
2020-02-10,5.9766861234034865,5.9766861234034865,5.903352967522812,5.910686492919922,71834900
2020-02-11,5.940019130706787,5.9766853542467056,5.925352081800112,5.940019130706787,80164500
2020-02-12,5.969353777460937,6.108687274394683,5.962020251474021,6.042686939239502,111536800
2020-02-13,6.0206868145105545,6.130686902363253,6.0206868145105545,6.050020217895508,67648800
2020-02-14,6.064686248959987,6.064686248959987,5.925352081800112,5.940019130706787,46359700
2020-02-18,5.954686246575632,5.9766861234034865,5.881353090694957,5.910686492919922,65094800
2020-02-19,5.910686319034312,5.940019720396322,5.86668586730957,5.86668586730957,69668200
2020-02-20,5.866685827247177,5.918019104439286,5.85935230211589,5.888685703277588,52318200
2020-02-21,5.881352927528069,5.888685753358269,5.7860188484191895,5.7860188484191895,58326300
2020-02-24,5.646684440417093,5.661351139625383,5.536684371195762,5.551351070404053,110048200
2020-02-25,5.6320181424517575,5.6320181424517575,5.294683686946608,5.3020172119140625,108888300
2020-02-26,5.353350982366567,5.47068458756417,5.287350654602051,5.287350654602051,92469500
2020-02-27,5.2286845058994835,5.338684949369692,5.074683954977546,5.1113505363464355,118642400
2020-02-28,5.016017044549986,5.10401725769043,4.891349901093475,5.10401725769043,116490700
2020-03-02,5.214017865658611,5.302018081612584,5.045350610239276,5.280017852783203,96766000
2020-03-03,5.346018125770762,5.382685056821421,5.052683726410796,5.1113505363464355,97457800
2020-03-04,5.19935012627061,5.19935012627061,5.074683003686372,5.1920166015625,70588100
2020-03-05,5.104015817652268,5.111348991837454,4.9206819171609695,4.942681789398193,78070900
2020-03-06,4.840014445310561,4.898681231970553,4.693347478660581,4.759347438812256,109932200
2020-03-09,4.378013934980628,4.502681058786133,4.304680435589657,4.326680660247803,103901700
2020-03-10,4.590682506561279,4.612682385845143,4.2533479936333105,4.590682506561279,101873600
2020-03-11,4.444014259273357,4.480681183809696,4.312013960369608,4.326680660247803,98587100
2020-03-12,3.9453460283967665,4.172680046432487,3.813345382666432,3.9233458042144775,89453100
2020-03-13,4.3046801387517215,4.326680361892797,3.7546784067233583,4.1286797523498535,125375300
2020-03-16,3.6960123001213896,3.8280126145251003,3.666678896920565,3.6740124225616455,110310900
2020-03-17,3.725345703322214,3.769345808123451,3.4466780232326313,3.6740124225616455,104233500
2020-03-18,3.4833448595470853,3.5493451898366604,3.006676545672715,3.300010919570923,125954700
2020-03-19,3.17534462479348,3.3586786132890096,3.0066773413903194,3.2780115604400635,126603800
2020-03-20,3.329344037902555,3.4833445623163404,3.1166767136514624,3.1753435134887695,129378600
2020-03-23,3.1313430513025575,3.3146769544225707,2.9040090533955416,2.940675973892212,134925000
2020-03-24,3.2780104101546197,3.65934495842408,3.124010235565806,3.630011558532715,146192100
2020-03-25,4.2313475610303195,4.3046810712502515,3.754679220078121,3.9526798725128174,198999400
2020-03-26,3.9306802983968563,4.143347669329203,3.7840129169278605,3.850013256072998,138227600
2020-03-27,3.718012889134693,3.8866801487920486,3.600678915232761,3.8060131072998047,106324000
2020-03-30,3.7473452995594214,3.7546784742839416,3.6153446577011557,3.688678503036499,97879700
2020-03-31,3.6886781094901795,3.806011690017665,3.4833439938854274,3.54201078414917,231800800
2020-04-01,3.3953446567420147,3.498011565352634,3.19734401529495,3.226677417755127,119174500
2020-04-02,3.219343701997754,3.351344354947484,3.116676799455968,3.1973438262939453,90891700
2020-04-03,3.2266777383464764,3.241344441033797,3.0580104826014036,3.1093437671661377,85659900
2020-04-06,3.3293446472756845,3.4246783893011887,3.2340109052501798,3.3220114707946777,102205300
2020-04-07,3.5566778572414157,3.6886784989535726,3.395344166981956,3.4540109634399414,115150400
2020-04-08,3.5640113855844433,3.7326786004286907,3.5200112881922516,3.688678503036499,117022200
2020-04-09,4.040679604426358,4.216679992800381,3.8426786429830497,3.9380123615264893,175681700
2020-04-13,3.9820127031599566,3.9820127031599566,3.6813451797158194,3.7840120792388916,99320000
2020-04-14,3.8646787185525158,3.9893458303899636,3.7840117021256363,3.879345417022705,74877000
2020-04-15,3.7106783768917495,3.7693451734146723,3.6300113568318864,3.688678503036499,74727700
2020-04-16,3.7106784770360544,3.718012001640183,3.5860113562194655,3.622678279876709,58951200
2020-04-17,3.7913454105771573,3.8720124309269264,3.688678516293073,3.75467848777771,91989300
2020-04-20,3.6740120966276697,3.7326788978247896,3.600678245449552,3.6520118713378906,71079400
2020-04-21,3.5860113081939406,3.6080115320299897,3.4613441890469514,3.4980111122131348,82400200
2020-04-22,3.5713446088638063,3.5860113081939406,3.4833444128830005,3.4980111122131348,62237200
2020-04-23,3.5200109676844207,3.6520112478419646,3.4980107461506678,3.5860109329223633,61959800
2020-04-24,3.615344953438941,3.637345178775516,3.520011576131699,3.5713448524475098,54320400
2020-04-27,3.6006786007632767,3.8060127748972197,3.578678722984275,3.7913460731506348,91082800
2020-04-28,4.026012548282773,4.062679470633863,3.8280119368865986,3.945345878601074,106222800
2020-04-29,3.9086781265762207,4.0333452164895,3.820677951230946,3.85734486579895,126393000
2020-04-30,3.7840121663304216,3.8426789674081467,3.710678664983266,3.7326788902282715,93437900
2020-05-01,3.681345709616983,3.7033459375224007,3.5933454973588304,3.6080121994018555,82660100
2020-05-04,3.5786785130964733,3.644678492244362,3.4980114833804623,3.564011812210083,84214700
2020-05-05,3.6593443364604132,3.7326781734062866,3.622677767669127,3.6446776390075684,96301300
2020-05-06,3.7033455051035227,3.7326789057644767,3.5346782764621762,3.5713448524475098,89390400
2020-05-07,3.5933450777840847,3.6520118791059932,3.5566781521170325,3.5713448524475098,67222900
2020-05-08,3.6373452169604,3.8500125488257613,3.6300116918773147,3.842679023742676,101207100
2020-05-11,3.798678585328032,3.806012109760598,3.7033452154765136,3.75467848777771,75734000
2020-05-12,3.7766789987226295,3.8280122749292502,3.644678346347392,3.6520118713378906,70965200
2020-05-13,3.66667889067063,3.6740124162992105,3.4173446142068675,3.4613447189331055,100192300
2020-05-14,3.402677035640501,3.6080111544561166,3.314676848868805,3.5860109329223633,108061100
2020-05-15,3.5200121289210253,3.6226790473573716,3.4833451974957295,3.5933456420898438,80544700
2020-05-18,3.754678858740713,3.9086793902229675,3.754678858740713,3.894012689590454,136157700
2020-05-19,3.8646801340049826,3.996680468582267,3.7766799109534595,3.8866803646087646,94836300
2020-05-20,3.9453462208128824,4.062679823022964,3.9380126958338937,4.026012897491455,87685400
2020-05-21,3.9966791128667687,4.17267984895032,3.9893459382741994,4.1286797523498535,87098200
2020-05-22,4.165347141107674,4.202014070302497,4.033346825433464,4.143347263336182,76656500
2020-05-26,4.341347310314256,4.392680584458094,4.268013811764698,4.282680511474609,86046300
2020-05-27,4.407347537062371,4.466014334613668,4.282680417425017,4.422014236450195,110413900
2020-05-28,4.436682126733366,4.451348830058031,4.260681337155603,4.290014743804932,76930200
2020-05-29,4.2166803357200795,4.253347261120767,4.084680033704696,4.187346935272217,92936300
2020-06-01,4.202013915862142,4.312014349721916,4.1580138122545796,4.304680824279785,61879700
2020-06-02,4.370680759882386,4.400014159638774,4.275347035833269,4.326680660247803,80046000
2020-06-03,4.392680310971247,4.598014443807676,4.341347040023402,4.5393476486206055,98876600
2020-06-04,4.546681106253017,4.825348750423039,4.488014307413371,4.8180155754089355,115798600
2020-06-05,5.309350850297519,5.500018319901337,5.148017133440382,5.382684707641602,208648200
2020-06-08,5.5220184326171875,5.676018620676124,5.404684473107023,5.5220184326171875,113169300
2020-06-09,5.294683790031322,5.4560178456392485,5.170017010292846,5.309350490570068,115749600
2020-06-10,5.375350727803872,5.382684252791278,4.964682769915521,4.994016170501709,147327100
2020-06-11,4.451348348309659,4.73734920702899,4.429348120862747,4.4953484535217285,116184700
2020-06-12,4.810683023572589,4.86201665777928,4.620015888785321,4.737349510192871,88778000
2020-06-15,4.532015046632786,4.825349431942484,4.4806817652387725,4.7666826248168945,104742600
2020-06-16,5.038015720279349,5.038015720279349,4.7226815236309445,4.803348541259766,109535200
2020-06-17,4.810682207311489,4.810682207311489,4.6273482801288175,4.642014980316162,67831400
2020-06-18,4.590681704501312,4.7300151814402325,4.539348079004746,4.642014980316162,61301800
2020-06-19,4.869348753014905,4.906015676403591,4.568681240081787,4.568681240081787,126127800
2020-06-22,4.598013633577696,4.605347156524658,4.495346760091565,4.605347156524658,71724300
2020-06-23,4.642015322242871,4.678682250252945,4.502681485359029,4.51001501083374,86672800
2020-06-24,4.444014559994555,4.488014662606573,4.29734755128783,4.36334753036499,75536300
2020-06-25,4.297347116812841,4.4366809358380195,4.253347018649369,4.422014236450195,73612700
2020-06-26,4.429347665230848,4.451347890414671,4.260680437760593,4.334013938903809,118435400
2020-06-29,4.334013830153367,4.451347778720049,4.260680330850258,4.407347679138184,58208400
2020-06-30,4.385347135757362,4.473347328524797,4.326680340579072,4.458680629730225,61909300
2020-07-01,4.473348050133162,4.532014854775159,4.363347616588548,4.385347843170166,62454700
2020-07-02,4.473348327772623,4.524681959861274,4.400014817418664,4.436681747436523,67270500
2020-07-06,4.502680726787846,4.546680823178148,4.480680853433535,4.5393476486206055,63921800
2020-07-07,4.502681399014995,4.5466815019742866,4.466014821389786,4.4880146980285645,56652000
2020-07-08,4.495347304362358,4.532013874491686,4.436680512410103,4.4660139083862305,60928600
2020-07-09,4.466014432689355,4.4733476077034595,4.268013811764698,4.282680511474609,82693000
2020-07-10,4.2533476188541455,4.473348140716553,4.209347164799919,4.473348140716553,73710700
2020-07-13,4.510015845692591,4.561349134791022,4.436682325779257,4.4440155029296875,80190700
2020-07-14,4.532014175930165,4.686014689888725,4.458680681112205,4.66401481628418,106131800
2020-07-15,4.796014808877821,4.972015535183933,4.781348110825784,4.942681789398193,101648700
2020-07-16,4.884014763752685,5.06001548164663,4.862014892566971,5.03068208694458,93498500
2020-07-17,5.060015424092392,5.0673485978436705,4.9353483231858615,4.986681938171387,80769000
2020-07-20,4.986683781751672,5.023350363427012,4.8253497033985004,4.884016513824463,71361700
2020-07-21,4.920681862298601,4.994015351741166,4.8693482448479735,4.898681640625,63285100
2020-07-22,4.869349128135022,5.045349884404913,4.847349252152363,5.016016483306885,75629600
2020-07-23,5.038015841754287,5.177349657497574,4.986682569946863,5.118682861328125,88652600
2020-07-24,5.060016775870461,5.1406838067745,5.0306833736656715,5.045350074768066,62292000
2020-07-27,5.074684721051485,5.089351425749479,4.964684260975618,5.08201789855957,60370200
2020-07-28,5.060016622511279,5.17001705228621,5.060016622511279,5.140683650970459,56312500
2020-07-29,5.170017401791079,5.177350577774893,5.0086833339661725,5.074683666229248,59437200
2020-07-30,4.942681789398193,5.008682105473193,4.891348521056895,4.942681789398193,58991000
2020-07-31,5.0526824739077645,5.060015998172706,4.781348370375215,4.847348690032959,115301700
2020-08-03,4.876682472941856,4.928015748124566,4.7886822729014575,4.906015872955322,53845900
2020-08-04,5.067348655481318,5.067348655481318,4.935348379322095,5.03068208694458,69377600
2020-08-05,5.03068374674006,5.15535089019657,5.03068374674006,5.10401725769043,81728400
2020-08-06,5.08201789855957,5.133351539843462,5.052684489163583,5.08201789855957,48668500
2020-08-07,5.038015260779269,5.074682178997655,4.97934847137517,5.03068208694458,47480100
2020-08-10,5.067349703904165,5.228683757826726,5.067349703904165,5.199350357055664,57229000
2020-08-11,5.28735051166087,5.412017638653866,5.272683811407677,5.3020172119140625,74016400
2020-08-12,5.375349630998294,5.404683025599192,5.177349042601414,5.214015960693359,59161400
2020-08-13,5.155350208282471,5.265350285317094,5.133349983066516,5.155350208282471,50066800
2020-08-14,5.111349860194546,5.214017113682408,5.082016459107078,5.162683486938477,43517700
2020-08-17,5.170016482817237,5.177349657497574,5.038015841754287,5.118682861328125,64555200
2020-08-18,5.118683201504627,5.140683426371101,5.052682876586914,5.052682876586914,40444200
2020-08-19,5.052683497932755,5.148017234608143,5.030683620042591,5.0380167961120605,44158100
2020-08-20,4.964682856544474,5.052683059838557,4.935349455446446,5.016016483306885,41824500
2020-08-21,4.97201707914518,5.023350363427012,4.876683337362104,4.884016513824463,39158900
2020-08-24,4.93534894845775,5.133349560370487,4.906015550373025,5.118682861328125,64974700
2020-08-25,5.140683371052335,5.206683345578112,5.030682947267096,5.089349746704102,49550000
2020-08-26,5.089350131809253,5.111350008421981,4.964682998731347,5.001349925994873,48600100
2020-08-27,5.008683578115999,5.118684020689214,5.008683578115999,5.067350387573242,45740900
2020-08-28,5.082016221933623,5.0966829217928735,5.030682947267096,5.089349746704102,39936900
2020-08-31,5.060016729871126,5.082016606483855,4.9793496997004105,5.001349925994873,50089500
2020-09-01,4.96468310083875,5.038016607192298,4.9280161728211045,5.008683204650879,48189900
2020-09-02,4.994016591490918,5.111350203726744,4.9646831884319615,5.096683502197266,59008900
2020-09-03,5.07468343084019,5.199350563918095,4.957349823087683,5.001349925994873,78130900
2020-09-04,5.030683230708856,5.096683208953243,4.95001620209713,5.060016632080078,70017500
2020-09-08,5.008682856100112,5.25801711003292,4.994016155850048,5.155350208282471,84749300
2020-09-09,5.184684398447755,5.206684277332734,5.082017131378616,5.1113505363464355,56501400
2020-09-10,5.126017197030485,5.162684127782146,5.038016982844621,5.067350387573242,69228600
2020-09-11,5.089350268227853,5.133350372314453,5.0233499372570805,5.133350372314453,55080600
2020-09-14,5.140683516358535,5.265350293845139,5.118683291106947,5.221350193023682,58704300
2020-09-15,5.25068369020088,5.265350390744614,5.133350085851009,5.162683486938477,65198500
2020-09-16,5.170016198145158,5.221349467126063,5.12601575375914,5.148015975952148,46245800
2020-09-17,5.162683331136167,5.382684182334592,5.118683230832825,5.33868408203125,84850100
2020-09-18,5.360684012926833,5.426684338907059,5.294683686946608,5.3020172119140625,71929400
2020-09-21,5.199350865821449,5.199350865821449,4.994016690649979,5.0380167961120605,72850300
2020-09-22,5.052682527374395,5.126016022391399,4.964682333353989,4.972015857696533,55865500
2020-09-23,4.9940171072284,5.082017325493146,4.862016779831281,4.869349956512451,52588600
2020-09-24,4.840016406004991,4.95735037653869,4.700682556402442,4.884016513824463,59822900
2020-09-25,4.847349892746405,4.920683405182752,4.7666828542255395,4.774016380310059,53761800
2020-09-28,4.832682372921657,4.964682672982255,4.825348848077435,4.906015872955322,47582600
2020-09-29,4.906016217723409,4.913349393401256,4.796015785101824,4.840015888214111,38987300
2020-09-30,4.847349932149123,4.950016850394558,4.832683229542632,4.884016513824463,55944600
2020-10-01,4.920682147414684,4.964682243629695,4.862015352461337,4.950015544891357,58340600
2020-10-02,4.854682251515489,5.082016276621073,4.840015551498409,5.052682876586914,60798400
2020-10-05,5.096682357289574,5.170016198145158,5.096682357289574,5.148015975952148,42359400
2020-10-06,5.177349657497574,5.316683473240862,5.104016162285762,5.118682861328125,78203800
2020-10-07,5.214017010394906,5.316683912167255,5.177350084921066,5.3020172119140625,50664100
2020-10-08,5.346016934972362,5.390017032623291,5.280016613655123,5.390017032623291,54513300
2020-10-09,5.397350793290728,5.456017592726218,5.302017069367202,5.316683769226074,50977900
2020-10-12,5.39734987307002,5.771350830546863,5.375349652191783,5.624683856964111,97692900
2020-10-13,5.73468441176647,5.778684504990459,5.595350608383008,5.6906843185424805,74562600
2020-10-14,5.6686846640703745,5.683351363278664,5.536684371195762,5.551351070404053,57752100
2020-10-15,5.441351404966475,5.588018417358398,5.404684477027623,5.588018417358398,49336200
2020-10-16,5.654017251680662,5.683350646397212,5.580683764889285,5.624683856964111,47509400
2020-10-19,5.632020010086633,5.661353420320274,5.551353306785035,5.5660200119018555,38960700
2020-10-20,5.5880189755169,5.756686231455788,5.558685570108552,5.676019191741943,63447000
2020-10-21,5.69801845607249,5.7786854821309355,5.668685055629732,5.756685256958008,51981100
2020-10-22,5.815351998897466,6.028019674474381,5.7860185987520385,6.020686149597168,74008500
2020-10-23,6.086686530612696,6.123353455971768,5.9326860035953395,5.9840192794799805,62249000
2020-10-26,5.896019228408875,5.918019104439286,5.8226857255046305,5.888685703277588,62131000
2020-10-27,5.874019490227921,5.932686293928089,5.793352460299324,5.808019161224365,64154500
2020-10-28,5.6320174712639774,5.778684805998748,5.5953508998415415,5.646684169769287,82938300
2020-10-29,5.99135324614958,6.042686525818875,5.756685675849935,5.7933526039123535,118999900
2020-10-30,5.756685159246215,5.8006852591635125,5.580684759577027,5.668684959411621,79345600
2020-11-02,5.742018119895857,5.764018343395052,5.632017701763256,5.654017925262451,59962900
2020-11-03,5.690685367100407,5.815352146031813,5.668685141593853,5.778685569763184,65108800
2020-11-04,5.764018543270673,5.7713517182369,5.595351322867025,5.602684497833252,67326800
2020-11-05,5.69068662478833,5.859353542327881,5.654019690734289,5.859353542327881,61442600
2020-11-06,5.874019158943038,5.881352683832827,5.683351707989085,5.7126851081848145,50912100
2020-11-09,5.9473534862778035,6.145354501290829,5.925353606619767,6.0133538246154785,110511300
2020-11-10,6.035352541437366,6.2993538439227255,5.998686315526337,6.145353317260742,87468400
2020-11-11,6.3066869335024975,6.3066869335024975,6.079352571984387,6.1086859703063965,75644400
2020-11-12,6.057353074619808,6.0793529498880226,5.9400194740381,6.020686149597168,81064900
2020-11-13,6.035352359088798,6.284686604185765,6.035352359088798,6.262686729431152,79475100
2020-11-16,6.409354382138249,6.490021763426346,6.314020649301803,6.453354835510254,84853900
2020-11-17,6.350686690557216,6.4900208573123175,6.328686816624499,6.41668701171875,46754500
2020-11-18,6.468020915985107,6.63668849758491,6.438687514754288,6.468020915985107,77759300
2020-11-19,6.5120213675130625,6.5120213675130625,6.4093541135234675,6.468020915985107,56672700
2020-11-20,6.460688668004582,6.468021494445502,6.365354930637486,6.4093546867370605,57024300
2020-11-23,6.468022054725435,6.585355680306116,6.438688648330265,6.4973554611206055,71537100
2020-11-24,6.7100209276507625,6.966688685274653,6.702688102656113,6.9300217628479,99520500
2020-11-25,6.7466892343257845,6.783356164275654,6.600022213889825,6.658689022064209,95217800
2020-11-27,6.6880226565397365,6.702689708770341,6.622022320229102,6.666022777557373,27853900
2020-11-30,6.768689112550298,6.768689112550298,6.585355162164469,6.658689022064209,77970100
2020-12-01,6.717355155119311,6.893355561953763,6.717355155119311,6.776021957397461,68863000
2020-12-02,6.71735496562469,6.776021766247868,6.658688165001513,6.746688365936279,48345000
2020-12-03,6.79068760963397,6.834687352602529,6.710020248586105,6.754020690917969,50302100
2020-12-04,6.790690314574237,6.92269029542286,6.776023261500177,6.8493571281433105,48775500
2020-12-07,6.827356206966,6.8420225584403775,6.7100218983535935,6.761355876922607,58305200
2020-12-08,6.739355260006001,6.842022517161142,6.7246889086201085,6.783355712890625,56296700
2020-12-09,6.827355219289045,6.959355160916627,6.812688170572994,6.9300217628479,60780300
2020-12-10,6.827355837823239,6.8346886634822175,6.673355309169679,6.688021659851074,83372800
2020-12-11,6.739355308744844,6.739355308744844,6.6073553478632965,6.614688873291016,73438200
2020-12-14,6.695355437322571,6.732022364453748,6.512021501030158,6.534021377563477,76826000
2020-12-15,6.622020352994406,6.7100205421447745,6.556020036290796,6.710020542144775,69606100
2020-12-16,6.724689649727076,6.732023175909964,6.578022622887071,6.6293559074401855,55274500
2020-12-17,6.666022547926887,6.695355952014078,6.600022213889825,6.658689022064209,49301600
2020-12-18,6.666021743789446,6.666021743789446,6.534021091638864,6.5633544921875,78764600
2020-12-21,6.504688906659666,6.607356177447648,6.446022094598981,6.548689365386963,63908100
2020-12-22,6.585354561889708,6.592688087083912,6.416687678603726,6.44602108001709,59031200
2020-12-23,6.468022356326612,6.622022921923131,6.453356002126927,6.592689514160156,54086700
2020-12-24,6.607356259625175,6.614689786064861,6.453355701209637,6.4973554611206055,27927000
2020-12-28,6.541354217643097,6.585353966100679,6.497353769822124,6.519354343414307,38068400
2020-12-29,6.54868829389245,6.54868829389245,6.438687514754288,6.468020915985107,37537900
2020-12-30,6.475355581165121,6.541355920395148,6.460689227649323,6.4973554611206055,38461900
2020-12-31,6.4826880066246595,6.497354357649614,6.438687554822885,6.44602108001709,40176500
2021-01-04,6.460688965197326,6.482688844259111,6.182021266081715,6.248021602630615,85043100
2021-01-05,6.211354260161393,6.394688205389834,6.204020734505015,6.343354225158691,70127800
2021-01-06,6.4460214979863295,6.556021585578145,6.365354813709898,6.4826884269714355,72590200
2021-01-07,6.556022026363084,6.658689294551369,6.512022268113496,6.6440229415893555,77117100
2021-01-08,6.673355694877702,6.702689097299349,6.5193551573231865,6.600021839141846,59162200
2021-01-11,6.504688442974659,6.834689412132872,6.468021513209632,6.820023059844971,95968300
2021-01-12,6.820021118757944,7.2013552614352925,6.812687595019472,7.172021865844727,124808500
2021-01-13,7.267355576354894,7.274689100093364,7.069355330959406,7.172021865844727,89549300
2021-01-14,7.194024808147473,7.480025334577915,7.179357755836401,7.4580254554748535,112695300
2021-01-15,7.3626902106497205,7.370023735308316,7.201356164977635,7.2086896896362305,99985000
2021-01-19,7.377358248324116,7.487358335486333,7.311357916281386,7.348024845123291,78732800
2021-01-20,7.5020225722483795,7.971357590498481,7.472689177317955,7.964024066925049,125033200
2021-01-21,8.272026487870436,8.910028461997552,8.154692887943161,8.455360412597656,282394100
2021-01-22,8.550693196056866,8.572693068780469,8.316026022036189,8.448026657104492,130866600
2021-01-25,8.426026813956017,8.448027387946242,7.978692299939204,8.279359817504883,118954500
2021-01-26,8.294026011757811,8.455359341539673,8.154691854971356,8.206025123596191,66267500
2021-01-27,8.081360616440643,8.191360703493059,7.846692691704792,7.912693023681641,82863000
2021-01-28,7.949358839774924,8.103359359710172,7.854025117970875,7.861358642578125,77388700
2021-01-29,7.766025847973086,7.949359788862485,7.663358589304169,7.722025394439697,73925800
2021-02-01,7.810025479147779,8.389360695260152,7.59735813903978,7.942026138305664,157114400
2021-02-02,8.169358530801325,8.213358273515313,7.854024010776781,7.964024066925049,80440700
2021-02-03,8.008026959102006,8.33069440205855,7.9493601512917245,8.213360786437988,82968600
2021-02-04,8.360025919877566,8.521359954639397,8.191359060316428,8.33802604675293,106845000
2021-02-05,8.653360197076552,8.726693337265369,8.286692398042488,8.440692901611328,113402100
2021-02-08,8.448026375952153,8.492026119935035,8.294025873285422,8.477359771728516,75756700
2021-02-09,8.46269419063287,8.829362051057801,8.426027264717689,8.748695373535156,102250800
2021-02-10,8.800028610228935,8.814695660273768,8.455360627173206,8.624028205871582,76282500
2021-02-11,8.550693747396997,8.609360544684941,8.294026684103084,8.396693229675293,55762900
2021-02-12,8.37469335553316,8.521360348753024,8.338026432387348,8.396693229675293,44401200
2021-02-16,8.4333607673095,8.580027771216107,8.345360564965535,8.46269416809082,48392100
2021-02-17,8.51402726788167,8.51402726788167,8.338026866847187,8.418693542480469,49554000
2021-02-18,8.338027174473892,8.418693853083324,8.286693897119113,8.382027626037598,37777100
2021-02-19,8.448028481440291,8.499361762001804,8.404028027127929,8.49202823638916,48615600
2021-02-22,8.448029507369673,8.756029927505836,8.43336245436322,8.580029487609863,62183000
2021-02-23,8.499359571859115,8.543359315469987,8.162025173601403,8.52135944366455,72904500
2021-02-24,8.55802708573635,9.093361774184581,8.536027212072781,8.998028755187988,95152800
2021-02-25,8.961362663904897,9.093362617491191,8.594694805145357,8.624028205871582,75249400
2021-02-26,8.719363693716861,8.785363334155164,8.462695861012548,8.580029487609863,69614500
2021-03-01,8.704694615302783,8.858695139219826,8.638694290857849,8.785361289978027,43172800
2021-03-02,8.829363863667083,9.386699293777436,8.756029996781768,9.203365325927734,104789000
2021-03-03,9.247364373102865,9.247364373102865,8.90269704367945,8.924696922302246,80169700
2021-03-04,8.976029055355086,9.13736310976382,8.528694517407509,8.748695373535156,88339600
2021-03-05,8.844028240816252,9.012695104509243,8.55802708573635,8.998028755187988,79345700
2021-03-08,9.08602945712413,9.445363777624218,9.02002913308056,9.27669620513916,86129700
2021-03-09,9.357366093525913,9.357366093525913,9.078698372317179,9.218031883239746,61568700
2021-03-10,9.328029888409151,9.518696630483596,9.25469604189817,9.467363357543945,62111200
2021-03-11,9.489364559351195,9.577365467221401,9.3500310707231,9.394031524658203,56536500
2021-03-12,9.372031649054414,9.848700354992532,9.364698822319628,9.804699897766113,87160100
2021-03-15,9.819365960806401,9.988032847895965,9.570031693488373,9.680031776428223,64476000
2021-03-16,9.577364620630764,9.643364246654151,9.115363042286491,9.15936279296875,125425300
2021-03-17,9.049363182936972,9.313363798716692,8.961362977677066,9.3060302734375,109324400
2021-03-18,9.313363319083507,9.540697695486598,9.122695867824582,9.15936279296875,76733300
2021-03-19,9.423365133390215,9.496698292399698,9.203364257634755,9.408698081970215,90885200
2021-03-22,9.423364639282227,9.482031443159059,9.174030373123953,9.423364639282227,81362100
2021-03-23,9.218031651732675,9.298699044934612,8.888030650476669,8.954030990600586,73020200
2021-03-24,9.064029006390761,9.188696131424582,8.88802860611834,8.902695655822754,54534400
2021-03-25,8.756027974607331,9.056696199907964,8.594694623700756,9.034695625305176,54201800
2021-03-26,9.115363754748278,9.159363508869582,8.844029606455306,9.02003002166748,49239800
2021-03-29,8.946696340040722,9.064029952469296,8.851362605101631,8.910029411315918,44747900
2021-03-30,8.917361639194851,9.152028829901013,8.880694715806165,9.137362480163574,49762300
2021-03-31,9.137361750648223,9.19602854364088,8.954027847705332,8.98336124420166,60456900
2021-04-01,9.005363610161517,9.01269713615696,8.814696829824735,8.924696922302246,61907500
2021-04-05,9.086030334564052,9.372030833887433,9.042029881164735,9.313364028930664,82332700
2021-04-06,9.313364941268587,9.526032304910657,9.269365182922531,9.474699020385742,67499400
2021-04-07,9.438029676559546,9.482030123022941,9.284029162982723,9.335362434387207,42264000
2021-04-08,9.29136391082409,9.357364239528776,9.115363500520571,9.174030303955078,52622000
2021-04-09,9.15936325341472,9.25469698383666,9.086030098803318,9.174030303955078,40555400
2021-04-12,9.166695490021818,9.203362411854577,9.034694851169226,9.078695297241211,40422800
2021-04-13,9.086030469801914,9.13003022449265,8.873363123827382,8.946696281433105,51556000
2021-04-14,8.946695994084267,9.159363333228377,8.946695994084267,8.976029396057129,49877500
2021-04-15,9.020029848698154,9.034696200002852,8.895362715472627,8.976029396057129,38209300
2021-04-16,9.034695007457662,9.064028405558627,8.939361288788684,8.968694686889648,33132900
2021-04-19,8.961359833031695,8.983359701785796,8.814692875732327,8.880692481994629,39063500
2021-04-20,8.844028433200112,8.844028433200112,8.323360082747056,8.396693229675293,83170800
2021-04-21,8.33069282964289,8.609360463825054,8.198692886666464,8.60202693939209,49641100
2021-04-22,8.84402907705588,8.910028704287127,8.675361498051297,8.756028175354004,73064400
2021-04-23,8.778029839952215,8.976030144947778,8.704695979219917,8.961363792419434,51833300
2021-04-26,9.005361580166928,9.122695172190465,8.968694657818729,8.998028755187988,40863800
2021-04-27,9.01269579175551,9.166696317870269,8.9980294413159,9.15936279296875,42037800
2021-04-28,9.240030247981805,9.240030247981805,9.086029720536661,9.115363121032715,68023400
2021-04-29,8.734027392712274,8.734027392712274,8.169359311498773,8.257359504699707,230430600
2021-04-30,8.330693514893154,8.46269416809082,8.308693639148023,8.46269416809082,90786500
2021-05-03,8.477361826297438,8.565362034954209,8.382028092078398,8.528695106506348,61987300
2021-05-04,8.45536224137862,8.470029294223526,8.235361344250041,8.367362022399902,71007700
2021-05-05,8.433359972143839,8.536027214879882,8.360026127423325,8.514026641845703,64495500
2021-05-06,8.470028161976495,8.624028699443832,8.418694183245064,8.60936164855957,50032800
2021-05-07,8.543360751023291,8.675361402762798,8.448027724059685,8.668027877807617,41525800
2021-05-10,8.638693653141818,8.748694418884162,8.580026857824581,8.587360382080078,51703500
2021-05-11,8.396694501515285,8.624028899962758,8.37469462404085,8.49202823638916,56882600
2021-05-12,8.462696362018828,8.56536364105135,8.272028857828554,8.308695793151855,55663100
2021-05-13,8.330694679545173,8.565362617966352,8.323361852847276,8.4700288772583,56598500
2021-05-14,8.543362143070595,8.704696221555007,8.521362263983848,8.682696342468262,48619200
2021-05-17,8.66802866084111,8.932029988168898,8.646028783351627,8.910029411315918,52201700
2021-05-18,9.012695731152162,9.188696131424582,8.895362130970547,8.902695655822754,72472900
2021-05-19,8.822025699074882,8.954026310325922,8.690025787187057,8.880692481994629,70220800
2021-05-20,9.181363367673306,9.306029794181988,9.020029316657029,9.15936279296875,106243900
2021-05-21,9.313362389869733,9.878031162406794,9.218028673751917,9.77536392211914,200958600
2021-05-24,9.812033107926203,9.812033107926203,9.47469861126398,9.57736587524414,111374300
2021-05-25,9.62869874734278,9.848699618291315,9.386697999108438,9.394031524658203,113383400
2021-05-26,9.65069869812209,10.2300339330591,9.606698943215402,10.193367004394531,227538700
2021-05-27,10.545367148871073,11.036702109793358,10.354699704467087,10.91203498840332,278939100
2021-05-28,11.00736936169837,11.036702762621504,10.567367648487924,10.655367851257324,152105300
2021-06-01,10.794703134651852,10.882703346425215,10.604035659461143,10.860703468322754,89071000
2021-06-02,10.926702729311375,11.014703637441638,10.765369362920707,10.934036254882812,77517200
2021-06-03,11.110035863259252,11.777371255660391,10.99270226011577,11.726037979125977,179671400
2021-06-04,11.975372999401833,12.063373906736501,11.5867052393549,11.711372375488281,151788000
2021-06-07,11.740706127056525,11.880040318340923,11.476704795933879,11.64537239074707,90915300
2021-06-08,11.557371773112958,11.586705175608635,11.242037171761805,11.462038040161133,93891100
2021-06-09,11.440039299072481,11.45470565209488,11.286038745837768,11.352038383483887,60079100
2021-06-10,11.432705284581068,11.572038779478806,11.05870385707582,11.080703735351562,78147500
2021-06-11,11.220036044962361,11.315369767295229,11.124702322629494,11.205368995666504,50613500
2021-06-14,11.168703773538743,11.220037754532477,10.868036210795696,10.904703140258789,82666000
2021-06-15,10.934035910288125,11.117369847615192,10.824035827637273,11.000036239624023,62612700
2021-06-16,11.073369598303826,11.212703076711469,10.91203554486068,11.014702796936035,69112900
2021-06-17,11.22003715302423,11.293370308655502,10.692035215407092,10.831369400024414,126653100
2021-06-18,10.662701400251226,10.83136898046024,10.589367548097142,10.648035049438477,76319700
2021-06-21,10.72870117496447,10.926701446605206,10.670034376006964,10.838701248168945,63385000
2021-06-22,11.014703637441638,11.080703269494098,10.868035923466861,10.934036254882812,65545900
2021-06-23,11.102702063046959,11.38870252076468,11.022034693443803,11.308035850524902,94985700
2021-06-24,11.396038171493377,11.403371697255334,11.110036961048607,11.190704345703125,79859800
2021-06-25,11.176036892728789,11.381371410506803,11.132037138464561,11.13936996459961,111760500
2021-06-28,11.146702572623132,11.154036097518048,10.875368445782042,10.970702171325684,79477400
2021-06-29,11.036705310159814,11.146705414171386,10.912038152619441,11.00737190246582,68208200
2021-06-30,10.963368757084854,11.080702359134076,10.860702204973501,10.897368431091309,72213500
2021-07-01,10.934036254882812,10.978036708947943,10.882702974609735,10.934036254882812,51112200
2021-07-02,10.970704599734542,11.029371413153157,10.8753708530884,10.948704719543457,43652000
2021-07-06,10.904701660682147,10.912035185452435,10.552700864069203,10.633367538452148,73990600
2021-07-07,10.567367279784419,10.60403420449986,10.281366805603502,10.4353666305542,72992500
2021-07-08,10.237366565632904,10.435366844167913,10.07603251320048,10.310700416564941,62706800
2021-07-09,10.59670110517288,10.692034833515589,10.464701150005892,10.618700981140137,65981200
2021-07-12,10.530702034403886,10.809369727571688,10.442701820671452,10.714035987854004,49205200
2021-07-13,10.633368111802904,10.72870184086682,10.4867011053059,10.574701309204102,45360600
2021-07-14,10.582034796598396,10.728701802571889,10.413367215206291,10.450034141540527,39056200
2021-07-15,10.376700099069579,10.486700876060237,10.222699570773406,10.274033546447754,44952300
2021-07-16,10.354700948279953,10.369367999317491,9.95869966199175,9.98069953918457,48065200
2021-07-19,9.716700033299608,9.768033319113151,9.379365513602966,9.738699913024902,99949200
2021-07-20,9.804699459985574,10.237367689378607,9.738699126774636,10.200700759887695,70731800
2021-07-21,10.303368851679114,10.516036220603066,10.288701798957119,10.406035423278809,53817500
2021-07-22,10.325367900538687,10.369368355800484,10.10536702295673,10.200700759887695,40440100
2021-07-23,10.244701567401467,10.296034850835671,10.068700439666202,10.134700775146484,37927900
2021-07-26,10.193367319702672,10.325367987232857,10.171367441568814,10.288701057434082,43838000
2021-07-27,10.215367724166137,10.23736760192735,10.010033200516478,10.112700462341309,41963200
2021-07-28,10.16403579711914,10.259369552497015,9.951368404157314,10.16403579711914,70653500
2021-07-29,10.640701196655675,10.846034997254755,10.486700671365508,10.552700996398926,111154800
2021-07-30,10.43536769474927,10.486701674331277,10.171367068729563,10.230033874511719,74955700
2021-08-02,10.281368144640401,10.508701848629736,10.178700881938552,10.200700759887695,64673700
2021-08-03,10.244700375455364,10.325367054232817,10.002699639759554,10.281367301940918,53257700
2021-08-04,10.156701520925363,10.215368331351327,9.753366674724209,9.768033027648926,81502700
2021-08-05,9.929365202645963,10.134698999776477,9.863364878727443,10.054032325744629,60524400
2021-08-06,10.13469961516404,10.200699943090155,10.068699287237926,10.120033264160156,44450600
2021-08-09,10.061365566138688,10.134698713359697,9.936698446563241,10.083365440368652,38760400
2021-08-10,10.09803454375836,10.200701110626767,10.017367156231998,10.134700775146484,32120800
2021-08-11,10.164033338650617,10.230033668668392,10.02469985256246,10.215367317199707,42795600
2021-08-12,10.208034055605756,10.303367790388238,10.112700320823274,10.193367004394531,38547900
2021-08-13,10.178699347959322,10.230032621892319,9.929365104233213,9.966032028198242,45118500
2021-08-16,9.900031373475937,9.944031820633494,9.768030731366641,9.870697975158691,38664300
2021-08-17,9.76803224253766,9.775365768092353,9.394031530973555,9.526031494140625,74625300
2021-08-18,9.49669832033942,9.687365793179337,9.46003139104505,9.533365249633789,50966700
2021-08-19,9.386697444549728,9.474697647857461,9.218029863687319,9.291363716125488,69038800
2021-08-20,9.247365290768895,9.291365751744424,9.078698372317179,9.218031883239746,53615600
2021-08-23,9.320696085141657,9.423363327313997,9.144695698014822,9.335362434387207,64573600
2021-08-24,9.394031191602492,9.636031931256948,9.357364264517143,9.592031478881836,53672500
2021-08-25,9.62136358779056,9.738697179206008,9.54803044283759,9.65803050994873,51195500
2021-08-26,9.61403108567241,9.628698135840462,9.394030928059202,9.460030555725098,57559800
2021-08-27,9.452696349881604,9.804697110160294,9.438029301854987,9.760697364807129,57587300
2021-08-30,9.790032019195415,9.804698369742834,9.555364116165808,9.57003116607666,42720100
2021-08-31,9.548032735737095,9.636032950431375,9.482032399875502,9.555365562438965,42212700
2021-09-01,9.555364037578652,9.694698213132076,9.460030312032472,9.614030838012695,58875700
2021-09-02,9.599364854126806,9.687365058138061,9.511364650115551,9.540698051452637,49053200
2021-09-03,9.526031867914432,9.570032323605565,9.438031655895683,9.452698707580566,41616700
2021-09-07,9.408699113117047,9.562699673087216,9.394032759453193,9.496699333190918,64008900
2021-09-08,9.511365804773595,9.69469976022756,9.467365347744686,9.555365562438965,57980900
2021-09-09,9.496700079786267,9.496700079786267,9.328033152892274,9.357366561889648,68806400
2021-09-10,9.416031078935921,9.482031407892752,9.28403042102226,9.298697471618652,48792500
2021-09-13,9.357364602563568,9.526031494140625,9.254697342888301,9.526031494140625,62270800
2021-09-14,9.482031418884487,9.577365149781146,9.37936416268113,9.430697441101074,47640800
2021-09-15,9.45269667422977,9.716697253497378,9.394029878836967,9.694697380065918,60282100
2021-09-16,9.665365887449045,9.92203299304175,9.606699080492797,9.826699256896973,76426100
2021-09-17,9.834031663403518,10.04669898925728,9.819365313015375,9.936698913574219,76182400
2021-09-20,9.584698268565065,9.672698476843694,9.262030838210094,9.40136432647705,126152200
2021-09-21,9.452698621249224,9.51136542872592,9.284031025231089,9.36469841003418,60473100
2021-09-22,9.474696525119365,9.819364471754579,9.46736300087187,9.702030181884766,75784000
2021-09-23,9.790031729433966,10.07603220059633,9.768031155218852,10.054032325744629,68708100
2021-09-24,10.017365553071354,10.222699353310464,10.002699202735986,10.105365753173828,57440200
2021-09-27,10.186032931549887,10.479366926240205,10.178699406841776,10.384033203125,68769700
2021-09-28,10.728702955602849,10.802036116789102,10.435368212767257,10.494035720825195,107090900
2021-09-29,10.604032687117932,10.633366082820144,10.391365393436061,10.486699104309082,56805500
2021-09-30,10.457367051479284,10.501366801001128,10.332699928895046,10.384033203125,78820500
2021-10-01,10.457367051479284,10.53803372517827,10.274033129956983,10.384033203125,51880900
2021-10-04,10.464701080012315,10.846035291469134,10.428034154069836,10.523367881774902,78332500
2021-10-05,10.589367332795726,10.589367332795726,10.347366604716397,10.47936725616455,55915800
2021-10-06,10.36936713832067,10.516034139700457,10.186033211755078,10.354700088500977,61020300
2021-10-07,10.51603489045902,10.963369451444244,10.494035013522298,10.9193696975708,96557500
2021-10-08,10.941368584910844,11.359369705719658,10.89003531024686,11.088035583496094,99468900
2021-10-11,11.146702902506346,11.264036506843764,10.978036021112173,11.066036224365234,45302300
2021-10-12,11.080702409230451,11.498704242624903,11.007369257299862,11.46937084197998,89134000
2021-10-13,11.432705505734909,11.50603866786045,11.198038267951524,11.374038696289062,63363500
2021-10-14,11.454702321230709,11.454702321230709,11.271368415898532,11.330035209655762,50875100
2021-10-15,11.39603691214498,11.755371941773067,11.39603691214498,11.513370513916016,77211800
2021-10-18,11.41803839302537,11.476705202159508,11.359371583891232,11.41070556640625,48643800
2021-10-19,11.4400364921567,11.50603611360922,11.27136892792014,11.308035850524902,44668300
2021-10-20,11.315368724363479,11.850703385779514,11.271368279894807,11.762703895568848,105213700
2021-10-21,11.85070492025249,12.246706873656317,11.828704345487768,12.13670539855957,95855000
2021-10-22,12.041371992548713,12.129372890107389,11.902037820883649,11.938705444335938,60646800
2021-10-25,12.026705748239237,12.100039601325989,11.594038252990458,11.73337173461914,67808000
2021-10-26,11.799371887002595,11.894704915488406,11.51337070345483,11.689371109008789,64882300
2021-10-27,11.579372529349524,11.674706269539907,11.366705170267448,11.374038696289062,96094300
2021-10-28,12.36404037475586,12.892041576288783,12.254038900550508,12.36404037475586,215237600
2021-10-29,12.364040111510604,12.730707954450049,12.136705041804841,12.525373458862305,100560700
2021-11-01,12.83337610256966,13.1780434143541,12.518041494538773,13.16337776184082,125246500
2021-11-02,13.310042072183867,13.33937617024364,13.002041036190152,13.207375526428223,115146200
2021-11-03,13.141375892205797,13.80871127199256,13.112041792610977,13.662043571472168,104755500
2021-11-04,13.874710948746356,14.30004558189995,13.728043255082307,14.241378784179688,157505500
2021-11-05,14.45404434767281,14.461377871694067,13.926043206682486,14.146044731140137,122232200
2021-11-08,14.226712540657255,14.974715302991429,14.109378938572704,14.776714324951172,153490400
2021-11-09,15.040714470354397,15.040714470354397,14.234044969119143,14.754714012145996,164928500
2021-11-10,14.578712600121337,15.011380760167421,13.977377570559469,14.197379112243652,229109600
2021-11-11,14.40271412230755,14.549381836277979,14.124047144236116,14.336713790893555,96436500
2021-11-12,14.212042225371242,14.388043986786961,14.087375126958925,14.300043106079102,77837900
2021-11-15,14.270715210505177,14.630051013950755,14.03604795834026,14.564050674438477,84838600
2021-11-16,14.593380363028196,14.710713964840789,14.322046933359148,14.512714385986328,66557200
2021-11-17,14.47605101446048,14.674052050216988,14.256050796104768,14.637384414672852,80855200
2021-11-18,14.858492342930957,14.932195463645456,14.268870188755166,14.416275024414062,111368800
2021-11-19,14.47523454259508,14.49734589642035,14.18042352044067,14.290977478027344,64610400
2021-11-22,14.29097750174313,15.322818189650663,14.2320152972144,15.094338417053223,137861700
2021-11-23,15.057490939346124,15.131194062959397,14.718457133033134,14.887974739074707,90984500
2021-11-24,14.718451559473184,14.99115259184525,14.578417223983122,14.924819946289062,77324300
2021-11-26,14.489977037018907,14.62264236300551,14.349941258947494,14.556309700012207,49434000
2021-11-29,14.792159866303704,14.880603893459758,14.36468344755137,14.49734878540039,68778700
2021-11-30,14.460494211328419,14.703713466291338,14.025647451581113,14.143571853637695,103238400
2021-12-01,14.467860133126303,15.086963813157828,14.394158452078775,14.431009292602539,125295600
2021-12-02,14.372050485125994,14.821638155276267,14.209904780601695,14.64475154876709,94142300
2021-12-03,15.013264753347762,15.03537469921452,13.951943772882709,14.106719017028809,120275200
2021-12-06,14.1730532440296,14.364680762236684,13.716096505494889,14.165682792663574,88147400
2021-12-07,14.48260692264219,14.784788436315777,14.386793854845456,14.711085319519043,75885600
2021-12-08,14.87322977833302,14.880600229261967,14.556307417237099,14.600528717041016,63246800
2021-12-09,14.563678878003092,14.688973740943544,14.401533163632454,14.423643112182617,63357600
2021-12-10,14.571052382391509,15.83874077451412,14.56368192940723,15.809260368347168,169657200
2021-12-13,15.654480972736714,15.698702277260765,14.836379107307177,15.057488441467285,126632300
2021-12-14,14.593161045587893,14.873232611152472,14.283609076462328,14.77741813659668,124559700
2021-12-15,14.733189994150273,14.983779634143914,14.408897270787433,14.880596160888672,79679700
2021-12-16,15.160670369319492,15.551295834801017,14.932192013094719,14.99852466583252,107020900
2021-12-17,14.762677215122281,14.917452481885402,14.44575482420362,14.571049690246582,98710700
2021-12-20,14.342567859890808,14.460493663247531,14.040386415352861,14.313087463378906,74565600
2021-12-21,14.55630850920624,14.585790315133668,14.246756575817642,14.453125,58930900
2021-12-22,14.475233977892238,14.991154300862933,14.475233977892238,14.843748092651367,75806400
2021-12-23,14.799525105323998,15.042744337106813,14.740562909915123,14.924819946289062,50610500
2021-12-27,14.932193253819745,15.39652045579581,14.814268840436304,15.330187797546387,59651800
2021-12-28,15.227005654327913,15.521816714254054,15.175413894562091,15.300708770751953,53020500
2021-12-29,15.263853280024328,15.308075983983823,15.072227185945414,15.153299331665039,37883000
2021-12-30,15.175407637963142,15.448107228801007,15.086963653564453,15.086963653564453,51470100
2021-12-31,15.079599910640372,15.48496636123709,15.079599910640372,15.308079719543457,51899600
2022-01-03,15.676592727265417,16.126179047215242,15.521816048833212,16.045106887817383,110449000
2022-01-04,16.597874626709036,18.101411353533926,16.524171528995048,17.91715431213379,311645200
2022-01-05,17.73289652878154,18.388852524643912,17.29804981680982,17.438085556030273,253540000
2022-01-06,17.755010301103518,18.145635771895474,17.21698002671124,18.0277099609375,155058800
2022-01-07,18.18248804809007,18.35937466975221,17.718160841948194,18.012971878051758,127017500
2022-01-10,17.76238207252459,18.012971803619628,17.209610854950817,17.578125,122800700
2022-01-11,17.526530368458943,17.946636199951172,17.15801628388405,17.946636199951172,106011600
2022-01-12,18.138264862313168,18.30778101476456,17.696047651151897,18.035079956054688,104050000
2022-01-13,18.160377214323958,19.06692310928905,17.96138063785011,18.440448760986328,185780500
2022-01-14,18.035079386387512,18.632073235194603,17.909784537278956,18.56574058532715,146012200
2022-01-18,18.329895117433768,18.521521245443154,17.909787790050196,17.96875,110518100
2022-01-19,18.167749113804437,18.36674711190482,16.51680572693064,16.546287536621094,153198200
2022-01-20,16.12617352812112,16.863201596981256,15.897695220389936,15.956657409667969,152014100
2022-01-21,15.632368529372856,15.846107396938287,15.138560950728232,15.219633102416992,145532900
2022-01-24,14.688973279015919,15.086967803871609,13.856130567493556,15.028005599975586,186674000
2022-01-25,14.740567167980522,14.969045565468612,14.416274296669343,14.725826263427734,116775800
2022-01-26,15.484962840317824,15.507074192665698,14.423641825705596,14.67423152923584,135786400
2022-01-27,14.96904184269475,15.219631534690814,14.305716766257389,14.408900260925293,105674400
2022-01-28,14.312593740608024,14.482981424901636,14.016267025967561,14.475574493408203,87677100
2022-01-31,14.505208009855087,15.06082118910847,14.349636997902884,15.038596153259277,91361900
2022-02-01,15.268251813199246,15.446047874918035,14.7570872526343,15.305292129516602,117651800
2022-02-02,15.416413184128823,15.594209230770213,14.94969873831985,15.283065795898438,95377600
2022-02-03,14.94229177433049,15.27566027572259,14.720047048734093,14.734862327575684,103016000
2022-02-04,13.719944110563828,13.771801123361158,12.97912641232169,13.305085182189941,211100500
2022-02-07,13.134697468719613,13.423617332268503,13.112473842060362,13.253228187561035,84610000
2022-02-08,13.02357384888314,13.268043609700158,12.608716372677971,13.127287864685059,142694300
2022-02-09,13.534735475442776,13.653266157247652,13.356939452735464,13.594000816345215,87118600
2022-02-10,13.312491546760214,13.801431041766604,13.27545123256174,13.39398193359375,76195300
2022-02-11,13.408795094697847,13.601407786420232,12.90503904142346,13.001344680786133,94534100
2022-02-14,12.971715033377597,13.13469438021199,12.808735686543207,12.934673309326172,78625000
2022-02-15,13.186552500289027,13.431022247792223,13.127287149773023,13.39398193359375,65883300
2022-02-16,13.25322525930254,13.490286644607417,13.142102911565546,13.342123985290527,57442100
2022-02-17,13.231000769470572,13.290266111908405,12.964306022001711,12.993939399719238,55368600
2022-02-18,13.038390175935993,13.69030904888394,13.016165139029631,13.364350318908691,106404200
2022-02-22,13.090245888814426,13.156919579947392,12.645755085593757,12.808735847473145,98550700
2022-02-23,12.964305181618967,13.134692853458077,12.504997747751444,12.556856155395508,79855400
2022-02-24,11.845672645739233,12.734654285257045,11.823448316700892,12.705020904541016,110443900
2022-02-25,12.77910513203014,13.26063634715929,12.682799454203352,13.208779335021973,78888000
2022-02-28,12.84577633281154,13.097654410944891,12.749469260761968,13.008755683898926,82367800
2022-03-01,12.897633335115168,12.897633335115168,12.186449170721563,12.37165355682373,94819500
2022-03-02,12.964309240007996,13.519922493151196,12.816145140637447,13.40880012512207,138638200
2022-03-03,13.519918354643076,13.519918354643076,12.91985662056935,13.038387298583984,95395500
2022-03-04,12.853184453915361,12.882816420416281,12.32720327180032,12.482775688171387,91304000
2022-03-07,12.475368504523274,12.519817164910656,11.830857276916504,11.830857276916504,87999200
2022-03-08,11.897531663106054,12.386471223713317,11.682695268535035,11.8753080368042,101020300
2022-03-09,12.33461289383491,12.467960289389469,12.060511170081607,12.127184867858887,62846700
2022-03-10,11.934570100927806,12.156814780584948,11.675283699329665,12.097549438476562,72992600
2022-03-11,12.149407630756487,12.208672978691988,11.86048923619559,11.88271427154541,54985900
2022-03-14,11.919755502238896,12.023469515865157,11.490081343361934,11.660469055175781,66341700
2022-03-15,11.682694181150305,11.956795908676504,11.504897415797352,11.897530555725098,65263700
2022-03-16,12.20126641026834,12.319797123399246,11.897531281245701,12.282756805419922,82677600
2022-03-17,12.023470340571983,12.282756805419922,11.971613330201906,12.282756805419922,58500200
2022-03-18,12.164223726059422,12.519815796281058,12.060509725494098,12.49018383026123,89144000
2022-03-21,12.497594272770854,12.67539033772523,12.097552066875373,12.208674430847168,72583600
2022-03-22,12.386469869605403,12.823552370395669,12.371654591356329,12.66057300567627,77647100
2022-03-23,12.460553203465809,12.630940931456697,12.275348782693731,12.356839179992676,63296800
2022-03-24,12.401285710949177,12.579081754730122,12.32720367279111,12.4679594039917,56314200
2022-03-25,12.401287395047824,12.430920779534214,12.104960615171644,12.201266288757324,62023100
2022-03-28,12.260531345933426,12.356838430169567,12.060511657515113,12.349430084228516,54634400
2022-03-29,12.601308354975911,13.186553561809133,12.601308354975911,13.149513244628906,90676900
2022-03-30,12.979126855196501,13.0828408843301,12.742065409749607,12.793922424316406,57853400
2022-03-31,12.742064246505985,12.853186612289967,12.22349132218401,12.527226448059082,52529400
2022-04-01,12.601307636457456,12.705021649046403,12.104959784357224,12.334612846374512,64695700
2022-04-04,12.342021942138672,12.393878951585027,12.119777212226428,12.342021942138672,51146500
2022-04-05,12.193858987678512,12.312391122785014,11.712328458985485,11.719736099243164,91708000
2022-04-06,11.556753886066154,11.704917252503176,11.245610463299082,11.401182174682617,102881600
2022-04-07,11.16412175192507,11.267836477194994,10.78630528761779,11.082632064819336,101229100
2022-04-08,11.06781495311285,11.438223763821426,10.971509284047508,11.14930534362793,75085800
2022-04-11,11.030774202877696,11.682693768833738,11.030774202877696,11.319692611694336,66117100
2022-04-12,11.482672463715206,11.645652528761767,11.319692398668645,11.378957748413086,49138700
2022-04-13,11.341917458759617,11.519713508370147,11.275243763530993,11.490080833435059,51871800
2022-04-14,11.482673098670302,11.675285849239952,11.45304042215949,11.467856407165527,39312900
2022-04-18,11.386367570604243,11.697511050368213,11.386367570604243,11.608613014221191,40205800
2022-04-19,11.660469664156103,12.023470143803562,11.660469664156103,11.964204788208008,55398300
2022-04-20,12.023468848939508,12.260530245791463,11.860489491853134,11.890121459960938,47351500
2022-04-21,12.208674032304442,12.27534773111051,11.564162788010337,11.630836486816406,49898500
2022-04-22,11.5197158921481,11.586389601173533,11.112265997602893,11.208572387695312,56193700
2022-04-25,11.119077805545622,11.33534421550194,10.902811395589303,11.327886581420898,58361400
2022-04-26,11.260773008331109,11.290602841403272,10.940101769405864,10.969931602478027,60345300
2022-04-27,11.029589998212526,11.260771711293318,10.887898485239887,11.074335098266602,65847900
2022-04-28,11.119081343889523,11.178741013124663,10.365877130796699,10.902814865112305,131556500
2022-04-29,10.88044181452188,11.163825576786797,10.515026191285266,10.559770584106445,83184900
2022-05-02,10.455366164683264,10.656717347804937,10.306216297245847,10.641802787780762,64734000
2022-05-03,10.67163185641216,10.999759976687379,10.589599292943937,10.858068466186523,55734200
2022-05-04,10.820783332134859,11.186198995293253,10.634346682213303,11.171283721923828,59774900
2022-05-05,11.051961699741543,11.051961699741543,10.69400376007019,10.835695266723633,57889200
2022-05-06,10.783493959596175,10.887898721185357,10.44045055574515,10.597057342529297,66622200
2022-05-09,10.32858736068751,10.567225968077539,9.925884355117264,9.97062873840332,71242000
2022-05-10,10.291302904180624,10.32113273881074,9.709620773293706,9.955717086791992,75506700
2022-05-11,9.84385445624689,10.157068068549234,9.538098480237302,9.567928314208984,71644900
2022-05-12,9.105563966218417,9.545554475037694,9.060818867355772,9.277085304260254,113203900
2022-05-13,9.605213725344987,10.164523525810889,9.59775609065097,10.06757640838623,78944200
2022-05-16,10.060121879891666,10.082494790881658,9.679790927454693,9.731993675231934,65055400
2022-05-17,9.948258090523497,10.089949607849121,9.814023497436608,10.089949607849121,50891400
2022-05-18,9.881141675784903,9.9631735393257,9.478438571785793,9.530640602111816,68362500
2022-05-19,9.426235095022554,9.7841930386719,9.418777460063389,9.582841873168945,58459600
2022-05-20,9.731992440366085,9.784194470320145,9.001160465012655,9.321831703186035,78183400
2022-05-23,9.426236780643325,9.657417816124035,9.321832006142763,9.567928314208984,51929600
2022-05-24,9.396406345179784,9.456066009304157,9.150310052866915,9.262171745300293,51082800
2022-05-25,9.195054612052639,9.553013314487416,9.187596976102071,9.478438377380371,41193100
2022-05-26,9.545556270662296,9.843854615195754,9.53809863424912,9.784194946289062,45709200
2022-05-27,9.888598908269335,10.164525032043457,9.873683636671078,10.164525032043457,54195700
2022-05-31,10.201812744140625,10.306216803031395,9.955716446470506,10.201812744140625,79689900
2022-06-01,10.350961358777116,10.41807865661864,9.993002674022087,10.104865074157715,50726200
2022-06-02,10.171982788343902,10.41062144714868,10.142152955993305,10.358419418334961,42979700
2022-06-03,10.164523525810889,10.276385201424393,9.963171656267553,10.06757640838623,43625200
2022-06-06,10.246556192845745,10.246556192845745,9.97808772319537,10.037747383117676,37711100
2022-06-07,9.88860016010998,10.26893109962176,9.8363974141068,10.24655818939209,38940300
2022-06-08,10.16452453983056,10.328588963470175,10.022832311305677,10.089949607849121,39441900
2022-06-09,10.075035983385337,10.13469565002868,9.90351390838623,9.90351390838623,30468000
2022-06-10,9.694705963134766,9.851312780217995,9.418779801835626,9.508269309997559,55644400
2022-06-13,9.172681839599193,9.232341501060061,8.755063498173856,8.807266235351562,80676300
2022-06-14,8.94150054140203,9.262171770336819,8.88184087711639,9.09810733795166,82369300
2022-06-15,9.113022096803045,9.262171249124032,8.94895767365033,9.150309562683105,70393200
2022-06-16,8.79981017031605,8.88184204166464,8.292702246199042,8.389649391174316,80380100
2022-06-17,8.382191561507483,8.531340738345817,8.128637605282627,8.374733924865723,80248800
2022-06-21,8.61337048967603,8.69540233219135,8.464221361830381,8.546253204345703,66283400
2022-06-22,8.39710496820148,8.710318525537536,8.35981750448067,8.561168670654297,46098900
2022-06-23,8.576084480691767,8.635744141922377,8.389647861546294,8.620829582214355,53655000
2022-06-24,8.687945994991496,9.038447031153163,8.628286334946862,8.956415176391602,55457600
2022-06-27,9.03844900258619,9.083194112978928,8.874384546078689,8.978789329528809,44009900
2022-06-28,9.053362516677458,9.27708589155608,8.799808599869138,8.807266235351562,45866900
2022-06-29,8.755064285110187,8.769979557415674,8.48659578440538,8.5910005569458,39474200
2022-06-30,8.382191321457709,8.471680824997902,8.151010281778714,8.300159454345703,59238200
2022-07-01,8.277785999246824,8.576084299083057,8.195753433392424,8.441849708557129,54356000
2022-07-05,8.240498093074693,8.359817406625226,7.912369269611523,8.352359771728516,87269800
2022-07-06,8.315073822306433,8.404564034961343,8.083892788012706,8.247957229614258,71282900
2022-07-07,8.449307670485808,8.740149057468905,8.449307670485808,8.687946319580078,63000400
2022-07-08,8.68794531307813,8.784892430841133,8.56116836763414,8.665573120117188,55235600
2022-07-11,8.605914076834466,8.695403566242193,8.404562903466887,8.419477462768555,48833600
2022-07-12,8.419477692161598,8.740148904675577,8.404563132453577,8.620829582214355,58414500
2022-07-13,8.434392721315692,8.635743894397901,8.329987961555023,8.583541870117188,48274300
2022-07-14,8.367275925127677,8.501509811447862,8.307616262052198,8.49405288696289,48176300
2022-07-15,8.635747157760953,8.874385886022552,8.568629837637502,8.859471321105957,49306900
2022-07-18,9.060819944005015,9.135394880571031,8.874383313789279,8.91912841796875,45873400
2022-07-19,9.113023249724035,9.46352362422159,9.105565613364679,9.388949394226074,62650800
2022-07-20,9.396406467945392,9.560470190831293,9.329289167128747,9.493352890014648,51932200
2022-07-21,9.605214565230478,9.694704055786133,9.418777948773053,9.694704055786133,66949200
2022-07-22,9.76928305145061,9.799112894046814,9.4858991911869,9.560473442077637,46724700
2022-07-25,9.582844638148547,9.68724871290416,9.396407977571334,9.575387001037598,36830500
2022-07-26,9.456065490544246,9.51572515139569,9.292001067603147,9.35166072845459,49272300
2022-07-27,9.508267141898717,9.836395263671875,9.418777654142401,9.836395263671875,64572300
2022-07-28,10.395706516415819,10.5075689247998,9.97808884980707,10.440451622009277,144096500
2022-07-29,10.522483208689861,11.029591073127694,10.447908982930908,10.955016136169434,94551600
2022-08-01,10.9326419457567,11.506867006494678,10.850610099022349,11.439749717712402,109521700
2022-08-02,11.335348941565945,11.52178560412854,11.275689266441868,11.305519104003906,74626800
2022-08-03,11.544155948890706,12.043806181140559,11.529241388106769,11.700762748718262,95846000
2022-08-04,11.670932696289874,11.6858479679924,11.41737947814063,11.46212387084961,85039800
2022-08-05,11.357719856567208,11.536699572883457,11.283145626701504,11.40992259979248,68093500
2022-08-08,11.611273634747096,11.961775425961857,11.596359073469491,11.7678804397583,75988100
2022-08-09,11.678387560039459,11.708217385164499,11.298056756295859,11.327886581420898,67676800
2022-08-10,11.651759229402806,11.734609228937188,11.470994483966816,11.674354553222656,71607000
2022-08-11,11.90031059688091,11.990692615393838,11.75720519551612,11.922905921936035,61567000
2022-08-12,12.013287837098277,12.216647197429745,11.930437833747296,12.18652057647705,53182500
2022-08-15,12.050946778894813,12.38988023168515,12.005755412425302,12.29196548461914,51779600
2022-08-16,12.276901195868522,12.563111980281818,12.246774576584622,12.374815940856934,54028900
2022-08-17,12.171456864963472,12.254307588766425,11.975628795619606,12.073543548583984,57118300
2022-08-18,12.043415807601425,12.209115822988585,11.945501770349487,12.163925170898438,39414200
2022-08-19,12.013288232859333,12.156392919414943,11.877715560936243,11.960565567016602,48597200
2022-08-22,11.358016967773438,11.455930993841255,11.229975604322629,11.358016967773438,71321800
2022-08-23,11.36554727437165,11.6140979500174,11.36554727437165,11.538779258728027,51289000
2022-08-24,11.5387813824213,11.79486411798604,11.47852670561694,11.68941879272461,39508700
2022-08-25,11.749674469551753,12.081075938473951,11.73461043992235,11.998225212097168,56401300
2022-08-26,12.05847815024908,12.118732823468308,11.6065673828125,11.6065673828125,54517300
2022-08-29,11.448400353991682,11.832524490447769,11.440868339168825,11.727078437805176,50416500
2022-08-30,11.824992882790873,11.90031159702793,11.425805421236454,11.636696815490723,66034400
2022-08-31,11.6894191628775,11.6894191628775,11.478527069091797,11.478527069091797,52058200
2022-09-01,11.373078606833458,11.463460599998786,11.13205924010035,11.440864562988281,65299800
2022-09-02,11.696950077972554,11.727077416347345,11.342954031641838,11.418272018432617,64565400
2022-09-06,11.4634636759977,11.478526986421087,11.1772535950291,11.320358276367188,58676700
2022-09-07,11.229975520950855,11.666822268907252,11.139593509472881,11.621631622314453,55087200
2022-09-08,11.418270807605468,11.659289489045479,11.312825493621627,11.651758193969727,60075900
2022-09-09,11.749671912883857,11.82498988976467,11.538779853716038,11.61409854888916,63328600
2022-09-12,11.712014092710303,11.855118770251345,11.636695387714552,11.704482078552246,52656500
2022-09-13,11.297763459003972,11.395677495177102,11.071808046165401,11.101935386657715,80842500
2022-09-14,11.116999043853879,11.184785737265203,10.883511624136256,11.041680335998535,59571800
2022-09-15,11.06427500773466,11.455931116188752,11.056743712027766,11.214912414550781,61377000
2022-09-16,11.011554337476907,11.10193636693438,10.898576980228198,11.086873054504395,68454800
2022-09-19,10.921170515431255,11.26763526396284,10.913638501306298,11.245039939880371,48696200
2022-09-20,10.612364586078312,10.717809905360639,9.798925777051734,9.859180450439453,196340000
2022-09-21,9.97215855964539,10.235773314954235,9.82905387878418,9.82905387878418,94271600
2022-09-22,9.881776182565112,9.972158196389172,9.603098127034492,9.618162155151367,82004400
2022-09-23,9.28676035360354,9.369610350104853,9.000550295291227,9.271697044372559,104043700
2022-09-26,9.19637850970267,9.324419872797925,8.98548714860735,9.030677795410156,89300400
2022-09-27,9.196378124169591,9.20391013775176,8.782126714950856,8.970422744750977,87044400
2022-09-28,8.970423234245793,9.21897394968139,8.857445897517753,9.173783302307129,72701600
2022-09-29,8.925231919171718,8.947827241168483,8.556171162332088,8.639021873474121,84534900
2022-09-30,8.578766689350896,8.684211997888534,8.428129302938911,8.435661315917969,71688200
2022-10-03,8.571235189191489,8.72940387975352,8.382939163202991,8.639021873474121,66198300
2022-10-04,9.008081443509123,9.316886795142452,8.993017417433204,9.309354782104492,87629200
2022-10-05,9.324420637197761,9.459994025305017,9.136124584067659,9.422334671020508,87919100
2022-10-06,9.309354782104492,9.51271482437559,9.181313433628386,9.309354782104492,64531900
2022-10-07,9.173784230590886,9.26416625277744,9.038210838164826,9.188847541809082,56494500
2022-10-10,8.639021167937749,8.69927583386977,8.43566113169797,8.556170463562012,115548900
2022-10-11,8.510979129082653,8.94029376840541,8.4205971375564,8.706807136535645,75173200
2022-10-12,8.64655249195868,8.81225318298318,8.548639198204311,8.691743850708008,59628500
2022-10-13,8.46578880712165,8.95535888548873,8.43566147293693,8.86497688293457,70487400
2022-10-14,8.887572566110526,8.925231914948874,8.706808553637254,8.789658546447754,55127700
2022-10-17,9.023145019854605,9.030677033116744,8.78212634180471,8.910167694091797,59561700
2022-10-18,9.203911683337134,9.226507009585657,8.970424251127504,9.060806274414062,53603400
2022-10-19,8.970422946160188,9.143655670977845,8.932763595696144,9.136123657226562,54130000
2022-10-20,9.136122890597049,9.188845545847233,8.834848830457545,8.86497688293457,55568100
2022-10-21,8.842379907754498,9.226503916675618,8.797189270406266,9.181312561035156,55132700
2022-10-24,9.264163766667314,9.52777774772879,9.173781768735472,9.399736404418945,64717700
2022-10-25,9.475057856509677,9.813990627103001,9.384675832237622,9.66335391998291,66391600
2022-10-26,9.64075944101625,9.83658753663404,9.42986803250846,9.65582275390625,86833600
2022-10-27,9.618162218964594,9.957094952626623,9.35454747150946,9.791394233703613,88421500
2022-10-28,9.791395541953829,10.024882982464504,9.768800214901988,9.987223625183105,55777900
2022-10-31,9.904370519092819,10.175517251827092,9.896839224077562,10.07007122039795,54676700
2022-11-01,10.220707980101135,10.280962650478306,9.911902614845047,10.092666625976562,47454700
2022-11-02,9.95709439062395,10.296027105155792,9.83658504486084,9.83658504486084,73673500
2022-11-03,9.648290846235511,10.137860336016203,9.61816350406889,9.987223625183105,58782600
2022-11-04,10.220707724721915,10.37134511519328,9.99475307559949,10.175517082214355,61489100
2022-11-07,10.250836848896814,10.363814911475679,10.070072810721554,10.318623542785645,48176900
2022-11-08,10.378878433605774,10.3939424629068,10.175519066089077,10.333687782287598,52731900
2022-11-09,10.220707723911815,10.318621740393516,10.00228436969642,10.024880409240723,74199200
2022-11-10,10.311092985445256,10.81572653538499,10.2960296726148,10.680153846740723,75638500
2022-11-11,10.740407147971915,11.049212563198596,10.695215778730049,10.921171188354492,60187600
2022-11-14,10.82984426646587,10.921171774726538,10.700465202331543,10.700465202331543,57691600
2022-11-15,10.875505976881957,11.096212507802,10.80701072145839,10.883116722106934,61835700
2022-11-16,10.730907325184846,10.784181099484673,10.533032269498712,10.578695297241211,47484200
2022-11-17,10.396040380270696,10.586304664611816,10.312324356448835,10.586304664611816,54317900
2022-11-18,10.715684398571307,10.753737400466646,10.517809369356057,10.647189140319824,37101900
2022-11-21,10.5482506965734,10.685241201009607,10.39603942820016,10.616745948791504,34087100
2022-11-22,10.692851898483946,10.768957169432952,10.639577410439008,10.708072662353516,28738800
2022-11-23,10.654798915761328,10.700462659038273,10.54064064626983,10.677630424499512,25974200
2022-11-25,10.624357171937548,10.738515446906403,10.57869342646964,10.715683937072754,12980900
2022-11-28,10.60913711310907,10.624358605585893,10.42648355819143,10.449315071105957,35249700
2022-11-29,10.540643639014162,10.578695922448242,10.4340953583167,10.464537620544434,28380800
2022-11-30,10.487368515955474,10.61674830422712,10.23621968596951,10.578695297241211,61537300
2022-12-01,10.723294682284175,10.928779722388235,10.654799426982617,10.715683937072754,45335100
2022-12-02,10.533029435146123,10.631966936365911,10.46453418616315,10.548250198364258,42417400
2022-12-05,10.464535343576136,10.479756834278366,10.175333552439412,10.182944297790527,39714500
2022-12-06,10.213386483098748,10.327544759377249,9.939406184549975,10.10683822631836,39996000
2022-12-07,10.045953909870228,10.213386680678244,9.962237887366538,9.9698486328125,36609800
2022-12-08,10.045954745608169,10.09161849628215,9.947017223981792,9.98507022857666,32376300
2022-12-09,9.924184850064071,10.167722897049492,9.924184850064071,10.030733108520508,41553600
2022-12-12,10.045953749859038,10.251439518823274,9.969848474013508,10.243828773498535,35473800
2022-12-13,10.487368163011483,10.593916433826083,10.175334822669596,10.327546119689941,57872100
2022-12-14,10.327545631131771,10.487367666892721,10.167723595370822,10.259050369262695,51199900
2022-12-15,10.068785763248279,10.091618000363603,9.85568996410987,9.916574478149414,55725300
2022-12-16,9.718700952165632,9.75675323215067,9.193571069083786,9.224013328552246,118345700
2022-12-19,9.224011909131978,9.262064909062016,8.78259885186498,8.896757125854492,88062500
2022-12-20,8.866315081371189,8.889147317351135,8.462955014466912,8.729325294494629,82057900
2022-12-21,8.83587310484621,8.972863621848687,8.790210083045814,8.965252876281738,49256000
2022-12-22,8.782600105291856,8.782600105291856,8.44773525487792,8.60755729675293,75158700
2022-12-23,8.57711342251239,8.676050201699338,8.539060424317103,8.645607948303223,38200700
2022-12-27,8.584723504123499,8.668440245923833,8.470565234505596,8.523838996887207,44837400
2022-12-28,8.508618762261712,8.561892527957246,8.295522247878328,8.333575248718262,49375400
2022-12-29,8.432512216773985,8.790209240320698,8.409680708062663,8.782598495483398,53550300
2022-12-30,8.676050733797217,8.85870499117658,8.668440714331899,8.851094245910645,39232200
2023-01-03,8.995695295142001,9.071801300584077,8.805431007337472,8.889147758483887,45809000
2023-01-04,9.04135941521388,9.193570706554041,8.934811148375422,9.140296936035156,53429700
2023-01-05,9.216402097720545,9.421887882680624,9.041359296429228,9.32295036315918,50785600
2023-01-06,9.224013198845649,9.581710286920723,9.20879243222581,9.57409954071045,53089100
2023-01-09,9.695867025039147,9.840468276687945,9.551266499190941,9.657814025878906,50865500
2023-01-10,9.650207411314415,9.794807988178214,9.513216856327036,9.771976470947266,47065500
2023-01-11,9.840469742993175,10.091618558753032,9.810027484288971,10.061176300048828,51911600
2023-01-12,10.099227839540607,10.297102129507186,9.977458096591167,10.220996856689453,58113700
2023-01-13,9.612152585464079,9.756753135050003,9.4903835488021,9.680647850036621,96444000
2023-01-17,9.67303659502772,9.779584859403247,9.459940792077337,9.642594337463379,60774900
2023-01-18,9.733921124770974,9.77958487408638,9.437108568722516,9.444719314575195,48774400
2023-01-19,9.353392232707565,9.406666000314804,9.163127947480966,9.269676208496094,52918500
2023-01-20,9.292507505761987,9.452329530708287,9.193569992623742,9.437108039855957,44349200
2023-01-23,9.497992597853127,9.825247394763343,9.459940322138516,9.741531372070312,49688000
2023-01-24,9.65020546686535,9.817637527223704,9.604541715803535,9.695868492126465,41537400
2023-01-25,9.589322388937704,9.779586716291226,9.50560562038964,9.733922958374023,37739000
2023-01-26,9.88613281081876,9.94701732848995,9.673036998969586,9.83285903930664,48970900
2023-01-27,9.802418156629372,10.175336061169423,9.794807409401827,10.099230766296387,62114600
2023-01-30,9.90135389524206,10.045954437304022,9.787194884960929,9.810027122497559,64512600
2023-01-31,10.190554569827755,10.327544350782018,10.084006317262803,10.281881332397461,83093300
2023-02-01,10.289493835286674,10.647190201677917,10.266661596393067,10.494978904724121,70641000
2023-02-02,10.784179090308363,11.111433873296036,10.677630835758734,10.898337364196777,102579800
2023-02-03,9.931794934335372,10.35798648818882,9.72630917651988,10.068784713745117,165500200
2023-02-06,10.015511635730203,10.0535646370904,9.726309841513599,10.000290870666504,77262800
2023-02-07,9.954625541093378,10.281880284636829,9.878519550473802,10.23621654510498,70671100
2023-02-08,10.122060714138435,10.418872552024604,10.122060714138435,10.213387489318848,62028400
2023-02-09,10.396040462750095,10.601526239853085,10.198165431273289,10.266660690307617,78667100
2023-02-10,10.388017083120221,10.43655878637417,10.121035400554124,10.299022674560547,68205200
2023-02-13,10.282842154415901,10.598366305361582,10.274751613519653,10.590275764465332,64201900
2023-02-14,10.509372029492726,10.671178991650507,10.371835918769497,10.493191719055176,75352900
2023-02-15,10.315203091320841,10.468919503785115,10.193848069457278,10.460829734802246,65850000
2023-02-16,10.29902397870918,10.630729260211277,10.121036682164513,10.444650650024414,64145500
2023-02-17,10.37183474155466,10.468918907830167,10.234298646441932,10.428467750549316,54401000
2023-02-21,10.290933385587312,10.363746715424687,9.845963636680626,9.870234489440918,77724200
2023-02-22,9.902594404126742,9.959227414181408,9.821691316494393,9.878323554992676,52844700
2023-02-23,9.967318371669485,9.999679764893484,9.611343046205493,9.765059471130371,57952800
2023-02-24,9.562800906469846,9.692246483912418,9.506168659227846,9.611343383789062,50631600
2023-02-27,9.69224494820743,10.048221001327748,9.676064639369077,9.75696849822998,60378100
2023-02-28,9.765059471130371,9.854053881163725,9.71651776707261,9.765059471130371,59796800
2023-03-01,9.991589202837169,10.145305615571033,9.84596255910036,9.967317581176758,85328800
2023-03-02,10.015859556405996,10.153395652770996,9.894503768789386,10.153395652770996,78214100
2023-03-03,10.290932275198019,10.606455641706415,10.234299262792694,10.582184791564941,80080200
2023-03-06,10.582183685019555,10.663087539106492,10.460828675445482,10.501279830932617,50571200
2023-03-07,10.46892031971744,10.50128171284035,10.339474747225799,10.379926681518555,46540400
2023-03-08,10.339472894315074,10.525551450092498,10.28284065938802,10.501279830932617,46421000
2023-03-09,10.533641400128392,10.582183092618074,10.064400152871627,10.072490692138672,65423500
2023-03-10,10.056313132456378,10.12103592116184,9.70842756449715,9.789331436157227,73897400
2023-03-13,9.651794394508611,9.959227997245593,9.158282213366107,9.732697486877441,119167600
2023-03-14,9.878325149380073,9.9592290216269,9.522349808918348,9.651795387268066,93844200
2023-03-15,9.303907010646377,9.489984780512293,9.158280393146947,9.473804473876953,108909300
2023-03-16,9.328179187373944,9.619432463930439,9.239185559290785,9.562799453735352,74017200
2023-03-17,9.465714191203588,9.489985037592223,8.996473712723082,9.14210033416748,249885100
2023-03-20,9.16637226022501,9.287727278018382,9.020745621627858,9.04501724243164,74975100
2023-03-21,9.223004512396296,9.530438099017024,9.206824203393303,9.48189640045166,74794900
2023-03-22,9.514256879086913,9.659882732396682,9.279636634333954,9.287726402282715,69729100
2023-03-23,9.425264097997424,9.530438814864077,9.117831259841294,9.23918628692627,74225300
2023-03-24,9.15828213515,9.311999320983887,9.045017652489685,9.311999320983887,72425300
2023-03-27,9.40908200476329,9.465714237130308,9.231093996751701,9.320088386535645,55941100
2023-03-28,9.344360424668073,9.425263513858535,9.27154710430718,9.384812355041504,41385900
2023-03-29,9.53043851134006,9.756969019633624,9.47380627004488,9.748878479003906,48655400
2023-03-30,9.934956982300276,10.023951392368161,9.870234195827166,9.943047523498535,57751300
2023-03-31,10.040130478460235,10.218118505327611,10.023950169593954,10.19384765625,66868200
2023-04-03,10.137213937393273,10.299020872522217,10.096762010721957,10.258569717407227,55956300
2023-04-04,10.331383630679074,10.396106408486792,10.121034217025802,10.290931701660156,54655700
2023-04-05,10.177666624890291,10.234298863529851,9.886414119885778,10.05631160736084,53332900
2023-04-06,10.048220918465919,10.096762616137063,9.943046211436611,9.975407600402832,36355800
2023-04-10,9.870232874353611,10.290931701660156,9.837871485449751,10.290931701660156,61326200
2023-04-11,10.347564928104921,10.57409467207778,10.347564928104921,10.412287712097168,63633600
2023-04-12,10.566003816369076,10.582184124925284,10.234298618068577,10.250479698181152,53845500
2023-04-13,10.226208291885065,10.226208291885065,9.886413343615274,10.080581665039062,75485700
2023-04-14,10.072490684474218,10.242388151171404,10.048219838247846,10.12912368774414,43542000
2023-04-17,10.112943090013014,10.258569717407227,10.080581702987226,10.258569717407227,40191100
2023-04-18,10.274751822933574,10.323294297743983,10.210029037557335,10.299022674560547,38865900
2023-04-19,10.193848126085873,10.193848126085873,9.845962596528357,9.886414527893066,69451800
2023-04-20,9.554712605014197,9.651796803017032,9.34436312356308,9.603254318237305,79563100
2023-04-21,9.627522941124692,9.643704022815896,9.433354590168882,9.554710388183594,46926500
2023-04-24,9.619432367834836,9.854052631852447,9.611341827665449,9.837871551513672,57794700
2023-04-25,9.805107082109831,9.813297889291622,9.583938883151335,9.641279220581055,63114700
2023-04-26,9.665851715095254,9.714999675384217,9.42830115718462,9.452875137329102,58105300
2023-04-27,9.510215759277344,9.59213007727133,9.370961887403265,9.510215759277344,53280300
2023-04-28,9.493832754186622,9.78053128635262,9.477449579163705,9.731383323669434,55045000
2023-05-01,9.837872794789869,10.067231804202825,9.821489617806792,9.878829956054688,59834200
2023-05-02,9.870638528843491,9.903404102152141,9.551173603189493,9.665853500366211,91090400
2023-05-03,9.616704278063384,9.903403616344816,9.608512689839834,9.657661437988281,94050700
2023-05-04,9.665850738412958,9.69042471607437,9.395534640559426,9.469257354736328,79792900
2023-05-05,9.657661474972326,9.862446494188188,9.600321919573599,9.821489334106445,64173300
2023-05-08,9.846063613891602,9.878829184104518,9.706809745188503,9.846063613891602,49943800
2023-05-09,9.739575871218937,9.772341443301718,9.649469962096648,9.715001106262207,42878300
2023-05-10,9.846063685309957,9.862446079938838,9.608512323052217,9.739575386047363,49193100
2023-05-11,9.690427594959855,9.73138475735843,9.633088036317586,9.723193168640137,43030800
2023-05-12,9.772339941579585,9.78053074744695,9.542980191053134,9.55936336517334,45155400
2023-05-15,9.58393800240811,9.600321177651841,9.493832882145965,9.5347900390625,53197000
2023-05-16,9.461069479460438,9.485643466760747,9.207135673380657,9.215327262878418,60514900
2023-05-17,9.297241888298785,9.53479252286501,9.272667119031489,9.420112609863281,50077500
2023-05-18,9.387344586640088,9.55117243311344,9.379152999018222,9.5347900390625,38181400
2023-05-19,9.551173690140388,9.641279603454135,9.452876969319577,9.54298210144043,43474200
2023-05-22,9.592131032476997,9.60851342899149,9.313623260994419,9.526599884033203,57417200
2023-05-23,9.44468407928202,9.755957376255516,9.44468407928202,9.608511924743652,56843800
2023-05-24,9.53479085586324,9.542981662993983,9.215325941978556,9.28085708618164,71391000
2023-05-25,9.280857375347086,9.436494433573273,9.280857375347086,9.32181453704834,51328900
2023-05-26,9.493833259122736,10.067231135144079,9.452876100579893,9.903403282165527,123257500
2023-05-30,10.362120028191429,10.468608315158818,10.247440935451724,10.312972068786621,86226900
2023-05-31,10.22286728554991,10.231058873405194,9.796914872581738,9.829680442810059,86275300
2023-06-01,9.887019929562655,9.977125832985033,9.698618097302793,9.919785499572754,64407800
2023-06-02,10.042656830027827,10.247441834973618,9.944360121396983,10.149145126342773,65261200
2023-06-05,10.370311615156472,10.386694789086562,10.23924934848668,10.312972068786621,49890200
2023-06-06,10.280206967110411,10.591480255126953,10.24744139896092,10.591480255126953,57258400
2023-06-07,10.665204789691654,11.14030599912687,10.632438434785737,11.13211441040039,99342000
2023-06-08,11.082963287000933,11.254982707472909,11.025623740574517,11.123920440673828,64254700
2023-06-09,11.328706630174485,11.492534481060577,11.22221833180032,11.254983901977539,70329500
2023-06-12,11.30413342094611,11.369664565782319,11.18126193848357,11.287750244140625,44584700
2023-06-13,11.386046912691702,11.607215111462521,11.377856105516862,11.57444953918457,61781100
2023-06-14,11.672745411466483,11.83657326100289,11.443386422115514,11.63178825378418,69748500
2023-06-15,11.566257445976406,11.877530759627014,11.566257445976406,11.836573600769043,61463400
2023-06-16,11.893911716064753,11.967633650820083,11.730083111205754,11.811997413635254,75398100
2023-06-20,11.713702564655145,11.81199927433928,11.451577224304645,11.648171424865723,56645800
2023-06-21,11.664552803200928,11.697318370241668,11.418810659799028,11.484342575073242,49984300
2023-06-22,11.394240015988942,11.713704974068312,11.377857618268264,11.6235990524292,46862500
2023-06-23,11.410619853933397,11.590830082061085,11.40242826687503,11.484342575073242,48260200
2023-06-26,11.476152827964512,11.656363084984964,11.45976965122109,11.558066368103027,44956300
2023-06-27,11.623597179236796,11.844765371770997,11.517109658230892,11.803808212280273,49813100
2023-06-28,11.787426066635684,12.115081787109375,11.77104289001557,12.115081787109375,58380800
2023-06-29,12.180613149469773,12.39358976219045,12.115082004200774,12.24614429473877,58488600
2023-06-30,12.328057878431915,12.475502555858323,12.2543351491223,12.39358901977539,54036900
2023-07-03,12.40997134762583,12.614756358518619,12.40997134762583,12.483694076538086,29412700
2023-07-05,12.459119253705566,12.631138682502005,12.385396529765268,12.573799133300781,52003900
2023-07-06,12.426354668411467,12.491885810166092,12.188804084252743,12.27071762084961,64841400
2023-07-07,12.278909208867146,12.483694222148557,12.237952049972296,12.27071762084961,53375500
2023-07-10,12.254336281504012,12.36082459132559,12.147847971682435,12.344441413879395,51882000
2023-07-11,12.344439737164054,12.491885189381065,12.262526204637886,12.475502014160156,45849700
2023-07-12,12.590182554936218,12.631139713935616,12.450928683053966,12.46731185913086,47636800
2023-07-13,12.50826758761722,12.51645839352609,12.35263055745757,12.44273567199707,49664300
2023-07-14,12.475502634131022,12.508268986201164,12.21337806711252,12.27071762084961,48747900
2023-07-17,11.94306458646984,11.984021754536167,11.541686058044434,11.541686058044434,99402100
2023-07-18,11.427003892401647,11.60721492767334,11.402429908880505,11.60721492767334,71710800
2023-07-19,11.582639874458232,11.680936580657635,11.517108736991965,11.549874305725098,58280800
2023-07-20,11.492533683776855,11.533490838955219,11.386045392790217,11.492533683776855,45952600
2023-07-21,11.574451438690918,11.599025426634052,11.263178060370253,11.410623550415039,57579800
2023-07-24,11.501708635383055,11.609356108522585,11.468586396701388,11.559672355651855,46687000
2023-07-25,11.47686312019185,11.47686312019185,11.22844679514186,11.245007514953613,58772700
2023-07-26,11.220169490591918,11.38578068811613,11.195328008387406,11.319536209106445,42019700
2023-07-27,11.452022896134837,11.576231072222798,11.344375441666985,11.369216918945312,67313500
2023-07-28,11.245009856906957,11.302973572864328,10.781298549855183,10.980031967163086,116696500
2023-07-31,10.77301702740155,10.946908952606133,10.690211047896,10.938628196716309,64507700
2023-08-01,10.888944545117388,11.12908094012184,10.855822310968373,11.112520217895508,59129900
2023-08-02,10.930348135769885,10.955189615322414,10.748175443093075,10.797859191894531,57997400
2023-08-03,10.756455077397582,10.880664041595564,10.648807624304524,10.847541809082031,51996300
2023-08-04,10.847544611977828,10.847544611977828,10.599127409089688,10.673652648925781,48412900
2023-08-07,10.706774544295664,10.731616026873436,10.582565552013815,10.715054512023926,43929200
2023-08-08,10.574284038222615,10.681930710219472,10.516319534420793,10.665369987487793,45103800
2023-08-09,10.57428456367245,10.623967524032674,10.483197820184674,10.54116153717041,42932600
2023-08-10,10.582564088376175,10.582564088376175,10.002924573651617,10.069169044494629,104063900
2023-08-11,10.036046977153921,10.102291449106378,9.936680269225237,10.052608489990234,64371700
2023-08-14,9.961521411619247,10.127132585895005,9.953241445177737,10.102291107177734,48099600
2023-08-15,9.986363590723412,10.060888026208744,9.911838365541717,9.92011833190918,42616400
2023-08-16,9.853873761809009,9.96152122044647,9.77106857110844,9.779349327087402,44838900
2023-08-17,9.8373138287863,9.911839059183354,9.754507841745925,9.795910835266113,36104900
2023-08-18,9.713104333189266,9.953241524933818,9.704824366681407,9.903557777404785,44519900
2023-08-21,9.969805123272668,9.986366640458035,9.82903538598346,9.91184139251709,33456700
2023-08-22,9.944962084734335,9.96152280963789,9.804192369419965,9.829033851623535,32027500
2023-08-23,9.787629559634627,9.91183853360902,9.771068836922533,9.903557777404785,30437700
2023-08-24,9.845593007893608,9.878715239463379,9.72966480255127,9.72966480255127,33338200
2023-08-25,9.795909541950273,9.92839847196574,9.588895391377028,9.862154006958008,47610000
2023-08-28,9.895278156291436,9.98636490559386,9.812472953839602,9.853875160217285,29693500
2023-08-29,9.895277622850326,9.986364367242386,9.845594661996863,9.978083610534668,32009000
2023-08-30,9.99464338266252,10.06088785062428,9.944960426539376,9.96152114868164,30617900
2023-08-31,10.044325828552246,10.16025402733015,10.011203598858023,10.044325828552246,39025700
2023-09-01,10.06916921313015,10.160255954337075,9.969802505201464,10.052608489990234,34716900
2023-09-05,10.036047153211628,10.085730902895747,9.969802680097075,10.011205673217773,35202000
2023-09-06,9.936680448459235,10.027766401612737,9.795910745597016,9.994644165039062,41881500
2023-09-07,9.895277021200549,9.978083003850145,9.853874029875753,9.903557777404785,38559600
2023-09-08,9.911839043179919,10.234780654783846,9.911839043179919,10.185097694396973,49493500
2023-09-11,10.234780042454354,10.267902277296095,10.077449624380177,10.118852615356445,34673600
2023-09-12,10.127133442749248,10.42523437136423,10.118853475607171,10.309306144714355,49507700
2023-09-13,10.508037902266665,10.690210575307658,10.458354948516774,10.466635704040527,62579700
2023-09-14,10.441793440335791,10.516318660677397,10.276182278296838,10.450074195861816,43461600
2023-09-15,10.267901524183557,10.590843882476182,10.267901524183557,10.441793441772461,63982400
2023-09-18,10.350708702115735,10.367270215093393,10.14369452807342,10.218219757080078,47444100
2023-09-19,10.218218899687866,10.474916011731361,10.193377422002184,10.400391578674316,40900000
2023-09-20,10.474916717925728,10.491478230630278,10.226500344928589,10.234780311584473,37449600
2023-09-21,10.102291107177734,10.226500080156832,10.069168872322583,10.102291107177734,40140500
2023-09-22,10.350707391551198,10.57428305026293,10.27618217198062,10.292743682861328,65205500
2023-09-25,10.226499491154925,10.516318832021076,10.21821873549398,10.416952133178711,41219400
2023-09-26,10.342426636110844,10.483196319811645,10.24305993991551,10.292743682861328,41261000
2023-09-27,10.367270037271718,10.367270037271718,10.143694354086563,10.259622573852539,41616600
2023-09-28,10.201657388099854,10.483196767525367,10.077449209975109,10.400391578674316,49109800
2023-09-29,10.44179623846836,10.483199237497113,10.22650206497258,10.284465789794922,62364900
2023-10-02,10.251343124586004,10.301026089608744,10.127134132636174,10.193379402160645,51204000
2023-10-03,10.069169394753933,10.127133111333759,9.953241961594278,9.994644165039062,55074700
2023-10-04,9.953242310245614,10.00292527199826,9.837314083328707,9.928400039672852,45217900
2023-10-05,9.886997399137313,9.936681152365585,9.67998320846303,9.853875160217285,47425000
2023-10-06,9.787630329152913,10.060888987805658,9.679982859123584,9.936680793762207,57558500
2023-10-09,9.771069265590864,10.06088863818641,9.75450775245582,9.994644165039062,33328000
2023-10-10,10.01948591488804,10.185097089163799,10.01120515875016,10.102291107177734,40404600
2023-10-11,10.176817115024816,10.259623103373793,10.060888889275535,10.143694877624512,31321500
2023-10-12,9.837314080588158,9.994644512356292,9.804191842863474,9.936680793762207,51644000
2023-10-13,9.911838263965398,9.936679742205934,9.77106857110844,9.779349327087402,47221800
2023-10-16,9.862154956117022,9.903557948155665,9.787629728386745,9.878716468811035,29183000
2023-10-17,9.812472427439456,10.077450324584657,9.812472427439456,9.969802856445312,40516500
2023-10-18,9.878715239463379,9.878715239463379,9.72966480255127,9.72966480255127,44840100
2023-10-19,9.597177686204008,9.737947394347362,9.530933210571423,9.547493934631348,49057500
2023-10-20,9.588895623783166,9.73794606851126,9.555773390476515,9.638579368591309,53307500
2023-10-23,9.56405562739463,9.679983067073206,9.45640815505277,9.506091117858887,49073800
2023-10-24,9.522652192475418,9.580615909639805,9.423285481752288,9.43156623840332,47775600
2023-10-25,9.398443318590731,9.638579716147065,9.282515102989054,9.555773735046387,74213800
2023-10-26,9.862154500296445,9.878716012224997,9.381881710117344,9.398443222045898,84725900
2023-10-27,9.050660360018032,9.083782597807357,8.19776135497414,8.247445106506348,187029600
2023-10-30,8.346810752447137,8.396494497625566,8.015588416912067,8.090113639831543,106474700
2023-10-31,8.174212131582745,8.33399575630476,8.098524855973945,8.199440956115723,82238800
2023-11-01,8.275127347130065,8.35081461464805,8.207849954227363,8.33399486541748,75469700
2023-11-02,8.42650204528906,8.535827209364964,8.384453473408437,8.52741813659668,66914000
2023-11-03,8.628333217707826,8.947901203772158,8.619923343914362,8.880623817443848,60912400
2023-11-06,8.88062552661077,8.914264226249037,8.611515127494778,8.67038345336914,48435500
2023-11-07,8.61992402863536,8.653562724471595,8.451730549454187,8.55264663696289,50430800
2023-11-08,8.569465765060627,8.58628551433925,8.434910978870791,8.451730728149414,38700600
2023-11-09,8.443319883284456,8.468548702293548,8.148980720809492,8.157390594482422,59356900
2023-11-10,8.249898641483773,8.300356285866538,8.132162801240987,8.291946411132812,45069700
2023-11-13,8.26671637679649,8.300355068789173,8.19102911931053,8.258306503295898,34458300
2023-11-14,8.401271204898189,8.796526440148472,8.392861331337405,8.746068000793457,67684000
2023-11-15,8.754477969095504,8.889032739485454,8.737659023801607,8.804936408996582,45193700
2023-11-16,8.746069320700885,8.771298945190749,8.493779491880707,8.54423713684082,45408100
2023-11-17,8.628334624042349,8.678792271007833,8.569466299902832,8.636744499206543,36501200
2023-11-20,8.653561482125673,8.771297301654673,8.628332664372905,8.695610046386719,46933100
2023-11-21,8.64515194171467,8.678790634016684,8.493778227360448,8.569464683532715,47284300
2023-11-22,8.611514296209734,8.729250134583342,8.552646778027821,8.628334045410156,41116300
2023-11-24,8.645151924093112,8.855393951054586,8.645151924093112,8.746068000793457,22028100
2023-11-27,8.720838864139486,8.762887428400532,8.661971355379812,8.695610046386719,32247600
2023-11-28,8.68719985697027,8.746067363587517,8.611512604456882,8.72083854675293,38510600
2023-11-29,9.149734014806931,9.217011405929723,8.88062445031577,8.905853271484375,77246800
2023-11-30,8.9815407585212,8.99835970571184,8.561056652628032,8.628334045410156,80525700
2023-12-01,8.653562090247002,8.914262565378262,8.594694577350468,8.897442817687988,61619800
2023-12-04,8.84698594785047,9.074046947343327,8.83016619869778,8.998359680175781,54196100
2023-12-05,8.947900508482416,8.981539199032703,8.863803381101876,8.914261817932129,41551100
2023-12-06,9.040406709549599,9.149732654371356,8.973129328430002,8.989948272705078,47223500
2023-12-07,9.006769376509487,9.149734033438984,8.981540555289508,9.099275588989258,40523200
2023-12-08,9.090866429468237,9.309517547962267,9.074046680809596,9.25905990600586,48961200
2023-12-11,9.267470091374285,9.376795253285641,9.233830592927978,9.309517860412598,39700900
2023-12-12,9.326337749714225,9.418843965801626,9.292699052772463,9.385205268859863,40206200
2023-12-13,9.275879808126893,9.494531751153163,9.08245749068739,9.452483177185059,68066700
2023-12-14,9.645906099907096,10.200945019338556,9.645906099907096,10.158896446228027,110777600
2023-12-15,10.150485303998353,10.242992313694732,10.032750276398927,10.108437538146973,85298200
2023-12-18,10.08320776878746,10.158895029428805,10.015930381997313,10.032750129699707,43424400
2023-12-19,10.066388970285868,10.150485303998353,9.999111582511988,10.108437538146973,35722900
2023-12-20,10.066390343462501,10.209355012486526,9.915015799317102,9.923425674438477,54981100
2023-12-21,10.032750445445899,10.39436621032112,10.007520823098293,10.377547264099121,66424600
2023-12-22,10.360725240066802,10.478461045798312,10.327086553002022,10.385954856872559,43764600
2023-12-26,10.41959508207528,10.512101284656774,10.402775335055182,10.470052719116211,26293700
2023-12-27,10.453234412468566,10.470053358506089,10.285040140034951,10.419595718383789,39891300
2023-12-28,10.411185958552856,10.453234527122461,10.32708882141365,10.377547264099121,26688500
2023-12-29,10.385956519378121,10.419595211827529,10.226172128736168,10.2514009475708,40964700
2024-01-02,10.125257310976655,10.411186633371262,10.041160168386552,10.226173400878906,47494800
2024-01-03,10.108436819232576,10.116845890598963,9.788868849029535,9.847736358642578,70120100
2024-01-04,9.889786203648173,9.940243846416404,9.78046024163731,9.822508811950684,54920300
2024-01-05,9.797279836348716,10.125257744067062,9.780460888317167,9.965474128723145,44443800
2024-01-08,9.965473945176557,10.13366743244333,9.91501549799162,10.066390037536621,41514400
2024-01-09,9.931834853341003,10.007521318098268,9.898196157223405,9.957063674926758,49536700
2024-01-10,9.948653221130371,9.973882041247167,9.847737138653454,9.948653221130371,37539200
2024-01-11,9.881375050137127,9.898194796889234,9.730000537406825,9.847736358642578,48692000
2024-01-12,9.797279606157607,9.89819650001511,9.595447422462213,9.637495994567871,55030100
2024-01-16,9.502941205437608,9.671134691850437,9.40202511358991,9.637495994567871,45207700
2024-01-17,9.393614539599309,9.511350372330105,9.343156096426183,9.47771167755127,52671300
2024-01-18,9.460892843971417,9.511351292023587,9.217012082740546,9.242240905761719,71667200
2024-01-19,9.200191354389466,9.435663017580229,9.107685145142211,9.418843269348145,61143300
2024-01-22,9.444072089686534,9.587036741620306,9.368385628671366,9.418843269348145,45479600
2024-01-23,9.55339585291322,9.63749297073849,9.452479792728626,9.561805725097656,45465200
2024-01-24,9.620674746523104,9.629084620036378,9.250649134045542,9.275877952575684,59064600
2024-01-25,9.32633709055101,9.553398078357338,9.275878647699749,9.536579132080078,49356700
2024-01-26,9.5870376129096,9.67113475769347,9.502941270135544,9.578628540039062,35837000
2024-01-29,9.570216857739933,9.721591368958576,9.502939475422682,9.713181495666504,58249600
2024-01-30,9.898196647581367,9.98229299103662,9.77205092938376,9.90660572052002,70213300
2024-01-31,9.889786462843642,10.08320876854077,9.856147766113281,9.856147766113281,74558900
2024-02-01,9.94024377520802,10.209354142079937,9.772050297169175,10.175715446472168,81065800
2024-02-02,10.116847383863309,10.251402169702024,10.041160116326587,10.209354400634766,73130900
2024-02-05,10.100028105763972,10.158895622137479,9.704772833803874,9.746821403503418,81026800
2024-02-06,9.788869289424488,10.175714660020551,9.77204954191567,10.150485038757324,98636800
2024-02-07,10.70552453488011,10.915766579653182,10.25981162452393,10.764392852783203,137224000
2024-02-08,10.823260047233672,10.848488867294432,10.54574062053612,10.789621353149414,68653900
2024-02-09,10.772802905301788,10.865309117809023,10.629838248329845,10.663476943969727,47649600
2024-02-12,10.663475969099558,10.991453021101842,10.629837276534973,10.915765762329102,54036500
2024-02-13,10.739164209661904,10.848489368984197,10.495282663760548,10.663476943969727,67907700
2024-02-14,10.697115819984647,10.755983337844626,10.528922338949151,10.56256103515625,52978800
2024-02-15,10.666200360964881,10.83893218055069,10.631653997047719,10.81302261352539,57811800
2024-02-16,10.726655440951575,10.804384959511403,10.588469996245308,10.623016357421875,43228600
2024-02-20,10.528014026943367,10.648926711850324,10.450285326271338,10.579833984375,44591000
2024-02-21,10.545287741317756,10.640290036770963,10.40710228478571,10.484831809997559,41835800
2024-02-22,10.476193749334165,10.571196033327482,10.407101029402629,10.467556953430176,36980500
2024-02-23,10.450285445864548,10.588470902396592,10.441648648918722,10.484831809997559,32152100
2024-02-26,10.476194981349746,10.597107667274537,10.320735931396484,10.320735931396484,40241300
2024-02-27,10.381192852233351,10.5107415134997,10.329372893536629,10.363919258117676,36508800
2024-02-28,10.33800867180265,10.70938184853818,10.329371875595951,10.623016357421875,51447900
2024-02-29,10.683472030910751,10.769838343634767,10.640288874548745,10.743927955627441,43098500
2024-03-01,10.821657148890774,10.916660254777598,10.64028855651159,10.752564430236816,48761400
2024-03-04,10.856204712935146,11.25348830110721,10.856204712935146,11.003026962280273,81871700
2024-03-05,10.925295472568685,11.00302498160034,10.795746839949341,10.864839553833008,47896200
2024-03-06,10.81302274869217,10.856205086390704,10.648926900296678,10.692110061645508,48834500
2024-03-07,10.718018531799316,10.769838484843202,10.58846988466492,10.718018531799316,38971000
2024-03-08,10.73529170737143,10.813021222095307,10.48483039528904,10.519376754760742,54723800
2024-03-11,10.47619502640879,10.571197321983126,10.433011865274896,10.458921432495117,35135400
2024-03-12,10.484831823365628,10.502104593629012,10.389828704141001,10.458921432495117,31245200
2024-03-13,10.467558597426711,10.778475885950163,10.458921800166257,10.683473587036133,50595300
2024-03-14,10.657563790729268,10.683473358305593,10.372556076438803,10.433012008666992,52619900
2024-03-15,10.407102262520894,10.597107676671106,10.381192695389139,10.415739059448242,88254000
2024-03-18,10.48483039528904,10.528012726891033,10.346644133752049,10.519376754760742,36599200
2024-03-19,10.45892052409552,10.666199514805138,10.45892052409552,10.623016357421875,32668700
2024-03-20,10.588470650405236,11.158486056859468,10.588470650405236,11.141212463378906,67721500
2024-03-21,11.158485412597656,11.2793980890296,11.046209532407328,11.158485412597656,55822500
2024-03-22,11.115303526394989,11.19303305415969,11.098030755586342,11.149849891662598,33137500
2024-03-25,11.158486056859468,11.279398740272594,11.003027010135488,11.141212463378906,39063500
2024-03-26,11.193031463952002,11.193031463952002,10.7352919832752,10.743927955627441,67140200
2024-03-27,10.821658567501505,11.288034891378057,10.813022594275301,11.279398918151855,53555800
2024-03-28,11.288035593150655,11.48667781540792,11.270762821974126,11.469404220581055,61846400
2024-04-01,11.51258610367759,11.555769262291996,11.34849108932314,11.478039741516113,35898300
2024-04-02,11.365765122570874,11.547133750001274,11.30530918797752,11.469404220581055,42653400
2024-04-03,11.443494882506624,11.814868942261743,11.426221287331803,11.788958549499512,57498900
2024-04-04,12.00487294628264,12.04805610840746,11.37440157967132,11.408947944641113,67812400
2024-04-05,11.460768246817958,11.573043318591237,11.30530918797752,11.469404220581055,46937400
2024-04-08,11.529861159858015,11.693956195038048,11.529861159858015,11.581680297851562,29900500
2024-04-09,11.633498541160538,11.737137625489892,11.521222660557848,11.693954467773438,35497900
2024-04-10,11.452130737430155,11.47804030440933,11.184395799811076,11.279398918151855,51395000
2024-04-11,11.322579985640424,11.348490373364568,11.149848185730425,11.262124061584473,38383100
2024-04-12,11.15848483542538,11.15848483542538,10.795747648542342,10.89074993133545,52356300
2024-04-15,11.003025830537744,11.072118549752252,10.519376796036186,10.562559127807617,59484400
2024-04-16,10.484831643670162,10.57983393761629,10.31209900209498,10.441648483276367,56392200
2024-04-17,10.484831475961306,10.579833768387836,10.38119238686411,10.398465156555176,43646600
2024-04-18,10.43301182965265,10.510741354698204,10.346645507679748,10.415739059448242,39902100
2024-04-19,10.381192717598525,10.562560511559116,10.381192717598525,10.484831809997559,39623800
2024-04-22,10.631654550476494,11.141213238867042,10.57983459007813,11.123940467834473,86462700
2024-04-23,11.270761474707154,11.270761474707154,11.072119276194874,11.175758361816406,62807100
2024-04-24,11.17575899323111,11.2707621114894,11.03757353792845,11.184395790100098,74510400
2024-04-25,11.09802905758252,11.383036733346568,10.908023665856424,11.262124061584473,86944100
2024-04-26,11.020300722152204,11.244852497913207,10.890751240605342,11.046210289001465,57257800
2024-04-29,11.063483391939942,11.089392957639967,10.838931626139075,11.011663436889648,50285600
2024-04-30,10.882114940237736,10.882114940237736,10.476194561435864,10.493467330932617,75890500
2024-05-01,10.502104294460855,10.735292863750988,10.49346749775005,10.536650657653809,48749400
2024-05-02,10.709382711201842,10.838932193787118,10.674836347242492,10.78711223602295,46868600
2024-05-03,10.916662009905446,11.020301104548974,10.700747023485523,10.7352933883667,47463300
2024-05-06,10.830295073560338,10.899387799416363,10.761202347704312,10.795748710632324,29780300
2024-05-07,10.839456017327503,10.883163669343768,10.568470075404083,10.638401985168457,48102900
2024-05-08,10.559728063121668,10.708333575349457,10.50727954919074,10.620918273925781,38177200
2024-05-09,10.612178167528352,10.68211008019294,10.542246254863763,10.603436470031738,29103800
2024-05-10,10.620918119349303,10.638401512841225,10.41112239937076,10.481054306030273,51447800
2024-05-13,10.53350519753692,10.883164782110294,10.53350519753692,10.778266906738281,60962300
2024-05-14,10.874421119689941,11.049251714048843,10.804489215408005,10.874421119689941,39980400
2024-05-15,10.91812957492793,10.979320620936056,10.647143634228076,10.760783195495605,50739900
2024-05-16,10.725817630090644,10.909388273815807,10.717075932678737,10.82197380065918,41502200
2024-05-17,10.813231712021183,10.821973409116813,10.708333847835979,10.73455810546875,24011300
2024-05-20,10.725816969095831,10.778265483026757,10.612177410706693,10.620918273925781,27019100
2024-05-21,10.629659970798969,10.664625924637619,10.51602041240983,10.620918273925781,32851000
2024-05-22,10.54224586636471,10.559728427059516,10.46357225910276,10.516020774841309,35403000
2024-05-23,10.577210942320873,10.682108798733882,10.4985373415976,10.585951805114746,43590100
2024-05-24,10.629660606384277,10.725817610430711,10.524762738596108,10.629660606384277,40840400
2024-05-28,10.585951515817571,10.603434908235641,10.192584356605368,10.210067749023438,57460100
2024-05-29,10.113912067299806,10.183843978716855,10.052721853223423,10.105171203613281,45759500
2024-05-30,10.122653160486335,10.297482928594526,10.035237859605195,10.288742065429688,42218900
2024-05-31,10.288742863041088,10.620919031370807,10.19258585788666,10.603436470031738,57205800
2024-06-03,10.708334092856589,10.769524306617873,10.50728005698143,10.655884742736816,53784100
2024-06-04,10.559728427059516,10.603436079277726,10.454830561928292,10.516020774841309,41533100
2024-06-05,10.533503730012129,10.594693940373913,10.332448871652689,10.550986289978027,45509800
2024-06-06,10.47231268599625,10.577211380408015,10.454830126030352,10.550986289978027,28289900
2024-06-07,10.489796155444367,10.629659970798969,10.446088504732527,10.620918273925781,31934000
2024-06-10,10.603436367286386,10.944355063463437,10.577212108704813,10.82197380065918,68322800
2024-06-11,10.769523262251028,10.804489214388697,10.53350329373527,10.585951805114746,48201800
2024-06-12,10.734559370353558,10.813232986176336,10.516021919136605,10.55972957611084,57116200
2024-06-13,10.559727709600272,10.568469406180803,10.358673690172497,10.437346458435059,41422300
2024-06-14,10.314966444041557,10.341190701153945,10.096429022912092,10.236292839050293,49382100
2024-06-17,10.192584204820932,10.39363904636453,10.192584204820932,10.358673095703125,31970100
2024-06-18,10.323707579880734,10.437346299076296,10.288741627746548,10.29748249053955,29023400
2024-06-20,10.236292439007283,10.463571548176649,10.18384309317817,10.437346458435059,53468000
2024-06-21,10.402382144706104,10.411123842663926,10.280001707913408,10.349933624267578,50178700
2024-06-24,10.428605088758914,10.708332696510722,10.419863392603164,10.690849304199219,58436900
2024-06-25,10.638402870479014,10.67336882827101,10.516021601379927,10.56847095489502,38818900
2024-06-26,10.4985373415976,10.60343519801061,10.446087996564067,10.585951805114746,41426600
2024-06-27,10.559727196479066,10.8219722455734,10.533502941665843,10.690849304199219,48080200
2024-06-28,10.717076073386766,11.031769681459808,10.717076073386766,10.961837768554688,65914700
2024-07-01,10.979322119027435,11.250308096702407,10.953097024165288,11.154151916503906,56152700
2024-07-02,11.215340176074475,11.320238036217749,11.119184012689997,11.250306129455566,46990400
2024-07-03,11.267789522973155,11.328979732976542,11.18911591945218,11.250306129455566,26894300
2024-07-05,11.25030816181134,11.328981779544618,11.145410282718382,11.22408390045166,31589300
2024-07-08,11.337721386684343,11.538775409448661,11.294013736710422,11.34646224975586,44346200
2024-07-09,11.328980570257428,11.425136740748435,11.259048658326853,11.276531219482422,40680900
2024-07-10,11.320239083143857,11.547518217967376,11.28527312652902,11.512552261352539,36305500
2024-07-11,11.582482383752449,11.835985738428038,11.582482383752449,11.774795532226562,51443400
2024-07-12,11.827243672900364,12.421665658538824,11.827243672900364,12.264318466186523,85609700
2024-07-15,12.421667296031373,12.613980463852187,12.342993689484036,12.439149856567383,65643300
2024-07-16,12.47411691171548,12.648946689085024,12.404184167113526,12.579014778137207,52040100
2024-07-17,12.491600053064104,12.788811105229703,12.482858355375898,12.65768814086914,58087100
2024-07-18,12.683913741209967,12.981124805262125,12.631464386637264,12.718879699707031,58077000
2024-07-19,12.66642907739804,12.675170774560934,12.203129965268278,12.220612525939941,75908600
2024-07-22,12.255580212867772,12.395444043108936,12.054525331655457,12.342994689941406,59116800
2024-07-23,12.290546734618875,12.299287599169553,11.862212692775135,12.089491844177246,85897700
2024-07-24,12.002074481906456,12.133197431648,11.87969406253258,11.949625968933105,81768700
2024-07-25,10.314967435875849,10.472313827333894,9.746769586111792,9.755511283874512,259484000
2024-07-26,9.79921690477441,9.930339009378303,9.65935310422252,9.781733512878418,79599900
2024-07-29,9.772993246652403,9.772993246652403,9.44081628325474,9.624387741088867,91667500
2024-07-30,9.641870462065839,9.711802367779597,9.423333048296824,9.47578239440918,69337000
2024-07-31,9.493265592047743,9.624388549314299,9.37088516565058,9.45829963684082,75478000
2024-08-01,9.4932643502273,9.545713693003814,9.27472695035753,9.344658851623535,60516500
2024-08-02,9.22227941607977,9.22227941607977,8.74149691881417,8.767721176147461,110703000
2024-08-05,8.356871124688155,8.654081309113218,8.29568008154275,8.487993240356445,115594200
2024-08-06,8.557926497259707,8.619116716408891,8.461770319503248,8.549184799194336,111817600
2024-08-07,8.744492640347136,8.859901438372505,8.655715730100615,8.673471450805664,69482400
2024-08-08,8.700105092330222,9.099599536813663,8.700105092330222,8.993067741394043,73007600
2024-08-09,8.948677805458125,9.02857685050246,8.851023887425775,8.96643352508545,48860800
2024-08-12,8.966434715656394,8.966434715656394,8.73561540968866,8.75337028503418,56118700
2024-08-13,8.806635850022921,9.010821555523847,8.673471333099654,9.001944541931152,44766100
2024-08-14,9.019699837482577,9.090721029380912,8.922045910282211,9.037455558776855,37026400
2024-08-15,9.20613076239482,9.32154041194901,9.20613076239482,9.286029815673828,41597900
2024-08-16,9.232762865014793,9.339295493176689,9.20613013129399,9.33041763305664,34142600
2024-08-19,9.37480712670602,9.543482254496704,9.357051404496772,9.516849517822266,41066300
2024-08-20,9.499092420301448,9.578991465396133,9.419193375206762,9.481337547302246,32468000
2024-08-21,9.623380554815295,9.738790200186548,9.543481504432169,9.632258415222168,48943900
2024-08-22,9.632257463921533,9.774299829845656,9.623379604391454,9.694400787353516,50885400
2024-08-23,9.74766740051428,10.013997291342188,9.712156804846517,10.005120277404785,64612700
2024-08-26,10.049508004796982,10.093896461561794,9.827566567612319,9.863077163696289,53070300
2024-08-27,9.871954705542342,9.960731616204734,9.756545060336977,9.889710426330566,44841000
2024-08-28,9.854200155367154,9.934098361622858,9.747667520414094,9.800933837890625,35442200
2024-08-29,9.7831789574869,9.942976216545071,9.756545375444377,9.863077163696289,44989200
2024-08-30,9.898587648030304,9.969608839396454,9.818689442722926,9.934098243713379,44977100
2024-09-03,9.83644422431069,9.889710540651736,9.712156717274498,9.74766731262207,49613500
2024-09-04,9.756545600565447,9.907465849064481,9.632258934723474,9.72103500366211,47900700
2024-09-05,9.83644521899274,9.88971154072019,9.51684982854643,9.561238288879395,50551900
2024-09-06,9.570114899735536,9.650013955634906,9.348173454077035,9.392561912536621,47508900
2024-09-09,9.419194534632883,9.552359908395369,9.357051201527371,9.463582992553711,39223300
2024-09-10,9.312661485268514,9.312661485268514,9.028576747584145,9.161741256713867,63019200
2024-09-11,9.152865396391945,9.28602992229298,8.993067287999176,9.277152061462402,55840200
2024-09-12,9.232763277537208,9.45470471061877,9.152865072804923,9.428071975708008,43779600
2024-09-13,9.481337334858313,9.578991250764116,9.436948883395933,9.490214347839355,35184800
2024-09-16,9.534602381740768,9.694400461351378,9.507969650685418,9.587868690490723,34802400
2024-09-17,9.667769218646088,9.889710653766747,9.60562504109752,9.67664623260498,52068600
2024-09-18,9.703279703417136,9.996242326694453,9.6944018429204,9.74766731262207,55017300
2024-09-19,9.960730646780888,10.040629689273029,9.650012336342407,9.694400787353516,52436400
2024-09-20,9.64113690799319,9.658892631530762,9.49021664448181,9.658892631530762,68809100
2024-09-23,9.623381604145257,9.694402801865635,9.507971946189778,9.685524940490723,40421300
2024-09-24,9.73878891537429,9.765421646441958,9.59674655416105,9.650012016296387,37746300
2024-09-25,9.40143806856267,9.40143806856267,9.161740944334735,9.250517845153809,74109600
2024-09-26,9.374805769389102,9.543480872758419,9.374805769389102,9.481337547302246,51408500
2024-09-27,9.623381409951637,9.756545941330307,9.552360213664421,9.570115089416504,45469600
2024-09-30,9.303784367390456,9.419194012936709,9.259396758567517,9.37480640411377,59662900
2024-10-01,9.5168490913014,9.605625158450621,9.392561581325216,9.543481826782227,63963000
2024-10-02,9.525725801166859,9.525725801166859,9.25939676158496,9.303784370422363,51457400
2024-10-03,9.2416414647795,9.294907783123557,9.170620271413693,9.277152061462402,44458300
2024-10-04,9.401439880566903,9.419194756169173,9.26827450367241,9.383684158325195,45883000
2024-10-07,9.365928439926282,9.419193908579418,9.277151529985247,9.312662124633789,38009100
2024-10-08,9.321539984955765,9.39256117425285,9.215008201010136,9.312662124633789,46355700
2024-10-09,9.312662328908871,9.481338292168909,9.268273872964683,9.428071975708008,40407000
2024-10-10,9.392560642388304,9.499092420301448,9.357050049750589,9.481337547302246,39458300
2024-10-11,9.445828322264143,9.587870713380388,9.436950461159519,9.516849517822266,31915700
2024-10-14,9.507969970418284,9.729911378834545,9.463581519407175,9.694400787353516,41940200
2024-10-15,9.685523991265882,9.783178763540391,9.605624940001057,9.623380661010742,53097100
2024-10-16,9.667767536142096,9.925219522211519,9.667767536142096,9.792054176330566,46996400
2024-10-17,9.800933412587721,9.88083246201567,9.712156502859033,9.827566146850586,37617200
2024-10-18,9.90746487629024,9.916342736304244,9.800933096040158,9.854199409484863,26074900
2024-10-21,9.836445633709003,9.9074668345803,9.64113690799319,9.658892631530762,41008600
2024-10-22,9.694402043957277,9.89858775978026,9.694402043957277,9.863077163696289,51597600
2024-10-23,9.86307695550194,9.978486601998574,9.783178750979081,9.818689346313477,37335400
2024-10-24,9.978487014770508,9.987364875631195,9.827566766696483,9.978487014770508,44736400
2024-10-25,10.013996979969347,10.058385434833692,9.783178538625599,9.827566146850586,39120700
2024-10-28,9.916343878313484,10.111652587917565,9.871955419770815,10.093896865844727,97967000
2024-10-29,9.348173794489709,9.365929517175886,9.037456267236719,9.241641998291016,156228000
2024-10-30,9.23276244483808,9.34817208122847,9.170619120104526,9.294906616210938,48853700
2024-10-31,9.259397416222415,9.303785028198014,9.090721442813194,9.135109901428223,72098700
2024-11-01,9.170621471291987,9.241642673950162,9.055211805312572,9.072967529296875,43472300
2024-11-04,9.081843573594382,9.38368407593779,9.081843573594382,9.197253227233887,55323800
2024-11-05,9.170619329319985,9.445827060320072,9.143986596203629,9.410316467285156,49309000
2024-11-06,9.721034669614934,9.969608839396454,9.623380743146326,9.934098243713379,100781800
2024-11-07,9.907104561852968,9.997086829491414,9.745135278704005,9.862112998962402,55407900
2024-11-08,9.835117839521349,9.871110916137695,9.772129311835764,9.871110916137695,45463400
2024-11-11,9.961093041283577,10.186049981570145,9.916102339740362,10.10506534576416,56630500
2024-11-12,10.024081684325555,10.168053990475434,9.853113927165598,9.988088607788086,44921400
2024-11-13,10.006084716985503,10.051076277192998,9.916102454713146,9.988088607788086,55150900
2024-11-14,10.015082991664451,10.105065252059092,9.916102247787563,9.961092948913574,56780900
2024-11-15,9.943098527757387,10.033080803424932,9.880109990833066,9.907105445861816,58895400
2024-11-18,9.943097203013092,10.14105955613508,9.925100235391708,10.087069511413574,47727300
2024-11-19,9.952095598293633,10.18605016829192,9.90710403778305,9.943097114562988,53227700
2024-11-20,9.907102777053165,9.9430958492528,9.547171196914277,9.655150413513184,68633300
2024-11-21,9.700144585758796,9.76313312271171,9.547173773097487,9.718141555786133,53409500
2024-11-22,9.727138632205266,10.240040189712003,9.718140148494676,10.060074806213379,82556700
2024-11-25,10.168054348027836,10.366016705016442,10.150057380054934,10.258036613464355,63469300
2024-11-26,10.042077793522973,10.105065462927886,9.934098563910563,9.988088607788086,47458800
2024-11-27,10.015083200655528,10.132060913937963,9.952095531250617,9.988088607788086,28474200
2024-11-29,10.042077906158505,10.141059511353735,10.006084829217324,10.015083312988281,28935200
2024-12-02,10.09606913204783,10.123063728376867,9.862113675482195,9.880109786987305,50034400
2024-12-03,9.88910626112128,9.907103227109923,9.736135482788086,9.736135482788086,43904300
2024-12-04,9.76313184393733,9.781127953464773,9.529176413082,9.66415023803711,66780700
2024-12-05,9.574168486115296,9.619159191411214,9.349211527064922,9.39420223236084,68162000
2024-12-06,9.457188606262207,9.538173230342146,9.37620398218227,9.457188606262207,56227000
2024-12-09,9.502181553024096,9.718140010148078,9.475186102276629,9.538174629211426,53230100
2024-12-10,9.646153350337276,9.664149458412941,9.493182570052497,9.502181053161621,45084300
2024-12-11,9.547172920651482,9.547172920651482,9.250229806855929,9.367207527160645,60487100
2024-12-12,9.340212255577852,9.457189967402567,9.313217663046801,9.349210739135742,38432600
2024-12-13,9.35820836455101,9.39420144063995,9.286222212373126,9.349210739135742,40560700
2024-12-16,9.061264942896079,9.106256500907428,8.890298052224072,8.989278793334961,96264400
2024-12-17,8.962283522761037,9.034269666868152,8.890297378653923,8.971282005310059,76208600
2024-12-18,8.944288710345283,9.07926340663829,8.6923371453315,8.719331741333008,84199500
2024-12-19,8.809313841048445,8.953286147061238,8.728329204380591,8.764322280883789,81659000
2024-12-20,8.72832956338611,8.962284999351052,8.71033345346563,8.890298843383789,87705500
2024-12-23,8.88130103540179,8.926292600841782,8.773321793231455,8.908295631408691,50646600
2024-12-24,8.908294367220009,9.05226752782509,8.899296741923065,9.016274452209473,29083100
2024-12-26,8.998277325090253,9.106256550014225,8.980280358531626,9.061264991760254,35922700
2024-12-27,9.025273323059082,9.178244130072178,8.980281757794748,9.025273323059082,52899900
2024-12-30,8.953286515319478,8.980281109271534,8.836308797337006,8.890298843383789,47116700
2024-12-31,8.917294116125236,9.007277247005216,8.854306439394891,8.908295631408691,54104200
2025-01-02,8.917291646926056,8.96228319990788,8.674338633852203,8.68333625793457,67156200
2025-01-03,8.719331079354536,8.953286515319478,8.575358767420008,8.890298843383789,77245900
2025-01-06,9.052267661343356,9.169244515212524,8.908294498614714,8.926291465759277,63840800
2025-01-07,8.9532859642728,9.007276006996664,8.74632599314032,8.782319068908691,62404000
2025-01-08,8.764322280883789,8.773320764545247,8.620349974870996,8.764322280883789,61678800
2025-01-10,8.7013332223843,8.854303987637001,8.62934708087038,8.68333625793457,73373400
2025-01-13,8.692336964861024,8.746327013885832,8.611352320395172,8.73732852935791,66023000
2025-01-14,8.800314903259277,8.836307977905104,8.710332645716004,8.800314903259277,45419900
2025-01-15,8.97128409392172,9.052268739431955,8.89929793305545,8.953287124633789,68674400
2025-01-16,8.91729246711976,9.052267138479916,8.899296359157285,9.007275581359863,45770000
2025-01-17,9.070263730022514,9.187241441514272,9.034270654036021,9.160246849060059,60802700
2025-01-21,9.26822659712929,9.40320042511738,9.214236551048453,9.385204315185547,65670800
2025-01-22,9.223235695336513,9.223235695336513,9.0162756965204,9.025273323059082,64949200
2025-01-23,9.043269314669539,9.151248544743659,8.971283161286793,9.142250061035156,56241100
2025-01-24,9.142249559702977,9.27722423350102,9.07926189348278,9.106256484985352,42909100
2025-01-27,9.097257971152889,9.376204942882621,9.088260346110708,9.340211868286133,73082600
2025-01-28,9.205238652862441,9.205238652862441,8.926292495095975,9.07026481628418,92177600
2025-01-29,9.088261752018058,9.259228668263438,9.025273218123258,9.18724250793457,69986900
2025-01-30,9.232233181834909,9.34921089561753,9.052267798378043,9.142250061035156,69663100
2025-01-31,9.151249461488227,9.31321875189632,8.989280171080134,9.07026481628418,103652400
2025-02-03,8.746326911618247,9.052268516848551,8.63834767297391,8.899297714233398,131430300
2025-02-04,8.944287710161284,9.142250061035156,8.908294633469911,9.142250061035156,68716500
2025-02-05,9.142249394577442,9.28622169084755,8.962284024239812,9.007275581359863,124187800
2025-02-06,8.539365058921085,8.674339735000673,8.332405090332031,8.332405090332031,222758300
2025-02-07,8.39539293806704,8.413389905188186,8.260419117228938,8.314408302307129,140852700
2025-02-10,8.323406785867702,8.368398345527945,8.206429074008122,8.314408302307129,72168000
2025-02-11,8.287413597106934,8.33240515615555,8.251420521496565,8.287413597106934,54844600
2025-02-12,8.251420248896896,8.35939947216073,8.188432583195304,8.30540943145752,67339600
2025-02-13,8.359401062307912,8.46738030611184,8.314409496187254,8.41339111328125,72059800
2025-02-14,8.485377143978443,8.557363305395933,8.449384063269697,8.530367851257324,53778300
2025-02-18,8.660460389365335,8.688338046753186,8.57682918957494,8.632583618164062,62175800
2025-02-19,8.613999580949175,8.725507554290662,8.558245151185133,8.679045677185059,50191700
2025-02-20,8.669752357699098,8.734798448181746,8.623290484702983,8.725506782531738,39787800
2025-02-21,8.716214767338393,8.744091538377782,8.576829139768304,8.623291015625,58437700
2025-02-24,8.651169904657996,8.734800229683964,8.558246139713543,8.688339233398438,72562600
2025-02-25,8.706921763029344,8.818429727586064,8.651168223844246,8.75338363647461,88876800
2025-02-26,8.79055314337328,8.939230432584292,8.77196803912863,8.799845695495605,87948100
2025-02-27,8.771968360357002,8.855599560147397,8.632583618164062,8.632583618164062,70518800
2025-02-28,8.660460334115639,9.004276797359866,8.651168667898876,8.874184608459473,137992600
2025-03-03,9.022861351808439,9.125076763450675,8.66045980586257,8.725506782531738,154435900
2025-03-04,8.576829566391389,8.6139997778749,8.418860598519549,8.474614143371582,167500000
2025-03-05,8.604706163751088,8.985691922602413,8.548951739588855,8.967106819152832,157774900
2025-03-06,8.846308001721813,9.032154622307022,8.753384248335914,8.929938316345215,136680700
2025-03-07,8.864892242699463,9.255170589990797,8.83701547108911,9.199416160583496,150644900
2025-03-10,9.07861581378547,9.422432257464981,9.07861581378547,9.255169868469238,167183800
2025-03-11,9.218001513905604,9.25517083911544,8.8184306032599,9.004277229309082,210127000
2025-03-12,9.013569484344545,9.022862036886627,8.790553540454104,8.911354064941406,129994600
2025-03-13,8.892767768710105,9.245876742332534,8.827721682001343,8.855598449707031,137747600
2025-03-14,8.976399640462677,9.097200157953386,8.95781542264147,9.0414457321167,91313800
2025-03-17,9.050738025444252,9.273753950043982,9.050738025444252,9.218000411987305,98583100
2025-03-18,9.245878219604492,9.329509422270306,9.180832122502908,9.245878219604492,102730900
2025-03-19,9.25516964600138,9.552524209347128,9.2458770943502,9.450308799743652,124697400
2025-03-20,9.357385467478352,9.431724111586869,9.283046823369835,9.301631927490234,109103700
2025-03-21,9.208708129236767,9.403847290508201,9.13436948553208,9.292339324951172,240638600
2025-03-24,9.329509487525572,9.524648666381836,9.301632715170854,9.524648666381836,102847200
2025-03-25,9.571108766636195,9.617570636055033,9.450308260621796,9.561816215515137,83674900
2025-03-26,9.543233001624365,9.61757164602646,9.375970608626378,9.571109771728516,139742100
2025-03-27,9.53394096465412,9.664033156293502,9.125077512164822,9.199416160583496,229032500
2025-03-28,9.143662048948084,9.190123922868105,8.93923033541191,9.032154083251953,136868300
2025-03-31,8.892769440578293,9.394555784550402,8.874185220676098,9.32021713256836,139951900
2025-04-01,9.385262833193227,9.450308923228425,9.115785035093321,9.236584663391113,135388700
2025-04-02,9.143662510626744,9.543233405852778,9.125077405645728,9.431724548339844,136908500
2025-04-03,9.283048112312214,9.478187301738597,8.855600406244264,8.864892959594727,220271000
2025-04-04,8.660459486992961,9.041445236397843,8.548951527619812,8.902060508728027,177466200
2025-04-07,8.61399921593709,8.957815674051012,8.363105621910234,8.586121559143066,274938500
2025-04-08,8.846306682142755,8.846306682142755,7.944949599024197,8.075041770935059,199286800
2025-04-09,7.898488596866005,8.864891872093914,7.842734169789573,8.827722549438477,199663000
2025-04-10,8.45603002271808,8.623291545417088,8.25159828810082,8.493199348449707,163535400
2025-04-11,8.465321348269484,8.688338179855949,8.400275252407836,8.669753074645996,146073700
2025-04-14,8.71621527648192,9.11578619152859,8.54895286810208,9.022862434387207,189955000
2025-04-15,8.93923032993688,8.948522881952501,8.71621439868121,8.78126049041748,125469000
2025-04-16,8.799845407940653,8.939230140474628,8.63258301995067,8.734798431396484,133804900
2025-04-17,8.744090861516131,9.004276105512037,8.734798309826795,8.948522567749023,129204600
2025-04-21,8.90206111028154,8.948522984706617,8.688337728587346,8.799845695495605,94138900
2025-04-22,8.874183960464451,9.032153795039857,8.855598857014872,8.967106819152832,121387100
2025-04-23,9.143662218110514,9.30163206064919,9.0228616981582,9.087907791137695,158691500
2025-04-24,9.171539974283842,9.375971713574947,9.125078094510412,9.348094940185547,87031000
2025-04-25,9.33880133357692,9.385263208109453,9.26446268879949,9.329508781433105,88682400
2025-04-28,9.34809289480367,9.459600850149746,9.264461706747502,9.31092357635498,77051500
2025-04-29,9.357385900788941,9.468893872115295,9.227293710668153,9.431724548339844,141980300
2025-04-30,9.39455478953261,9.41313989365301,9.162246305146859,9.301631927490234,136406200
2025-05-01,9.422432081664544,9.589693581353059,9.310924119810032,9.459601402282715,126532500
2025-05-02,9.571109670647909,9.654740866263673,9.496771027030904,9.55252456665039,82228700
2025-05-05,9.50606233727773,9.51535488892891,9.385262710558395,9.450308799743652,105766300
2025-05-06,9.375971030240738,9.868464793097491,9.34809425888304,9.701202392578125,131814000
2025-05-07,9.719786957881917,9.766248831689179,9.403847279416382,9.55252456665039,116885100
2025-05-08,9.60827899245641,9.719786957881917,9.533940348839407,9.55252456665039,107173400
2025-05-09,9.626863762179429,9.747664286529238,9.61757209583451,9.691910743713379,76350700
2025-05-12,9.955891728086213,10.116165666667372,9.880467481712955,9.946463584899902,102035800
2025-05-13,9.99360466003418,10.021888194037139,9.823901657781756,9.99360466003418,83671000
2025-05-14,9.965319522722458,10.087882693564232,9.88046802759221,10.040742874145508,84453100
2025-05-15,9.984174526268129,10.163304738084134,9.946462855405963,10.135021209716797,71096500
2025-05-16,10.153878752978832,10.191590428514244,10.031315582709427,10.182162284851074,64913000
2025-05-19,10.07845325386497,10.172732880578964,10.021886197130296,10.135021209716797,60195700
2025-05-20,10.172734252318058,10.21987407203161,10.050171080709735,10.106739044189453,61063800
2025-05-21,10.05017039459234,10.078453924842666,9.852183884605632,9.880467414855957,89090500
2025-05-22,9.88046794676533,9.899324234025475,9.748477532413373,9.842756271362305,94081100
2025-05-23,9.710765966516881,9.814472850265368,9.701337822780488,9.767333030700684,80519000
2025-05-27,9.852183308772576,9.88989497994127,9.625913281760402,9.720192909240723,89066800
2025-05-28,9.72962103137628,9.748477318222118,9.569346189655626,9.588202476501465,102335600
2025-05-29,9.625915406982719,9.691910621319156,9.531635758687214,9.635343551635742,101642200
2025-05-30,9.597630704746065,9.86161242910011,9.541062742825858,9.786189079284668,152191600
2025-06-02,9.682482703553529,9.691909948434681,9.314793179669634,9.409071922302246,170340800
2025-06-03,9.399643817132253,9.644769244836132,9.324220470282256,9.607057571411133,121584300
2025-06-04,9.60705787482177,9.776760860152438,9.5976306305057,9.654197692871094,123191200
2025-06-05,9.616486960020497,9.663626782686336,9.456212102427044,9.522208213806152,133191400
2025-06-06,9.578775052058091,9.757906194070106,9.569346907927498,9.673054695129395,105916700
2025-06-09,9.701338114807342,9.852184822661258,9.701338114807342,9.748477935791016,63638900
2025-06-10,9.786189979405364,10.040743583666668,9.767333690658502,9.99360466003418,87955500
2025-06-11,10.031316462249515,10.153879643265189,10.003032028780042,10.050171852111816,93094900
2025-06-12,9.974747354259351,9.984175497671487,9.833328799546296,9.927607536315918,76393300
2025-06-13,9.871041834146299,9.90875351387365,9.786190329980412,9.833330154418945,90106200
2025-06-16,9.89932472314484,10.059599576306095,9.89932472314484,10.012459754943848,75195200
2025-06-17,9.984176995712158,10.02188867590177,9.786190449937338,9.823902130126953,100969400
2025-06-18,9.833330154418945,9.927608904178644,9.805045720285404,9.833330154418945,82770200
2025-06-20,9.889896044439768,9.993603825654134,9.86161251279824,9.984175682067871,116743400
2025-06-23,9.946462855405963,10.135021209716797,9.937034712911132,10.135021209716797,77576500
2025-06-24,10.172734077313692,10.248157427910934,10.10673887032042,10.116166114807129,77244400
2025-06-25,10.144450027583046,10.153878170705559,9.823900354355308,9.880467414855957,91927300
2025-06-26,9.89932460480607,10.040743168084951,9.871041071973753,10.02188777923584,88416400
2025-06-27,10.087882646453911,10.29529731145731,10.069027258244839,10.182162284851074,182008200
2025-06-30,10.106738290172268,10.238728696582285,10.078453860983943,10.229301452636719,88472200
2025-07-01,10.191590766374965,10.72898238534893,10.172734478423521,10.700698852539062,140150700
2025-07-02,10.728981608071514,11.106098348606606,10.719553464778828,11.096671104431152,122331600
2025-07-03,11.077815238810619,11.275801759894478,11.077815238810619,11.134383201599121,60311500
2025-07-07,10.936397672704558,11.115527922737835,10.823261736863454,10.926969528198242,73842100
2025-07-08,10.9835363602426,11.172095649834995,10.974109115056843,11.011820793151855,74190200
2025-07-09,11.106098478610793,11.219233502095639,11.08724309092194,11.153238296508789,63886900
2025-07-10,11.181523619068455,11.285231414883226,11.106100257994468,11.228663444519043,67263000
2025-07-11,11.172094277949055,11.181521521977187,11.040102971265819,11.106098175048828,65340700
2025-07-14,11.087243391417623,11.219233806168637,11.00239189672496,11.20037841796875,62098100
2025-07-15,11.21923408136639,11.247518513035912,10.860973604725313,10.908112525939941,65101900
2025-07-16,10.700698366111185,10.794977104230826,10.512139091637392,10.596990585327148,107978100
2025-07-17,10.549852910456552,10.70070054051153,10.474429544987784,10.512141227722168,70345300
2025-07-18,10.530996442839655,10.596991656103636,10.417861406193966,10.521568298339844,68812600
2025-07-21,10.615846936468245,10.794977169358356,10.568707117565395,10.662986755371094,65515600
2025-07-22,10.59699028113245,10.644130098397715,10.446143585177392,10.549850463867188,79403800
2025-07-23,10.634703279146652,10.80440628278281,10.634703279146652,10.728982925415039,76163200
2025-07-24,10.662986451470474,10.776121474142547,10.587562203905188,10.615846633911133,63557800
2025-07-25,10.691270069685846,10.832688624401742,10.596990433797087,10.813833236694336,52312300
2025-07-28,10.82326106533563,10.832689209256978,10.606419149848364,10.634702682495117,54173600
2025-07-29,10.644130627057585,10.644130627057585,10.427288715631652,10.446144104003906,58371500
2025-07-30,10.49328481845919,10.49328481845919,10.201018631268472,10.24815845489502,79866900
2025-07-31,10.153878029240435,10.512138471732467,10.069026540554406,10.436715126037598,101090900
2025-08-01,10.29529701544718,10.29529701544718,10.06902696874042,10.201017379760742,73541500
2025-08-04,10.26701367869371,10.389576847758718,10.238729247982144,10.323580741882324,56696800
2025-08-05,10.351863809354626,10.464999728893961,10.276440462406546,10.427288055419922,58864300
2025-08-06,10.47442782521041,10.615847286583026,10.446144292582805,10.568707466125488,59519800
2025-08-07,10.653558970337814,10.738410467395369,10.465000587497302,10.634702682495117,71775000
2025-08-08,10.66298848731941,10.719555559896992,10.56870883420023,10.672415733337402,48465300
2025-08-11,10.796623541762264,11.054595484497753,10.567314945732637,10.64375114440918,84333000
2025-08-12,10.701077020452713,10.815731309710019,10.634195579517108,10.748849868774414,63944100
2025-08-13,10.767961242356412,10.978160353565345,10.691524125054176,10.930387496948242,63823300
2025-08-14,10.796624591850094,10.939942250509953,10.72018838573931,10.930387496948242,52469200
2025-08-15,10.920833654577983,11.006824614250478,10.90172414745456,10.930387496948242,46141400
2025-08-18,10.892168662894646,10.968604863875623,10.863505315324627,10.949496269226074,37113800
2025-08-19,11.006824113860512,11.207468462386082,10.978159854478507,11.0641508102417,58020200
2025-08-20,11.006823207828155,11.083259404172129,10.95905035731534,10.978158950805664,46469900
2025-08-21,10.91127781635877,10.92083256897067,10.701077814853738,10.825286865234375,51779300
2025-08-22,10.882614746610049,11.245687154378022,10.882614746610049,11.217022895812988,58538700
2025-08-25,11.197914144956604,11.322123196763476,11.159696045261517,11.293458938598633,45038800
2025-08-26,11.283905317018593,11.341232012082969,11.245687216578546,11.312568664550781,48613300
2025-08-27,11.293458892598819,11.446331290756492,11.28390505110749,11.379449844360352,40381500
2025-08-28,11.455885955276159,11.455885955276159,11.111923062068488,11.188359260559082,47723700
2025-08-29,11.217023225334112,11.30301418117259,11.197914630254122,11.245687484741211,44069700
2025-09-02,11.236132223157131,11.360341274726393,11.121477924291206,11.197914123535156,57704200
2025-09-03,11.150142164624834,11.207468863055464,11.054596452318526,11.10236930847168,47728700
2025-09-04,11.131032319443767,11.178805174145227,11.054596116397997,11.159696578979492,33136700
2025-09-05,11.188359548439339,11.379450049582644,11.140586695355665,11.217022895812988,47547800
2025-09-08,11.226577137937614,11.226577137937614,11.064149991557251,11.169249534606934,39734500
2025-09-09,11.150140848175273,11.159695600516102,10.939940852633677,10.978158950805664,41262700
2025-09-10,10.978159216618629,11.006823474335166,10.8061782262762,10.911277770996094,47021300
2025-09-11,10.94949640883606,11.264795969700623,10.920833060900573,11.236132621765137,64196100
2025-09-12,11.226578028846689,11.283905636726724,11.140587072622342,11.159696578979492,50100800
2025-09-15,11.217023275668113,11.236132782025264,11.092814217920882,11.159696578979492,47942400
2025-09-16,11.169250650109504,11.255241608097998,10.99726964532395,11.092814445495605,58065000
2025-09-17,11.111923505248024,11.350786862855614,11.035487303708907,11.140586853027344,68585900
2025-09-18,11.169250042729315,11.25524099604165,11.102368595127004,11.217022895812988,55040100
2025-09-19,11.245687876931141,11.274351226146456,11.073705959256365,11.10236930847168,71676300
2025-09-22,11.083260157468704,11.178804953796902,11.054595898497988,11.140586853027344,58432700
2025-09-23,11.1788046857449,11.398559443294,11.1788046857449,11.207468032836914,55667600
2025-09-24,11.207468011629812,11.30301371667756,11.073705117992612,11.111923217773438,60193800
2025-09-25,11.025933103103212,11.131032657686994,10.863505938897354,11.10236930847168,67656300
2025-09-26,11.131030879036947,11.771184680099978,11.131030879036947,11.474994659423828,117681800
2025-09-29,11.560986408490388,11.580095002512227,11.360341159708609,11.551431655883789,83325000
2025-09-30,11.57054182306003,11.656532785828206,11.379451300903794,11.427224159240723,70765000
2025-10-01,11.58009491299027,11.732967308748607,11.503658715111102,11.723413467407227,73578400
2025-10-02,11.732967754868909,11.876286314735239,11.580095353297935,11.675641059875488,74530500
2025-10-03,11.704304134641049,12.105594635009766,11.656531282465465,12.105594635009766,100778600
2025-10-06,12.06737587392507,12.22980301570232,11.924057325255623,12.134257316589355,90544900
2025-10-07,11.943167611620298,11.971830958754602,11.217022802147854,11.389004707336426,154390200
2025-10-08,11.446331497184955,11.47499575574999,11.159696201065689,11.217022895812988,78469700
2025-10-09,11.226578131965969,11.245687638498646,10.968605260923379,10.987714767456055,70320500
2025-10-10,11.035486709101797,11.073704807812112,10.844396215550221,10.90172290802002,84595400
2025-10-13,10.978159459286184,11.111923264679405,10.949496112127415,11.025932312011719,73939400
2025-10-14,10.873060040203622,11.236132449522604,10.834841939811698,11.13103199005127,89117900
2025-10-15,11.15969641980957,11.255241216658327,11.121478318831786,11.236132621765137,88960700
2025-10-16,11.217022895812988,11.264795748896661,11.121478100837027,11.217022895812988,108701200
2025-10-17,11.217022802147854,11.474995659930713,11.197914207788777,11.389004707336426,107633500
2025-10-20,11.398559194214663,11.54187683773435,11.379449689109983,11.455885887145996,77878900
2025-10-21,11.713858758265875,12.067376402564395,11.532322104236872,12.000494956970215,297153200
2025-10-22,11.971831303582976,12.038713663744618,11.732967944470515,11.876286506652832,415062200
2025-10-23,11.914503693770891,11.93361228721465,11.646976096027611,11.790294647216797,479840300
2025-10-24,12.162922455855446,13.347685472603047,12.14381385992916,13.22347640991211,298366900
2025-10-27,13.185257283767479,13.185257283767479,12.621539624215826,12.669312477111816,140859000
2025-10-28,12.650201655934175,12.688419752038245,12.45911117541382,12.5451021194458,96738500
2025-10-29,12.51644080240037,12.793522271830414,12.487776542286223,12.650203704833984,127512200
2025-10-30,12.554659052472768,12.697976709964728,12.478222846984863,12.478222846984863,80766300
2025-10-31,12.45911117541382,12.583320215549872,12.411338327485911,12.5451021194458,68862000
2025-11-03,12.51644044125724,12.51644044125724,12.32534902410899,12.430449485778809,80419400
2025-11-04,12.334902514185275,12.354012018419965,12.182030125073009,12.220248222351074,70360600
2025-11-05,12.344457607871915,12.717084750037086,12.306239509536358,12.525993347167969,79134300
2025-11-06,12.554657715076083,12.669312011094283,12.401784409193803,12.535548210144043,82291000
2025-11-07,12.52588455535642,12.79650525909133,12.516219299790656,12.767510414123535,80011300
2025-11-10,12.7868398200187,12.796505075445758,12.564544475573328,12.719184875488281,62051200
2025-11-11,12.748180033345742,12.98980589458355,12.748180033345742,12.854496002197266,79742400
2025-11-12,12.854495567604921,13.047796065714047,12.854495567604921,12.999470710754395,61840500
2025-11-13,12.95114532236986,13.047796032039724,12.806170179594544,12.835165023803711,71481600
2025-11-14,12.738515102247947,12.864160654809071,12.661194904014865,12.74817943572998,67932400
2025-11-17,12.73851477247725,12.73851477247725,12.351912869590606,12.448563575744629,73404400
2025-11-18,12.438898639507828,12.651529645457298,12.332583597397827,12.583874702453613,70215400
2025-11-19,12.593539154171422,12.709519452579286,12.42923350099458,12.467893600463867,49619300
2025-11-20,12.477559237001426,12.57420994949244,11.965312672949869,11.994307518005371,95861900
2025-11-21,12.09095818669995,12.506554036755103,12.071627675579965,12.400238990783691,74048900
2025-11-24,12.40990432601986,12.545214217810486,12.400239070397813,12.525884628295898,52936200
2025-11-25,12.554878510080934,12.815834861475645,12.545213255200514,12.728849411010742,52885000
2025-11-26,12.728849847036445,12.815835300481028,12.6805244927084,12.74817943572998,44942200
2025-11-28,12.767510080072494,12.893155633951524,12.738515235863327,12.835165023803711,29536200
2025-12-01,12.75784497546702,12.941481141663145,12.6901900309366,12.719184875488281,51594000
2025-12-02,12.74817997722593,12.74817997722593,12.438899171156493,12.525884628295898,57641700
2025-12-03,12.554878606049673,12.699854665175847,12.525883762916216,12.651529312133789,45364700
2025-12-04,12.74817928278786,12.796504636536135,12.622534653463585,12.699854850769043,47554800
2025-12-05,12.70951857469855,12.835164119727429,12.564543442134912,12.593538284301758,54099400
2025-12-08,12.632198986829675,12.719184439230679,12.516218690871488,12.699854850769043,45580800
2025-12-09,12.690189175083644,12.777174624601697,12.622534235116015,12.641863822937012,33350000
2025-12-10,12.641864607768552,12.970475916691168,12.632199352393302,12.960810661315918,72210700
2025-12-11,12.941480347587959,13.221766285668144,12.854494897540759,13.173440933227539,59012300
2025-12-12,13.21210206754142,13.376407725694301,13.21210206754142,13.299087524414062,48337300
2025-12-15,13.337747020068397,13.347412275222396,13.038130562400623,13.192770957946777,53577300
2025-12-16,13.260427292092968,13.521382738390011,13.115451224835057,13.212101936340332,69408900
2025-12-17,13.173440351234381,13.202435192726,12.844829075231404,12.86415958404541,58320600
2025-12-18,12.931814725194222,13.018800172769044,12.806169181111635,12.873824119567871,52604800
2025-12-19,12.864160342758638,13.028465068721236,12.83516457782749,13.018800735473633,61640600
2025-12-22,13.057461555779545,13.154111345706795,12.970476099634372,13.009136199951172,31106100
2025-12-23,12.980141324656197,12.999470913904442,12.835165257511617,12.844830513000488,25440800
2025-12-24,12.854495434712177,12.931815633156475,12.806170080252125,12.912485122680664,14227600
2025-12-26,12.893154425537029,12.93181452143565,12.815834233739785,12.86415958404541,22471400
2025-12-29,12.825500690220307,12.864160789742357,12.796504924281662,12.835165023803711,24398300
2025-12-30,12.835164839308751,12.844830094482704,12.757844641376067,12.786839485168457,23002800
2025-12-31,12.767510281781034,12.777175537246613,12.680524826049805,12.680524826049805,26302300
2026-01-02,12.738514706301888,12.941480450787392,12.622534412557235,12.893155097961426,46366900
2026-01-05,12.80616973462579,13.028465068721236,12.757844381469992,13.018800735473633,50135200
2026-01-06,13.057460681221936,13.395736305904661,12.87382452571953,13.337746620178223,84534700
2026-01-07,13.337747155805213,13.357076744580466,13.134781404152957,13.279756546020508,50609000
2026-01-08,13.424732291714768,14.014299022205645,13.424732291714768,13.917648315429688,154276800
2026-01-09,13.869324130985373,13.927313818701025,13.618033026272297,13.724348068237305,68436200
2026-01-12,13.676021716312231,13.71468181254554,13.492386489636365,13.560041427612305,53444000
2026-01-13,13.589037961229483,13.6566929030397,13.492387254303928,13.511716842651367,58867500
2026-01-14,13.53104802466764,13.64702832570011,13.328082267428446,13.376407623291016,65318600
2026-01-15,13.453727149559606,13.656692896624362,13.328081599307188,13.347412109375,44241500
2026-01-16,13.299086766736115,13.337746865173685,13.134781117944083,13.14444637298584,60750800
2026-01-20,13.018801187830556,13.15411107529299,12.78683966896878,12.835165023803711,67018100
2026-01-21,12.960810251271335,13.308752059936523,12.960810251271335,13.308752059936523,58160100
2026-01-22,13.31841693053534,13.376407541562005,13.241096730319448,13.250761985778809,38170300
2026-01-23,13.241096207720018,13.241096207720018,13.096121068469472,13.105786323547363,39702100
2026-01-26,13.105786440064533,13.202436226514344,12.893155435107806,12.989805221557617,59171000
2026-01-27,13.183106316871616,13.482721845817878,13.057460767990156,13.46339225769043,100003700
2026-01-28,13.415067254249385,13.424732509429617,13.299086957275003,13.357076644897461,48751800
2026-01-29,13.42473372331194,13.618034235747732,13.337748262283444,13.531048774719238,84803900
2026-01-30,13.444062517445209,13.51171746235838,13.328082216852847,13.415067672729492,66996300
2026-02-02,13.395736541085624,13.434396639491794,13.28942150090102,13.347412109375,54218100
2026-02-03,13.357076509102544,13.569707512258596,13.154110761028464,13.27009105682373,76638000
2026-02-04,13.260426858283543,13.531047551223768,13.231431092742847,13.357076644897461,70488700
2026-02-05,13.289421364375663,13.357076305459064,13.07679036446141,13.26042652130127,79719900
2026-02-06,13.318416110449785,13.415066815633098,13.21210107213169,13.337746620178223,55588200
2026-02-09,13.289422239684809,13.318417084668951,13.076791225765591,13.134781837463379,59778000
2026-02-10,13.183105765334687,13.27975554538731,13.115449905395508,13.115449905395508,80827700
2026-02-11,13.163775902494091,13.415067002079674,13.067126117696947,13.386072158813477,129595000
2026-02-12,13.434398057636567,13.878989697103666,13.386073620824781,13.531048774719238,133257200
2026-02-13,13.560356569872518,14.009763233272906,13.53104770296069,13.794829368591309,87400200
2026-02-17,13.765520960872825,13.843678563052956,13.609205756512567,13.80459976196289,57684800
2026-02-18,13.78506052759482,13.814370328540281,13.491969971837445,13.531048774719238,64199300
2026-02-19,13.452889881139946,13.628744011417808,13.37473135114615,13.462658882141113,58268500
2026-02-20,13.462658877137917,13.716671537315177,13.404041144304436,13.687362670898438,67701100
2026-02-23,13.658054177479716,13.716672847624915,13.25749621524267,13.325884819030762,59134400
2026-02-24,13.45288993403016,13.999993124153224,13.413810203023587,13.872986793518066,73560800
2026-02-25,13.921836461446707,14.156309272975951,13.82413899078679,14.097691535949707,58968700
2026-02-26,14.117230504896078,14.459170721313352,13.970685230267037,14.07815170288086,61456300
2026-02-27,13.990223924286061,14.234466665599504,13.706902381630954,13.765521049499512,73157000
2026-03-02,13.609205466535483,13.609205466535483,12.915556063182635,13.08164119720459,110305500
2026-03-03,12.769009921561423,12.876477321542552,12.387991850245333,12.407530784606934,102354700
2026-03-04,12.651772810292035,12.847166801503828,12.514997482299805,12.514997482299805,73976700
2026-03-05,12.407530617955889,12.45637935077192,11.958123953130142,12.055821418762207,71944300
2026-03-06,11.889736208151216,12.036281473925065,11.752959943506767,11.870196342468262,59877700
2026-03-09,11.665032325955329,11.91904498770159,11.52825699402432,11.90927505493164,69611200
2026-03-10,11.90927542710238,12.22190676352615,11.90927542710238,11.958124160766602,56746300
2026-03-11,11.987433761484272,12.202366695308275,11.752960030121232,11.831117630004883,50074500
2026-03-12,11.655263180771065,11.909274907664203,11.57710558300209,11.76272964477539,51733900
2026-03-13,11.831118628548461,11.850658496024577,11.3817119254316,11.401251792907715,48546500
2026-03-16,11.547796980500516,11.606415650751572,11.371942833171659,11.440330505371094,49441400
2026-03-17,11.586874787636797,11.752959918743665,11.567335853707087,11.665032386779785,59520100
2026-03-18,11.596644574784735,11.733420837422866,11.43055944576417,11.518486976623535,55564800
2026-03-19,11.411020365044338,11.479408029626171,11.215625440447019,11.371941566467285,47423400
2026-03-20,11.371942791107774,11.41102159389321,11.108160173521965,11.254706382751465,147725100
2026-03-23,11.65526379446382,11.733421396348083,11.450099856589608,11.489178657531738,44442200
2026-03-24,11.411020881081289,11.606414882802797,11.401250948067188,11.567336082458496,31903900
2026-03-25,11.67480341558819,11.733422086304374,11.391481859169657,11.401251792907715,37746100
2026-03-26,11.293784055129908,11.450099250625899,11.22539545831637,11.332862854003906,28517600
2026-03-27,11.274245161375502,11.284015094863923,11.030002414437808,11.108160018920898,33064600
2026-03-30,11.147238215993104,11.186317016113112,10.854146749237003,10.951844215393066,41459900
2026-03-31,11.098390184631159,11.32309399831258,11.010463577585888,11.274245262145996,38287900
2026-04-01,11.352402564426695,11.420790234207926,11.313323762878547,11.41102123260498,33991700
2026-04-02,11.2058565247354,11.352401787584876,11.098389129047865,11.332862854003906,31109100
2026-04-06,11.332863292388826,11.362172159750052,11.235165825568608,11.342632293701172,24374600
2026-04-07,11.274245318288107,11.342632990234582,11.088621237985324,11.254706382751465,41991600
2026-04-08,11.684572697227381,11.958124304641341,11.684572697227381,11.899506568908691,58140000
2026-04-09,11.792039025335502,11.987433959992396,11.68457255664389,11.958124160766602,32576200
2026-04-10,12.055821395129216,12.133978994796822,11.792038797466985,11.85065746307373,28362700
2026-04-13,11.752960399113437,11.889736669060055,11.645493928827452,11.879966735839844,32688600
2026-04-14,12.221907168558392,12.456379979862541,12.163288499876291,12.417301177978516,50232200
2026-04-15,12.407531244579477,12.46614991326158,12.202367301760315,12.417301177978516,39926500
2026-04-16,12.37822151710741,12.456379115451709,12.133978789353455,12.153517723083496,37407700
2026-04-17,12.34891315631906,12.739701164042533,12.329373290076834,12.573616027832031,45735000
2026-04-20,12.514998292529562,12.62246476172549,12.45637962551499,12.573616027832031,26029000
2026-04-21,12.573615742202083,12.72993094174052,12.485688209533691,12.485688209533691,32210000
2026-04-22,12.544306729313393,12.583385528743474,12.29029406716182,12.339142799377441,23958300
2026-04-23,12.319603728489595,12.407531265807116,12.085130916784296,12.192597389221191,30844500
2026-04-24,12.163287797646333,12.17305773048132,12.006972599134869,12.094900131225586,35043500
2026-04-27,12.094900360829747,12.35868203039734,12.094900360829747,12.202366828918457,35098200
2026-04-28,12.231676340687756,12.231676340687756,11.958123812812694,12.114439010620117,44278000
2026-04-29,12.085130495608743,12.094900428684008,11.860427625150255,11.958124160766602,48672800
2026-04-30,11.284014954715618,11.811579244280164,11.20585735120325,11.801809310913086,80557900
2026-05-01,11.782270829119701,11.792039831150435,11.508718274591539,11.606415748596191,52880500
2026-05-04,11.577106773879558,11.606415643129761,11.196087746778295,11.235166549682617,51014800
2026-05-05,11.293785261183006,11.518488145776292,11.293785261183006,11.420790672302246,42262100
2026-05-06,11.665032379359893,11.967893774630383,11.665032379359893,11.88973617553711,52111200
2026-05-07,11.938585369967829,12.016742972086103,11.78227016573128,11.899506568908691,38986700
2026-05-08,12.006972718608843,12.085130318642275,11.899506251490898,12.03628158569336,38453500
2026-05-11,12.055821574075445,12.104670307520786,11.733421237733117,11.772500038146973,48850800
2026-05-12,11.792285376658635,11.901106461773582,11.67357120831787,11.86153507232666,42165300
2026-05-13,11.841749807500431,13.790641910197275,11.841749807500431,13.424606323242188,216261200
2026-05-14,13.602678636113962,14.77992822659138,13.483964463049915,14.324856758117676,187021600
2026-05-15,13.830213385126486,13.899464024434955,13.147606679488336,13.256427764892578,108272300
2026-05-18,13.840106605589487,13.840106605589487,12.880500163572956,12.890392303466797,69708800
2026-05-19,12.751892958110387,13.088249302168602,12.5837143143531,12.920071601867676,41418200
2026-05-20,12.910179045905245,13.167393563742875,12.78157178698643,13.078357696533203,42349000
2026-05-21,13.028892873554149,13.65214298394347,12.999214566427906,13.52353572845459,72523100
2026-05-22,13.642249710588825,14.789820967036778,13.622464487265425,14.770035743713379,109712200
2026-05-26,14.621642829561713,15.383393294746337,14.621642829561713,15.15585708618164,90423300
2026-05-27,15.26467861188706,15.887927770970677,15.225107221731651,15.709856986999512,89234100
2026-05-28,15.690071510695839,16.57053615972241,15.690071510695839,16.471607208251953,98577300
2026-05-29,16.699141954375758,17.589500602896216,16.639785340111974,17.253143310546875,154228200
2026-06-01,17.19378464911138,17.292713596570753,16.451820373535156,16.451820373535156,97586400
2026-06-02,16.39246407466671,16.570535806131176,15.660392868467161,15.976963996887207,72847500
2026-06-03,15.838464328179718,16.02642914004636,15.4625356479028,15.541678428649902,59298500
2026-06-04,15.719750297307124,15.719750297307124,15.056928795044326,15.175642967224121,50079400
2026-06-05,15.066820648459439,15.096499898531965,14.522714272185445,14.7403564453125,65372100
2026-06-08,14.829392766861687,15.027249722844076,14.750249984468732,14.839285850524902,33038300
2026-06-09,14.948106228326765,15.225106896962247,14.334749222273356,14.789820671081543,51032600
2026-06-10,14.680999977757763,14.680999977757763,14.077535095350614,14.146785736083984,50776700
2026-06-11,14.146785965886894,14.621642657996635,13.94892901084117,14.552392959594727,47657200
2026-06-12,14.591963893016764,14.839285314932303,14.453463557099777,14.680999755859375,42162200
2026-06-15,15.056928990025366,15.314142561350874,14.582071351700604,14.611750602722168,48551900
2026-06-16,14.631535326967722,14.690892883527487,14.255606651306152,14.255606651306152,47490000
2026-06-17,14.275393169610851,14.324856700596632,13.780750312102022,13.810428619384766,43099800
2026-06-18,13.968713683365971,13.978606766591938,13.572999788890696,13.909357070922852,88711700
2026-06-22,13.94892915642865,14.404000629511671,13.80053573100326,13.958821296691895,66738100
2026-06-23,13.691714813777383,14.0676435087749,13.592785862241465,13.850000381469727,65368300
2026-06-24,13.879678155340315,13.998392326540445,13.563107032139966,13.6917142868042,51675000
2026-06-25,13.770857423300738,14.206142728944485,13.741179115598218,13.958821296691895,61741400
2026-06-26,13.82032161528873,14.32485660972013,13.82032161528873,13.978607177734375,59551900
2026-06-29,13.939035961082322,14.097321525503373,13.810428704126121,13.869786262512207,46333200
2026-06-30,13.869786091566327,14.037963794098607,13.642249887923173,13.751070976257324,59308700
2026-07-01,13.701607419945576,13.731285726989121,13.404821519141024,13.493857383728027,44544000
2026-07-02,13.671928428068847,13.850000160611323,13.078357558687909,13.216856956481934,48984900
2026-07-06,13.365249753971128,13.751070565091801,13.27621389187979,13.6818208694458,54301400
2026-07-07,13.602678685400786,13.652143160220794,13.404821729577144,13.414714813232422,43813400
2026-07-08,13.236642997363257,13.424606868340224,13.09814265743639,13.35535717010498,43967600
2026-07-09,13.444392861853965,13.602678423464901,13.295999440251437,13.464178085327148,41197500
2026-07-10,13.48396477031708,13.948929333005642,13.48396477031708,13.850000381469727,47092800
2026-07-13,13.840107102209656,14.067643310147009,13.671928453047036,13.701607704162598,51284100
2026-07-14,13.850000297595653,13.879678605494139,13.612571947494978,13.790642738342285,42721900
2026-07-15,13.889571067087365,14.225928353057526,13.820321370607516,14.028071403503418,57373200
2026-07-16,14.047856950757488,14.117107592291022,13.849999996639626,14.0379638671875,33315200
2026-07-17,13.889571753767488,14.344643231968183,13.701607878262514,14.077535629272461,45456500
2026-07-20,14.146785951717316,14.146785951717316,13.790642489535346,13.840106964111328,39940100
2026-07-21,13.99839227712004,14.265499868969604,13.879678106339023,14.117107391357422,48936300
2026-07-22,14.117107588975104,14.542499804364494,14.10721450540744,14.26550006866455,62012000
2026-07-23,14.057749661491822,14.126999357732359,13.869785795929072,13.998392105102539,65393700
2026-07-24,14.018178885363957,14.3941075764021,13.988500577598323,14.216035842895508,76549600
2026-07-27,14.651321871181368,14.710678485814306,14.18635732042692,14.522714614868164,58748400
2026-07-28,14.601857137415951,14.85907164547532,14.502928190175775,14.799714088439941,75709000
2026-07-29,15.403178141109517,16.11546505708121,14.997571152586854,15.11628532409668,98361100
2026-07-30,15.175643278827723,15.205321586617966,14.483143455164877,14.700785636901855,60025800
2026-07-31,14.799714351220093,14.86896404944398,14.255607018650808,14.522714614868164,56015200
2026-08-03,14.750250186897496,14.89864361351309,14.27539348602295,14.27539348602295,42705200
2026-08-04,14.334749517103068,14.334749517103068,13.830213585414631,14.087428092956543,53923500
2026-08-05,14.176464130791432,14.334749693237077,13.978607177734375,13.978607177734375,41003600
2026-08-06,13.998392581112281,14.008285664756297,13.602678669915475,13.642250061035156,59941400
2026-08-07,13.67192798669465,13.939035576885264,13.612571373400975,13.83021354675293,34589200
2026-08-10,13.790642821856895,13.919250081471025,13.61257202993121,13.850000381469727,39252700
2026-08-11,13.890000343322754,14.180000305175781,13.84000015258789,13.979999542236328,36394900
2026-08-12,14.029999732971191,14.079999923706055,13.789999961853027,13.829999923706055,38326500
2026-08-13,13.859999656677246,14.010000228881836,13.819999694824219,13.890000343322754,26341400
2026-08-14,13.970000267028809,14.4399995803833,13.930000305175781,14.369999885559082,49580800
2026-08-17,14.260000228881836,14.260000228881836,14.0,14.050000190734863,31475800
2026-08-18,14.050000190734863,14.050000190734863,13.859999656677246,13.930000305175781,25839100
2026-08-19,14.050000190734863,14.5,14.050000190734863,14.5,50810300
2026-08-20,14.289999961853027,14.300000190734863,13.819999694824219,13.989999771118164,41185900
2026-08-21,14.130000114440918,14.550000190734863,14.130000114440918,14.40999984741211,45121000
2026-08-24,14.390000343322754,14.399999618530273,13.779999732971191,13.930000305175781,53277300
2026-08-25,13.930000305175781,14.020000457763672,13.819999694824219,13.949999809265137,35605500
2026-08-26,13.930000305175781,13.930000305175781,13.760000228881836,13.899999618530273,28493700
2026-08-27,13.859999656677246,14.100000381469727,13.850000381469727,13.949999809265137,37675800
2026-08-28,14.119999885559082,14.260000228881836,13.800000190734863,13.880000114440918,40250300
2026-08-31,13.899999618530273,14.050000190734863,13.869999885559082,13.9399995803833,41054600
2026-09-01,13.949999809265137,14.050000190734863,13.729999542236328,13.84000015258789,50110700
2026-09-02,13.880000114440918,14.239999771118164,13.770000457763672,14.140000343322754,58216800
2026-09-03,14.300000190734863,14.470000267028809,14.0600004196167,14.40999984741211,40628400
2026-09-04,14.380000114440918,14.640000343322754,14.300000190734863,14.619999885559082,39292500
2026-09-08,14.600000381469727,14.600000381469727,13.869999885559082,14.0,46663600
2026-09-09,13.960000038146973,14.15999984741211,13.449999809265137,13.449999809265137,68871400
2026-09-10,13.329999923706055,13.949999809265137,13.149999618530273,13.880000114440918,47988700
2026-09-11,14.09000015258789,14.130000114440918,13.880000114440918,13.970000267028809,39394600
2026-09-14,13.859999656677246,13.949999809265137,13.739999771118164,13.859999656677246,31579500
2026-09-15,13.880000114440918,13.890000343322754,13.479999542236328,13.5,45801400
2026-09-16,13.539999961853027,13.569999694824219,13.25,13.350000381469727,53312700
2026-09-17,13.609999656677246,13.829999923706055,13.59000015258789,13.609999656677246,46084000
2026-09-18,13.539999961853027,13.600000381469727,12.9399995803833,13.210000038146973,111219500
2026-09-21,13.350000381469727,13.449999809265137,13.170000076293945,13.170000076293945,48152073
