Date,Open,High,Low,Close,Volume
2014-09-22,28.815691266748505,29.091111120899335,28.733066361142612,29.07045555114746,11518100
2014-09-23,28.918975610342464,29.029143031413163,28.836350701189065,28.84323501586914,10251300
2014-09-24,28.81569585312046,29.15308509682495,28.81569585312046,29.104887008666992,13540900
2014-09-25,28.96028531674739,29.03602327400051,28.76060607324829,28.76749038696289,11076300
2014-09-26,28.918968871076522,29.091105590547215,28.719289646107026,29.056678771972656,9939600
2014-09-29,28.850123617539772,29.097998359265738,28.836352360788556,29.091114044189453,12441100
2014-09-30,28.987816432817965,29.47668660986934,28.97404780955215,29.373403549194336,22613700
2014-10-01,29.297669816213613,29.504233359106948,29.173731165158024,29.428495407104492,30409700
2014-10-02,29.332089799604866,29.456028421775937,29.208151177433795,29.373403549194336,16643200
2014-10-03,29.51112679833733,29.655721047547644,29.373416863880518,29.60752296447754,14046300
2014-10-06,29.628160424159166,30.075716780910778,29.58684930769386,30.020631790161133,20328100
2014-10-07,29.938029883453805,30.392470899160458,29.938029883453805,30.240989685058594,24936600
2014-10-08,30.006877775461,30.681653481021854,29.958677071794035,30.674766540527344,26115600
2014-10-09,30.599025970084007,30.812476473351854,30.206554412841797,30.206554412841797,25029300
2014-10-10,30.213445171085148,30.89510527701953,30.19278697357906,30.619688034057617,25920800
2014-10-13,30.488857302088523,30.72985030419711,30.31672056912443,30.344263076782227,20175200
2014-10-14,30.323605150467646,30.37868753490029,29.931133639967687,30.048185348510742,21027400
2014-10-15,29.40095347165044,29.972446038968297,29.40095347165044,29.76588249206543,22988600
2014-10-16,29.366548153231395,29.56622490636484,29.180640036921005,29.30457878112793,22519200
2014-10-17,29.394067210555058,29.62817326954459,29.13242127084763,29.524892807006836,23236000
2014-10-20,29.435377826854513,29.931132399186513,29.407835322481006,29.807193756103516,17647800
2014-10-21,28.092724336922547,28.361257316085197,27.720908230420868,28.010099411010742,55953500
2014-10-22,27.67270507508192,28.306169728770968,27.610735735336238,27.968780517578125,27728200
2014-10-23,28.189106046505273,28.492068330276094,28.051398782897834,28.134023666381836,23346800
2014-10-24,28.216658453387033,28.416337732938292,28.175344683845825,28.25108528137207,13396000
2014-10-27,28.023864869026557,28.16845911609202,27.927468704316247,28.065176010131836,17222500
2014-10-28,28.065174645310226,28.134030921468003,27.893037894813332,27.927467346191406,18658700
2014-10-29,27.98943110495946,28.251077022434885,27.899919277087424,28.202878952026367,25761800
2014-10-30,28.23041295847085,28.6366555914737,28.11336128745841,28.50583267211914,18295600
2014-10-31,28.801924567228042,28.843235709498952,28.505849123493224,28.83635139465332,18477700
2014-11-03,28.77437000008977,29.111756444752885,28.636660121481423,28.78814125061035,13230600
2014-11-04,28.760603774854015,28.95339606263345,28.684863197055545,28.79503059387207,10105300
2014-11-05,29.12553455334961,29.290786971910464,28.912086686514524,29.132421493530273,20676800
2014-11-06,29.215046586796944,29.345869558534076,28.994711778293304,29.118650436401367,11528800
2014-11-07,29.228815035573554,29.23569934854194,29.015364561183752,29.13930320739746,11803800
2014-11-10,29.09110956622419,29.311444387130454,28.980942155771057,29.1875057220459,9088900
2014-11-11,29.180615239140504,29.407834326028407,29.166843987420375,29.270124435424805,8563700
2014-11-12,29.270125112922777,29.531773648466075,29.132417845729442,29.407835006713867,12768800
2014-11-13,29.366523100105866,29.66259844461283,29.352751848431392,29.462919235229492,12007700
2014-11-14,29.40094668720102,29.5868546244936,29.26323681217718,29.421602249145508,10939500
2014-11-17,29.43538699581023,29.600639446928692,29.42161573933381,29.552438735961914,10664000
2014-11-18,29.57309059581921,30.199668184914884,29.43538068716782,29.97244644165039,26143000
2014-11-19,30.06885251159017,30.59214981181901,29.993114532108674,30.447555541992188,25402300
2014-11-20,30.268527134405492,30.58525814123302,30.192786540034017,30.46820640563965,13465400
2014-11-21,30.695425824571554,30.80559323700894,30.488859627977945,30.64034080505371,14382700
2014-11-24,30.647221526708908,30.833129505891932,30.433773667593503,30.481971740722656,12890800
2014-11-25,30.481968993462242,30.70230377265104,30.378685916580977,30.59213638305664,10741700
2014-11-26,30.49854588169257,30.762000376488785,30.484679438057977,30.7065372467041,9199200
2014-11-28,30.609470822235938,31.19878005424817,30.609470822235938,31.08091926574707,10502000
2014-12-01,30.63026110519554,31.039311775205498,30.595596332093542,30.886783599853516,10065700
2014-12-02,30.761986990344543,30.96997826484823,30.664924571892993,30.879850387573242,9878100
2014-12-03,30.79666280034575,30.810529242916452,30.33908077452657,30.36681365966797,15246500
2014-12-04,30.24202667635577,30.394554942019514,30.06870006346669,30.158830642700195,13779700
2014-12-05,30.15882049522186,30.2350846023933,29.950829158688236,30.17961883544922,12536900
2014-12-08,30.165759528867707,30.248958198962935,29.874572117796287,29.909236907958984,12802300
2014-12-09,29.22286484789578,29.486319366927933,28.89007545955864,29.1466007232666,25714600
2014-12-10,29.14660354033,29.28526535808002,28.813816764582455,28.8415470123291,18324100
2014-12-11,28.855402652005413,29.125791640740363,28.77220665041463,28.793004989624023,16201500
2014-12-12,28.69595358824388,28.84848185380923,28.335433916296658,28.36316680908203,18432400
2014-12-15,28.51568622104271,28.550351003884533,28.120501878188467,28.12743377685547,23378500
2014-12-16,27.8709030396806,28.64047315903282,27.593579568737457,28.00263023376465,23475400
2014-12-17,28.037304839627545,28.952468912050605,27.995708155724213,28.806875228881836,20223900
2014-12-18,29.021807774376672,29.389259338378906,28.945543643413004,29.389259338378906,18030700
2014-12-19,29.423926230911423,29.666585087181044,29.042608193635555,29.08420753479004,24009500
2014-12-22,29.215932772525292,29.423924174250914,29.181267979696717,29.361526489257812,11190900
2014-12-23,29.493254157720752,29.90923692948038,29.44472292250726,29.7913761138916,13411300
2014-12-24,29.88149965417838,29.971630211242335,29.756704312014,29.770570755004883,6405900
2014-12-26,29.791364092262526,30.020153730981264,29.7636312134018,29.7844295501709,6466900
2014-12-29,29.67351335010318,29.853774494916696,29.458590059042326,29.715112686157227,8694500
2014-12-30,29.63191104333856,29.805237610252735,29.56951337345932,29.645774841308594,9222000
2014-12-31,29.756703177324,29.770569619786123,29.271390914916992,29.271390914916992,9369500
2015-01-02,29.299123139678034,29.39618824348766,28.980202875707363,29.215927124023438,9921100
2015-01-05,29.59724506092347,29.791372623789073,29.174330438572966,29.215927124023438,26292600
2015-01-06,29.403119409684,29.770570894020743,29.28525861084149,29.43778419494629,16897500
2015-01-07,29.673510734255267,29.8884366511235,29.520985138344262,29.805240631103516,13412300
2015-01-08,29.936979769939956,30.207368925930645,29.88151397140092,30.165769577026367,21743600
2015-01-09,30.138029988197886,30.200427669851145,29.77751034361839,29.83297348022461,12733500
2015-01-12,29.860696248462943,29.950826790243077,29.43777906559438,29.56257438659668,11415800
2015-01-13,29.694302929791924,29.978558338377876,29.430845858863744,29.555641174316406,12529500
2015-01-14,29.17434470641515,29.53486183214879,29.167410158946264,29.507131576538086,13447600
2015-01-15,29.694308753876136,29.715107095613185,29.236724077632797,29.382320404052734,11193100
2015-01-16,29.368461576212827,29.52792174196796,29.285265542939328,29.4863224029541,15114900
2015-01-20,29.604177370574025,30.04096104811255,29.541779702354233,29.923097610473633,17047300
2015-01-21,29.735908932560253,30.110294996354316,29.645778366516385,30.061763763427734,10720600
2015-01-22,30.06869555309572,30.387618482985694,29.860704177778832,30.352951049804688,14709100
2015-01-23,30.22815644513915,30.332153457753,29.93696904142659,30.027099609375,12357700
2015-01-26,29.936967285952345,29.97163207320629,29.694311130421,29.812171936035156,11151900
2015-01-27,29.493256361466486,29.5625859470221,29.222867275143773,29.389259338378906,15274000
2015-01-28,29.527907198706753,29.67350084641528,29.04952693705606,29.063390731811523,14278500
2015-01-29,28.95940267797041,29.22285979621333,28.751411329780098,29.18819236755371,13657900
2015-01-30,29.000993888129805,29.070323436536736,28.50181267639112,28.54340934753418,19193700
2015-02-02,28.571162292546948,28.862352418837563,28.356238954676442,28.834619522094727,15197500
2015-02-03,28.9455445908593,29.01487417868421,28.682087396566995,28.862348556518555,13193100
2015-02-04,28.959406573199363,29.18126439374415,28.855409562739187,28.897008895874023,16400000
2015-02-05,28.980206131059553,28.99407257601855,28.77914664628504,28.97327423095703,11078500
2015-02-06,28.862340351840484,28.952468261441417,28.647414459073307,28.737545013427734,12366400
2015-02-09,28.689013245576906,28.73754447129371,28.453289015772373,28.58501625061035,13371100
2015-02-10,29.74977572227353,29.83297174472002,29.257528842730487,29.396190643310547,32184200
2015-02-11,29.188199858976198,29.458591590250986,28.9108788717966,29.37539291381836,20496300
2015-02-12,29.39619338016497,29.57645188637383,29.16740099119368,29.236730575561523,13818200
2015-02-13,29.132729188522596,29.27832286751194,28.952468080937575,29.11193084716797,10792100
2015-02-17,28.987133026123043,29.035664248295017,28.869269597453076,28.987133026123047,12804200
2015-02-18,28.945533769212552,28.98019855016515,28.751408880075402,28.93166732788086,9789800
2015-02-19,28.897007467023872,29.285259956156523,28.793010461705965,29.19512939453125,16578300
2015-02-20,29.146599470026715,29.195130702748738,28.86927587325472,29.098068237304688,15982400
2015-02-23,28.91781482797305,29.236735198095268,28.903948379956272,29.014877319335938,11830300
2015-02-24,29.014856884243205,29.34764611275409,28.95939377599317,29.208984375,12782700
2015-02-25,29.236726138415506,29.28526001381213,28.93860685507491,29.15353012084961,10323300
2015-02-26,29.146596825038735,29.50018186631985,29.09806559672081,29.43778419494629,14346500
2015-02-27,29.47938825490988,30.269757122642815,29.444723464084646,30.020166397094727,28312800
2015-03-02,30.0201676735877,30.0201676735877,29.867642058520307,29.950838088989258,13514600
2015-03-03,29.888432861498128,29.923097645048408,29.70123985662247,29.777503967285156,10036300
2015-03-04,29.75670633980703,29.7983056716145,29.44472060788916,29.465518951416016,16263000
2015-03-05,29.507119554823824,29.54178434378037,29.292193631687034,29.396190643310547,9223000
2015-03-06,29.20205441106063,29.257520172757857,28.654344560442457,28.78607177734375,18180500
2015-03-09,28.79301202079385,28.806878465237325,28.647418321268116,28.69594955444336,10123300
2015-03-10,28.494882021014245,28.52954944469862,28.20369470428784,28.21062660217285,14599100
2015-03-11,28.238360246021426,28.238360246021426,27.787712818235356,27.801576614379883,18549700
2015-03-12,28.03227164383909,28.36083030700684,27.976348296935555,28.360830307006836,17728700
2015-03-13,28.269944996691407,28.360823413356375,27.689727413442274,27.899444580078125,17438400
2015-03-16,27.96237225877224,28.207041949356647,27.955382839055382,28.16510009765625,15238800
2015-03-17,28.430729419108268,28.472673920844546,28.18605982572639,28.318880081176758,21661800
2015-03-18,28.297911446984656,28.51462072339361,27.822551055744796,28.381797790527344,26247500
2015-03-19,28.297915461737848,28.32587846911891,27.934404365881534,27.976348876953125,16057600
2015-03-20,28.011294446538592,28.42373937100853,27.969349945733708,28.416749954223633,31608500
2015-03-23,28.409760157399507,28.619477344906745,28.31189231434271,28.39577865600586,17060500
2015-03-24,28.598509131930932,28.654435142796792,28.290924072265625,28.290924072265625,13485700
2015-03-25,28.374809147358842,28.45170607549595,28.130139527557926,28.276941299438477,22811300
2015-03-26,28.2000532741904,28.353847179018064,28.12315632177657,28.207042694091797,17359600
2015-03-27,28.297913527993767,28.297913527993767,27.941394541695104,28.018291473388672,14384400
2015-03-30,28.03925806969726,28.388787584070556,27.92041664812709,28.318880081176758,12561400
2015-03-31,28.318888339564825,28.591523680309034,28.20703896901567,28.346851348876953,16604800
2015-04-01,28.514620084104653,28.528601585498105,28.123146045184207,28.43772315979004,14300700
2015-04-02,28.472675579924303,28.570543422979735,28.297910812554257,28.43772315979004,14343100
2015-04-06,28.50063617456461,29.08784584997994,28.37480533935429,28.780258178710938,19843400
2015-04-07,28.696368530031688,28.92006717419349,28.64044520234033,28.668405532836914,9773400
2015-04-08,28.647441487436865,28.72433841481191,28.4796687974357,28.58452606201172,8954700
2015-04-09,28.52160822628333,28.717346570341675,28.40276946980023,28.696372985839844,12710900
2015-04-10,28.724339311630196,28.77327323663323,28.556563949692,28.577537536621094,8720000
2015-04-13,28.640456049818926,28.640456049818926,28.451709747314453,28.451709747314453,9616300
2015-04-14,28.374806083491794,28.416750585228073,28.18605982572639,28.318880081176758,11209700
2015-04-15,28.374811323067235,28.528605191133963,28.186065030448717,28.24199104309082,11189100
2015-04-16,28.248977524359855,28.563554646018407,28.172080598321234,28.381797790527344,13121000
2015-04-17,28.29092242647937,28.423742694510686,28.032268641320066,28.172080993652344,15330300
2015-04-20,28.255976420986382,28.591527241122996,28.248987001137557,28.423751831054688,13023700
2015-04-21,28.430740075270045,28.654441501677447,28.339864287494688,28.50763702392578,19673100
2015-04-22,29.05289280055802,29.059882217162716,28.7103527195623,28.878128051757812,26887200
2015-04-23,28.822200498511915,28.94803132420123,28.605491261669584,28.62646484375,17408800
2015-04-24,28.689385993286567,28.745309334387347,28.528602720910943,28.58452606201172,11623300
2015-04-27,28.66142414423909,28.76628407973905,28.507630283292198,28.542585372924805,10044600
2015-04-28,28.626475556616807,28.640457061003275,28.38180322990256,28.50064468383789,12174800
2015-04-29,28.423739877396816,28.486655296375773,28.24198570406792,28.304901123046875,11371400
2015-04-30,28.24199811706126,28.36782901032468,28.15810907708583,28.35384750366211,12700800
2015-05-01,28.36782827701359,28.612497970534545,28.311902251808995,28.5985164642334,10848300
2015-05-04,28.57753575183238,28.73132693508033,28.500638826859035,28.633459091186523,10204800
2015-05-05,28.759294567658976,28.759294567658976,28.437727981186654,28.486661911010742,11721300
2015-05-06,28.689395119204644,28.724347551848133,28.235005494740225,28.423751831054688,11906900
2015-05-07,28.332868297574958,28.59851153814042,28.318886793682122,28.451709747314453,13834700
2015-05-08,28.661413824749754,28.780252553276373,28.55655392700441,28.647432327270508,11144400
2015-05-11,28.647450775417052,28.934064991568064,28.57754590970205,28.619487762451172,10113500
2015-05-12,28.50063960009949,28.633459868030478,28.32587482649086,28.444713592529297,12384500
2015-05-13,28.48665580771175,28.913082247701418,28.46568488990852,28.696372985839844,13183700
2015-05-14,28.871135849349272,29.080853013704665,28.843172849648973,29.010948181152344,9961000
2015-05-15,28.976000843972997,29.1437735381862,28.962019341672082,29.024934768676758,8479000
2015-05-18,29.003971395721038,29.003971395721038,28.83619599115197,28.885129928588867,11511700
2015-05-19,28.822202052126496,28.934051384690694,28.75229721928579,28.878128051757812,9072000
2015-05-20,28.92008654946833,29.073880470377023,28.878144692275033,28.906105041503906,10965200
2015-05-21,28.843169781993474,28.885114277082856,28.710349547590972,28.82219886779785,9270900
2015-05-22,28.745308301201444,28.82919730988565,28.689384962110704,28.808223724365234,11909500
2015-05-26,28.745311882130782,28.787256391698097,28.47967132163498,28.654436111450195,15194300
2015-05-27,28.619477077694047,28.801233927415698,28.54258282079502,28.74530792236328,9863100
2015-05-28,28.801231380573398,28.871136214008658,28.57753271354241,28.759286880493164,9395200
2015-05-29,28.787252941133215,28.787252941133215,28.500638826859035,28.633459091186523,19628600
2015-06-01,28.9130940651935,28.948046498051003,28.57754590970205,28.619487762451172,12684100
2015-06-02,28.54957617088144,28.77327488850899,28.437726812067666,28.654436111450195,11878600
2015-06-03,28.731326554408223,28.808223478362734,28.50762786655804,28.57054328918457,8153800
2015-06-04,28.45869561131682,28.6474418902462,28.332864758697237,28.37480926513672,10145800
2015-06-05,28.29791557666784,28.32587858416247,28.018293501819045,28.032272338867188,15975600
2015-06-08,28.03226471342479,28.144114046278464,27.976341380347176,28.074209213256836,14339300
2015-06-09,28.08119545597055,28.255960185470087,28.039253627577473,28.102169036865234,10772700
2015-06-10,28.186062115012188,28.33985596717119,28.1580991115835,28.19305419921875,11979900
2015-06-11,28.270584314817132,28.369259570086456,28.214196918263777,28.263534545898438,11944900
2015-06-12,28.221247169245057,28.2776318780625,28.080281364152803,28.164859771728516,15568600
2015-06-15,28.073238969339734,28.094382902587885,27.889982585523907,27.90407943725586,11364800
2015-06-16,27.93227064037077,28.30582776738022,27.911124020316002,28.24944305419922,12517400
2015-06-17,28.24943816377792,28.418594962736524,28.200097851324582,28.38335418701172,13898400
2015-06-18,28.30582750718057,28.714628100956986,28.30582750718057,28.651193618774414,16314600
2015-06-19,28.60890499156891,28.65119554543423,28.47498893737793,28.47498893737793,23550600
2015-06-22,28.55251600172192,28.76396607061336,28.51727521980645,28.5313720703125,8775900
2015-06-23,28.496128687634688,28.55956316477277,28.411550281016936,28.460887908935547,11094900
2015-06-24,28.453836184938993,28.510223577942547,28.32696723937988,28.326967239379883,10385100
2015-06-25,28.390414683296584,28.432705247371146,28.20716094970703,28.20716094970703,10607600
2015-06-26,28.263531935003268,28.439738499906525,28.193050384521484,28.193050384521484,16215600
2015-06-29,28.052087689427136,28.178956645248945,27.7701587677002,27.770158767700195,15500800
2015-06-30,27.91817198344073,27.91817198344073,27.572805891019218,27.65033721923828,14621300
2015-07-01,27.756064513520833,27.911124493924184,27.685580259974444,27.84064292907715,11177400
2015-07-02,27.93227054011597,28.059139505191986,27.734917322942547,27.833595275878906,8975900
2015-07-06,27.71377251293336,27.911123035150023,27.64329095177004,27.78425407409668,10252600
2015-07-07,27.833593941206345,28.460888966947095,27.770159461710136,28.369260787963867,20335000
2015-07-08,28.18601143275363,28.35516827816799,28.080286387844968,28.094383239746094,11383700
2015-07-09,28.517272201520022,28.601853295604208,28.12257118392328,28.13666534423828,13392000
2015-07-10,28.383359055495724,28.559565653042604,28.305827722383206,28.467937469482422,13360400
2015-07-13,28.587771123508187,28.73578408109659,28.538433470978717,28.658252716064453,9854200
2015-07-14,28.827401337403163,29.081136587313583,28.785110784735064,29.017702102661133,19531000
2015-07-15,29.00361788233281,29.15163083435796,28.968374398678943,28.989521026611328,11252100
2015-07-16,29.19390596924034,29.320774926653193,29.144568340101912,29.236196517944336,10483700
2015-07-17,29.116389152912994,29.123436236209024,28.933132722813486,29.074098587036133,9608300
2015-07-20,29.14457526958111,29.278494027968353,29.052949758652737,29.165721893310547,10024200
2015-07-21,29.165721889473136,29.264397171198265,28.96836863732311,29.031803131103516,13653800
2015-07-22,28.7639600158988,29.313723626414845,28.60889738167171,28.827394485473633,15528600
2015-07-23,28.890839338519005,28.911983273076906,28.53137631883642,28.785114288330078,13522200
2015-07-24,28.72872379021324,28.778064113378218,28.482035617885497,28.5031795501709,10912500
2015-07-27,28.390405441563736,28.60185550440456,28.30582702964695,28.57366180419922,10945700
2015-07-28,28.651189885217804,28.70757459053296,28.503174320280294,28.580705642700195,11021800
2015-07-29,28.5666190462457,28.69348803960948,28.53842802782034,28.608909606933594,8479900
2015-07-30,28.580709248453708,28.721675062574292,28.46793713489709,28.587759017944336,9095500
2015-07-31,28.81331308366798,29.052954242891204,28.73578172499279,28.95427894592285,15309500
2015-08-03,28.792159992716186,29.28553905549251,28.785112911100626,29.278491973876953,14672600
2015-08-04,29.25735095984746,29.511088965838926,29.137531728518212,29.496992111206055,17559900
2015-08-05,29.546305376858484,29.75775533316579,29.47582385055464,29.687271118164062,15329200
2015-08-06,29.602703539405862,29.778910108092802,29.504028291132993,29.546316146850586,11378900
2015-08-07,29.46879696154089,29.581569094102385,29.271443713033484,29.440603256225586,10886700
2015-08-10,29.52517582383036,29.595660073130137,29.306681372749026,29.37716293334961,9501900
2015-08-11,29.17981180837148,29.299630996650762,29.017699382689063,29.236196517944336,11254900
2015-08-12,28.989509304054195,29.081134796142578,28.79215609245788,29.081134796142578,9602200
2015-08-13,29.095226023153426,29.16571025963703,28.90492261769575,28.96835708618164,10270900
2015-08-14,28.904939012228912,29.074098587036133,28.869698218348308,29.074098587036133,9904800
2015-08-17,28.919019495339946,29.215047911484326,28.876731642104108,29.144563674926758,8272800
2015-08-18,29.095234279684377,29.27144088784855,29.031799793197294,29.109331130981445,11199400
2015-08-19,28.99655868283763,29.06704293852941,28.742820739746094,28.742820739746094,15796500
2015-08-20,28.55956171429438,28.77100906444934,28.48907747177677,28.580705642700195,14218000
2015-08-21,28.30582338458024,28.524320499985937,27.847685225687254,27.86178207397461,28036200
2015-08-24,26.776353361475106,27.445936221558895,25.768451498177548,27.05123519897461,44065300
2015-08-25,27.57985346877652,27.685575799012092,26.734061383397353,26.776351928710938,31363700
2015-08-26,27.31202470797079,27.368412114072687,26.705873535872936,27.297927856445312,23523300
2015-08-27,27.530518755523897,27.756062976987852,27.206296584557652,27.678531646728516,18871600
2015-08-28,27.56576544764916,27.819503423386628,27.52347488879299,27.80540657043457,14503900
2015-08-31,27.593960227755645,27.805407652868354,27.530525731351844,27.71377944946289,12673300
2015-09-01,27.255626242875962,27.509364089981144,27.16400077818675,27.312013626098633,23703200
2015-09-02,27.5093749056201,27.537568608316125,27.17810830938996,27.417749404907227,14054800
2015-09-03,27.41774047963658,27.72786304224054,27.375449939359342,27.600994110107422,13311600
2015-09-04,27.26268399125402,27.340215321533208,27.051236619664817,27.149911880493164,15450500
2015-09-08,27.39660278353547,27.5093749056201,27.20629932338651,27.417749404907227,15273900
2015-09-09,27.57280173797248,27.636236207079037,26.92436288817099,26.994844436645508,13764600
2015-09-10,27.001893371619836,27.241534393217744,26.959602830620682,27.079421997070312,14952500
2015-09-11,27.022552405319008,27.15052051619447,26.901695140599518,27.107866287231445,11802300
2015-09-14,27.171856029283806,27.171856029283806,26.90880890632556,27.0865421295166,8950000
2015-09-15,27.06521500578315,27.463338401978387,26.95857398708989,27.37091636657715,13019800
2015-09-16,27.491761601809777,27.86144686931908,27.34957725522299,27.833011627197266,22233400
2015-09-17,27.83302012941624,28.160048565652122,27.754817087709096,27.99653434753418,21232500
2015-09-18,27.626843229733808,27.939652619606775,27.520202247371767,27.712154388427734,27527300
2015-09-21,27.761925757628088,27.946769807407343,27.683722714413285,27.8614559173584,12935800
2015-09-22,27.49888054679162,27.719270688110477,27.427788352556313,27.577083587646484,15021300
2015-09-23,27.5770854445359,27.64106950845336,27.40646037009148,27.555755615234375,8910800
2015-09-24,27.385123341869686,27.868557713843963,27.378012497344805,27.833011627197266,19385700
2015-09-25,28.03207996647192,28.49418736212858,27.96098777267552,28.167156219482422,22511300
2015-09-28,28.096058447029264,28.309337698063825,27.960982220839032,28.103166580200195,19323100
2015-09-29,28.096072231809735,28.23114852427247,27.960995939347,28.195602416992188,14166900
2015-09-30,28.35199502171847,28.60082036600423,28.295119107600094,28.52261734008789,19752600
2015-10-01,28.593705666429642,28.77143878924536,28.152925569212265,28.29511260986328,19606600
2015-10-02,28.12450201126322,28.714574813842773,27.982314911559463,28.714574813842773,15537300
2015-10-05,28.75723478677284,29.183793418826422,28.743015804105234,29.15535545349121,15664000
2015-10-06,29.176682214360426,29.389961507952123,29.098479173911688,29.11980628967285,14579400
2015-10-07,29.247771974004902,29.581911223751412,29.219334014027936,29.517927169799805,14329700
2015-10-08,29.33308863884613,29.852072013705186,29.33308863884613,29.844961166381836,11960200
2015-10-09,29.7312088205503,29.944488113427884,29.70277085830173,29.873395919799805,13931200
2015-10-12,29.738319365401928,30.065347791962612,29.7241003844219,29.859176635742188,12299100
2015-10-13,29.716991767208526,29.795194812468562,29.532150424588597,29.610353469848633,12903600
2015-10-14,29.546366455797006,29.830737932349653,29.546366455797006,29.631677627563477,14180000
2015-10-15,29.766751499430587,29.880500623370406,29.574799344283445,29.802297592163086,11801600
2015-10-16,29.972926075676455,30.008472172490496,29.773865763923155,29.873395919799805,20384200
2015-10-19,29.788085793421835,29.901834934426105,29.716990885298266,29.852069854736328,15553800
2015-10-20,29.859180304652597,30.143554535208654,29.859180304652597,30.065351486206055,16199300
2015-10-21,29.81651237851415,30.228854589803348,29.65299820534547,29.994245529174805,19254900
2015-10-22,30.17198571600036,31.17440081101187,30.15065860078521,30.740734100341797,35920200
2015-10-23,30.79049795718843,30.79049795718843,30.392374646322565,30.420812606811523,18796100
2015-10-26,30.39947509241018,30.491897084629148,30.186195866667752,30.27861785888672,14788600
2015-10-27,30.21465124840241,30.40660347589037,30.200432263552113,30.29285430908203,30166600
2015-10-28,30.39236228500815,30.456346314087853,30.00845811052995,30.378143310546875,13667300
2015-10-29,30.328390591219,30.499015642159566,30.1008923312937,30.420812606811523,9427400
2015-10-30,30.427918142484707,30.47057507957537,30.10799789428711,30.10799789428711,15356200
2015-11-02,30.086677446462673,30.115115410822618,29.78808695666387,30.029804229736328,16252200
2015-11-03,29.987147983366466,30.086678148956665,29.724103586879004,29.972929000854492,9693100
2015-11-04,30.05112794791851,30.13643911935523,29.780972741043435,29.837848663330078,10488500
2015-11-05,29.85917522517797,30.10800060059051,29.844956244869657,30.09378433227539,9625100
2015-11-06,29.837841282755964,30.015574427948472,29.581905119759938,29.830730438232422,11926700
2015-11-09,29.645901327028866,29.709885394036593,29.389965058997962,29.53215217590332,10842700
2015-11-10,29.461058110392408,29.72410523344497,29.453949974739473,29.695667266845703,8283100
2015-11-11,29.816512686269217,30.001356683580077,29.802293708630483,29.88760757446289,9101200
2015-11-12,29.86628553625593,29.894723498945375,29.553476082652235,29.56058692932129,10725000
2015-11-13,29.475278757251562,29.702777078897974,29.404186548734774,29.418405532836914,11619500
2015-11-16,29.453937038261927,29.85916839234144,29.425499084152907,29.830730438232422,11244900
2015-11-17,29.75253897776469,29.965821004438887,29.510821697928407,29.624570846557617,12739400
2015-11-18,29.695658782536626,30.107998332441916,29.631674731965962,30.0582332611084,12966300
2015-11-19,30.086679702778774,30.783393609885447,30.086679702778774,30.648317337036133,24090700
2015-11-20,30.790500467002047,30.98245264795926,30.143551729106285,30.164878845214844,19780800
2015-11-23,30.25018564164847,30.69807399903118,30.235966662303763,30.541667938232422,13338100
2015-11-24,30.356832338709356,30.996670257571314,30.328394374672772,30.826047897338867,15767200
2015-11-25,30.797609933302283,30.92557805947338,30.740736717222642,30.826047897338867,10344900
2015-11-27,30.83321312238873,30.97649067854993,30.661279508436873,30.912015914916992,7236700
2015-11-30,30.89052207838422,30.912015487826295,30.52516691137351,30.532329559326172,16063000
2015-12-01,30.611117085762594,30.87617865250416,30.611117085762594,30.725738525390625,11153000
2015-12-02,30.68276793896344,30.75440533902265,30.51083435291304,30.63978385925293,12598500
2015-12-03,30.611129808048254,30.725751295314097,30.317412076130037,30.417705535888672,15004400
2015-12-04,30.503686669630426,31.148431784818445,30.503686669630426,31.012319564819336,16488000
2015-12-07,31.02663489367278,31.119762974741533,30.804554563018048,30.947832107543945,12030700
2015-12-08,30.84036640675619,30.983643919415783,30.661270199129508,30.811710357666016,10736200
2015-12-09,30.646956742574268,30.997986678812325,30.446369769176837,30.560991287231445,12945500
2015-12-10,30.611131089372254,30.854702101606573,30.467853541094666,30.63262176513672,15483300
2015-12-11,30.539494275458562,30.682771826522128,30.188464411992424,30.28159523010254,17313400
2015-12-14,30.310248079131014,30.632619118917432,30.06667708793774,30.410541534423828,20092900
2015-12-15,30.689937566698593,30.976492697699594,30.632625447381486,30.854705810546875,17916400
2015-12-16,30.98365704818831,31.456471127357634,30.98365704818831,31.40632438659668,21868600
2015-12-17,31.384825391516046,31.442134766004585,31.10543296771247,31.155582427978516,14697000
2015-12-18,31.062447221770967,31.105428563353524,30.44635581970215,30.44635581970215,24583700
2015-12-21,30.675603915124693,30.76156934555369,30.41770489104594,30.646947860717773,10444400
2015-12-22,30.704273674427636,31.083957000020344,30.596814788833143,31.012319564819336,12280800
2015-12-23,31.08394561566393,31.327516632050735,31.055289558961487,31.28453254699707,9092300
2015-12-24,31.155589448622898,31.320357694995128,31.105439977056104,31.191408157348633,3036600
2015-12-28,31.119760994532527,31.177073101812756,31.02663291938969,31.155582427978516,6326100
2015-12-29,31.191412010978848,31.363342927220987,31.162755947340944,31.313196182250977,7739800
2015-12-30,31.341845874409692,31.356173903315902,31.12693090640073,31.2128963470459,5112500
2015-12-31,31.019467058971422,31.04812311216754,30.711421319092253,30.775896072387695,9727900
2016-01-04,30.331733639041907,30.446355101878506,30.066672018630626,30.374717712402344,16084100
2016-01-05,30.310241194533866,30.53948410678823,30.20994502923039,30.4821720123291,15781900
2016-01-06,30.23144789427111,30.453525497838562,30.116826402264447,30.317413330078125,16245100
2016-01-07,29.83743998990495,30.166976474311465,29.694162425834914,29.815946578979492,20563600
2016-01-08,29.837431111430977,30.174130144095784,29.66549753914932,29.73713493347168,14645900
2016-01-11,29.787288665771484,29.987875584907943,29.579536366499113,29.787288665771484,15815200
2016-01-12,30.303069401786804,30.41052818975529,29.995023791253676,30.17411994934082,21814800
2016-01-13,30.209963572989988,30.496518755599435,29.937739155583046,29.98072052001953,16854300
2016-01-14,30.08100194605734,30.209948708713565,29.830265601446317,30.002199172973633,16028000
2016-01-15,29.33596169768134,29.794447588559706,29.32163367199246,29.72997283935547,21153600
2016-01-19,29.923395277155436,30.174128879567455,29.83742986101293,30.030851364135742,15462200
2016-01-20,29.694163004351804,29.81594715986904,29.192692886732903,29.64401626586914,19923500
2016-01-21,29.69416626930495,29.7371476311347,29.436267167156117,29.651182174682617,15568900
2016-01-22,29.830264330488127,30.26009687459712,29.69415219455549,30.131147384643555,15209200
2016-01-25,30.260107147140257,30.446366066530455,30.038026787320366,30.202795028686523,12505200
2016-01-26,30.202786664712864,30.446357635105365,30.038018468975505,30.145477294921875,13018500
2016-01-27,30.21711031401247,30.417697178417125,29.95204870993617,30.15263557434082,14167000
2016-01-28,30.217114166687157,30.60396265404013,30.131148747094745,30.496503829956055,16622800
2016-01-29,30.704260624141977,30.990812975945143,30.553820434485928,30.747241973876953,20457000
2016-02-01,30.517997012309507,30.912010911171564,30.496506338841264,30.80455207824707,17097800
2016-02-02,30.58964107694515,30.654115838428606,30.38188876407713,30.403379440307617,12332900
2016-02-03,30.661275133890054,30.761568589056065,30.28875463413652,30.603965759277344,15958300
2016-02-04,30.460690898483882,30.72575258652658,30.37472546261986,30.467853546142578,14413700
2016-02-05,30.754409304560202,30.79739338981317,30.274429917340708,30.403379440307617,17315700
2016-02-08,30.209960014028326,30.589645996174877,30.01653843126514,30.5538272857666,17254400
2016-02-09,30.27442915269521,31.15558511497761,30.27442915269521,31.01947021484375,24853800
2016-02-10,31.048116647553154,31.08393534019457,30.453515965099538,30.4821720123291,16729600
2016-02-11,30.109658483203738,30.525163064690705,30.0738397823701,30.381885528564453,16825300
2016-02-12,30.603972067202715,30.904852494716597,30.48935056156044,30.88336181640625,15222400
2016-02-16,31.03379816759081,31.134091630945903,30.81888321285962,31.062454223632812,12675900
2016-02-17,31.10543296771247,31.24871050312135,31.005139512763762,31.155582427978516,12332500
2016-02-18,31.25586893244736,31.327506317825694,31.019460641674918,31.241540908813477,11170300
2016-02-19,31.220047098564685,31.356159210205078,31.00512949847138,31.356159210205078,12850000
2016-02-22,31.35616883034158,31.635558516831235,31.255875377016235,31.47795295715332,20716100
2016-02-23,31.334683896703293,31.55676151752028,31.277371779852363,31.29886245727539,11166400
2016-02-24,31.20572543790833,31.477949716684208,31.06961056572903,31.456459045410156,10844200
2016-02-25,31.492285343802177,31.649890925300355,31.427810581624925,31.635562896728516,10903300
2016-02-26,31.549597631418177,31.56392566006873,30.883359329523703,30.904850006103516,18421000
2016-02-29,30.926331691422785,31.241542764509052,30.747235484547858,30.89767837524414,15049800
2016-03-01,31.076784836458405,31.29886245727539,30.92634189612079,31.29886245727539,12358300
2016-03-02,31.141244342902578,31.356159210205078,31.10542292102649,31.356159210205078,12856300
2016-03-03,31.241547326958,31.506608986660385,31.191400600333,31.492280960083008,13134800
2016-03-04,31.363326954583457,31.628391309053786,31.291689564764653,31.599735260009766,13691500
2016-03-07,31.456467370371215,31.621235603591415,31.42064866450458,31.528104782104492,10695300
2016-03-08,31.463628011232018,31.857641949005497,31.384827956469234,31.75018310546875,18900200
2016-03-09,31.800328438852954,32.11553957521262,31.728691034839464,32.10121154785156,18466600
2016-03-10,32.12270227793715,32.42358265466325,32.00808079164266,32.40209197998047,28908600
2016-03-11,32.488730397034864,32.66922334368506,32.438192592301114,32.63312530517578,16129300
2016-03-14,32.51760810716598,32.79195538774485,32.51760810716598,32.69810104370117,13206700
2016-03-15,32.546490997033416,32.89303714045466,32.539269736528674,32.66200637817383,13686300
2016-03-16,32.52482223510742,32.61145806183445,32.16383641062431,32.52482223510742,15386100
2016-03-17,32.5248266772329,33.14572282080017,32.467070369561156,33.044647216796875,24080000
2016-03-18,33.09518375689104,33.11684202717916,32.77029593205141,32.92190933227539,23853400
2016-03-21,32.79195351542081,33.11684133345475,32.74863697575194,32.97244644165039,9740400
2016-03-22,32.88581804380782,33.01577320040471,32.77030265506659,32.8497200012207,13788300
2016-03-23,32.77751476146331,33.0013242154571,32.741413974854844,32.820831298828125,9292100
2016-03-24,32.81360980916918,32.92190389683389,32.625895650652076,32.907466888427734,10890200
2016-03-28,32.89303538247301,33.16016417068893,32.85693459008661,33.066307067871094,13306600
2016-03-29,33.10962544064633,33.578905433408565,33.073527403372886,33.557247161865234,25010400
2016-03-30,33.665553613958515,33.73774970906304,33.44896257454045,33.62945556640625,14312200
2016-03-31,33.607775317826864,33.84602725282857,33.44172219075125,33.49225997924805,15544500
2016-04-01,33.31177428058463,33.83881329873777,33.29011601058355,33.8099365234375,14922900
2016-04-04,33.81715818751115,33.88213575768728,33.57168767285729,33.85325622558594,10629800
2016-04-05,33.65833085583191,33.79550728617914,33.52837568713684,33.593353271484375,10696700
2016-04-06,33.62221391624921,33.73772925083177,33.485040317089556,33.723289489746094,9122700
2016-04-07,33.571683352812755,33.62944240958293,33.326212869746335,33.47060775756836,9292000
2016-04-08,33.52836194177523,33.91822728803039,33.52836194177523,33.838809967041016,11959300
2016-04-11,33.860471324700065,34.02652447291351,33.50670400608655,33.52836227416992,11880100
2016-04-12,33.50670301513997,33.75939198231698,33.463383726151115,33.67997741699219,11219100
2016-04-13,33.766613390610324,33.77383189508888,33.08073979281273,33.23957443237305,13234100
2016-04-14,33.254016258589246,33.36953161613545,33.030204048423265,33.08796310424805,12982200
2016-04-15,33.08074673217532,33.32621724748682,32.97967112365361,33.28289794921875,13647800
2016-04-18,33.282891145296226,33.41284625943032,33.08073996957796,33.369529724121094,11538100
2016-04-19,33.43451682615533,33.65832633342188,33.31900144218111,33.64388656616211,14418300
2016-04-20,32.73420333663983,32.76308287122556,31.810080262728388,32.03388977050781,40360300
2016-04-21,31.954475686689705,31.968915455455374,30.950935167362005,31.52129364013672,37206900
2016-04-22,31.615145003679352,32.2432596830474,31.615145003679352,32.15662384033203,25134200
2016-04-25,32.1277482927715,32.2865829858693,32.04111243931093,32.279361724853516,11173800
2016-04-26,32.43097502125239,32.45985455698646,32.0772103478744,32.14940643310547,13935500
2016-04-27,32.22882615061762,32.38766085473746,31.94725754175377,32.25770568847656,11335500
2016-04-28,32.1277386777728,32.41652844168623,32.09885915056079,32.221595764160156,10932500
2016-04-29,32.14940094689756,32.38765294489043,32.127742675844985,32.34433364868164,11716000
2016-05-02,32.17827307364422,32.62589468172497,32.17827307364422,32.474281311035156,12577500
2016-05-03,32.39487299376402,32.53926790056833,32.23604107497266,32.37321472167969,10420500
2016-05-04,32.28656991219581,32.56813838750633,32.134953787402985,32.474281311035156,9350500
2016-05-05,32.43820158638953,32.84250689046442,32.39488227570504,32.53205871582031,8801100
2016-05-06,32.53204944352,32.78473846522991,32.430971080732256,32.71976089477539,8564000
2016-05-09,32.719762691692075,32.849717839738034,32.61146581695246,32.66200637817383,8110600
2016-05-10,32.80640771326957,33.095197623932116,32.791967942325975,33.03022003173828,8933500
2016-05-11,33.01576397927982,33.12406083089854,32.81361279396844,32.820831298828125,8833100
2016-05-12,32.88580916296468,33.138500901043045,32.842492625199455,33.08796310424805,10463400
2016-05-13,33.03020672547553,33.08796578598161,32.65478109449682,32.741416931152344,10341200
2016-05-16,32.60424164264331,33.01576528854843,32.58980187824797,32.93634796142578,9413600
2016-05-17,32.813615934203334,32.89303326577679,32.279355638047846,32.30823516845703,17457000
2016-05-18,32.171070845120305,32.36600360066857,31.932818781415406,32.113311767578125,12524300
2016-05-19,31.94725348250361,32.0483290980628,31.795640059164814,31.997791290283203,10659500
2016-05-20,32.13495611392781,32.15661713566816,31.723432504202865,31.730653762817383,12914100
2016-05-23,31.817288450914784,31.882266005608333,31.723431371001183,31.745092391967773,13554700
2016-05-24,31.83895704321012,32.06998781168798,31.766760960849787,32.03388977050781,12634200
2016-05-25,32.13496152269447,32.22160011603195,31.94725007867061,32.041107177734375,9218100
2016-05-26,32.14940010023094,32.322674526399204,32.08442253468079,32.264915466308594,8695800
2016-05-27,32.27935721589664,32.45985015862132,32.23604067226911,32.32989501953125,7893900
2016-05-31,32.47428977057309,32.47428977057309,31.95446921667725,32.1999397277832,18935200
2016-06-01,32.199934057040295,32.3298891726278,32.1205194900508,32.272132873535156,8916000
2016-06-02,32.27213173989381,32.28657150268555,32.12773686607956,32.28657150268555,6693900
2016-06-03,32.30823238162962,32.5248233328087,32.25769458482462,32.51760482788086,13434900
2016-06-06,32.553711946059366,32.83528053658476,32.54649343911693,32.755863189697266,10310600
2016-06-07,32.7414191668923,32.835276269571885,32.633125052203965,32.71976089477539,9812600
2016-06-08,32.662005173228586,32.96523200474676,32.62590438024457,32.88581466674805,7915400
2016-06-09,32.72697689798599,33.066301707761966,32.7125371341929,33.03742218017578,8042900
2016-06-10,32.93635203831855,33.21792059362188,32.89303549387422,33.20348358154297,12357000
2016-06-13,33.087079691156525,33.22530527968786,32.80335187640981,32.82517623901367,10613500
2016-06-14,32.628743247267025,32.83244744032904,32.330464981765026,32.766971588134766,11298200
2016-06-15,32.825170238932586,32.98522293603604,32.65056981956848,32.74514389038086,8360400
2016-06-16,32.6432963689865,32.98522615517812,32.53417179003999,32.963401794433594,11305400
2016-06-17,32.861553276658036,32.89793091703759,32.286823746667025,32.58510208129883,20805400
2016-06-20,32.80334253301267,32.96339521378409,32.70876569662743,32.72331619262695,10712400
2016-06-21,32.85427904519996,32.941579275638155,32.73787781287427,32.832454681396484,7919400
2016-06-22,32.919748434919704,32.97795042724353,32.59964580280987,32.63602066040039,10738900
2016-06-23,32.75970009061641,32.86155081551274,32.62147450328913,32.796077728271484,9655300
2016-06-24,32.15586396960602,32.4177673735794,31.87941006816482,31.959436416625977,26003700
2016-06-27,31.770292535517893,31.93034528186492,31.51566568926079,31.850318908691406,15779500
2016-06-28,32.05401144088594,32.14858550621652,31.770280919223776,32.14131164550781,16509800
2016-06-29,32.294092364873336,32.526894794327625,32.18496778713006,32.330467224121094,12250900
2016-06-30,32.3886721014407,32.97795486450195,32.366847738994615,32.97795486450195,16056500
2016-07-01,32.97795510291309,33.036154328264765,32.78880137626586,32.82517623901367,11799700
2016-07-05,32.85427357416324,33.22530157315859,32.84699971251478,33.05070114135742,12339100
2016-07-06,33.10162220273443,33.13799705670373,32.67966612606484,32.934295654296875,10902600
2016-07-07,33.04342098855012,33.11617347341267,32.71604451995096,32.8033447265625,9741100
2016-07-08,32.95612600581404,33.1161787226581,32.78879942694252,33.01432800292969,11127100
2016-07-11,32.99250084162574,33.298055775805494,32.81790040085785,33.15255355834961,10937800
2016-07-12,33.20347308625133,33.254398437132664,32.86881998753871,33.15982437133789,9739000
2016-07-13,33.181664416756966,33.290789030857084,33.05071265965699,33.276241302490234,8028400
2016-07-14,33.26895008500773,33.42172614293805,33.15982551872475,33.23984909057617,7621200
2016-07-15,33.37808605322623,33.392636554202646,33.05798058219358,33.19620895385742,10621000
2016-07-18,33.239857681562384,33.24713431966274,33.08708158414642,33.19620895385742,7958300
2016-07-19,33.07253108317,33.2544081825388,33.05070671931752,33.19620895385742,7761100
2016-07-20,33.28351286272211,33.29806336530653,33.02160936665164,33.108909606933594,8478200
2016-07-21,32.98521643455568,33.108891475959915,32.92701445609033,33.065242767333984,8045100
2016-07-22,33.10162626123059,33.34897918386193,33.072525264397775,33.341705322265625,8836100
2016-07-25,33.32715677434147,33.34170727360945,33.079803837233655,33.15255355834961,9134300
2016-07-26,33.12344859689757,33.21075158206048,32.614195059565425,32.650569915771484,15819900
2016-07-27,31.937614305074167,32.0540155177827,31.355605466307694,31.57386016845703,37461100
2016-07-28,31.47929472766819,31.78484698108718,31.442919855864716,31.755748748779297,13077800
2016-07-29,31.80666390762087,31.82848826864771,31.632060693734328,31.741188049316406,16530500
2016-08-01,31.78484140036992,31.88669490885118,31.595690435067688,31.610240936279297,12349700
2016-08-02,31.537476733906466,31.704806048170315,31.508378517499253,31.668428421020508,12825200
2016-08-03,31.7630074517771,31.79210844541918,31.55202941070724,31.748456954956055,12119100
2016-08-04,31.69026443238725,31.864864880649122,31.573863208471302,31.653886795043945,11244100
2016-08-05,31.75574077533505,31.828490500675514,31.581137549204154,31.632062911987305,10398200
2016-08-08,31.59568291058921,31.661158762836276,31.44290684708729,31.602956771850586,8680300
2016-08-09,31.646614554995878,31.748465284240446,31.559314326389707,31.62479019165039,7281300
2016-08-10,31.748457429845672,31.784832284830618,31.64660672579841,31.726633071899414,8412100
2016-08-11,31.80666684789317,31.91579143833901,31.73391434570508,31.8284912109375,11303300
2016-08-12,31.94488439541098,32.148585799796706,31.857584189991883,32.03218460083008,10928900
2016-08-15,32.0831097495445,32.25043907377553,32.017633902087326,32.18496322631836,10390600
2016-08-16,32.19224614509322,32.19224614509322,31.886693954467773,31.886693954467773,9706100
2016-08-17,32.017642289132674,32.061293790613156,31.850315696293794,32.054019927978516,11208500
2016-08-18,32.01763876661833,32.199515839940965,32.01036490478394,32.08311462402344,9144300
2016-08-19,32.04673864081494,32.0540152776181,31.82121285394531,31.95216178894043,9385900
2016-08-22,31.966719865821094,31.973996504349362,31.813943759420948,31.82122039794922,8687500
2016-08-23,31.9012393951416,31.995816255800236,31.821215809440975,31.9012393951416,8421100
2016-08-24,31.879415033152707,31.96671525633234,31.763013810505182,31.9012393951416,11508900
2016-08-25,31.9012382778537,31.966714136751254,31.741188336833872,31.770286560058594,9815700
2016-08-26,31.80665413754713,31.9521535333315,31.50837593583224,31.515649795532227,11824900
2016-08-29,31.53021036793591,31.72663794529528,31.522936505911034,31.67571258544922,9544600
2016-08-30,31.61751609492598,31.668441463641308,31.37016311464104,31.45746612548828,9720100
2016-08-31,31.595684051513672,31.617508411309547,31.341057269815856,31.595684051513672,10217900
2016-09-01,31.435636301294313,31.581138531726097,31.428362438623623,31.537487030029297,8457800
2016-09-02,31.661168820412104,31.8866974442882,31.624793952102944,31.763019561767578,9026000
2016-09-06,31.821214861040964,31.864863583717842,31.573861923384076,31.857589721679688,8600400
2016-09-07,31.806658942240226,31.86485815430089,31.668430610052077,31.748456954956055,8656600
2016-09-08,31.770286272277552,31.81393776955517,31.610236332707483,31.741188049316406,10020400
2016-09-09,31.5956911257745,31.5956911257745,30.751781463623043,30.751781463623047,23624200
2016-09-12,30.817260468524555,31.450192085732304,30.80270996551436,31.421091079711914,15932300
2016-09-13,31.369736191863872,31.369736191863872,30.959002145588407,31.010343551635742,12962700
2016-09-14,31.0030161936007,31.10569902533385,30.797650530134398,30.885663986206055,9823900
2016-09-15,30.812309503749994,31.091021976740514,30.716962782326803,31.069019317626953,10158500
2016-09-16,30.92967936847253,30.99569018145632,30.782991159973648,30.907676696777344,16354000
2016-09-19,30.922340271086963,31.07636453982943,30.863665558284087,30.878332138061523,7659900
2016-09-20,31.032349146208468,31.193706652538964,30.981007739935567,31.054351806640625,8407200
2016-09-21,31.010360613846824,31.252401202297516,30.87833898340069,31.193723678588867,13654700
2016-09-22,31.32573884079513,31.545773913472363,31.311069462896945,31.50910186767578,9288300
2016-09-23,31.399079679792663,31.49442642091124,31.281727477118316,31.34773826599121,8852700
2016-09-26,31.325737809003115,31.333073896659446,30.81232079106842,30.841659545898438,15036000
2016-09-27,30.944332904878316,31.267053513293188,30.80497805899713,31.237714767456055,11920400
2016-09-28,31.26704787161599,31.36239458153757,30.826975157154006,30.91499137878418,15523800
2016-09-29,30.81964730334002,31.091023706459364,30.694959033000785,30.826980590820312,12671700
2016-09-30,30.95901365065571,31.17171543926618,30.848997510196995,31.03969383239746,14375700
2016-10-03,31.032349012926677,31.032349012926677,30.72429777871552,30.826980590820312,11152800
2016-10-04,31.05435760484653,31.05435760484653,30.64362348007772,30.687631607055664,13682700
2016-10-05,30.753643800647307,30.85632663704654,30.56294470627949,30.665630340576172,9607300
2016-10-06,30.570288207416304,30.76098455013508,30.49694410588557,30.5922908782959,9722900
2016-10-07,30.680293812715874,30.76097117014849,30.489594755046635,30.60694694519043,8122800
2016-10-10,30.746301796643404,30.79764600285967,30.511597416355812,30.60694694519043,8983600
2016-10-11,30.55560377007573,30.584942515389475,30.3649075213299,30.46759033203125,12249100
2016-10-12,30.533605331410648,30.687629568757032,30.43825579490697,30.64362144470215,12216300
2016-10-13,30.548274662560583,30.724301562734983,30.445589039912196,30.628952026367188,17655600
2016-10-14,30.694971746779885,30.738979883580047,30.526278085892848,30.562950134277344,9893800
2016-10-17,30.606950032838302,30.70229957129184,30.489597830855946,30.511600494384766,10792500
2016-10-18,30.665625862271717,30.804980720191555,30.606948365528392,30.782978057861328,11297300
2016-10-19,30.75364607930604,30.893000967902143,30.665632612713644,30.841659545898438,16367400
2016-10-20,30.782979878647065,30.88566270612444,30.724302378433016,30.75364112854004,10620500
2016-10-21,30.69496683756587,30.929671267166615,30.57028133342063,30.90033531188965,14401500
2016-10-24,31.039683815989886,31.36973772665433,30.98834240743063,31.215713500976562,13439200
2016-10-25,31.274388152507626,31.450417837241773,31.120363927050825,31.2010440826416,16484700
2016-10-26,31.538442648892072,31.5604453182035,31.10570576574717,31.127708435058594,16886200
2016-10-27,31.2670501797569,31.28171955111149,30.731630715848546,30.892988204956055,14537000
2016-10-28,30.995681254225268,31.149708305424117,30.878329042486456,30.973678588867188,13398400
2016-10-31,30.892995427263003,31.10569716478623,30.892995427263003,31.098363876342773,13327500
2016-11-01,31.09835660602384,31.12035926410748,30.73896400257759,30.892988204956055,12223400
2016-11-02,30.878331590487132,31.054361321569587,30.81232079106842,30.841659545898438,12034300
2016-11-03,30.966338234016916,30.966338234016916,30.77563918476792,30.826980590820312,11258000
2016-11-04,30.694966042326442,30.83432371734596,30.577613830566406,30.577613830566406,14464200
2016-11-07,30.83432362560563,31.17171088367473,30.83432362560563,31.142372131347656,14038500
2016-11-08,31.076367741867383,31.523774014417068,31.076367741867383,31.450429916381836,12036600
2016-11-09,30.628953441712714,31.03968755759464,30.58494811358422,31.003015518188477,21351000
2016-11-10,30.702304217402745,30.99568336780645,29.961516056995833,30.02752685546875,33245500
2016-11-11,30.034861668521234,30.166883259864864,29.800157238998665,30.093536376953125,13421000
2016-11-14,30.166878725046033,30.379577658772487,29.96151028166256,30.19621467590332,19514200
2016-11-15,30.20356026071584,30.452934107759017,30.19622417227159,30.394256591796875,16554000
2016-11-16,30.364911727558717,30.548274714324418,30.188882029188903,30.262226104736328,12681400
2016-11-17,30.276892363930212,30.291561737109646,30.071526735211854,30.1595401763916,12398800
2016-11-18,30.09352758076817,30.21821584632363,29.998180857698518,30.00551414489746,16345300
2016-11-21,30.005523031472073,30.3355770111084,29.873501439617545,30.3355770111084,12307000
2016-11-22,30.40158445198524,30.584947442892393,30.24756021111856,30.342906951904297,12743500
2016-11-23,30.232887042288763,30.298897822647785,30.09352939603258,30.1595401763916,9281300
2016-11-25,30.357587064415092,30.496944777449617,30.247570909696364,30.460269927978516,7402300
2016-11-28,30.44558667910354,30.650955110578522,30.269559792578598,30.62161636352539,19424400
2016-11-29,30.710390694735274,30.710390694735274,30.42932178487081,30.43671989440918,11421900
2016-11-30,30.325759417859214,30.47369051591507,29.84498405456543,29.84498405456543,22410400
2016-12-01,29.815402966353716,29.87457371834942,29.497352062416862,29.711849212646484,20409900
2016-12-02,29.80799105621043,29.948526817533406,29.726628841033968,29.852371215820312,11176300
2016-12-05,29.837579767208354,30.096456994538244,29.815391096737265,30.044681549072266,15977800
2016-12-06,30.140845297710936,30.1556386892039,29.896758570403435,30.007707595825195,11303500
2016-12-07,29.98552266891541,30.540262222290036,29.96333116812556,30.54026222229004,13726500
2016-12-08,30.377539168844887,30.481090105642085,30.21481465584848,30.310970306396484,13077100
2016-12-09,30.695584297180176,31.22813509631669,30.54025792128232,31.065410614013672,28125800
2016-12-12,31.065411585790535,31.072806870876153,30.85830974478157,30.99144744873047,17561900
2016-12-13,30.85830780937122,31.035822855802152,30.725170113772624,30.88789176940918,18986000
2016-12-14,30.984052725580966,31.058019692269262,30.370142420600132,30.481088638305664,17937900
2016-12-15,30.39972257895696,30.924878101252446,30.39972257895696,30.732566833496094,14265300
2016-12-16,30.776954161277754,30.887900390876833,30.68079850505062,30.873109817504883,19675200
2016-12-19,30.836112969268658,30.917475199041345,30.754753561046456,30.821319580078125,8687300
2016-12-20,30.843517295823375,30.858310687997754,30.65120601910746,30.81393051147461,10603500
2016-12-21,30.769541271047498,30.9396638201637,30.710370541331176,30.747352600097656,9693600
2016-12-22,30.747360224981268,30.784342292918744,30.38493200902271,30.732566833496094,11894100
2016-12-23,30.78434180738955,30.8361172659956,30.58463525781583,30.769548416137695,6436600
2016-12-27,30.73995923836044,30.88788748267259,30.72516584961915,30.776941299438477,6999200
2016-12-28,30.688192351919806,30.82132724464125,30.614225387573242,30.614225387573242,8988000
2016-12-29,30.60682675546905,30.8361172659956,30.60682675546905,30.769548416137695,6875300
2016-12-30,30.836122067116882,30.94707110800489,30.584640019781872,30.66600227355957,11470200
2017-01-03,30.695592810810453,30.92488620660161,30.532868283374683,30.91748809814453,14711000
2017-01-04,30.97666317276119,31.043232044325393,30.762163161992987,30.806543350219727,9959400
2017-01-05,30.81392051694771,30.96185156915889,30.717764909777923,30.880489349365234,8968300
2017-01-06,30.84352302765783,30.924885288961438,30.7251786898212,30.873109817504883,10246600
2017-01-09,30.495875841158906,30.75475593968988,30.481082450824218,30.56244468688965,14822500
2017-01-10,30.651204132967468,30.651204132967468,30.22220707251319,30.355344772338867,19706800
2017-01-11,30.21480657625059,30.414513110193223,30.200016007707276,30.36273765563965,9266200
2017-01-12,30.33314802021323,30.355339514040647,30.177821671173277,30.28877067565918,8541200
2017-01-13,30.32575894790503,30.3553457313679,30.096465608394226,30.237001419067383,8123500
2017-01-17,30.207414629219148,30.547654174317344,30.17782784576253,30.488483428955078,12469400
2017-01-18,30.51067543560442,30.606831081557043,30.4293131829946,30.54026222229004,10390500
2017-01-19,30.429302215576172,30.540251214883046,30.347939992291167,30.429302215576172,10987100
2017-01-20,30.525462621828282,30.65120220734707,30.421911711036174,30.56244468688965,14695400
2017-01-23,30.555056545706766,30.695589554414266,30.481089576741216,30.643814086914062,11628900
2017-01-24,30.673396580580437,31.043222908982706,30.673396580580437,30.99144744873047,17040100
2017-01-25,31.02102378203894,31.25031706501967,30.99143982742068,31.15416145324707,12538200
2017-01-26,31.087602659835497,31.146776231287337,30.91008758858235,30.924880981445312,8976800
2017-01-27,30.998839361458895,31.02842614168457,30.63640835757104,30.658599853515625,12967400
2017-01-30,30.547647506184205,30.680785181125884,30.481078668713366,30.606821060180664,11626200
2017-01-31,30.61421493129815,30.836110105447247,30.59202626034831,30.747352600097656,12678000
2017-02-01,30.710371912858783,30.813922810649604,30.51066540074062,30.5180606842041,11136100
2017-02-02,30.629011647462217,30.688185205158945,30.51066735361929,30.62161636352539,9459700
2017-02-03,30.754755007922405,30.910081369404693,30.665994668603425,30.725168228149414,11882400
2017-02-06,30.717777752422837,30.821328685798722,30.621624926603126,30.73996925354004,15742800
2017-02-07,30.843516353059368,31.050618194068328,30.82132485470057,30.99144744873047,13315200
2017-02-08,30.99883796413476,31.176355815936233,30.947062511849026,31.0802001953125,14219700
2017-02-09,31.08021226282122,31.08021226282122,30.118664147895338,30.510679244995117,27240300
2017-02-10,30.34054657068433,30.473684249401487,29.992908984972832,30.015100479125977,28847300
2017-02-13,30.155630544528027,30.200010707020365,29.955924045637754,30.044681549072266,23617100
2017-02-14,29.86717650028522,30.02989817391019,29.74883218239837,29.97812271118164,32177800
2017-02-15,29.89675903747514,30.05208823980247,29.88196846730203,29.91155242919922,26600800
2017-02-16,29.99291092277088,30.532856956208704,29.955928858860187,30.47368621826172,22214800
2017-02-17,30.421914083713123,30.592033853504017,30.36274051775929,30.495878219604492,15065100
2017-02-21,30.47369380044518,30.695589060669878,30.47369380044518,30.66600227355957,17072600
2017-02-22,30.702979566279787,30.82872198114511,30.621620146720904,30.769548416137695,11186800
2017-02-23,30.821325796786272,31.065412535337,30.784343727125844,30.81393051147461,12856800
2017-02-24,30.843518231161696,30.998844621376442,30.769551268046715,30.90268898010254,13215300
2017-02-27,30.880493136840254,30.880493136840254,30.76214884486648,30.821319580078125,12186400
2017-02-28,30.828720092933313,31.117184150799297,30.79913331224175,31.03582191467285,15946800
2017-03-01,31.072810648700827,31.324292695451536,30.9766578231427,31.183759689331055,14662000
2017-03-02,31.124589388608836,31.479622373607437,31.117191280965397,31.413053512573242,15507600
2017-03-03,31.413053017247176,31.42784641074944,31.250328510273594,31.420448303222656,11740000
2017-03-06,31.3168974119515,31.383466272024656,31.154172904761275,31.19855308532715,16307800
2017-03-07,31.065416831744603,31.242934740837207,31.02843475696948,31.058021545410156,11273700
2017-03-08,31.065416831744603,31.087605512299387,30.873108349983106,31.058021545410156,14636000
2017-03-09,31.13197515359569,31.14676854280695,31.006232756075235,31.087594985961914,14496400
2017-03-10,31.235530866791446,31.361273283676216,31.176360122384615,31.279911041259766,16369700
2017-03-13,31.279905795784774,31.429142563368075,31.22021279662421,31.36198616027832,12831500
2017-03-14,31.324679338387156,31.414220265095775,31.21275389161507,31.317218780517578,9844500
2017-03-15,31.324671413770464,31.54852509713815,31.317210857788282,31.429136276245117,22757800
2017-03-16,31.361985211040185,31.63061081526867,31.2649837345334,31.526145935058594,16004200
2017-03-17,31.548531408143795,31.60076384982976,31.34706219887453,31.36198616027832,37526500
2017-03-20,31.41422496443791,31.593309691099677,31.391840441025877,31.473920822143555,11484200
2017-03-21,31.57091509889202,31.80969276065178,31.496295300558184,31.712688446044922,17187300
2017-03-22,31.757460756850435,31.861925629483952,31.526143648551717,31.62314796447754,11605500
2017-03-23,31.49629574995961,31.630608542422685,31.384370320543244,31.466447830200195,11503300
2017-03-24,31.511216624319207,31.52614058273759,31.272438982533135,31.429136276245117,13804400
2017-03-27,31.421688947089624,31.593310271463256,31.37691705298794,31.578386306762695,12387400
2017-03-28,31.518682357955843,31.757460017402504,31.518682357955843,31.66045570373535,14123800
2017-03-29,31.720160111419233,31.735084076312546,31.5560021905033,31.653003692626953,9580100
2017-03-30,31.6007681878302,31.802237424756186,31.53361177552154,31.78731346130371,11999900
2017-03-31,31.750005257470505,31.82462507539465,31.660464322416534,31.667924880981445,11551800
2017-04-03,31.77239633417226,31.809704824261036,31.541079141293316,31.645544052124023,11240000
2017-04-04,31.720157391325884,31.85447021739274,31.615692492486108,31.847009658813477,10946200
2017-04-05,31.82463422599598,31.981331619009694,31.735090418740292,31.764938354492188,10142800
2017-04-06,31.77239644379226,31.906706439284175,31.690316057440562,31.839550018310547,14597800
2017-04-07,31.817157621107576,31.8917774295351,31.72015329337912,31.79477310180664,11028800
2017-04-10,31.884319134819076,31.936551585861093,31.757469709847058,31.85447120666504,9426900
2017-04-11,31.847010527130795,31.899242977974815,31.72762166142231,31.83208656311035,8909400
2017-04-12,31.742541111701147,32.07832313827578,31.720153745626384,32.041011810302734,13417200
2017-04-13,31.988775865087273,32.145476024637986,31.921619467123932,31.9290828704834,9891900
2017-04-17,31.929085975954365,32.13801574707031,31.921622571868998,32.13801574707031,11318100
2017-04-18,32.16786825283378,32.526034845676996,32.15294428899176,32.44395446777344,13181600
2017-04-19,32.63796595126852,32.67527444084672,32.22756402654243,32.25741195678711,13893100
2017-04-20,32.23503068008023,32.30964766675445,32.12310235361331,32.152950286865234,10838300
2017-04-21,32.07085934257524,32.16040026641712,32.00370293808016,32.13801574707031,13833800
2017-04-24,32.26487461294895,32.40664800863433,32.19771819468635,32.29471969604492,16703800
2017-04-25,31.973849501377817,32.40663577715485,31.951464985890784,32.1678581237793,18745100
2017-04-26,32.13056827036191,32.40665455837254,32.070872399194315,32.2648811340332,13626600
2017-04-27,32.21262000134716,32.29470033517771,32.02607482316993,32.093231201171875,10386200
2017-04-28,32.05593952786057,32.235024245166755,31.97385915103086,32.197715759277344,10337800
2017-05-01,32.19771414731709,32.458876381923034,32.16040281684064,32.24994659423828,13208200
2017-05-02,32.24994730465347,32.41410520725554,32.205175414968394,32.37679672241211,11823900
2017-05-03,32.33202547708723,32.45141432832773,32.197712663634825,32.324562072753906,10389000
2017-05-04,32.399173843027555,32.69018678982154,32.38425272966259,32.5782585144043,10193100
2017-05-05,32.675270604203554,32.71257908940109,32.50364929513091,32.600650787353516,8133000
2017-05-08,32.52602423797272,32.76480188866237,32.488715763762606,32.7498779296875,14284300
2017-05-09,32.74988873247326,32.74988873247326,32.369337615676024,32.466339111328125,8694400
2017-05-10,32.44395198950578,32.54841688196516,32.354411059748415,32.5111083984375,7597700
2017-05-11,32.451413911679886,32.59318728119063,32.406642025619,32.585723876953125,6860100
2017-05-12,32.56333997667381,32.59318790128226,32.42902716239054,32.526031494140625,7275800
2017-05-15,32.429027753661515,32.652881499396855,32.429027753661515,32.630496978759766,8493000
2017-05-16,32.73496333091799,32.91404804336961,32.660346361161864,32.72003936767578,10454100
2017-05-17,32.72003209608876,32.958809761989166,32.61556722306412,32.779727935791016,14538800
2017-05-18,32.734952615348504,32.8021090047278,32.56333136392454,32.68272018432617,13832200
2017-05-19,32.72003959004429,32.83196789189409,32.652883178225395,32.75735092163086,11796800
2017-05-22,32.749892474011126,32.996133636771695,32.69019945805593,32.966285705566406,12857900
2017-05-23,33.018520918359805,33.279683222069664,32.988672984662784,33.12298583984375,11996100
2017-05-24,33.21251803537458,33.645304420476165,33.21251803537458,33.60053253173828,12738300
2017-05-25,33.578144884403585,33.936311421596,33.555760365346124,33.88407897949219,16704200
2017-05-26,33.83932320532161,33.99602345269032,33.824402083149316,33.869171142578125,11341400
2017-05-30,33.69752528540873,33.9213789592486,33.66021681417773,33.89899444580078,13093500
2017-05-31,33.89901177986444,34.10048104327663,33.854239883621055,33.92885971069336,14148000
2017-06-01,33.913927583861756,34.16762924194336,33.74976685026347,34.16762924194336,11049300
2017-06-02,34.19747949309492,34.24224853515625,34.03331874832372,34.24224853515625,9923700
2017-06-05,34.160163846890505,34.316864013671875,34.09300744582835,34.316864013671875,10015200
2017-06-06,34.24972088941398,34.36910977686584,34.160177088983374,34.30941390991211,9836700
2017-06-07,33.95123390079926,34.100470663060705,33.83930561748956,33.95869445800781,12776300
2017-06-08,33.95871781062288,33.95871781062288,33.60055104276521,33.6751708984375,12879000
2017-06-09,33.62293060618647,33.839321021189534,33.55577417492186,33.81693649291992,9358800
2017-06-12,33.81692319255469,33.93631204046269,33.727382268237356,33.82438659667969,11228500
2017-06-13,33.85449119408923,33.93724707618903,33.70402621480601,33.87705993652344,10023400
2017-06-14,33.9899071029761,34.20808116477271,33.97486031907144,34.08018493652344,11497500
2017-06-15,33.98989447353675,34.11026583016768,33.884569895219634,34.04255676269531,9908700
2017-06-16,34.08769607543945,34.11778676128521,33.861997277379984,34.08769607543945,27025300
2017-06-19,34.11779780624249,34.1403694152832,33.92971732689191,34.1403694152832,7624700
2017-06-20,34.117791186154335,34.50899885168071,34.09522245137313,34.31339645385742,14920900
2017-06-21,34.320923675890185,34.366064022259856,33.98237825281822,34.019996643066406,9515800
2017-06-22,33.98236984658885,34.06512569285513,33.8770452676607,33.90713882446289,7446300
2017-06-23,33.892091849436774,34.14035938679529,33.87704507112297,34.04255676269531,9544800
2017-06-26,34.09521505015721,34.23815512254245,34.08016827360942,34.17797088623047,7747100
2017-06-27,34.110263811569666,34.15540414383974,33.85447433513128,33.89208984375,11432200
2017-06-28,34.042567796312,34.23064828137449,34.027521013121344,34.09523010253906,9218800
2017-06-29,33.952281338927534,34.03503719050558,33.591167243761284,33.726585388183594,9283500
2017-06-30,33.771727932153205,33.94476161605912,33.741634368896484,33.741634368896484,9352800
2017-07-03,33.937237852078866,34.05760922881245,33.67392349243164,33.67392349243164,6434500
2017-07-05,33.69649788170898,33.846962832523324,33.6513575355006,33.71906661987305,6853600
2017-07-06,33.64383419410221,33.741633968706374,33.32033556762968,33.40309143066406,13113000
2017-07-07,33.455763620642266,33.493379150446465,33.28272988763818,33.39557647705078,9566000
2017-07-10,33.4407047466169,33.53850738465895,33.27519303145036,33.38804244995117,9672000
2017-07-11,33.34290470915586,33.46327609233447,33.21501137010116,33.35042953491211,10300700
2017-07-12,33.54603078287119,33.68144894294497,33.43318135951636,33.485843658447266,7737400
2017-07-13,33.47080334255155,33.5008940381157,33.38052264621798,33.425662994384766,6371900
2017-07-14,33.4933676377452,33.64383257512353,33.478320857019376,33.613739013671875,8558700
2017-07-17,33.59869725263723,33.69649990702699,33.56108173014283,33.65135955810547,7189200
2017-07-18,33.68896847114681,33.74163076628321,33.5685971008522,33.6062126159668,9037200
2017-07-19,33.60621115324846,33.73410734292718,33.51593334692683,33.726585388183594,6986900
2017-07-20,33.77925374815088,33.83943800654848,33.666404317570056,33.71906661987305,7430300
2017-07-21,33.688979429889606,33.90715350635624,33.606223547789796,33.87705993652344,8545600
2017-07-24,33.88458056120694,33.8921025177918,33.72659364400108,33.73411560058594,9103600
2017-07-25,33.86952249117296,34.07264968983732,33.80933537902968,34.0350341796875,14096300
2017-07-26,33.515940385621256,34.44882081312507,33.335384735059435,34.41120529174805,13608900
2017-07-27,34.45634733634803,34.93031100418328,34.38111628362275,34.69709014892578,15195200
2017-07-28,34.60680070755548,34.6970785145306,34.40367348945165,34.614322662353516,11945300
2017-07-31,34.60680632197859,34.66699344964627,34.44881941667124,34.48643493652344,13622900
2017-08-01,34.58423456364032,34.651943641413006,34.34349181375521,34.381107330322266,10306800
2017-08-02,34.30586561209512,34.60679541583673,34.14035680292861,34.298343658447266,10187900
2017-08-03,34.34349948191426,34.56919550158958,34.328452697951825,34.358543395996094,14261400
2017-08-04,34.35853373427276,34.426242808123426,34.208071676719996,34.23064041137695,9523600
2017-08-07,34.245690201135524,34.42624583402072,34.230643420081755,34.335968017578125,6226300
2017-08-08,34.33596743244432,34.471385589740514,34.26825835379622,34.30587387084961,5747900
2017-08-09,34.275774927624404,34.35100594362015,34.10274129493073,34.298343658447266,9635300
2017-08-10,34.27578711888652,34.48643633450209,34.20055320625216,34.41120529174805,8901600
2017-08-11,34.50147084549096,34.531564399840974,34.28329688127226,34.298343658447266,8357600
2017-08-14,34.3585305361907,34.56165773883566,34.32091502530375,34.45633316040039,8421200
2017-08-15,34.45634692472127,34.794892397702064,34.45634692472127,34.749752044677734,9638100
2017-08-16,34.71965529363205,34.8625954151378,34.697083686114176,34.75727081298828,8087300
2017-08-17,34.69708635486171,34.85507614011802,34.493959090858205,34.50148391723633,8477000
2017-08-18,34.456346056811626,34.531579976623796,34.328452697951825,34.358543395996094,10879800
2017-08-21,34.35854115257372,34.45634380700328,34.27578815100454,34.366065979003906,9429700
2017-08-22,34.38110777483638,34.41872329188977,34.26073639833754,34.30587387084961,10536700
2017-08-23,34.32843981088053,34.35100854341147,34.18549685183921,34.2607307434082,6528400
2017-08-24,34.26072833744657,34.313390622906894,34.08769470380848,34.162925720214844,7534400
2017-08-25,34.30587867594059,34.42625006929938,34.27578798001119,34.28330993652344,8807100
2017-08-28,34.32843803239263,34.37357549511603,34.14035761803352,34.170448303222656,8024000
2017-08-29,34.15541197909017,34.28330531170842,34.04256255746701,34.19302749633789,7762200
2017-08-30,34.12533469524481,34.260752917835575,34.07267237200189,34.14790344238281,7134900
2017-08-31,34.15541059394652,34.34349104243768,34.11027025315188,34.26825714111328,14264600
2017-09-01,34.33596721405046,34.456338589783684,34.26073618042219,34.44129180908203,7391200
2017-09-05,34.41871467126646,34.55413279464539,34.343483656002284,34.546607971191406,9916700
2017-09-06,34.59174889520652,34.636889227066334,34.448808815802785,34.57670211791992,9238900
2017-09-07,34.614328042074405,34.84754885537677,34.57671252247858,34.81745529174805,9418400
2017-09-08,34.749740790929394,34.88515893626637,34.621847470266545,34.832496643066406,10534900
2017-09-11,34.87011253609358,35.05067102180014,34.77231277330397,34.998008728027344,10430300
2017-09-12,34.982963931515734,35.17104438276044,34.94534841524278,35.148475646972656,8567600
2017-09-13,35.118385711635256,35.34408170245384,35.095816973517465,35.26132583618164,10218000
2017-09-14,35.185493824693815,35.23857515549063,34.83666993168042,34.96558380126953,13768800
2017-09-15,35.10965381880836,35.15515333240694,34.88216203624541,35.01865768432617,16141400
2017-09-18,34.99591681678645,35.06416465534172,34.81392161640052,34.96558380126953,8535300
2017-09-19,34.98833356891973,35.02624839353194,34.798756553142994,34.86700439453125,7297900
2017-09-20,34.70017696639807,34.99591955172701,34.54093296156265,34.7153434753418,11026600
2017-09-21,34.66225869204585,34.72292472178543,34.39685204372396,34.42718505859375,7555300
2017-09-22,34.46510079170159,34.60159646950758,34.40443476035866,34.49543380737305,8024800
2017-09-25,34.503017234433734,34.700176060121294,34.38926986668448,34.6470947265625,9215300
2017-09-26,34.64709892227502,34.783594623017265,34.54852094385146,34.55610275268555,6480100
2017-09-27,34.48026524556754,34.503013559608235,33.653709420408966,33.850868225097656,14816200
2017-09-28,33.87361547199993,34.12385848942574,33.858451858260786,34.05561065673828,8789500
2017-09-29,34.01770235724158,34.20727938518634,33.96462102083432,34.131446838378906,10082200
2017-10-02,34.161775490038345,34.3286041789723,33.93428366412918,33.972198486328125,10707800
2017-10-03,34.01770415007429,34.32102567514231,33.941871599270264,34.2679443359375,12038100
2017-10-04,34.20727395700997,34.54851313170422,34.078360094251956,34.503013610839844,14060300
2017-10-05,34.51058851945448,34.69258367381657,34.50300671385036,34.51817321777344,10215300
2017-10-06,34.41960126819439,34.51818212276885,34.33618692145566,34.49543380737305,5437900
2017-10-09,34.54091986229527,34.61675237825524,34.38167591785139,34.434757232666016,5268300
2017-10-10,34.57884868712813,34.80634343448645,34.525767350802084,34.783592224121094,6310400
2017-10-11,34.79117437802973,34.95800018310547,34.78358967755794,34.95800018310547,6638200
2017-10-12,34.867002947197335,34.98833211654943,34.83666993168042,34.96558380126953,7710200
2017-10-13,35.0717390038337,35.1703198369398,34.995909373884366,35.01865768432617,7126000
2017-10-16,34.97316381370489,35.45089865907087,34.95799730672489,35.352317810058594,12708600
2017-10-17,35.28407488069618,35.359907426139486,35.11724906615257,35.276493072509766,7699400
2017-10-18,35.19307146116387,35.29165230355235,35.06416049956874,35.185489654541016,6272200
2017-10-19,35.16274587686569,35.48123678389153,35.124831050312004,35.32957458496094,7515500
2017-10-20,35.321988413104606,35.32957022039236,35.09449369645518,35.170326232910156,9646800
2017-10-23,35.17032404296565,35.375067539572115,35.05657669172363,35.12482452392578,7153600
2017-10-24,35.07932080974265,35.10207201289941,34.84424722127074,35.01865768432617,9539500
2017-10-25,35.162748098211836,35.458487813815644,34.82909355365914,34.92008972167969,11994200
2017-10-26,35.12482742768794,35.45090010930845,35.0489977824013,35.05657958984375,10569100
2017-10-27,34.98074503032537,35.132407192308094,34.81391636287287,34.935245513916016,9988000
2017-10-30,34.882171273084076,34.9352526066476,34.7456755888591,34.77600860595703,7201900
2017-10-31,34.82150486936718,35.011081885143916,34.760841728530785,34.86700439453125,6560500
2017-11-01,34.692584453276,34.950409240331346,34.601588320407906,34.730499267578125,7067600
2017-11-02,34.73808688985699,34.84424953592427,34.692587373235945,34.791168212890625,8317800
2017-11-03,34.85941696166992,35.00349442903379,34.82149925046054,34.85941696166992,4730400
2017-11-06,34.81391720662399,34.82149901318507,34.44234504539665,34.480262756347656,7451300
2017-11-07,34.43475627882944,34.84424317552646,34.358926657684634,34.8366584777832,9868000
2017-11-08,34.86699553171255,35.02623949023512,34.783581203139306,35.01865768432617,7586900
2017-11-09,34.97316524439913,35.17790875793169,34.89733559911249,35.05657958984375,6532400
2017-11-10,35.03383164762061,35.36748614023421,34.98833212433511,35.291656494140625,8022900
2017-11-13,35.33715494045238,35.50398364168919,35.29165830754469,35.42815399169922,7653600
2017-11-14,35.42056623024012,36.00446374139635,35.35231839406042,35.966548919677734,17200700
2017-11-15,35.88313473739246,35.98929739576748,35.47364771847554,35.49639892578125,12419100
2017-11-16,35.60257219262243,35.62532051399095,35.26891471806363,35.29924774169922,12506400
2017-11-17,35.139981398571855,35.17031440295097,34.31342583188526,34.66224670410156,19720700
2017-11-20,34.61675184051751,34.79116228544409,34.44233850287627,34.47267150878906,19160900
2017-11-21,34.54851766239242,34.84425735500556,34.53335115344869,34.7153434753418,10280800
2017-11-22,34.79876383156582,34.82909685468624,34.53335711105286,34.76084899902344,8434400
2017-11-24,34.79875001930322,34.92007917091085,34.776001707350275,34.791168212890625,2996300
2017-11-27,34.79116131728987,34.874575634871505,34.73808000477693,34.80632781982422,5649200
2017-11-28,34.87458309026521,34.99591224376285,34.715336225968464,34.75325393676758,8432800
2017-11-29,34.70775711565639,34.74567193668566,34.283103599068504,34.503013610839844,16502100
2017-11-30,34.510661766309816,35.04582990748401,34.42656354058408,34.992313385009766,17147600
2017-12-01,35.015243318343174,35.183439746325185,34.56417346583524,35.14521408081055,12468800
2017-12-04,35.160513549301406,35.45867789640934,34.9923170800889,35.343997955322266,17523600
2017-12-05,35.35927269157413,35.50453135650013,35.21401402664812,35.36691665649414,13670800
2017-12-06,35.44338439623368,35.53512659239275,35.36693013574127,35.51219177246094,8154000
2017-12-07,35.38986361415236,35.41279843132475,34.95408458928803,34.99995422363281,9106500
2017-12-08,34.93878540313201,34.96172021483248,34.441843095796024,34.640621185302734,13238600
2017-12-11,34.64063489806884,34.7170862449548,34.34246764577694,34.65592575073242,9698700
2017-12-12,34.59475780673694,34.80117991599755,34.44949910011573,34.62533950805664,13999300
2017-12-13,34.74766464642913,35.20637851699366,34.70943897662069,35.09170150756836,12418700
2017-12-14,35.02289988676023,35.29812650443734,35.01525300168378,35.19109344482422,9029000
2017-12-15,35.3898659690276,35.489252127675535,35.19873470272233,35.313411712646484,21181600
2017-12-18,35.3210652534094,35.45868002439978,35.09935224276576,35.11464309692383,10156800
2017-12-19,35.198728802337136,35.458667397595896,35.09933974391817,35.26753616333008,8253200
2017-12-20,35.328699045478416,35.39750641115294,35.137567798208224,35.229312896728516,7311000
2017-12-21,35.27518322192569,35.33634662213971,34.831760236099825,34.86233901977539,9657100
2017-12-22,34.93114952184989,34.96173122470159,34.824116478300645,34.854698181152344,5406300
2017-12-26,34.9387975855223,35.06112148462778,34.869990209998484,35.02289581298828,6100400
2017-12-27,35.09170827390284,35.12228706578675,34.95409350291246,35.11464309692383,5660600
2017-12-28,35.09934501364651,35.16050841768147,34.89292289967598,34.95408630371094,6538900
2017-12-29,34.938793650681134,35.30576530666887,34.93114676735535,35.07640838623047,8371500
2018-01-02,35.09934454868892,35.1222793666824,34.79353336542845,34.816471099853516,10872200
2018-01-03,34.77823788479766,34.93114052681916,34.66355798685058,34.74000930786133,12635600
2018-01-04,34.831759552434754,35.3363459285708,34.747661337006846,35.229312896728516,12709400
2018-01-05,35.183442574820496,35.3210573148815,35.00760216617179,35.2216682434082,13113100
2018-01-08,35.129929997289175,35.244607015919705,35.07641347197521,35.168155670166016,7068600
2018-01-09,35.16815751770559,35.44338704316893,35.12228495798434,35.343997955322266,9962400
2018-01-10,35.34399213274781,35.366926950614115,35.11463520479,35.2216682434082,10700700
2018-01-11,35.343996824633415,35.343996824633415,35.06112333981529,35.19873809814453,7583200
2018-01-12,35.38222690938536,35.466325151785725,35.191095600814464,35.282840728759766,14570100
2018-01-16,35.28283536865907,35.64216019101043,35.27518848427584,35.5733528137207,16459300
2018-01-17,35.61157863789318,35.93267776269389,35.588640902956236,35.79506301879883,12143100
2018-01-18,35.74154568144626,35.98619346135233,35.634512642291305,35.84093475341797,11952900
2018-01-19,35.925043852776724,36.12381914047817,35.83329872020762,36.05501174926758,16187400
2018-01-22,36.03971443588235,36.314943951406335,36.00148876237779,36.223201751708984,9577400
2018-01-23,36.09322323371597,36.46784175328324,36.032062752490866,36.276710510253906,11463700
2018-01-24,36.337877985080965,36.658980051713954,36.29965231240443,36.567237854003906,15964500
2018-01-25,36.467849455251546,36.69720641204041,36.467849455251546,36.57488250732422,11755000
2018-01-26,36.529004159398276,37.17120528647478,36.49842537539004,37.10239791870117,16671200
2018-01-29,36.85774084736339,37.048872052234294,36.376092310918814,36.46783447265625,11662600
2018-01-30,36.49077967556198,36.81952567487231,36.23848792983055,36.246131896972656,12404800
2018-01-31,36.27671786436191,36.62075475484501,36.21555445430629,36.383750915527344,10960100
2018-02-01,36.2461288114257,36.49077656918874,36.01677190307676,36.276710510253906,10279400
2018-02-02,36.20025820100725,36.24613075170515,35.64980217478979,35.726253509521484,12912300
2018-02-05,35.6650962654727,35.87151547128936,33.952558797429525,34.31953048706055,23261500
2018-02-06,33.539717140026106,34.20485611294273,33.21097109587613,34.151336669921875,25184300
2018-02-07,34.08253252164374,34.78589425840995,33.8531726439372,34.06724166870117,18041600
2018-02-08,34.11310133780938,34.11310133780938,32.928088287314,32.95102310180664,23295300
2018-02-09,33.14980892956086,33.22626027328087,32.25531304259126,32.973968505859375,22853100
2018-02-12,33.30271380712336,33.814944215026046,33.15745217421885,33.61616897583008,14689000
2018-02-13,33.5779482507685,33.95256691398105,33.402107789728305,33.78437042236328,13163200
2018-02-14,33.65438898892059,33.784356831846424,33.35622472203778,33.71554946899414,13457900
2018-02-15,33.830230548110166,34.27365643879731,33.73084148357143,34.23542785644531,13467300
2018-02-16,34.83940993968087,34.89292646546462,34.18956474577424,34.38833999633789,17202300
2018-02-20,34.2124882768955,34.27365166699804,33.59322207604661,33.63145065307617,14137300
2018-02-21,33.72319845918641,33.83787546015238,33.12686988815532,33.13451385498047,12792900
2018-02-22,33.20332930433149,33.50149366242481,33.04277971404004,33.27213668823242,12377800
2018-02-23,33.31799697573902,33.684968582545835,33.19567019037233,33.669677734375,8277200
2018-02-26,33.81492716038168,33.93725099583065,33.49382818598948,33.66202163696289,12713300
2018-02-27,33.753783497597645,33.87610739391805,33.34858322143555,33.34858322143555,12774400
2018-02-28,33.509134956124065,33.570295444701635,33.04277420043945,33.04277420043945,11929400
2018-03-01,32.951032481990566,33.3638767589696,32.73696637530453,33.20332717895508,17746800
2018-03-02,33.065717211055016,33.48620551715768,33.05807324175092,33.425045013427734,14050100
2018-03-05,33.31035254926774,33.593225970205545,33.25683603493981,33.55500030517578,11992700
2018-03-06,33.60087358278454,33.67732491450437,33.325644122302975,33.5855827331543,10010500
2018-03-07,33.325647318965935,33.57793907098679,33.23390512881577,33.501487731933594,10881700
2018-03-08,33.56265084409128,33.99078300535204,33.486196589272126,33.98313903808594,12361100
2018-03-09,34.07487903432489,34.26601028442383,33.937264300939134,34.26601028442383,9778600
2018-03-12,34.36539827126955,34.47243130133281,33.89139360251883,34.04429626464844,11857700
2018-03-13,34.15133384858334,34.273660660888694,33.94491464389736,34.07488250732422,11342100
2018-03-14,34.229138817219386,34.26770192638818,33.72780957149528,33.76637268066406,15321200
2018-03-15,33.84348825566083,33.93604026894884,33.58896654139949,33.6815185546875,12456700
2018-03-16,33.704661119870046,33.95146846733488,33.51184269577717,33.519554138183594,26603300
2018-03-19,33.51957371614609,33.71239225285956,33.303617896523775,33.365318298339844,12380300
2018-03-20,33.41157735319104,33.534981030844975,33.17248144053466,33.28817367553711,13559800
2018-03-21,33.26504992606046,33.51185738168377,33.00281663668859,33.1647834777832,13054000
2018-03-22,33.07222646690844,33.45014903955821,32.93339692612952,32.979671478271484,12274100
2018-03-23,33.02594807507464,33.28818131806652,32.61717385065475,32.64802551269531,13475200
2018-03-26,32.8639816851731,33.01823705518279,32.58632260759095,32.925682067871094,11276100
2018-03-27,32.93339220211355,33.403869695914274,32.8022741247739,33.079933166503906,11627000
2018-03-28,33.164775550150324,33.70466783358802,33.164775550150324,33.411582946777344,16277400
2018-03-29,33.581262403839084,33.87434433336234,33.38844395127985,33.496421813964844,10450500
2018-04-02,33.50413667973349,33.55041417225804,32.756003008066536,32.910255432128906,14207900
2018-04-03,33.14936345341203,33.58127804753368,33.041385540425985,33.4578742980957,15484600
2018-04-04,33.27275554531109,34.244562306055414,33.249618269828375,34.121158599853516,13563300
2018-04-05,34.15200526099494,34.40652704466732,33.889772033351996,34.24456024169922,11707800
2018-04-06,34.15199906475737,34.337106050405495,33.71237328379077,33.87434005737305,11495100
2018-04-09,33.959191709149614,34.17515041984977,33.76637321806032,33.80493927001953,11913400
2018-04-10,33.990037473674384,34.07487806577486,33.72009280987849,33.92833709716797,10379500
2018-04-11,33.78950757230831,34.04402640643357,33.75094152704361,33.92833709716797,8424300
2018-04-12,33.99775260005974,34.25227143972835,33.89748617610484,33.95918655395508,8476400
2018-04-13,34.082603064443205,34.46824013305179,34.04403994601782,34.329410552978516,10774200
2018-04-16,34.43738060793426,34.62248469521928,34.24456213407612,34.46051788330078,8962100
2018-04-17,34.66875027128738,34.730450631781714,34.43736877062668,34.61476135253906,8406400
2018-04-18,34.63020993792218,34.6841988921532,34.19058391508258,34.329410552978516,7429000
2018-04-19,34.19828528605674,34.29855171816313,33.95147787023829,34.175148010253906,10370400
2018-04-20,34.17514526720601,34.252271475142614,33.61211571117539,33.73551940917969,14690700
2018-04-23,33.73551211401201,33.92833053433354,33.59668261600646,33.920616149902344,11878500
2018-04-24,33.92062825626509,34.01318030724233,32.95653581057027,33.21876907348633,18523900
2018-04-25,32.964247024712954,33.079936341754426,32.324088290146605,32.72515106201172,20774700
2018-04-26,32.702017264452905,33.2419066857424,32.59403643801833,32.971961975097656,13561000
2018-04-27,32.95653317236637,33.4270107189515,32.94110734140891,33.403873443603516,9777900
2018-04-30,33.55041805410355,33.69695905078842,33.14164378712482,33.32674789428711,16037700
2018-05-01,33.13391165508241,33.157051862717665,32.5323192157186,32.848541259765625,11514200
2018-05-02,32.70201058627532,32.84855155038879,32.34722239908173,32.43977737426758,13736400
2018-05-03,32.56318420760586,32.702013741603835,32.02329190229999,32.30866241455078,18352200
2018-05-04,32.231539543810456,32.779143350125445,32.216113711525665,32.671165466308594,10946200
2018-05-07,32.65573163070788,32.77142387340143,32.36264677347991,32.5014762878418,9336000
2018-05-08,32.37037869778885,32.46293077678483,32.15441992389483,32.24697494506836,15062200
2018-05-09,32.37037130770755,32.57090125678124,32.13898674977584,32.22382736206055,9295200
2018-05-10,32.3857885945278,32.67115908057772,32.34722255026541,32.53232955932617,7924200
2018-05-11,32.57860543036281,32.75599804489723,32.42435008749673,32.5014762878418,6331900
2018-05-14,32.58632136156016,32.640310297672656,32.31637668099766,32.424354553222656,10715500
2018-05-15,32.22382964535225,32.3318075442104,31.96931073264048,32.177555084228516,16449700
2018-05-16,32.1929649342945,32.34721731768739,32.038709608725995,32.04642105102539,11590500
2018-05-17,32.401207843653836,32.66344102744398,32.29322999306539,32.6248779296875,14857400
2018-05-18,32.62488159276851,32.68658490984746,32.45520335515358,32.53232955932617,11950200
2018-05-21,32.632594411104144,32.794561197392774,32.60174275404652,32.709720611572266,9110200
2018-05-22,32.779133587899295,32.85625978417697,32.55546349964791,32.5863151550293,8222900
2018-05-23,32.58631125625354,32.740566572528884,32.33950392708317,32.702003479003906,8971400
2018-05-24,32.7020078771085,32.75599680373954,32.54003815503953,32.64030456542969,9269600
2018-05-25,32.65572600146867,32.840832969434175,32.54774816272857,32.702003479003906,8806500
2018-05-29,32.48605809163315,33.04908772452335,32.47063225950479,32.917972564697266,14826900
2018-05-30,32.987386082626664,33.38073448931001,32.93339714332065,33.265045166015625,10114200
2018-05-31,33.319038873092005,33.326750318877814,32.917976022159905,33.1647834777832,15571300
2018-06-01,33.241909829035365,33.41159105872919,33.195635269793016,33.2573356628418,10664700
2018-06-04,33.442439098113404,33.61983175437633,33.38845015673672,33.54270553588867,11727600
2018-06-05,33.55040718419599,33.58125883945307,33.24189651597675,33.249610900878906,9975900
2018-06-06,33.211046424940385,33.519554138183594,33.19562059795188,33.519554138183594,9202900
2018-06-07,33.419305089467436,33.7278129357673,33.419305089467436,33.50414276123047,11948100
2018-06-08,33.60440274194715,33.9360507459751,33.59669129769885,33.89748764038086,12078800
2018-06-11,33.897486389212624,34.12886795641408,33.85120889890183,34.03631591796875,7526100
2018-06-12,34.03632160111096,34.25998881951885,33.997758490501106,34.25227737426758,8243300
2018-06-13,34.20599766335089,34.33711576155413,34.05174523089046,34.07488250732422,16745000
2018-06-14,34.043751372083,34.12156447358166,33.86477886393246,33.911468505859375,12696200
2018-06-15,33.89590690058169,34.35501134532375,33.81031070384305,34.3316650390625,21562500
2018-06-18,34.14490729573112,34.207157176904246,33.771399103554664,33.888118743896484,12161900
2018-06-19,33.69358259533769,34.04374744848365,33.615769502807126,33.927024841308594,12936400
2018-06-20,33.942588397809644,34.067091128149045,33.63911317813105,33.66245651245117,10893700
2018-06-21,33.67024786180171,33.69359120184774,33.4290224639329,33.530181884765625,10465200
2018-06-22,33.57687285864279,33.77918873991443,33.52240308413196,33.654685974121094,14924400
2018-06-25,33.58464694913001,34.043751372083,33.58464694913001,33.911468505859375,12092400
2018-06-26,33.895910554737576,34.11378964746648,33.67802849362866,33.71693801879883,13974700
2018-06-27,33.71694059479327,33.93481970416828,33.452371832674956,33.51462173461914,15332600
2018-06-28,33.646913193340275,33.98929513190154,33.59244043856072,33.82588577270508,12668900
2018-06-29,33.90369796536011,34.316112899056456,33.70138204554133,34.12936019897461,11485600
2018-07-02,34.06709791660841,34.36279307322909,33.911471698957364,34.04375457763672,9232500
2018-07-03,34.284984303114086,34.49508328558649,34.23051452636719,34.23051452636719,8214300
2018-07-05,34.36279766874037,34.759649326231255,34.33945432664686,34.751869201660156,11653000
2018-07-06,34.7596333093645,34.969732196535496,34.689603315353025,34.736289978027344,8733900
2018-07-09,34.658496297243055,34.80634242577735,34.50286707498666,34.549556732177734,7373100
2018-07-10,34.63514354806703,35.016434923319245,34.62736342417125,34.99309158325195,10606100
2018-07-11,35.00864888138231,35.01642900396289,34.73629709699047,34.85301971435547,7715600
2018-07-12,34.884153102554876,34.985309558185506,34.6195843563285,34.759647369384766,6331600
2018-07-13,34.782991000744396,34.84524089415702,34.60401847566081,34.814117431640625,5585900
2018-07-16,34.80632781982422,34.86079757949946,34.650698662875264,34.80632781982422,5831400
2018-07-17,34.82189654777063,35.31990755418346,34.76742677946796,35.210968017578125,11592200
2018-07-18,35.16427582514768,35.24209189449973,34.891927003364344,35.109806060791016,7351600
2018-07-19,35.00864396392358,35.3510257085867,34.9541712399931,35.102020263671875,10097500
2018-07-20,35.03199429885704,35.234310150146484,34.93861798044496,35.234310150146484,8588400
2018-07-23,35.23431325879196,35.296566122145535,34.83746164424255,34.9775276184082,9055700
2018-07-24,34.845237951232825,35.22652927655937,34.712955083665804,35.218746185302734,13786100
2018-07-25,35.794579587504515,36.24590397234333,35.60004382887677,35.8646125793457,21330600
2018-07-26,36.074722491674976,36.253695087666166,35.9502196871428,35.981346130371094,12673100
2018-07-27,36.04358877111606,36.18365476898256,35.84127286774246,35.95799255371094,10516900
2018-07-30,35.87238947263856,36.13695819927823,35.833482918093274,35.973548889160156,8967900
2018-07-31,36.105836577810344,36.315932576744224,36.035803588705726,36.28480911254883,12438800
2018-08-01,36.144738807091755,36.175865235940684,35.926856773528876,36.09804916381836,9904100
2018-08-02,36.168081250890545,36.28480387200021,35.93463897705078,35.93463897705078,12009700
2018-08-03,35.97354804139652,36.385962852941105,35.903515057513495,36.27702331542969,11462800
2018-08-06,36.26145593046423,36.471554857953244,36.22254938130984,36.30036544799805,10056100
2018-08-07,36.199210370959015,36.26924335515697,35.895735095561136,36.18364715576172,8632900
2018-08-08,36.17587324087692,36.23034301922571,35.8879581628844,35.91130447387695,6810000
2018-08-09,35.989108133626175,36.121390998160045,35.85682526909231,36.06692123413086,8924100
2018-08-10,35.95798704893448,36.121396365302395,35.77123439262255,35.85683059692383,7535400
2018-08-13,35.833489575342554,35.89574244888439,35.56114067454799,35.66230010986328,8143400
2018-08-14,35.72453995961033,35.872386040087264,35.6934135316006,35.70897674560547,6846100
2018-08-15,35.615605200109314,35.91130036904647,35.52222887195335,35.85683059692383,9686400
2018-08-16,35.88016690451621,36.09026582797364,35.77122738162259,35.965763092041016,10600700
2018-08-17,36.02023315272864,36.36261493729287,35.98132660399761,36.26145553588867,8885700
2018-08-20,36.32371475182628,36.47156085025595,36.253681764490146,36.36262130737305,6392000
2018-08-21,36.36261463520769,36.37817784824669,35.95798000133183,35.965763092041016,13986300
2018-08-22,36.05915470109772,36.09028114038207,35.732333025373364,35.740116119384766,7159100
2018-08-23,35.70898426468438,35.85683334467278,35.55335506024511,35.56113815307617,13144900
2018-08-24,35.52223130797692,35.63895098408122,35.46776153211888,35.50666809082031,10952900
2018-08-27,35.83348046421004,35.83348046421004,35.45219210004522,35.553348541259766,9581200
2018-08-28,35.522214703117676,35.58446457426523,35.23429977287656,35.3043327331543,8476800
2018-08-29,35.21097101166811,35.343253897828774,35.18762767137623,35.273223876953125,12410900
2018-08-30,35.23431325879196,35.265439690468746,34.930837970893016,34.9775276184082,9716500
2018-08-31,35.01642921738023,35.070898980914684,34.541761590826134,34.681827545166016,19834100
2018-09-04,34.70517862798965,34.93862391624988,34.63514563518761,34.829681396484375,11138500
2018-09-05,34.75186606760578,35.343253438223016,34.75186606760578,35.312129974365234,10554900
2018-09-06,35.3276923303951,35.79457692907455,35.24987625169527,35.615604400634766,11439400
2018-09-07,35.483330421635515,35.654522883666026,35.23432482325344,35.57670974731445,10208100
2018-09-10,35.72454019576448,36.03579854116031,35.638944002361654,35.84126281738281,8568900
2018-09-11,35.87239241579363,35.91130194191108,35.70120296807316,35.810142517089844,9278300
2018-09-12,35.9190932439145,36.02803282683253,35.81015366099647,35.981346130371094,13216400
2018-09-13,36.10689541629707,36.19321970837673,35.87146743384386,35.965641021728516,8294800
2018-09-14,36.03625807626514,36.12258234763361,35.792983850003274,36.09119415283203,7612900
2018-09-17,36.099038996056,36.358011799708464,36.02841032175337,36.350162506103516,8527300
2018-09-18,36.40510675612044,36.51497295127026,36.04411697387695,36.04411697387695,9847400
2018-09-19,36.09904484825788,36.18536913013651,35.99702497025324,36.06765365600586,7119000
2018-09-20,36.27168934103002,36.63267903052567,36.21675625756888,36.601287841796875,9736700
2018-09-21,36.601286821599565,36.64052430960263,36.39725008780657,36.554203033447266,19240300
2018-09-24,36.483574108692125,36.514962302703374,35.97347778724695,36.15397262573242,10778900
2018-09-25,36.14612978799628,36.24030036630727,35.79298637729419,35.84791946411133,7919100
2018-09-26,35.918547670052654,36.153975609523236,35.76159471252938,35.981327056884766,10162600
2018-09-27,35.8871592706369,36.24030270411979,35.84792177661189,36.10689163208008,10826900
2018-09-28,36.09904619351591,36.24814987182617,36.07550429526402,36.24814987182617,9071900
2018-10-01,36.23245041581043,36.37370777753368,36.13827983920449,36.279537200927734,9364700
2018-10-02,36.318772735340985,36.538508060423325,36.14612718646803,36.499267578125,7462700
2018-10-03,36.460034138565256,36.530662823466095,35.9420914471687,35.99702453613281,10542300
2018-10-04,35.83222339373342,36.02056754148708,35.65172854035169,35.981327056884766,9582300
2018-10-05,36.05196661842662,36.224615223169735,35.855776110720186,36.0048828125,8734100
2018-10-08,36.09119926100266,36.55420887817868,36.075503664566135,36.475730895996094,9808100
2018-10-09,36.39725166093742,36.53065972463957,36.271689897723626,36.40509796142578,10824500
2018-10-10,36.33447094461825,36.648376863826485,35.84007016963533,35.84791946411133,13917000
2018-10-11,35.94208069124371,36.07549171996723,34.92189120968632,35.03175735473633,17677900
2018-10-12,34.90620697280387,35.220112912450034,34.72571210527745,35.06315994262695,12420100
2018-10-15,35.03177388188763,35.52617476148706,34.99253638209102,35.24365997314453,11608500
2018-10-16,35.32997917588439,35.78513949644427,35.204417398457984,35.69881820678711,10442500
2018-10-17,35.63602673003366,36.09118992810426,35.59678924590334,35.98917007446289,11055800
2018-10-18,36.02055795756967,36.161815282393704,35.67526094416522,35.79297637939453,12716900
2018-10-19,35.965632279817655,36.48357491277376,35.965632279817655,36.35801315307617,13989200
2018-10-22,36.389399560597084,36.46002823406,35.949934920053074,36.075496673583984,14283600
2018-10-23,35.80083617020551,36.46003626993914,35.667428087387854,36.381561279296875,17483900
2018-10-24,36.35801026943929,37.18985573884955,36.28738159810934,36.671913146972656,21626000
2018-10-25,36.60913673748042,36.67976541453751,36.19321097542043,36.499267578125,14220200
2018-10-26,36.389398237284865,36.47572250100347,35.6517233363201,36.0362548828125,21458000
2018-10-29,36.21675916861712,36.53851139487799,36.13828119048718,36.46003341674805,20932200
2018-10-30,36.585593273038434,37.464528620313004,36.130432998225366,37.378204345703125,20895400
2018-10-31,37.27619148536963,37.73135483939614,37.056459104048784,37.57440185546875,25309400
2018-11-01,37.51947167381494,37.78629086912332,37.119241384037664,37.46453857421875,16494500
2018-11-02,37.52731028926488,37.6685676574707,37.229099957093844,37.6685676574707,17584900
2018-11-05,37.6685716649544,38.280684996548594,37.605789275237505,38.21005630493164,16543500
2018-11-06,38.178660277393966,38.55534555759066,38.13941979505032,38.539649963378906,14373400
2018-11-07,38.75938608646973,38.88494785881756,38.476871350279936,38.743690490722656,12239700
2018-11-08,38.547500899392766,38.74369136019086,38.53180530329346,38.712303161621094,9762800
2018-11-09,38.759387338897376,39.151768264366886,38.73584544133045,38.986968994140625,12398100
2018-11-12,38.9320297052074,39.426430430795314,38.877096623878565,39.13606643676758,13918300
2018-11-13,39.08897449570838,39.23807811483876,38.90847969561545,39.128211975097656,13872900
2018-11-14,39.12037615170943,39.19100483637784,38.91633939246114,39.049747467041016,12106800
2018-11-15,38.97126761209684,39.04189628794076,38.66521101464931,39.03404998779297,12080100
2018-11-16,38.97127468263116,39.43428430969412,38.94773278428814,39.37150192260742,13405800
2018-11-19,39.4813671434241,39.83450755769573,39.43428035782783,39.6383171081543,13575800
2018-11-20,39.88158927638079,39.897284869585434,38.61812246287541,38.75153350830078,16255300
2018-11-21,38.633820695373,38.79861994483772,38.13157365302612,38.24143981933594,13559200
2018-11-23,38.25713860821448,38.63382392142915,38.100185645967855,38.469024658203125,4792500
2018-11-26,38.46118456113222,38.63383316025326,38.19436535959492,38.351318359375,9341900
2018-11-27,38.35915887262004,38.775081682216815,38.24144340133136,38.743690490722656,9180700
2018-11-28,38.61811725060316,39.01834733923206,38.61811725060316,39.010498046875,11368700
2018-11-29,38.97886672981104,39.097513029148175,38.73366880322203,38.7415771484375,11564300
2018-11-30,38.757405697129094,39.935948544919725,38.74949735010965,39.86476135253906,25538200
2018-12-03,39.445547453224016,39.51673464724325,38.67039968351541,39.30317306518555,14877200
2018-12-04,39.52464427135081,39.951764399357266,39.152888605919784,39.21616744995117,19059900
2018-12-06,39.160787896772014,39.255706140869094,38.48846692957136,39.05796432495117,17674900
2018-12-07,39.208246684924994,39.29525356595604,38.6624803638675,38.828582763671875,15565700
2018-12-10,39.11333370205482,39.11333370205482,38.3381861078797,38.94723129272461,12331100
2018-12-11,39.22407993857223,39.556284852911304,38.89978337192147,39.184532165527344,18083600
2018-12-12,39.50881751411658,39.56418498411882,38.907680672233944,38.93141174316406,12316900
2018-12-13,38.53593623027198,39.239896798111594,38.41728990246243,39.1291618347168,13766200
2018-12-14,38.939325955739776,39.16870723305411,38.773223520705784,39.02633285522461,13835900
2018-12-17,39.026330869850256,39.17661358666888,37.98225416374977,38.227455139160156,18482700
2018-12-18,38.44892855835607,38.62294236439096,37.84779160149085,38.219547271728516,14765700
2018-12-19,38.15627343035816,38.56757387408445,37.665871409151,37.88734436035156,17903800
2018-12-20,37.81615403713025,38.06926337416674,37.25456486686057,37.60259246826172,21130000
2018-12-21,37.381115109266254,38.55965777185432,37.35738705463526,37.62631607055664,32477700
2018-12-24,37.66586520682278,37.86360704875719,36.25003591172118,36.35285949707031,10733700
2018-12-26,36.28958625777965,37.14382950669865,36.11557245896414,37.12800979614258,14342600
2018-12-27,36.96980380767094,37.61048523151649,36.408214870088976,37.59466552734375,16966500
2018-12-28,37.879426519808455,37.97434175849536,37.19919410506668,37.33366012573242,13218200
2018-12-31,37.56303898363027,37.602586745779725,37.14382425640372,37.452301025390625,10576300
2019-01-02,37.12800264442048,37.349475532243346,36.82743725365484,37.120094299316406,11603700
2019-01-03,37.03309091646816,37.46812235352097,36.80370966186362,36.890716552734375,14714400
2019-01-04,36.97772309403465,37.62631607055664,36.89071620398642,37.62631607055664,13013700
2019-01-07,37.62631657543432,37.76869093973258,37.096369899558255,37.13591766357422,13135500
2019-01-08,37.373207873605935,37.626317188191244,37.20710545165327,37.55513000488281,15420700
2019-01-09,37.23875279639114,37.3969438887014,36.72462269447777,36.835357666015625,18032500
2019-01-10,36.906538450379244,37.24665467087951,36.65342912590944,37.2308349609375,15976600
2019-01-11,37.4048453953046,37.460212866480916,37.15173609355548,37.444393157958984,11088600
2019-01-14,37.37320869022798,37.49185500410153,37.16755849912175,37.29411315917969,11514300
2019-01-15,37.08845803871388,37.650044125187634,37.025182220597586,37.62631607055664,11342900
2019-01-16,37.49185726697224,37.547224745508046,37.06473413200922,37.11219024658203,16907800
2019-01-17,37.11217771244142,37.286191453241024,37.080541319178074,37.22291564941406,12044600
2019-01-18,37.37320644731103,37.721230987258714,37.2703798492784,37.657955169677734,12760700
2019-01-22,37.72915251602096,37.800339715793335,37.341577091193216,37.744972229003906,11700400
2019-01-23,37.824049222128245,38.195804751609344,37.689586253686294,38.17998504638672,12058300
2019-01-24,38.053445085707345,38.053445085707345,37.47603920043066,37.72123718261719,10272000
2019-01-25,37.871519447916164,37.99016274594109,37.36530080148706,37.46812438964844,12066500
2019-01-28,37.34948349459428,37.41275932081835,37.12801055955669,37.309932708740234,9966900
2019-01-29,37.33365774073438,37.673773926377514,37.278290270262325,37.491851806640625,11998600
2019-01-30,37.373207068396425,37.87942568666052,37.3257479414463,37.85569763183594,12952500
2019-01-31,37.84777914736558,38.58337888152883,37.547213785137885,38.069252014160156,32181500
2019-02-01,38.34609729902884,38.58338690386755,38.28282147914567,38.520111083984375,19130100
2019-02-04,38.52011529688409,39.113340882511764,38.393560625975574,38.95514678955078,15105700
2019-02-05,39.0184251535436,39.12916011206332,38.83649998763113,38.96305465698242,12651900
2019-02-06,38.92350688855414,39.0421532111403,38.773224161606144,38.96305465698242,8689100
2019-02-07,38.89187298068698,39.12125429431282,38.75740994550741,39.08961486816406,10047800
2019-02-08,39.05005883243384,39.15288543701172,38.844408640579196,39.15288543701172,9813300
2019-02-11,39.20824782220151,39.45344876519216,39.1370606463204,39.23988723754883,9369300
2019-02-12,39.30317370748705,39.390180614632605,39.121251545865206,39.27944564819336,10983300
2019-02-13,39.23989262697431,39.50091029618752,39.20034486100881,39.382266998291016,12748800
2019-02-14,36.938181748446816,37.143831964682064,35.98902017338087,36.06020736694336,58905400
2019-02-15,36.30540940017163,36.59015516519323,35.75173154757677,35.78337097167969,35701600
2019-02-19,35.846640616157785,36.060202166043624,35.41160917037598,35.459068298339844,25511300
2019-02-20,35.52234378417431,35.78336445956866,35.43533689237619,35.67262649536133,27464000
2019-02-21,35.59352562867641,36.31330569291984,35.56188621507656,36.27375793457031,23121200
2019-02-22,36.194666426400175,36.34495216152147,35.7517266192245,35.81500244140625,24728400
2019-02-25,35.941557614061566,36.0443842210326,35.46697838039722,35.54607391357422,23774400
2019-02-26,35.67263180920418,35.70427123226218,35.32460720747051,35.34833526611328,20463200
2019-02-27,35.27714487655077,35.60935275395676,35.13477050299124,35.54607391357422,17827500
2019-02-28,35.68844730114468,36.076022644526994,35.68053895496594,35.86246109008789,22533900
2019-03-01,35.965291195649776,36.099754214886765,35.751729620419205,35.89410400390625,16291600
2019-03-04,36.01274013794658,36.123475076976995,35.83081802135364,36.10765838623047,15973800
2019-03-05,36.107662202626734,36.14720996827462,35.90992035708617,36.068111419677734,13062300
2019-03-06,36.12346597128624,36.218384195643964,35.94154390055064,35.94945526123047,14232100
2019-03-07,35.98110788639827,36.012744288838576,35.69635914332754,35.81500244140625,12084000
2019-03-08,35.712180972061425,35.79127650880677,35.2850578321134,35.46697998046875,15579100
2019-03-11,35.70426026971357,36.57432603285707,35.67262085637006,36.5268669128418,22126900
2019-03-12,36.34495384173238,36.58224346616073,36.30540607387787,36.424049377441406,19348500
2019-03-13,36.487326455740586,36.65342888307949,36.31331266483251,36.55851364135742,16222500
2019-03-14,36.57446254868938,36.78988841251432,36.406910113594755,36.46276092529297,18504100
2019-03-15,36.478712131735676,36.622329348289,36.01594486869933,36.14360427856445,47254500
2019-03-18,36.24733445725999,36.44680250818322,36.191483646492756,36.23137664794922,24006400
2019-03-19,36.34308616114673,36.45478780693647,36.17553369246212,36.35106658935547,14987000
2019-03-20,36.2234081435328,36.62234434315919,36.04787524173186,36.32712936401367,13376100
2019-03-21,36.327130298984336,36.51064059029858,36.25532165945774,36.31117248535156,20043000
2019-03-22,36.271277391601984,36.789895652159124,36.271277391601984,36.646278381347656,19055900
2019-03-25,36.59043353925113,36.861710312496406,36.534582707433756,36.726070404052734,11668200
2019-03-26,36.83777132589761,37.332454460093174,36.83777132589761,37.212772369384766,11434900
2019-03-27,37.22075077231324,37.428196268786344,36.96543183343473,37.18883514404297,11543600
2019-03-28,37.24468394138567,37.43617161328512,37.08510885237501,37.16489791870117,11121100
2019-03-29,37.23669654414309,37.42818722384703,37.085101911956585,37.3882942199707,16045600
2019-04-01,37.49201812599251,37.63563232992066,37.172868010585105,37.27659225463867,11522700
2019-04-02,37.30053484808298,37.44415212414447,37.156917572021484,37.156917572021484,8495000
2019-04-03,37.03722891025418,37.17286877737464,36.734039642368245,36.845741271972656,12854500
2019-04-04,36.97340425568585,37.13297933197538,36.789893983227394,37.085105895996094,7814900
2019-04-05,37.093083360034456,37.16489198644508,36.861699670084526,37.077125549316406,7677600
2019-04-08,37.13298330832929,37.1569185070613,36.917557388815936,37.140960693359375,9421300
2019-04-09,37.061160723847465,37.27658656230462,36.91754349820936,37.236690521240234,8641800
2019-04-10,37.37234747578198,37.500006952171354,37.14894415301108,37.212772369384766,8059900
2019-04-11,37.276588519349815,37.30052371033258,37.13297128617171,37.26860809326172,7352400
2019-04-12,37.23670289537249,37.444151420738365,37.156916874011216,37.29255676269531,10690000
2019-04-15,37.40425236641084,37.53191180614707,37.26063511625243,37.499996185302734,10261300
2019-04-16,37.53989191024832,37.57978491737444,37.26063781672416,37.460105895996094,10804600
2019-04-17,37.6595643002966,37.938818322078696,37.61967130341924,37.723392486572266,11849300
2019-04-18,37.763293710226726,37.962761765631754,37.71542028121877,37.882972717285156,12167000
2019-04-22,37.81914520263672,37.98669764171747,37.51595290074701,37.81914520263672,9834700
2019-04-23,38.36967975838327,38.87234016916142,37.93882797771629,38.465423583984375,25327800
2019-04-24,38.32181058348621,38.481385672986775,38.234044132078814,38.281917572021484,15997300
2019-04-25,38.09042577769654,38.21010479914001,37.87499988672867,38.17021179199219,11444400
2019-04-26,38.289891041803514,38.65691155040438,38.2819106147759,38.505313873291016,10154300
2019-04-29,38.43350845064759,38.656914771418734,38.38563805905771,38.63297653198242,9731500
2019-04-30,38.720748885393895,39.23936719348701,38.609047229777985,39.14362335205078,17912900
2019-05-01,39.05585024166866,39.15957449434343,38.73670009973458,38.76861572265625,10551200
2019-05-02,38.72074093933373,38.91223162655136,38.51329548485242,38.609039306640625,8724600
2019-05-03,38.77659047903147,39.06382497858062,38.7127622811545,38.872337341308594,7076900
2019-05-06,38.56116900304561,38.78457226892704,38.50531514293403,38.67287063598633,8657800
2019-05-07,38.48138473385613,38.52925817263046,38.11436416751106,38.297874450683594,12487500
2019-05-08,38.33776339264615,38.481380650086415,38.154253128948326,38.17818832397461,9281400
2019-05-09,38.1382922708418,38.281909516808454,37.55584590381751,37.81914520263672,11450500
2019-05-10,37.82712725835359,38.537233149103265,37.8191498742105,38.449466705322266,9653800
2019-05-13,38.22606690466958,38.40159980820727,38.082449627891776,38.3377685546875,11911500
2019-05-14,38.72074827756969,39.35106823138418,38.577130995848876,38.84840774536133,16844200
2019-05-15,38.832440447915005,39.39893205130806,38.776589634623456,39.239356994628906,11422500
2019-05-16,39.31117969216383,39.622349490090805,39.263306244928096,39.55852127075195,17771300
2019-05-17,39.31117614563142,39.53457945862584,39.23138707410351,39.25532531738281,11257000
2019-05-20,39.12765280883183,39.20743881013234,38.904246526636875,38.97605514526367,13850500
2019-05-21,39.09574623565505,39.11968143285444,38.65691703969744,38.77659606933594,10587400
2019-05-22,38.920205970858156,39.66222737996414,38.87233558552292,39.614356994628906,16050400
2019-05-23,39.49468310769354,39.81383327955579,39.46276748177899,39.7739372253418,12199400
2019-05-24,39.75000334283155,39.805854168208995,39.51861961275831,39.58245086669922,6887600
2019-05-28,39.574477198425924,39.63032803334406,39.11969008915413,39.175540924072266,18614000
2019-05-29,38.88829685149849,39.11967750301242,38.62499753418922,38.78457260131836,12534600
2019-05-30,38.87235175695053,39.34309668497621,38.832455694385885,39.295223236083984,9087200
2019-05-31,39.095757673166716,39.343099276606196,38.92022472597467,39.19948196411133,11368600
2019-06-03,39.22340002221758,39.877655029296875,39.111698393249085,39.877655029296875,14167200
2019-06-04,39.89361572265625,40.1170189967379,39.59042339094449,39.89361572265625,12010600
2019-06-05,39.90159856199712,40.803195252816195,39.646279629955885,40.515960693359375,15837600
2019-06-06,40.61968796442076,41.12234848064139,40.36436901349897,41.01064682006836,15190400
2019-06-07,41.0664968668131,41.64096297360541,41.05053905222971,41.082454681396484,15293600
2019-06-10,41.122349419782594,41.122349419782594,40.76330618571098,40.99468994140625,9737400
2019-06-11,41.050535859116046,41.162237508869126,40.8351099444601,40.95479202270508,9915600
2019-06-12,41.090431521751015,41.60106940707745,41.06649632201442,41.20213317871094,11088100
2019-06-13,41.37902198958573,41.572007510524294,40.83223325889406,41.113670349121094,10353600
2019-06-14,41.04935108130169,41.43531915226336,41.04935108130169,41.258419036865234,8694300
2019-06-17,41.210172707479,41.395115553492666,40.695548602501574,40.90461349487305,12322400
2019-06-18,41.21016752427049,41.250371952277334,40.631213945287946,40.71966552734375,9221100
2019-06-19,40.6392709902457,41.202142382868395,40.58298415772366,41.105648040771484,9414100
2019-06-20,41.4111999246217,41.64438994192706,41.29058355224947,41.53985595703125,10656600
2019-06-21,41.4353145575401,41.72479134551194,41.3388233173499,41.45139694213867,21264400
2019-06-24,41.604181288168895,41.9740669604138,41.57201651647765,41.74891662597656,10780000
2019-06-25,41.8132438834946,41.89365274092542,41.523767088901586,41.62025833129883,11519900
2019-06-26,41.427289712956544,41.523780987651136,41.08152598894842,41.105648040771484,12405100
2019-06-27,41.24233916493344,41.33079076172597,40.98502710193794,41.07347869873047,12374900
2019-06-28,41.22624606456706,41.330780021557956,40.62317049849803,40.94480895996094,16339900
2019-07-01,41.06541626781193,41.515713695698395,40.83222636404572,41.4915885925293,14976400
2019-07-02,41.63634792159586,41.853455555111935,41.45140506357887,41.79716873168945,8569200
2019-07-03,41.8132450100317,42.078599768024944,41.8132450100317,41.893653869628906,7253700
2019-07-05,41.72479208514591,41.90973491020603,41.39511086353417,41.901695251464844,8916300
2019-07-08,41.974068477531546,42.07860245560565,41.72479608901687,41.81324768066406,9495100
2019-07-09,41.588104086202726,41.789129333228225,41.35491406347671,41.48357009887695,10584900
2019-07-10,41.652416610459646,41.78911532767158,41.539843000638534,41.66849899291992,7620900
2019-07-11,41.805204963884265,41.86149177856132,41.53985020834841,41.84540939331055,10376500
2019-07-12,42.014270605641755,42.0464353767315,41.740876186181715,41.90973663330078,7347400
2019-07-15,42.03839895309932,42.04644168077831,41.708717668503624,41.91778564453125,5876100
2019-07-16,41.781080993164814,42.19117415975418,41.66046770159256,41.925819396972656,7132500
2019-07-17,41.990153513897354,42.02231522137928,41.821289979458896,41.95798873901367,8264200
2019-07-18,41.84541073805914,41.949941644446405,41.5478912024606,41.83736801147461,11911800
2019-07-19,41.92581423324969,41.933856958804796,41.306656263751776,41.32273864746094,10355500
2019-07-22,41.42727624234048,41.42727624234048,41.11367740100206,41.1860466003418,12090700
2019-07-23,42.81836401731633,43.93606354501237,42.42435330862736,43.68679428100586,33417900
2019-07-24,43.51793557002619,44.08080675815959,43.115885159559646,43.24454116821289,15633400
2019-07-25,43.12393888366299,43.26063458573133,42.3922070726921,42.673641204833984,19135000
2019-07-26,42.890748986455684,43.67072796573424,42.770132605209845,43.55815124511719,11451900
2019-07-29,43.55814553091258,43.662679509785484,43.34104098099428,43.41341018676758,12283900
2019-07-30,43.38928683290994,43.662681280540944,43.075687950974725,43.19630432128906,8127100
2019-07-31,43.0274345635394,43.0274345635394,41.845408415539374,42.319828033447266,16865500
2019-08-01,42.44044367445332,42.77816764077015,41.821285625707006,41.83736801147461,19527200
2019-08-02,41.7408740778796,42.400236514908464,41.7408740778796,42.07859802246094,13102300
2019-08-05,42.12684755014533,42.34395517097357,41.33078934117675,41.53181457519531,19986500
2019-08-06,41.708708180296156,42.42435741083181,41.499643319230024,42.03034973144531,19903100
2019-08-07,42.03035328425134,42.93094540923398,41.62830284503034,42.7620849609375,17937000
2019-08-08,42.786212076474754,43.24454938611383,42.496735235144435,43.17218017578125,10799000
2019-08-09,43.25259389134395,43.341045492875026,42.68168291270039,42.955074310302734,9260900
2019-08-12,42.84249802083794,42.97115405130224,42.60931107446005,42.77817153930664,6588600
2019-08-13,42.536938427203815,43.10784932452789,42.51281331460319,43.0193977355957,8581200
2019-08-14,42.89073657233243,43.397320932578396,42.59322013674719,42.60930252075195,17088900
2019-08-15,42.96311410486667,43.42145140205175,42.80229330100836,43.316917419433594,12393200
2019-08-16,43.405373092597976,43.815466334332534,43.3812510433437,43.751136779785156,14288700
2019-08-19,43.77525497325137,44.04864942119276,43.670724057422106,43.976280212402344,10936200
2019-08-20,43.91999563653373,43.96824280066154,43.29279783988159,43.3249626159668,8176700
2019-08-21,43.622477945619764,43.75113397907667,43.300836328276596,43.501861572265625,10886500
2019-08-22,43.51793686922451,43.93606967668093,43.501854484237576,43.81545639038086,7467900
2019-08-23,43.75916905461853,43.99235904939138,42.93094611772356,43.21238327026367,14160400
2019-08-26,43.42144052870276,43.855655670166016,43.20433295797113,43.855655670166016,9226900
2019-08-27,43.98432578434703,44.18535103649907,43.7511357556742,44.00040817260742,13537000
2019-08-28,43.95215695672024,44.34616776427879,43.75917138278507,44.314002990722656,10046400
2019-08-29,44.434615155461074,44.49894470093017,43.90390867494726,44.26575469970703,9262800
2019-08-30,44.354200741903966,44.40244789496962,44.072766684190576,44.25770950317383,8746700
2019-09-03,44.20946576674669,44.49090291361155,44.12101417965778,44.46677780151367,12991400
2019-09-04,44.50698351650768,44.96532078337892,44.4667790850526,44.84470748901367,10718100
2019-09-05,44.828628839845486,44.84471122724844,44.24967516294618,44.322044372558594,13677000
2019-09-06,44.57935239467902,44.57935239467902,44.032563542157,44.410491943359375,9093500
2019-09-09,44.2496629360488,44.28987042714708,43.710916910222,43.83957290649414,10814900
2019-09-10,43.60639663361591,43.77525710655541,43.30083739634309,43.74309539794922,12038200
2019-09-11,43.65462803774907,44.06471804789753,43.39731605738126,44.04059600830078,9740400
2019-09-12,44.305960263632805,44.474823791101684,44.209469010366035,44.314002990722656,12357900
2019-09-13,44.127689915725895,44.378784713614614,43.795598390687054,43.949493408203125,11486100
2019-09-16,43.819916786251255,44.01431334587419,43.439228287141916,43.706520080566406,11172000
2019-09-17,43.819907875252156,44.305897630566804,43.7065111926271,43.93330764770508,11347400
2019-09-18,43.90090301229125,43.9738013132919,43.59310984252988,43.925201416015625,9700400
2019-09-19,43.925207940586695,44.224899627070585,43.84421118958932,44.16010284423828,7560300
2019-09-20,44.297798948699885,44.297798948699885,43.65791718564685,43.666015625,19211500
2019-09-23,43.6660189776546,44.03051057309311,43.641720567901466,43.85231399536133,6485300
2019-09-24,43.94141232599659,44.23300560262457,43.77131727790636,43.981910705566406,10093000
2019-09-25,44.095316247668464,44.12771619375349,43.73892611021989,43.87662124633789,10248400
2019-09-26,44.11960945028936,44.20870774034337,43.844216140044395,44.0548095703125,10031200
2019-09-27,44.192511946576964,44.257308742848835,43.73892201335938,43.99001693725586,7939900
2019-09-30,43.8604107700399,44.28969910822159,43.8604107700399,44.09530258178711,9808700
2019-10-01,44.16820012641704,44.370695088434104,43.7470102346422,44.26539993286133,14261500
2019-10-02,43.909007469526564,44.09530246654927,42.84793583040473,42.99373245239258,14343600
2019-10-03,43.33392449095862,43.72271447075234,42.78313791379383,43.609317779541016,13817500
2019-10-04,43.73891020521728,44.176300048828125,43.64981193079716,44.176300048828125,9295400
2019-10-07,44.006214359657925,44.03051277062377,43.55262445271518,43.63362121582031,5964900
2019-10-08,43.64171694916233,43.795612014551814,43.293425352382094,43.39872360229492,13301900
2019-10-09,43.78751801308352,43.795616453207714,43.36632806057293,43.60122299194336,7135000
2019-10-10,43.37442176926001,43.64171661162647,43.22052670506079,43.46352005004883,8942900
2019-10-11,43.455427066728426,43.49592544767308,43.09093545856966,43.171932220458984,8981700
2019-10-14,43.32583039380847,43.47972547732954,43.10713542891321,43.171932220458984,7306300
2019-10-15,43.27722515856457,43.479720128204185,43.147628501588336,43.34202194213867,9564300
2019-10-16,43.30152324029191,43.39062152063527,43.03423148908981,43.32582473754883,10454800
2019-10-17,43.48781729928132,43.836108884090876,43.39872211069361,43.568817138671875,13190300
2019-10-18,44.548885924532776,44.86477753035252,44.10339768325295,44.370689392089844,18122400
2019-10-21,44.10339794953445,44.19249621629386,43.47971317204609,43.925201416015625,12778900
2019-10-22,43.92520960900734,44.079104677678984,43.5283211882859,43.61741638183594,9533400
2019-10-23,43.78750704592366,44.27349366719114,43.747005585961716,44.257293701171875,8556600
2019-10-24,44.200594148443095,44.40308908336901,44.1357973759771,44.232994079589844,11051400
2019-10-25,44.184406077732916,44.19250760761436,43.47162284975395,43.53642272949219,9782400
2019-10-28,43.52831936926778,43.698414399611664,43.22862459409656,43.390621185302734,8866100
2019-10-29,43.24482832028369,43.46352327394297,43.13953006337479,43.26102828979492,7999700
2019-10-30,43.350125167394275,43.779413531082106,43.058531905331535,43.69031524658203,8620900
2019-10-31,43.706512456957356,44.11960391541599,43.617414178080864,44.08720397949219,13982000
2019-11-01,44.24919036869038,44.338288627027396,43.61740412313119,43.65790557861328,9889500
2019-11-04,43.7065149710603,43.73891490884783,42.90463659470185,43.04233169555664,17515100
2019-11-05,42.83984382929656,42.83984382929656,42.21615882759965,42.45915222167969,19284000
2019-11-06,42.54823852121678,42.76693344116211,42.45104180896145,42.76693344116211,13288900
2019-11-07,42.83174345881049,42.928940194097976,42.08656024873042,42.35385513305664,11725500
2019-11-08,42.491546036742655,42.604942731637436,42.19185433025957,42.2890510559082,7141800
2019-11-11,42.38625234508537,42.41864919487583,41.94076089989801,41.98936080932617,8198300
2019-11-12,42.0460603334948,42.0460603334948,41.77876854874267,41.884063720703125,12656900
2019-11-13,42.26476237959408,42.483457380035304,42.086565766679996,42.45105743408203,12257900
2019-11-14,42.54823829402537,42.66163497268905,42.40244168150698,42.62923812866211,8660300
2019-11-15,42.637334133751445,42.66973406575696,42.42674075537071,42.6616325378418,8982400
2019-11-18,42.6697363014929,43.28531959271419,42.66163477315323,42.95322799682617,13782000
2019-11-19,43.05043079540697,43.180027449415284,42.82363433352145,42.99373245239258,12679500
2019-11-20,43.00992453158144,43.25292093433343,42.937026228721365,43.10712432861328,11970300
2019-11-21,43.01803218474008,43.20432718750212,42.75073733958493,42.89653396606445,7856100
2019-11-22,42.896529657759515,43.082824641811065,42.72643464055955,42.95322799682617,9113300
2019-11-25,43.15572113730159,43.24481940633363,42.742632814312906,43.10712432861328,10963500
2019-11-26,43.18001744830066,43.690302417240815,43.10711915419103,43.65790557861328,13219800
2019-11-27,43.68222150754385,43.819916623985996,43.41492662528066,43.698421478271484,9595200
2019-11-29,43.82081624626667,43.845296152719264,43.42912217848657,43.57600784301758,7222300
2019-12-02,43.51072863280329,43.86162185668945,43.12719345485608,43.86162185668945,13173800
2019-12-03,43.82897720827682,43.93506199599973,43.576009862124785,43.90242004394531,14498300
2019-12-04,43.90242047698714,44.318597587516315,43.837139685142276,44.302276611328125,13624000
2019-12-05,44.23700121614416,44.30228513345515,43.92691194764245,44.220680236816406,14068100
2019-12-06,44.31859882540753,44.47364343416415,44.20435198889906,44.40835952758789,7843500
2019-12-09,44.31043588687233,44.481801468816506,44.08194844428009,44.12274932861328,13887200
2019-12-10,44.09827347744712,44.122753387717495,43.84530299065641,43.87794494628906,8993900
2019-12-11,44.01666781928229,44.18803652690535,43.788180359662434,44.02482986450195,8879100
2019-12-12,44.073782011740484,44.432837229104585,44.0166601567794,44.179866790771484,11233300
2019-12-13,44.0166654268543,44.51444431932032,43.93506365654197,44.40835952758789,13072200
2019-12-16,44.628688042920786,44.74293487942925,44.367558642431725,44.40835952758789,9538100
2019-12-17,44.39204166385183,44.53892734074042,44.30227784876346,44.40835952758789,9230000
2019-12-18,44.49813306426174,44.67766073366019,43.97587414918479,43.99219512939453,15132100
2019-12-19,44.098264292960074,44.34307268340148,44.000338446457455,44.326751708984375,13385900
2019-12-20,44.832694713429014,45.04486429278523,44.449162664898516,44.857177734375,23832800
2019-12-23,44.88165511315673,45.077503705148104,44.7510904227984,44.80821228027344,9300800
2019-12-24,44.718450924068655,44.881657574192765,44.58788622655096,44.6450080871582,3359300
2019-12-26,44.8163786604206,44.89798355102539,44.71029697199678,44.89798355102539,6228500
2019-12-27,44.88981647455818,45.24887172716218,44.881657542866236,45.167266845703125,6895500
2019-12-30,45.02853928625051,45.19990485299493,44.9306165499548,45.10198211669922,6431700
2019-12-31,45.04486419287643,45.19174986659481,44.86533656657443,45.167266845703125,7982600
2020-01-02,45.14279683897776,45.23256067181684,44.685818741300906,44.87350845336914,11867700
2020-01-03,44.326758521405786,44.873500353229055,44.139071956125576,44.62868881225586,11354500
2020-01-06,44.596055486015565,44.808221986466165,44.48997067933605,44.61237335205078,14698300
2020-01-07,44.432844723041555,44.55524738449903,44.18803628721845,44.26963806152344,9973900
2020-01-08,44.28595745620317,44.58788774583053,44.18803470795528,44.35123825073242,10676000
2020-01-09,44.88165684144308,45.20807013636219,44.75109214605702,45.15910720825195,15398000
2020-01-10,45.27335088032071,45.64056505849423,45.2488709727451,45.314151763916016,13040100
2020-01-13,45.314155801856195,45.88537756181566,45.224391982202945,45.803775787353516,14302900
2020-01-14,45.893537664889145,45.934338550393605,45.55896542309971,45.697689056396484,16345300
2020-01-15,45.697691502677856,46.49740073042574,45.697691502677856,46.26891326904297,17735400
2020-01-16,46.391316458160674,46.47292134737144,46.19547094987129,46.36683654785156,10234100
2020-01-17,46.40764177002937,46.63613236825011,46.350519898701315,46.46476364135742,14264300
2020-01-21,46.391313528958925,46.717726839375416,46.162826079412206,46.652442932128906,11968900
2020-01-22,46.717726145130925,47.03597740595824,46.660604283593095,47.011497497558594,12869600
2020-01-23,46.823806807422756,47.20733882779836,46.70956309442119,47.19102096557617,12858900
2020-01-24,47.20734240416615,47.2236633805325,46.88909114729212,47.06861877441406,8594300
2020-01-27,46.68508605817072,47.20734487762634,46.61980526219282,46.90541458129883,14359900
2020-01-28,46.88094023386798,47.12574869541833,46.489246072805734,46.52188491821289,15240200
2020-01-29,46.51372598508822,46.72589248832293,46.236275565222236,46.52188491821289,13163600
2020-01-30,47.2726240439292,48.12945502819455,47.13389730791812,48.031532287597656,20225600
2020-01-31,48.12128764514748,48.21105143864069,47.4521433282619,47.656150817871094,17685200
2020-02-03,47.941770810026,48.12129843727494,47.75408425104209,47.80304718017578,12333600
2020-02-04,47.941785411868985,48.513007307443246,47.83570058955589,48.015228271484375,15417900
2020-02-05,48.06417664760565,48.21106232231638,47.770405298184194,48.023372650146484,11414900
2020-02-06,48.12946078802921,48.42323215788442,48.01521705817623,48.13762283325195,9347000
2020-02-07,48.04785206400194,48.40690417916783,48.02336904478291,48.300819396972656,8757800
2020-02-10,48.40690784530167,48.83124389331208,48.382427937136356,48.7578010559082,7984900
2020-02-11,48.73332402378521,48.798604820381286,48.406910702080395,48.62723922729492,7431200
2020-02-12,48.5374723551539,48.77412184285913,48.406907657266174,48.480350494384766,9179100
2020-02-13,48.45587193830368,48.83124506609085,48.31714519191657,48.643558502197266,8173200
2020-02-14,48.659883454024985,49.01893563433826,48.65172140850179,48.92101287841797,9965500
2020-02-18,48.80676049904785,48.90468323762275,48.5129891704154,48.578269958496094,10075700
2020-02-19,48.56195075775301,48.961806883648926,48.529311918973875,48.77412033081055,6265700
2020-02-20,48.70067637791982,48.84756204423125,48.23553947223619,48.73331832885742,7597200
2020-02-21,48.56194549494475,49.06788635253906,48.49666471155331,49.06788635253906,10842400
2020-02-24,48.23555310426779,48.7986129089849,47.794895980797705,47.86017990112305,14415500
2020-02-25,47.90096096041772,48.30897595477748,47.01964707840509,47.18285369873047,15915100
2020-02-26,47.3134263651219,47.71328249682187,46.90541130183567,47.003334045410156,15837800
2020-02-27,46.63612325783438,47.23998381188288,44.783734485881865,44.82453536987305,23754000
2020-02-28,43.92691408984974,43.97587391731213,42.09084585020232,43.64946365356445,40890600
2020-03-02,44.00849872015209,45.66503864551943,43.820812191265276,45.63239669799805,25698600
2020-03-03,46.317869302559835,46.91357404316503,45.40391641883741,45.74665069580078,27099200
2020-03-04,46.0322560113066,48.14577401194029,46.0322560113066,48.08049011230469,20526100
2020-03-05,47.16654566665725,47.46847597371109,45.85273652627922,46.30155563354492,17948500
2020-03-06,44.83269688585961,45.6242471551302,44.04930866160251,45.09382629394531,22353900
2020-03-09,42.47437293145979,43.72290130256371,42.00923594848854,42.31932830810547,27898300
2020-03-10,43.42912534680203,43.90242121255794,41.7562610579248,43.788177490234375,27457400
2020-03-11,42.71918606867734,42.96399765535864,41.73179012714605,42.604942321777344,22653900
2020-03-12,39.61010850097172,40.74439003376516,38.100450692875135,38.483985900878906,31913100
2020-03-13,40.75597216412732,40.79713401132287,38.36873261656412,39.89986038208008,33697200
2020-03-16,34.77140624135976,39.41417854689357,33.89059361752365,37.25742721557617,28682300
2020-03-17,37.76781320779715,39.10137501319944,37.34798615966493,38.837955474853516,32106700
2020-03-18,36.82937778200883,37.16688423494609,34.23633817856297,36.919925689697266,35408300
2020-03-19,36.5165601362807,36.76351550215605,33.783580721483496,34.43389892578125,41956900
2020-03-20,34.53268839855032,34.631469939612806,30.877736836944173,31.52805519104004,51513500
2020-03-23,31.906717317606326,32.01373247526786,29.856984051322858,30.918895721435547,44978500
2020-03-24,33.93176101912371,34.07993489485679,31.96434506270034,32.4747200012207,49096200
2020-03-25,33.44607737745975,35.767463681126884,32.853381933048354,34.25279998779297,42511700
2020-03-26,35.265320981347664,37.26566506261677,34.94427864685899,36.45894241333008,37821700
2020-03-27,35.94033868828905,36.24491695152127,34.903124611769464,35.240631103515625,23297900
2020-03-30,35.4299656516536,37.504397058752104,35.4299656516536,37.04341125488281,23446000
2020-03-31,37.10103072050438,37.46323180053644,36.26961339171384,36.42601776123047,25373900
2020-04-01,34.96896654570964,35.93209650487388,34.409199404019304,34.6726188659668,21936400
2020-04-02,34.75495271184185,36.37662880631366,34.45860491868103,36.1790657043457,17621900
2020-04-03,35.87447601036216,36.50009648783378,35.65221523620296,36.08027267456055,14207100
2020-04-06,37.36444337892938,38.698004938265704,36.78821206754444,38.418121337890625,22850000
2020-04-07,39.924550190091026,40.00686759419371,38.26171287751386,38.286407470703125,21279600
2020-04-08,38.393431211054974,39.587052679245836,38.1382453170323,39.36479187011719,18937100
2020-04-09,39.87517672161036,40.93708869386482,39.80108976679705,40.33616256713867,19165300
2020-04-13,39.801072248328786,40.03979712434224,38.27817824105798,38.63214874267578,19586000
2020-04-14,39.46357155354676,40.54194732348915,38.632154320076474,40.270294189453125,21801900
2020-04-15,39.27423482942269,39.8422356350543,39.0272794592475,39.191917419433594,12893200
2020-04-16,39.01906478108112,39.38949641630299,38.49222246701852,38.7721061706543,17606800
2020-04-17,39.75992193027234,39.75992193027234,38.99435795277756,39.56235885620117,19844600
2020-04-20,39.340096420324315,39.512964888059585,38.12178037976748,38.302879333496094,18957900
2020-04-21,37.767813671607506,38.607464637974736,36.43424870961967,37.35622024536133,26863700
2020-04-22,37.90774283991575,37.99006338520858,37.45499083153218,37.60316467285156,15811600
2020-04-23,37.82543369817473,37.948909832777,37.01871101931464,37.10102844238281,17668200
2020-04-24,37.454999839619816,37.66079654203531,37.1421879726899,37.397377014160156,15175000
2020-04-27,37.866597472612135,38.673320259334034,37.627872517504244,38.50868225097656,19175500
2020-04-28,39.43063865247145,39.51295605483598,38.335798987819054,38.47574234008789,17246700
2020-04-29,38.91203440227381,39.397714664861496,38.59099210229699,38.78855514526367,15780000
2020-04-30,38.689780817417564,38.689780817417564,37.61963857178602,37.77604293823242,20801100
2020-05-01,37.553775664468645,38.187629788305216,37.216269249460396,37.53731155395508,14290400
2020-05-04,37.306823311004145,37.43853306558018,36.71412784530787,37.15864944458008,22544200
2020-05-05,37.33974862823224,37.948905018152516,37.166880177596056,37.372676849365234,13370500
2020-05-06,37.372684869610225,37.56201747144402,36.81291755105436,36.83761215209961,11892900
2020-05-07,37.16688179669602,37.24096872736869,36.631809170703605,36.71412658691406,16466000
2020-05-08,37.10926798015726,38.04770056953966,36.944629967586394,37.957149505615234,13985100
2020-05-11,37.611406442528086,37.9571465560814,37.47146618385296,37.48793029785156,10874600
2020-05-12,37.5373295145991,37.74312628417522,36.878780479997445,36.89524459838867,13424400
2020-05-13,36.80468015524809,36.86230297859244,35.82508901818589,36.17082595825195,15854800
2020-05-14,35.70984326941317,36.269610529050894,35.586363996766366,35.973262786865234,18000800
2020-05-15,36.18728863224106,36.788214580523,35.5616680864241,35.61105728149414,31579400
2020-05-18,36.895235617014144,37.36445188621002,36.327237801726696,37.018714904785156,26118500
2020-05-19,37.051629474155654,37.315052089293744,36.42600900624826,36.66473388671875,17839900
2020-05-20,37.20804515883477,38.00653424461839,37.05987127895563,37.77604293823242,22295900
2020-05-21,37.932456571228826,37.94068705912537,37.06810775226635,37.183353424072266,13193500
2020-05-22,37.22451513627478,37.298602087885506,36.7552988228099,37.06810760498047,13008400
2020-05-26,38.623913249404346,38.63214687381079,37.80896028479323,37.940670013427734,22223100
2020-05-27,38.68978249694755,38.76386944010324,38.00653589448853,38.46752166748047,18447600
2020-05-28,38.936734898406385,39.06844466041394,38.54160561238372,38.76386642456055,16230600
2020-05-29,38.426361083984375,38.84618498131387,37.981839446664786,38.426361083984375,51125000
2020-06-01,38.4098959212565,38.87911214553732,38.35227309653489,38.681549072265625,17010700
2020-06-02,38.821483360494554,38.92026488196432,38.32757261293774,38.60745620727539,15255100
2020-06-03,38.9120477717692,39.6117554280127,38.78856847233374,39.43065643310547,15508300
2020-06-04,39.46357333493399,39.735226481232445,39.002590745154855,39.44710922241211,13604700
2020-06-05,39.9574880609812,40.73951614971437,39.89163160962292,40.410240173339844,20504800
2020-06-08,40.780672272009724,41.13464282506116,40.72304945083468,41.035858154296875,19896700
2020-06-09,40.82184301753504,40.82184301753504,40.07274298118226,40.33616256713867,16713700
2020-06-10,40.46786376705728,40.55841481929115,39.982183419791646,40.02334213256836,15716600
2020-06-11,39.35656484387593,39.44711276055525,37.422073841857156,37.48793029785156,26070400
2020-06-12,38.38504421947016,38.41827159323681,37.38824518762801,37.87833786010742,21822700
2020-06-15,37.0227502075398,38.584401776113204,36.93968494943188,38.459800720214844,15622300
2020-06-16,39.50643837095026,39.61442256632991,38.368424756294,38.85021209716797,18803500
2020-06-17,38.85852862582396,39.0911171058998,38.576102246882535,38.69239807128906,12602800
2020-06-18,38.45980172938409,39.07449542921603,38.268749095733554,39.032962799072266,9380800
2020-06-19,39.68089086586143,39.69750455592177,38.22722625732422,38.22722625732422,30464600
2020-06-22,38.2355309306731,38.33521306950398,37.69560027132382,37.9946403503418,20876200
2020-06-23,38.21060388898529,38.45149758704308,37.86172598316641,37.911563873291016,14675300
2020-06-24,37.68728355331751,37.74542987047848,36.96460563379078,37.08920669555664,17631800
2020-06-25,36.939691096377345,37.363329053201525,36.57419629491483,37.32179641723633,13829700
2020-06-26,37.313493902682545,37.38825392676354,36.142255637905244,36.19209671020508,21955100
2020-06-29,36.549279937203686,37.022758991982116,36.17547984955302,36.84832000732422,17603900
2020-06-30,36.756941758589086,37.23872918285919,36.582502795485844,37.11412811279297,23679800
2020-07-01,37.32179667462861,37.82019464712217,37.13904927263702,37.23042297363281,14316500
2020-07-02,37.62083466196903,37.737127304589286,37.21380724406128,37.2802619934082,15111900
2020-07-06,37.496235318719584,37.604222707014756,37.05598367459336,37.57099533081055,15146000
2020-07-07,37.37993955210846,37.795272213798555,37.21380585368508,37.554378509521484,13043600
2020-07-08,37.49623760561137,37.52946498384211,36.93969327956384,37.43809127807617,13851200
2020-07-09,37.421475877369204,37.421475877369204,36.40806623758071,36.474517822265625,16087100
2020-07-10,36.449597887939674,37.58760857523639,36.43298420003367,37.50454330444336,15627800
2020-07-13,37.820193629140725,37.94479470327882,37.34671461739505,37.587608337402344,16705300
2020-07-14,37.30518118614012,38.16076549283629,37.10582010552107,38.10261917114258,17080100
2020-07-15,38.459797333644005,39.19908883941032,38.37673208285038,38.54286575317383,23738000
2020-07-16,38.42657942368961,38.78376579374092,38.16076675324264,38.335208892822266,13306100
2020-07-17,38.60101873889465,38.96651034183256,38.3185924011173,38.89175033569336,13899800
2020-07-20,38.80868475399716,38.900058446170554,38.086003644300355,38.31028366088867,16633200
2020-07-21,39.47321390784356,39.86362759772245,38.9831212730705,39.207401275634766,25681500
2020-07-22,39.813791267888185,40.30388396084859,39.06619117058015,40.27065658569336,29831200
2020-07-23,40.26234732230416,40.34541258319473,39.896852569417845,40.10451889038086,15935000
2020-07-24,40.204208794256566,40.53647307092137,39.930087676489336,40.278968811035156,16196800
2020-07-27,40.02145760950298,40.29557553269133,40.02145760950298,40.27065658569336,17346500
2020-07-28,40.15436017684567,40.935184407368396,39.95499911334167,40.021453857421875,13872700
2020-07-29,39.98823640619541,40.28727649127295,39.72242370140147,39.88855743408203,13758100
2020-07-30,39.59781578659787,40.06298952420177,39.20740522611828,39.61442947387695,17276500
2020-07-31,39.40676546334168,39.68088656653083,38.816993789418206,39.24063491821289,14849200
2020-08-03,39.157559662025385,39.34030703234658,38.40165440579201,38.459800720214844,14137500
2020-08-04,38.45149964815592,38.92497864213949,38.39335332740263,38.78376388549805,11717200
2020-08-05,38.95819786577341,39.26554309241562,38.88343787348355,39.2240104675293,10498700
2020-08-06,38.75884190533368,39.48151981294197,38.709000847701994,39.43998718261719,10745000
2020-08-07,39.43168500095782,39.93839136917431,39.2157102364376,39.70580291748047,11669700
2020-08-10,39.921781074287125,40.10452531125167,39.58951364005453,39.63935470581055,11888000
2020-08-11,40.25404097689124,40.411869416977346,39.62273672275706,39.81378936767578,16531600
2020-08-12,40.12113478178211,40.445093753294714,39.97161476897064,40.229122161865234,9562200
2020-08-13,40.08790562144763,40.478319322914864,39.921775097938415,40.18758773803711,9882900
2020-08-14,40.15436528279343,40.44509690327164,39.89685786984344,40.2457389831543,10075800
2020-08-17,40.137748969041844,40.49493531868509,40.03807001550369,40.0463752746582,9102400
2020-08-18,40.03806193866052,40.287260856603616,39.83870090306434,40.22080612182617,9829000
2020-08-19,39.97161657905858,40.187591349005096,39.22401964988355,39.34861755371094,17371000
2020-08-20,39.26554534783673,39.539663222820806,39.11602535466856,39.33199691772461,11308700
2020-08-21,39.32369435939178,39.4566006770281,39.016349093995906,39.27385330200195,14734100
2020-08-24,39.39845913095215,39.85532445509216,39.19079278645788,39.84701919555664,9257700
2020-08-25,39.87193254666117,39.91346517598331,39.5812009726697,39.79717254638672,7827800
2020-08-26,39.67257724527279,40.02145835341377,39.43168669276204,40.004844665527344,10124200
2020-08-27,40.07959815173447,40.55307708883636,40.038065523148354,40.062984466552734,10931600
2020-08-28,40.49493915316939,41.408669846053755,40.31219174709768,41.392059326171875,16420300
2020-08-31,41.36713663805621,41.59141667821202,40.993336571129845,41.14285659790039,18510800
2020-09-01,40.960108867891556,40.99333307309889,40.561389886772496,40.80228042602539,12588400
2020-09-02,41.00163937968064,42.66296996609404,41.00163937968064,42.52175521850586,26332600
2020-09-03,42.69620155542583,43.31089215861931,41.61633403260923,41.93198776245117,22289400
2020-09-04,42.31409875589001,42.754353618625466,41.7658596613639,42.39716720581055,21019500
2020-09-08,42.30579851736379,42.39717223875462,41.001653801801986,41.37545394897461,17776700
2020-09-09,41.20098944414693,42.16456087436329,41.15945682112836,41.69108200073242,15252300
2020-09-10,41.82400342458277,42.09812453938764,41.49173915150866,41.53327178955078,15439500
2020-09-11,41.86553736132112,42.53006904652334,41.61633520672539,42.41377639770508,18272300
2020-09-14,42.68173132633684,42.899451126988346,42.34677434676444,42.46400833129883,10911700
2020-09-15,42.70686087324362,43.02506975064914,42.57287869239717,42.74872970581055,12838400
2020-09-16,42.66499950776237,43.0836942954845,42.48914846357213,42.5310173034668,15353900
2020-09-17,42.053687935844856,42.39701739059813,41.819216780471756,42.33002471923828,13287100
2020-09-18,42.49751594781615,42.8408455055304,42.04532486368889,42.246299743652344,23816600
2020-09-21,41.660117759836325,41.88621325462315,40.70549446699421,41.10744094848633,17514800
2020-09-22,41.124195213220254,41.90296763478568,41.09069886953446,41.58475875854492,13034600
2020-09-23,41.64337284014109,41.80247566990156,40.33704427756157,40.370540618896484,17121200
2020-09-24,40.370546277375766,41.11582240741018,39.8262450291333,40.78086853027344,16788100
2020-09-25,40.36217215367553,40.8311082015558,40.17794545235842,40.79761505126953,12603400
2020-09-28,41.2916643766062,41.62661815437002,41.14930654540709,41.26654052734375,11215700
2020-09-29,41.358665781944765,41.50102365419885,40.956719216077836,40.965091705322266,12426600
2020-09-30,41.25817746564163,41.5512624874364,40.939968588845055,41.341915130615234,15755900
2020-10-01,41.40052774483982,41.58475442151084,40.688748084880224,41.18280792236328,17577300
2020-10-02,40.83110630649528,41.51776856288393,40.6552552967018,41.33354187011719,13610100
2020-10-05,41.392157221147066,41.49264305210556,41.132565363918424,41.35028839111328,10628700
2020-10-06,41.49264243585288,41.64337277724544,40.889724264669574,40.981834411621094,10077400
2020-10-07,41.04882749557066,41.668493843455316,40.99021049494338,41.50101852416992,10135600
2020-10-08,41.62662336908688,42.32165805533289,41.48426871444092,42.25466537475586,12143900
2020-10-09,42.43052280098589,42.89946205294289,42.37190579378968,42.547760009765625,11407800
2020-10-12,42.57288679482994,43.15068446074861,42.56451430447798,42.78223419189453,11386500
2020-10-13,42.698482011342335,42.698482011342335,41.78572754231691,42.05369186401367,14365300
2020-10-14,41.91133844243053,42.27979181942115,41.57638460216917,41.96995544433594,10582100
2020-10-15,41.36702803992674,41.97832177677014,41.283287202723756,41.861087799072266,9961700
2020-10-16,41.86110294723856,42.162560487098006,41.76061390623127,41.894596099853516,13569800
2020-10-19,41.89459143442816,42.27141731027309,41.41727972315362,41.55126190185547,9930400
2020-10-20,41.77735856601005,42.388652472647344,41.69362089993428,42.078819274902344,10970700
2020-10-21,41.83596395071822,42.22953789960647,41.67686115161201,41.861087799072266,12517400
2020-10-22,42.84921520728378,42.874339062136904,42.18767999137786,42.43889617919922,20189200
2020-10-23,42.70686294386347,42.85759330392221,42.263047547239026,42.30491638183594,13491300
2020-10-26,42.15418308356996,42.2965377501546,41.199559665994784,41.70199203491211,14696400
2020-10-27,41.71036328781808,42.11230977913858,41.49264027519442,41.785728454589844,13892100
2020-10-28,41.03207956841424,41.157689253011114,40.01046350389479,40.16119384765625,19886200
2020-10-29,39.968601128968196,40.59664326461078,39.60852338231544,40.21144485473633,15369900
2020-10-30,40.035590535374226,40.29517921904572,39.667137134982845,40.244937896728516,15804000
2020-11-02,40.82272104197885,40.99019951077189,40.39565398122342,40.71385955810547,15156100
2020-11-03,41.216302670384906,41.83596896807151,41.03207600083049,41.32516098022461,15285100
2020-11-04,41.39215769153434,42.04532039176762,41.09907268358017,41.174434661865234,12930800
2020-11-05,41.66849228822104,42.045318131322446,41.31679029758429,41.40052795410156,12452400
2020-11-06,41.57637971222607,41.86109219987506,41.241422716973155,41.40890121459961,9294900
2020-11-09,43.96293604703899,44.59935047761844,43.60285841053136,44.02155303955078,33442000
2020-11-10,44.02156295977102,45.45349814705,43.92107712059019,45.2022819519043,29706700
2020-11-11,45.16040983640702,45.47024301475665,44.65797748262995,44.86732482910156,17399900
2020-11-12,44.423507176502746,44.557489353165735,44.0550569892763,44.390010833740234,15024400
2020-11-13,44.59098249114644,44.80032982678563,44.28952181672412,44.758460998535156,12447900
2020-11-16,45.63771865087366,45.73820447641058,44.61610264235674,45.093414306640625,14908200
2020-11-17,44.93431689147353,45.0096820682936,44.40676065373302,44.95106506347656,14248400
2020-11-18,45.009680945279214,45.23577647009823,44.013188693865416,44.055057525634766,15278200
2020-11-19,43.954583984821745,44.57425053486093,43.50239280870364,44.49051284790039,17189500
2020-11-20,44.54073994932566,44.59098446207914,44.038307599338715,44.10529708862305,15645600
2020-11-23,44.33976585251706,44.52398933372404,43.711723852323864,44.113670349121094,13191900
2020-11-24,44.498868069211476,44.87569390306702,44.39838224497892,44.565860748291016,13827600
2020-11-25,44.44025111447527,44.61610210564618,44.20578312624739,44.32301712036133,10194800
2020-11-27,44.47375788941045,44.540747389885425,44.055063129682445,44.130428314208984,8499300
2020-11-30,43.96163139909377,44.04602564073143,43.10923796859115,43.548091888427734,43203600
2020-12-01,44.003827834072304,44.164181397892136,43.70844477351035,43.91943359375,18968800
2020-12-02,43.80127816817546,43.99538748670839,43.58184800327128,43.97850799560547,14913100
2020-12-03,43.80128596191271,44.67899711940284,43.80128596191271,44.54396438598633,17318900
2020-12-04,44.54395906627563,45.46387045888738,44.52707957418513,45.446990966796875,18122400
2020-12-07,45.371038004553746,45.38791749781333,44.4764473978344,44.721195220947266,16210900
2020-12-08,44.67899152134723,45.13472814681427,44.55240016056233,44.88154220581055,12485800
2020-12-09,45.04189251378897,45.23600184238107,44.729629960787236,45.00813674926758,11508400
2020-12-10,45.0672139822809,45.16004636028589,44.712751084735295,44.771827697753906,12097300
2020-12-11,44.560838209138474,45.18536653385679,44.54395871718026,45.0250129699707,10638100
2020-12-14,45.27820054014442,45.43855087896653,44.881540541638294,44.957496643066406,22292000
2020-12-15,45.396359547066595,45.75926060910159,45.23600596836999,45.43855667114258,16193700
2020-12-16,45.236003040534506,45.40479474534783,44.678992668254345,44.780269622802734,15679600
2020-12-17,44.982814270397846,45.3288357948073,44.85622291430685,44.957496643066406,12677300
2020-12-18,44.79714615862305,45.438550731260285,44.4089242973448,45.354156494140625,35480100
2020-12-21,44.45956743642329,44.72963288686472,43.86879805629486,44.56928253173828,14926600
2020-12-22,44.569277058430714,44.88153959351248,44.214814186109635,44.527076721191406,9689500
2020-12-23,44.687430760475046,45.05876990839672,44.67898940516219,44.79714584350586,7040300
2020-12-24,44.746511532222485,45.193806822398194,44.746511532222485,45.10097122192383,3265500
2020-12-28,45.44698707352599,45.94492077952091,45.34571334909265,45.708614349365234,9020500
2020-12-29,45.953369286483955,45.98712827302701,45.590468229731485,45.68330383300781,8320600
2020-12-30,45.61578515048571,46.10528078944473,45.598905657476706,45.94492721557617,8142700
2020-12-31,45.95335922257668,46.35845731407334,45.801447035836254,46.282501220703125,8495000
2021-01-04,45.801450927182536,46.10527532647667,43.9109897868155,44.527076721191406,25611100
2021-01-05,44.164180790334015,44.408925371675345,43.91099163398239,44.0375862121582,20323800
2021-01-06,43.86036317123669,43.90256029735272,42.35812036991797,42.636627197265625,38724500
2021-01-07,42.27372419269142,42.417195058839646,41.79266989411856,42.16400909423828,53225700
2021-01-08,42.223078306370454,43.151430972994625,42.06272797478188,43.10923385620117,29674000
2021-01-11,42.72101392048095,42.92356459734911,42.15556544742339,42.366554260253906,19304400
2021-01-12,42.23151559189866,42.51001911144535,41.99520596564591,42.290592193603516,18538700
2021-01-13,42.1808857915732,42.50158970917327,42.15556816262167,42.33279800415039,18864100
2021-01-14,42.33279504940807,42.3496745406756,41.53947827643663,41.547916412353516,34303600
2021-01-15,41.48884660366031,41.505726097694804,40.9571538095939,41.10062789916992,24366800
2021-01-19,41.134393517273175,41.38757952973042,40.7124157566995,40.94028091430664,29114500
2021-01-20,40.965590822792784,41.20189727535175,40.77148149112878,41.083744049072266,23115800
2021-01-21,41.16813330385631,41.429760572806536,40.89806789952284,41.311607360839844,19702500
2021-01-22,41.19346252344638,41.303174402900545,40.923397064208984,40.923397064208984,15400300
2021-01-25,40.864315974189296,41.218778890719605,40.71240697502959,41.16814041137695,16604200
2021-01-26,41.27784882546626,41.69138829124173,41.02466290860317,41.59855270385742,12922600
2021-01-27,41.26096624144993,41.62386720887002,40.7039559783408,40.9571418762207,21242400
2021-01-28,41.09218957694751,41.77579464837185,41.02467481525812,41.480411529541016,17498900
2021-01-29,41.37913011724671,41.45508622814262,40.602692734252294,40.636451721191406,18670300
2021-02-01,40.737721489468875,41.092181159456906,40.661765385980885,40.91495132446289,12183600
2021-02-02,41.18501657133742,41.649191326392724,41.04154572062904,41.32004928588867,13319800
2021-02-03,41.31161834849353,41.429771591885455,41.07530864227527,41.159706115722656,12274100
2021-02-04,41.320050346304676,41.41288594358499,41.058426266078996,41.362247467041016,20597400
2021-02-05,41.77578351113485,42.012089943201275,41.581674196304036,41.90237808227539,12742000
2021-02-08,42.164000374190486,42.341230190814656,41.767343625474524,42.13024139404297,17833200
2021-02-09,42.07116761834557,42.214641683906294,41.88549965391266,41.944576263427734,14592900
2021-02-10,42.54378482550242,42.687258894811904,41.8011032900644,41.86017990112305,22965400
2021-02-11,42.037418109129895,42.69570226704794,42.02897675255265,42.45095443725586,21928600
2021-02-12,42.67881279811725,42.91511921610079,42.52690060957541,42.780086517333984,13137100
2021-02-16,42.72100785566778,42.805405300478924,42.33278926783652,42.42562484741211,15093400
2021-02-17,42.19776857336337,42.6113081219334,42.10493296739249,42.3074836730957,12794300
2021-02-18,42.33279723145517,42.915125222749225,42.22308214227781,42.84761047363281,12747100
2021-02-19,42.86448194110781,42.89824091906297,42.172438990193804,42.290592193603516,15968800
2021-02-22,42.0711630183846,42.94043901372455,41.91925083354591,42.72945022583008,14370900
2021-02-23,43.04170670186594,43.4721223523341,42.55221123718356,42.65348815917969,16222300
2021-02-24,42.526901151757656,42.95732009792486,42.307474220751644,42.796966552734375,14442000
2021-02-25,42.59441760658062,42.83072401922662,42.18087816501669,42.34122848510742,14211100
2021-02-26,42.36655637883892,42.374994515223236,41.32849175413532,41.34537124633789,23638400
2021-03-01,41.725143340050096,42.569098528137594,41.69138757929609,42.113365173339844,13901200
2021-03-02,42.06272714857585,42.67037592065365,41.94457393610152,42.28215408325195,11755100
2021-03-03,41.96145835449493,42.67038093203318,41.95301699865047,42.180885314941406,15410700
2021-03-04,42.45938717069791,43.11767119492415,41.877056023636,42.14712142944336,22036400
2021-03-05,42.23996968799851,42.999530881840194,42.11337830198126,42.864498138427734,21310800
2021-03-08,43.4383734967027,44.299208153790765,43.176746235810214,43.581844329833984,25084900
2021-03-09,43.64935918903545,43.784391877454766,42.889798304531,42.92355728149414,23082700
2021-03-10,43.1936398652075,43.57342045875138,42.805421133778,43.41306686401367,21331600
2021-03-11,43.38774020820406,43.40461969989966,42.88136833507138,42.94044494628906,17417700
2021-03-12,43.051071659815506,43.127659977798686,42.71919003063191,42.8553466796875,17598600
2021-03-15,42.974480698812485,43.50208727567518,42.948952343131666,43.425498962402344,13411900
2021-03-16,43.57016873424726,43.84248202508008,43.434012088830855,43.587188720703125,14214200
2021-03-17,43.61271827024777,43.927579912717675,43.52762158187122,43.604209899902344,17502700
2021-03-18,43.451031535202404,43.56165657644473,42.96597328904618,43.03404998779297,18007300
2021-03-19,42.94043639676158,43.46804616664791,42.69365149596604,43.23828125,67845700
2021-03-22,42.82130823232628,43.46805477306799,42.82130823232628,43.39997482299805,17911400
2021-03-23,43.39146349663629,43.953110061532605,43.255306852001745,43.73185348510742,16936700
2021-03-24,43.54463861671674,44.157345165104694,43.52762187591094,43.84248352050781,14997400
2021-03-25,43.99565396234578,44.30200719340055,43.54463248496841,44.267967224121094,17091900
2021-03-26,44.370095421963725,45.195547037342216,44.0467221221921,45.13597869873047,17126700
2021-03-29,44.872159975937954,45.901844651844414,44.85513999209281,45.82525634765625,17514100
2021-03-30,45.74017424804532,45.77421422658117,45.04237091921548,45.22958755493164,14871800
2021-03-31,45.12746545287871,45.24660212580374,44.676447120739404,44.85515213012695,15826500
2021-04-01,45.06788952761409,45.229577767555625,44.64239962668216,44.6849479675293,15834700
2021-04-05,44.54879716941667,45.2891520313844,44.49774045219873,44.940250396728516,16368700
2021-04-06,45.13596963154266,45.65506783193485,45.016832978252054,45.263614654541016,15614300
2021-04-07,45.3402099609375,45.527426585691224,45.20405330099775,45.3402099609375,10062700
2021-04-08,45.24660413603484,45.42531239959297,45.07641073642674,45.20405578613281,9695600
2021-04-09,45.24660007738043,45.34020838650675,44.94025003782706,45.25511169433594,10828200
2021-04-12,45.38275590412124,45.56996925933417,45.18702768648657,45.39977264404297,8565300
2021-04-13,45.135971859537,45.34871682126608,44.940246884293906,45.17852020263672,11071700
2021-04-14,45.08491349229905,45.26361848736731,44.804091820939014,45.170013427734375,9787600
2021-04-15,45.21256626737455,45.663584608214904,45.204054649869484,45.38276290893555,13078100
2021-04-16,45.73166299192683,45.7827197102791,45.42530969688996,45.68060302734375,17974100
2021-04-19,45.952919006347656,46.25927231912027,45.357232369982135,45.952919006347656,19352900
2021-04-20,45.81675069215969,46.454985516114604,45.79122233799515,46.097572326660156,14419200
2021-04-21,46.15715370971354,46.58264368280878,46.15715370971354,46.472015380859375,13866500
2021-04-22,46.352878407415076,46.69326843594696,46.22523011782133,46.32734680175781,12558900
2021-04-23,46.293306424403156,46.454991431751374,46.09757819678348,46.352874755859375,9020500
2021-04-26,46.35287287171882,46.38690959814558,45.5955013343633,45.663578033447266,11684600
2021-04-27,45.57847714658796,45.69761379367568,45.37424057570175,45.595497131347656,9852400
2021-04-28,45.93588163942719,45.995449955905684,45.476351844110354,45.604000091552734,10868100
2021-04-29,45.561464316641555,46.25926757021893,45.46785600887838,46.17416763305664,15391000
2021-04-30,46.16566280577558,46.18268279451436,45.689112859782504,45.93589782714844,14912600
2021-05-03,46.18268414252927,46.633702495463375,46.08907582484913,46.36138916015625,10417900
2021-05-04,46.437965934501946,46.480514273889035,45.90184776878002,46.072044372558594,14151000
2021-05-05,46.07205568437456,46.15715563027307,45.706134032588494,45.952919006347656,9665900
2021-05-06,46.0550242474938,46.47200576317165,45.99545592328699,46.412437438964844,11572700
2021-05-07,46.327341155973855,46.6081660603644,46.089067840416156,46.38690948486328,10637500
2021-05-10,46.70177800765856,47.22938463882334,46.65922966173459,46.7273063659668,15545800
2021-05-11,46.82942229864215,46.92303060592054,45.99546239615481,46.22522735595703,12986700
2021-05-12,46.25925552682216,46.429452110606114,45.85078567347857,45.986942291259766,15836500
2021-05-13,45.92738284003493,46.61667443039269,45.80824618225608,46.38690948486328,15475800
2021-05-14,46.71879163449006,46.888984995014034,46.54008341197145,46.57412338256836,11725300
2021-05-17,46.6677323146403,46.82090893818377,46.378399053083776,46.497535705566406,12119800
2021-05-18,46.28478924508387,46.42945749425544,46.0380043322931,46.24224090576172,13232500
2021-05-19,46.05502398764253,46.10608394220179,45.62102573569447,46.097572326660156,15126100
2021-05-20,46.0550285818405,46.633695139649326,46.0550285818405,46.50605010986328,10948400
2021-05-21,46.63370645505135,46.906019813480135,46.14013971023592,46.48052978515625,16033200
2021-05-24,46.48903628893968,46.74432962860066,46.36989961351329,46.63370132446289,10326100
2021-05-25,46.65072291053142,46.65072291053142,46.25076127542213,46.62519454956055,11916500
2021-05-26,46.78687365209887,46.846441984305024,46.45499201659867,46.82942199707031,16064300
2021-05-27,46.98259441801608,47.28894766827619,46.61667284089766,47.22087097167969,59109600
2021-05-28,47.10173496828735,47.408088243890944,46.97408993427293,47.05067825317383,17011600
2021-06-01,47.09321998835761,47.35702488226497,46.88898341787608,47.04216003417969,13304000
2021-06-02,47.22937774658203,47.28043770197798,47.02514117122848,47.22937774658203,11328500
2021-06-03,46.95706463621206,47.43361448283334,46.888984695453196,47.348514556884766,17364300
2021-06-04,47.56976711040829,48.06333365440648,47.46764720787352,47.859100341796875,18935100
2021-06-07,47.918676386384995,47.94420474301891,47.49318646259045,47.68891143798828,14010800
2021-06-08,47.867623273669594,47.867623273669594,47.27193664590663,47.35703659057617,10968300
2021-06-09,47.44212532477011,47.586790337076565,47.21236038208008,47.21236038208008,9838800
2021-06-10,47.57828903198242,47.75699404297795,47.450640740567955,47.57828903198242,12444400
2021-06-11,47.64636205634544,47.83357541129776,47.365537154571314,47.7910270690918,11825800
2021-06-14,47.74815476765242,47.76530299850668,47.32803455914041,47.62812042236328,9710800
2021-06-15,47.82532893983908,47.83390469218386,47.319467484307026,47.508094787597656,11154200
2021-06-16,47.53381131220686,47.55095954469325,46.84789836620571,46.873619079589844,15211700
2021-06-17,46.873621242110346,47.28517229938891,46.85647627952388,47.11369323730469,10658400
2021-06-18,46.73643122020978,46.830744852904324,46.05909410217643,46.10196304321289,31445600
2021-06-21,46.487795689876734,46.66784722647276,46.299168401619404,46.60783004760742,14404300
2021-06-22,46.59068103399635,47.02794951135566,46.52208810461949,46.7793083190918,13072800
2021-06-23,46.77930840388252,46.81360159794221,46.393481352165615,46.40205383300781,12339200
2021-06-24,46.52207925349214,46.659261815455075,46.29915881681121,46.633541107177734,11488400
2021-06-25,46.50494625591224,46.7021460350345,46.30774320609887,46.57353591918945,18880300
2021-06-28,46.513522244515634,46.61640838253481,46.299174215739065,46.5220947265625,10556900
2021-06-29,46.41063060501676,46.590682142879984,46.059100010321,46.179134368896484,12300900
2021-06-30,46.127685714724116,46.45349556769535,46.08481677186517,46.39347839355469,14614200
2021-07-01,46.59068723586403,46.71072160756087,46.17913941689286,46.26487731933594,13214700
2021-07-02,46.29915281051938,46.68497973807835,46.29915281051938,46.45348358154297,10604600
2021-07-06,46.29059125302694,46.37632913684909,45.91333671455201,46.1962776184082,15278200
2021-07-07,46.05910199719147,46.6249806196657,46.05910199719147,46.57353591918945,14377700
2021-07-08,46.307743685141354,46.444926283806005,46.0762507073313,46.4106330871582,11943900
2021-07-09,46.513510041984084,46.74500624481415,46.453492871327086,46.69356155395508,10847000
2021-07-12,46.57352985348236,46.813598549722876,46.530660910680936,46.71071243286133,15107600
2021-07-13,47.11369268895748,47.41377859109392,46.94221362886906,47.173709869384766,15170800
2021-07-14,47.17372427551951,48.31405432256843,47.12227956057525,48.23688888549805,22002700
2021-07-15,48.21972524393067,48.41692500214319,47.93678432734916,48.39120101928711,15068200
2021-07-16,48.40834831420432,48.59697558827517,48.23686927147542,48.35690689086914,14860500
2021-07-19,48.08254844337559,48.31404142208303,47.293746044977674,47.7824592590332,19527000
2021-07-20,47.78245342187261,48.2968905590334,47.602401895677176,47.868194580078125,16257900
2021-07-21,49.154279692598514,49.35147943910419,48.38262566654101,48.485511779785156,20918200
2021-07-22,48.54553417536747,48.64842357037336,48.0568209965077,48.416927337646484,13402700
2021-07-23,48.519814069816164,49.154285597537466,48.39977971149642,48.87991714477539,12144000
2021-07-26,48.77703598446449,48.97423577473401,48.49409829257911,48.922794342041016,8681100
2021-07-27,48.965658145227145,49.33433697066152,48.8027515703151,49.09426498413086,12794400
2021-07-28,48.86277789859058,49.00853298768861,48.5541162149814,48.64842987060547,9858000
2021-07-29,48.93135568905525,49.08568649339716,48.751304174219875,48.914207458496094,9599100
2021-07-30,48.99994978009632,49.0856876642467,48.78560179902974,48.89706039428711,11727000
2021-08-02,49.042820670380124,49.07711713367895,48.622697171696494,48.768455505371094,9778000
2021-08-03,48.87135020181974,48.87135020181974,48.657002174618775,48.802757263183594,8825500
2021-08-04,48.657003304983085,48.8284823848658,48.022531690624454,48.09969711303711,11888400
2021-08-05,48.39119752061211,48.51980761352172,48.262590698393026,48.44264221191406,9806800
2021-08-06,48.528386639974116,48.64842426920533,48.39120404868656,48.56268310546875,10409300
2021-08-09,48.69986155886566,48.76845448402678,48.38262745672224,48.57125473022461,8859900
2021-08-10,48.73415989773888,49.01709754819501,48.579829080875236,48.69986343383789,10906900
2021-08-11,48.77704469003094,49.02568922806201,48.62271382302488,48.639862060546875,8370700
2021-08-12,48.63984773370813,48.854195733559145,48.63984773370813,48.734161376953125,6169200
2021-08-13,48.70844699324986,49.12856729596552,48.674150523851054,49.06855010986328,7714200
2021-08-16,49.04282540961234,49.29146988652028,48.89706706185245,49.282894134521484,7972000
2021-08-17,49.26573904122044,49.35148019581405,48.87991202227578,49.11140823364258,10346400
2021-08-18,49.03424144377911,49.06853790464708,48.37404929017813,48.44264221191406,13873700
2021-08-19,48.06539551221408,48.8541945628316,47.971081871229195,48.75130844116211,9223700
2021-08-20,48.73416216225094,48.897065467313986,48.51124167791777,48.56268310546875,10543600
2021-08-23,48.588400777499636,48.656993704194825,48.33975959495648,48.39120101928711,8912800
2021-08-24,48.562679820236994,48.562679820236994,47.92821160496249,48.02252197265625,12067200
2021-08-25,48.06539449947648,48.15970486778341,47.782453582483384,48.07396697998047,11270700
2021-08-26,47.9710755168495,47.99679622618713,47.59382100288212,47.619544982910156,10331500
2021-08-27,47.722435853207266,47.83389772261052,47.54238432849558,47.713863372802734,8844100
2021-08-30,47.748158047118004,48.185429787207816,47.70528910238333,48.16828155517578,10034700
2021-08-31,48.151133090307134,48.45979472400955,48.013950505405035,48.27974319458008,14185700
2021-09-01,48.33976323908616,48.69986631931025,48.25402207425351,48.605552673339844,9518900
2021-09-02,48.67414474487305,48.897065228115714,48.365483098313234,48.67414474487305,11653200
2021-09-03,48.408365760037796,48.67415853559086,48.22831417209469,48.639862060546875,13220400
2021-09-07,48.528381369667365,48.60554677330444,47.593824045925274,47.73100662231445,20035300
2021-09-08,47.67958358405296,48.425513926357524,47.67958358405296,48.37406921386719,12040100
2021-09-09,48.16828609542955,48.37405835782802,47.84247619749231,47.8939208984375,12545400
2021-09-10,48.022527921236815,48.12541732350529,47.602407642726256,47.67957305908203,10573700
2021-09-13,47.79102933367814,48.35690789697357,47.79102933367814,48.07396697998047,20274300
2021-09-14,48.30721239657511,48.35904535756517,47.98758404224178,48.108524322509766,13918900
2021-09-15,48.099886064375454,48.37632192603706,47.875279867165766,48.27265930175781,15746000
2021-09-16,48.13443952210757,48.36768288930868,47.3569616314372,47.8148078918457,17430400
2021-09-17,47.52974006197017,47.676595182176584,46.968227824458936,47.0286979675293,33370200
2021-09-20,46.743620493523345,46.994141517091606,46.415351679722704,46.7004280090332,27542500
2021-09-21,46.98549739025402,47.35695865966691,46.596758469313194,46.6917839050293,16418200
2021-09-22,47.08916795310473,47.132363736903926,46.700432261917044,46.760902404785156,12719700
2021-09-23,46.87319117911393,47.18418229514037,46.64858831496975,46.683143615722656,13836200
2021-09-24,46.64860288215282,46.85593145603889,46.5276625871259,46.5535774230957,9682200
2021-09-27,46.51901270607441,46.86455916089469,46.27713216492535,46.31168746948242,12429500
2021-09-28,46.1821107672659,46.1821107672659,45.292333016980585,45.4737434387207,19926100
2021-09-29,45.47374342097759,45.92295253323655,45.404636101216866,45.750179290771484,13941500
2021-09-30,45.93158658781663,46.06980780868621,45.292329918171276,45.32688522338867,17672000
2021-10-01,45.59467724714109,45.957501334489386,45.41326685115447,45.802005767822266,16277400
2021-10-04,45.836566483130326,46.242579803705375,45.26641710314955,45.77609634399414,18973400
2021-10-05,45.80201453972112,46.19075353083934,45.72426674149748,45.85384750366211,17173100
2021-10-06,45.58603767635202,46.44990042565858,45.361431516122394,46.398067474365234,21284500
2021-10-07,46.63995494152808,46.89047265398229,46.48445937083229,46.54492950439453,13774400
2021-10-08,46.64859567753628,46.98550167461398,46.5622107073947,46.75225830078125,13786800
2021-10-11,46.83000857034749,46.985504161131615,46.65723532554562,46.847286224365234,12378500
2021-10-12,47.01141899447045,47.365605958770836,46.838649045044136,46.847286224365234,19474400
2021-10-13,46.795449267387355,47.020055455067826,46.467183755200914,46.85592269897461,12143300
2021-10-14,46.98550148018855,47.348325603107675,46.91639416343633,47.17555236816406,13704000
2021-10-15,47.20146560487287,47.4087941388737,46.899114925470876,47.06324768066406,17867000
2021-10-18,46.95094726780573,46.985502574674456,46.52765629247783,46.596763610839844,15861800
2021-10-19,46.68314991180491,46.821367838082914,46.44990654332792,46.778175354003906,11068500
2021-10-20,46.804093967899334,47.30513275538333,46.7436238262267,47.192832946777344,12474800
2021-10-21,47.16691253061207,47.227382669352245,46.83000653038098,46.95094680786133,14388300
2021-10-22,46.98550529353348,47.106445579196915,46.709069413338305,47.03733825683594,12828600
2021-10-25,46.976866981810524,47.05461477720259,46.66587580024227,46.847286224365234,11855000
2021-10-26,46.92503426263597,47.1496404706536,46.847286466841496,47.05461502075195,12086700
2021-10-27,48.35041658786854,48.445442051856745,47.745711785978536,47.96167755126953,24019800
2021-10-28,48.16036378828567,48.47135500547914,48.048060671993376,48.410884857177734,15928000
2021-10-29,48.26402189591155,48.78234164101181,48.18627409891529,48.695953369140625,24463700
2021-11-01,48.71322899541445,48.72186946992964,48.28993801468337,48.52317810058594,11651100
2021-11-02,48.782346845889144,48.80826168252769,48.35041532657473,48.46271514892578,11498900
2021-11-03,48.37632147169649,48.66139780500632,48.186270582823276,48.6268424987793,10788300
2021-11-04,48.47134709251599,48.92055618897571,48.40223647981047,48.89463806152344,10820200
2021-11-05,49.101966857910156,49.37840271940944,48.886001135152874,49.101966857910156,12886700
2021-11-08,49.024220685748865,49.14516096722896,48.48862659831896,48.661399841308594,12828000
2021-11-09,48.73049953341139,48.82552496694998,48.45406370604915,48.79961013793945,10155800
2021-11-10,48.84281068392258,49.17107622351523,48.62684495217058,48.99830627441406,8813600
2021-11-11,49.09333465291209,49.13652714276456,48.868728433078054,49.015586853027344,7257700
2021-11-12,49.02421862723191,49.2315471691889,48.85144539149699,48.90327835083008,10162500
2021-11-15,48.834167035246956,48.963747784026225,48.609564138788265,48.91191482543945,10289200
2021-11-16,48.91191509071786,49.1883509472626,48.54045379060299,48.56637191772461,13756500
2021-11-17,48.4108756351824,48.41951281384758,48.07396964586011,48.2985725402832,13288700
2021-11-18,48.22946996471423,48.31585494135698,47.6334024216021,47.86664581298828,15380100
2021-11-19,47.89255121143365,47.93574698662051,47.426067815940364,47.624755859375,15813700
2021-11-22,47.59883309139526,48.393588482971595,47.58155873745579,47.91846466064453,16905600
2021-11-23,48.08260841109968,48.47134737136613,47.94439048026887,48.27265930175781,13835900
2021-11-24,48.12580314330631,48.23810624715391,47.53837608600809,47.8839225769043,12598900
2021-11-26,47.158274467265706,47.296492395419044,46.28577441368066,46.41535186767578,14754300
2021-11-29,46.691789547259624,47.279216588693686,46.58812692094052,47.14963912963867,22712500
2021-11-30,46.66211289537209,46.68823200858036,45.652261302471544,45.66096878051758,30485200
2021-12-01,46.12237025133848,46.592474486468916,45.512976241457935,45.53038787841797,18719600
2021-12-02,45.79156412937483,46.435781530484235,45.713213409252475,46.20072937011719,17074200
2021-12-03,46.4270651628331,46.670821418704065,46.122366522064475,46.60988235473633,21064400
2021-12-06,47.2802268045545,48.09855394767675,47.13222952706229,47.80256271362305,26624100
2021-12-07,47.89832274423615,48.24654555971652,47.7503254739358,48.06372833251953,23832700
2021-12-08,47.98537165092791,48.185600492140196,47.32374605913647,47.88090515136719,18026300
2021-12-09,47.663270849065654,47.994085348289595,47.523981057960405,47.759033203125,13846400
2021-12-10,48.098553770151874,49.03005490780887,47.94185233382353,48.99523162841797,23153600
2021-12-13,49.60461981157807,50.431654333250705,49.58720817396145,50.28365707397461,31362800
2021-12-14,49.97025485988749,50.640584606794185,49.97025485988749,50.318477630615234,24806600
2021-12-15,50.431656333733464,50.7102359047892,50.18790003929231,50.544830322265625,24923800
2021-12-16,50.475193309403835,51.258700576671124,50.40555006394178,51.0584716796875,24696900
2021-12-17,50.91917060718697,51.293509195507234,50.231425860337694,50.25754165649414,51874400
2021-12-20,49.79614138925428,50.30106556482761,49.622028344910674,50.092132568359375,20879500
2021-12-21,50.15307243961331,50.46647526026912,50.08342589238751,50.292362213134766,15864900
2021-12-22,50.24012683338361,50.65799615004433,50.048605472162116,50.6492919921875,12447400
2021-12-23,50.94529194568786,51.02364266361132,50.44036435886324,50.68412399291992,11027300
2021-12-27,50.49260495100212,51.093291641952995,50.49260495100212,51.0584716796875,9860000
2021-12-28,50.840820532003576,51.31092147333555,50.75376234217886,51.258689880371094,8979900
2021-12-29,51.31962585449219,51.45020814995013,51.06716210063792,51.31962585449219,9996000
2021-12-30,51.41538663312565,51.563380560995746,51.15421540829359,51.171627044677734,7703900
2021-12-31,51.14551701228731,51.667852878934234,51.10198957688847,51.54597473144531,10021300
2022-01-03,51.20644409484244,51.63302083209116,50.823398103729254,51.62431335449219,20187300
2022-01-04,51.998663477375125,52.703819833456926,51.876785338999795,52.48617935180664,26141600
2022-01-05,52.31206519805479,53.27838944753294,52.27724192470257,52.92145919799805,22507300
2022-01-06,52.642887115478516,53.20875044348088,52.616767996296744,52.642887115478516,17902300
2022-01-07,52.477469157625336,52.86051851090612,52.28594780191497,52.520999908447266,12307900
2022-01-10,52.712533078177664,52.947585237390236,52.39042603967041,52.60806655883789,20954300
2022-01-11,52.60806138412851,52.66029629912578,52.094429676578606,52.62547302246094,19369600
2022-01-12,52.695115610074716,52.834405394099285,52.399124403906214,52.70382308959961,15753800
2022-01-13,52.70382432123975,53.13910532160494,52.573238692758004,53.01722717285156,14318000
2022-01-14,53.052048306671544,53.49603679662117,52.547124061923014,53.44380187988281,19729600
2022-01-18,53.1565169601312,53.2696876291562,52.6254736083368,53.01722717285156,21976700
2022-01-19,52.808287370764866,53.26097997998987,52.72123250476901,53.104278564453125,18654700
2022-01-20,53.10429062078029,53.4873367674278,52.86053428390742,52.88665008544922,23002400
2022-01-21,53.17392800667569,53.36544938647145,52.5819455870951,52.62547302246094,26643200
2022-01-24,52.146662908351566,52.53841313492934,50.98881390359762,52.19889450073242,30185100
2022-01-25,51.67656858428588,52.277255258638306,51.093290230119635,52.0770263671875,19027100
2022-01-26,52.05090313872266,52.53841573671485,51.54597558116731,51.885494232177734,19190200
2022-01-27,52.12924494193695,53.04333422786253,51.79843050632191,51.92901611328125,18893800
2022-01-28,51.70267695161054,53.00851995926232,51.31092338512891,52.96499252319336,19101500
2022-01-31,52.49488550920854,53.22615768824229,52.36430320780306,53.11298370361328,22045300
2022-02-01,53.02592872482413,53.226157576636936,52.37300725637484,52.72123336791992,20841700
2022-02-02,52.77347038602291,53.33933704523193,52.72123878857206,53.260986328125,20225600
2022-02-03,53.052055653793644,53.78332798475094,52.74736023294936,53.63533401489258,19440500
2022-02-04,53.53085042410086,53.69625598255777,52.72993178315223,53.06945037841797,17403700
2022-02-07,53.435092250371206,53.73108343972477,52.98239964777575,53.62661361694336,17846400
2022-02-08,53.82685193510524,54.26213295031677,53.748501219529935,53.97484588623047,18771700
2022-02-09,54.122839446695714,54.25342507868884,53.01722859845766,53.13910675048828,23595600
2022-02-10,52.54711934673683,54.236008318561986,52.40782956886393,53.43509292602539,23561500
2022-02-11,53.774610604664716,53.957427812227714,52.36430121343131,52.48617935180664,22781400
2022-02-14,52.37301002665459,52.92146501902311,51.60691453329085,52.82570266723633,23641300
2022-02-15,53.06945974866689,53.78332033678946,52.78217600999832,53.02593231201172,13408700
2022-02-16,52.98240389579903,53.45250817321674,52.72123595976601,53.01722717285156,15484700
2022-02-17,52.71252183819894,54.21859351118405,52.59064370480235,54.07930374145508,21468700
2022-02-18,54.079308535529265,54.68870257746442,53.96613787073144,54.4449462890625,21975000
2022-02-22,54.3491792096476,54.53199641003324,53.73108106305043,54.21859359741211,21731400
2022-02-23,54.18377890586267,54.26212961662435,53.40027179824584,53.61791229248047,19248500
2022-02-24,52.207602912942576,52.773466206405004,51.55468142907258,52.677703857421875,27207400
2022-02-25,53.05204386098757,54.75834780121857,53.03463222353385,54.71481704711914,21487800
2022-02-28,53.67015273274655,54.270839363148525,53.461216375558934,54.18378448486328,25879100
2022-03-01,54.09671677059594,54.62776006915085,53.54826183526036,53.94872283935547,15871100
2022-03-02,54.17507287935998,54.740939507918846,53.78331931504465,54.349185943603516,17319100
2022-03-03,54.50589228933139,54.86282260883042,54.22731268976781,54.38401412963867,21262800
2022-03-04,53.50474114422289,54.4884771602144,53.278396479419904,54.471065521240234,17163000
2022-03-07,53.98355076566682,54.03578568372423,52.86052825534301,53.17393112182617,29151400
2022-03-08,53.49603408460194,53.574384795272145,51.006226302115735,51.06716537475586,30242100
2022-03-09,52.07701866094375,52.09443029948437,51.06716687210132,51.32833480834961,23022700
2022-03-10,50.910469921094425,51.067171360803236,50.05731948319685,50.38813400268555,20887300
2022-03-11,50.45777020521733,51.232569815207235,50.37071533793342,50.42294692993164,19855600
2022-03-14,50.85278380773097,51.7914152034433,50.85278380773097,51.35280227661133,17799400
2022-03-15,51.82650958611303,52.53706044823439,51.73878498524219,52.300209045410156,18607200
2022-03-16,52.44056309377519,52.58091910355341,51.41421039971279,52.15985107421875,17347300
2022-03-17,52.15984830271363,52.756362149163216,51.958086758524956,52.712501525878906,15586200
2022-03-18,52.89672883390372,52.89672883390372,52.3791653433851,52.721282958984375,30197800
2022-03-21,53.072165751802636,53.59849994137922,52.852859281753865,53.1423454284668,17440100
2022-03-22,53.44937890621881,53.466923827275004,52.68619324520767,53.3353385925293,17559500
2022-03-23,53.29148288963058,53.49324448090153,52.63356334778329,52.98445510864258,15529200
2022-03-24,53.19498338661679,53.5283301990961,53.03708244103983,53.49324035644531,13151300
2022-03-25,53.61604931559883,54.04589150500529,53.554643766590964,53.975711822509766,12259800
2022-03-28,53.9757115475359,54.335374052614576,53.69499951168676,54.31782913208008,11485200
2022-03-29,54.572219082507246,54.852931085549876,54.15992521036083,54.528358459472656,14720600
2022-03-30,54.396785414980215,54.57223129272461,54.00203637299506,54.57223129272461,13641000
2022-03-31,54.58099889473224,54.949432182183955,54.38800811767578,54.38800811767578,16822900
2022-04-01,54.67749604787611,55.221375209627176,54.4669603437152,55.15119552612305,12644900
2022-04-04,54.91434100802649,55.0810160737464,54.142384611249604,54.86170959472656,11505800
2022-04-05,54.738906486861424,55.47577649771212,54.712587430020896,54.80031204223633,15721200
2022-04-06,55.06346825285254,55.4933070551287,54.651171023184645,55.35295104980469,19267400
2022-04-07,55.3792690971535,55.85296851506235,55.01083249838987,55.651206970214844,13960800
2022-04-08,55.686308417864616,56.17755620318892,55.405596353779806,55.99333953857422,12703500
2022-04-11,56.063513192089005,56.405634140985825,55.8266617719381,55.975791931152344,12720100
2022-04-12,56.47580420059472,56.85301162646199,56.04596535943993,56.633705139160156,18089900
2022-04-13,56.528444390993776,56.9056518307567,56.34422773799837,56.782840728759766,11883000
2022-04-14,56.98460383827464,57.51971226826072,56.861792725756885,57.037235260009766,16388400
2022-04-18,56.81791802574471,57.17758385361811,56.30035796245656,56.528438568115234,11679400
2022-04-19,56.58108186855094,57.239001425161995,56.52845044568728,57.08110046386719,11993800
2022-04-20,57.40566947715672,58.10744623580743,57.370579635318734,57.86182403564453,14827100
2022-04-21,57.879372755179126,58.77414030457889,57.65129212780152,58.08113098144531,15120400
2022-04-22,57.9671014868913,58.19517545096783,57.17759666934661,57.2390022277832,14902200
2022-04-25,58.77413371548955,58.94957621367874,56.826691199158866,57.844276428222656,25082000
2022-04-26,57.4758357619601,58.221483101786355,57.05477109443928,57.06354522705078,21982600
2022-04-27,57.019680952580444,58.142528983583524,57.019680952580444,57.51092529296875,16971000
2022-04-28,56.72144374909833,58.14254577058199,56.581084358347084,58.0635986328125,22010600
2022-04-29,57.7828808260395,57.92323351019785,56.57230462506849,56.677574157714844,20137100
2022-05-02,57.26530267534597,57.29161838013228,54.89679554674849,55.651206970214844,24970300
2022-05-03,55.8968389626523,56.089826397368725,54.97574903217486,55.33541488647461,21686300
2022-05-04,55.26523016298724,57.12495142863837,55.212595405764645,57.045997619628906,19780200
2022-05-05,56.7477485024462,57.046002111137064,56.15123459236166,56.589847564697266,20155200
2022-05-06,56.317904080495566,57.29162543368299,56.203867114814344,56.79160690307617,18984000
2022-05-09,56.55476304931249,57.3354936781718,56.177555589875695,56.677574157714844,20055300
2022-05-10,56.58108019278851,57.30040528567086,56.0108819220724,56.151241302490234,21322200
2022-05-11,56.431946460114496,57.1951287463924,56.107370452172695,56.414398193359375,19648400
2022-05-12,56.2828198226029,56.60738913880145,55.44945115954355,56.589847564697266,22574700
2022-05-13,56.853012061174795,57.721470576276566,56.24773070263155,57.65129089355469,16167000
2022-05-16,57.40566947715672,58.23025733588888,57.40566947715672,57.86182403564453,13223200
2022-05-17,57.98463814298525,57.98463814298525,57.02846500094635,57.70392608642578,21300600
2022-05-18,57.38811692337511,57.47583817506638,53.47569020216248,53.68622589111328,31437300
2022-05-19,53.4756963404303,53.4756963404303,52.33530320578623,52.63356018066406,31493900
2022-05-20,53.06340149620371,53.72132098732384,52.33530231978201,53.49324035644531,29133800
2022-05-23,54.080982906379965,55.35295789796648,54.02834814298991,55.142425537109375,19406900
2022-05-24,55.1599699379436,56.309137163483584,55.04592962484995,56.160003662109375,16154200
2022-05-25,56.14245950389525,56.55475676170942,55.791567793455364,56.20386505126953,15360500
2022-05-26,56.20386710304603,57.10740877283907,56.10737171183483,56.40563201904297,16159800
2022-05-27,56.370546016810174,56.87056458136824,56.26527648485458,56.73897933959961,17709000
2022-05-31,56.21264978674131,56.42318217563248,55.30910463316473,55.59859085083008,43159000
2022-06-01,55.63366499465229,55.861745602702875,54.50204612641342,55.326637268066406,15408300
2022-06-02,55.42313931165868,55.91438707957117,54.48450775320304,55.90561294555664,14586000
2022-06-03,55.76525637896404,55.817891143487024,55.09856609343094,55.238922119140625,13539900
2022-06-06,55.554722013568835,55.94070023378709,54.96697887645193,55.15119552612305,15112800
2022-06-07,54.72135718639944,55.58980902656453,54.58100116443581,55.48454284667969,17886300
2022-06-08,55.25647156296007,55.44945902263565,54.879264085552876,55.16874694824219,10211500
2022-06-09,55.15119405152165,55.5722621022337,54.19501764062823,54.212562561035156,13382200
2022-06-10,53.51954974440446,54.29150945979261,53.03707617716856,53.87044143676758,14967600
2022-06-13,53.29147662366084,54.642405393870575,53.22129694119992,53.80904006958008,23064200
2022-06-14,53.65883429084928,53.8002043775208,51.82985731993012,52.33348846435547,24620000
2022-06-15,53.013833408387036,53.5793137587919,52.103763680112266,52.72225570678711,19684700
2022-06-16,51.81218306267053,52.58972018598402,51.46759370419312,52.192115783691406,15053800
2022-06-17,52.74876697932084,53.12869973658865,52.245135811878185,52.51020431518555,34781900
2022-06-21,52.56322028935176,53.79137362703441,52.13910663195946,53.63233184814453,17705000
2022-06-22,53.543967306768145,54.294998592397704,53.296570510363786,54.029930114746094,15207100
2022-06-23,54.16246571380691,54.70144022530402,54.100616511228104,54.67493438720703,17190900
2022-06-24,54.87814882026847,55.717535114514796,54.87814882026847,55.69986343383789,18147100
2022-06-27,55.646844462513066,55.92075043787151,55.337598498824676,55.58499526977539,12142100
2022-06-28,55.73521227391805,56.33603262335059,54.878154214746715,55.028358459472656,13150100
2022-06-29,55.25809222702565,55.76172342697585,55.16089964974946,55.425968170166016,11795500
2022-06-30,55.06369252346623,55.76170869353799,54.922322458561794,55.58499526977539,15514200
2022-07-01,55.770553417467866,56.94569167272089,55.50548491685303,56.88384246826172,15143200
2022-07-05,56.707131312212105,56.707131312212105,55.15205696234573,55.911922454833984,15921200
2022-07-06,56.194662731928766,56.6276071557419,55.832401667491155,56.02678680419922,13450500
2022-07-07,55.89424123346378,56.17698473380087,55.39944769156235,55.58499526977539,14828400
2022-07-08,55.69102308367775,56.035612413079186,55.558490541115496,55.78821563720703,11311500
2022-07-11,55.65569594007874,56.07096871392009,55.30226900395129,55.611515045166016,12702100
2022-07-12,55.664529230917566,56.062133685244206,55.1962414127823,55.37295150756836,14731100
2022-07-13,55.072544581966646,55.66453083168777,54.763295166139805,55.116722106933594,13145300
2022-07-14,54.188966964967086,55.00184400550818,54.16245776023413,54.93999481201172,14433000
2022-07-15,55.443634963989254,55.638020101396364,54.84281123975711,55.22274398803711,21968400
2022-07-18,55.24041364414188,55.27575700792461,54.34801224653585,54.47171401977539,10780800
2022-07-19,54.86048160965525,55.35527859733948,54.71911152324958,55.24924850463867,10998200
2022-07-20,55.13437724140864,55.29341897997357,54.02992259611222,54.339168548583984,11010500
2022-07-21,54.12711858468703,54.67493058446766,53.711845877759245,54.215476989746094,11959600
2022-07-22,54.233145956934,54.66609032320908,54.18013091655144,54.41869354248047,11644700
2022-07-25,54.3833569281616,55.0460298477668,54.17130348138404,54.94883728027344,14941700
2022-07-26,55.44362859851002,56.371369916889364,55.24924348342025,55.850067138671875,20118000
2022-07-27,55.55850184578086,55.83240451179165,54.59541701020881,55.673362731933594,12142900
2022-07-28,55.59383862123708,56.76898021871567,55.56733278297265,56.60110092163086,10837000
2022-07-29,56.29184942095372,56.80431804764948,56.221166068960635,56.69828796386719,13734200
2022-08-01,56.62760510861799,57.46699482850765,56.57459343363496,57.007537841796875,12831500
2022-08-02,57.0693863252091,57.07822385128091,56.044455755769235,56.230003356933594,15241900
2022-08-03,56.15047645549451,56.63643585096054,55.93842303990452,56.477394104003906,11317000
2022-08-04,56.230009662799056,56.30953055371996,55.59384253543185,56.25651550292969,11795600
2022-08-05,56.221177097713614,56.221177097713614,55.37295311370372,56.00028610229492,10445400
2022-08-08,56.10630734767503,56.38021336858947,55.443634426245794,55.63801956176758,9165200
2022-08-09,55.82356251325061,55.938426753796136,55.531984834295464,55.70869827270508,7910900
2022-08-10,56.22116651503019,56.362536590666465,55.75287540093065,56.23883819580078,8857300
2022-08-11,56.27419002494637,56.53926192173871,55.7352188154406,55.858917236328125,8507800
2022-08-12,56.04445356813671,56.336027877081044,55.74404173346553,56.283016204833984,9489300
2022-08-15,56.23000271592376,57.15774745222672,56.16815351624071,56.9898681640625,9863300
2022-08-16,57.05171044466525,57.634865749002365,56.83965703447737,57.45814895629883,9569600
2022-08-17,57.28144078536525,57.626030116130536,57.219591591152415,57.32561492919922,8144000
2022-08-18,57.39630910030179,57.74089847580475,57.17541812928413,57.62603759765625,6532000
2022-08-19,57.61719532060407,57.8469237990167,57.39630436779955,57.581851959228516,8921100
2022-08-22,57.290276618102894,57.3609633437343,56.53925206670506,56.724796295166016,9087900
2022-08-23,56.3890429576998,56.87500575714733,56.265344561668975,56.786643981933594,8443800
2022-08-24,56.76013508123524,57.060550270416705,56.592262547718214,56.86616516113281,6844700
2022-08-25,56.86617303226691,57.175419048451666,56.459734447987294,57.14007568359375,7913900
2022-08-26,57.19308688190878,57.25493607733849,55.646846884580995,55.76171112060547,10089500
2022-08-29,55.39062480196938,55.69103669058257,55.143227965651135,55.425968170166016,9115900
2022-08-30,55.5850011467698,55.5850011467698,54.772124030255945,54.91349411010742,8456800
2022-08-31,55.116716426918934,55.249248988161725,54.515892711804426,54.52472686767578,14633600
2022-09-01,54.40986487449282,54.816303446826964,54.15363054259703,54.78096008300781,14939700
2022-09-02,55.12554738784704,55.46130259048765,53.80903915494832,54.029930114746094,11809800
2022-09-06,54.15363101212593,54.75445472014603,53.888562522241465,54.05643844604492,12181800
2022-09-07,54.180137063129514,55.21390855943366,54.180137063129514,55.054866790771484,13290700
2022-09-08,54.85164959841928,55.04603136824645,54.197810816649174,54.88698959350586,17193500
2022-09-09,54.93116950278196,55.55850247287124,54.657266833679614,55.06370544433594,11855900
2022-09-12,55.16089478441281,55.496650011608146,55.019524694624586,55.22274398803711,13026900
2022-09-13,54.95767273858679,54.97534442024138,53.26122837556136,53.429107666015625,18532800
2022-09-14,53.579313282093196,53.96808354743419,53.402599831531724,53.711849212646484,12881600
2022-09-15,53.756343970023686,53.756343970023686,52.83073725591998,52.98203659057617,11451900
2022-09-16,53.09775129432291,53.22235157578322,52.608248733541814,52.99095153808594,20493500
2022-09-19,52.8574434621609,53.4893467598774,52.71504267119518,53.391448974609375,12596200
2022-09-20,53.115541801305575,53.42704244620353,52.795139197923454,53.311344146728516,11984600
2022-09-21,53.52494296265986,54.02334738348817,52.857438678832004,52.86634063720703,14165300
2022-09-22,52.999843672185776,53.16004498465405,52.688343006332246,52.74174118041992,11657600
2022-09-23,52.47474530795204,52.599345586601046,51.620340487127734,52.15434265136719,14824000
2022-09-26,52.05643704381837,52.12763573731531,51.3444297382343,51.50463104248047,18670100
2022-09-27,51.69153050791493,51.949629569763616,50.11622007786957,50.17852020263672,23829300
2022-09-28,50.427730448019304,50.952834026189386,49.760226072130365,50.71253204345703,21480100
2022-09-29,50.81042528674999,50.988427104852406,49.8403189429492,50.34762191772461,14570700
2022-09-30,50.6146234552486,50.84602683963458,49.84031944310051,49.85811996459961,16124600
2022-10-03,50.16072457475805,50.59682549066629,49.89372352898326,50.418827056884766,16277600
2022-10-04,50.68582957217513,51.45123508199581,50.24972524852058,50.53452682495117,18861400
2022-10-05,50.28532456025339,50.41882677995878,49.40421737942333,50.053924560546875,14324900
2022-10-06,49.84031925058631,49.92931846263572,48.834611857936906,48.977012634277344,17192800
2022-10-07,48.94141547570818,49.03041468864717,48.28280975661167,48.51420974731445,11479800
2022-10-10,48.59431388029654,48.91471650200749,48.078112297064244,48.407413482666016,10239100
2022-10-11,48.46970634624038,49.146112533990554,48.27390741408287,48.48750686645508,14303900
2022-10-12,49.15501749343878,49.87592337799126,48.98591762204611,49.07491683959961,18377400
2022-10-13,48.48751707673093,49.91152843784968,48.29171470824019,49.72462463378906,16220700
2022-10-14,50.098426814380446,50.258628128445935,48.89691695888928,48.932518005371094,15997900
2022-10-17,49.51101681022091,50.03612029596495,49.45761524731225,49.564414978027344,13721400
2022-10-18,50.116216237477566,50.534516558131,49.92931248239634,50.23191452026367,11823100
2022-10-19,50.116229725879045,50.32093066025036,49.60002471260134,49.804725646972656,10182300
2022-10-20,49.635625319628595,49.769124156456684,48.914719378386835,49.021522521972656,16905100
2022-10-21,48.95032086130903,49.93822788009008,48.94142229681585,49.804725646972656,15034100
2022-10-24,50.40993085319334,51.380037366506045,50.3476307152368,51.23763656616211,17416700
2022-10-25,52.54594385942154,52.60824399453964,51.39783554921189,52.465843200683594,28829900
2022-10-26,52.51924160315203,53.20454648751213,52.385742768080995,52.857444763183594,15831400
2022-10-27,53.19563944579326,53.25793957125195,52.84853777677992,52.98203659057617,16026100
2022-10-28,53.01764227366888,54.21025011487287,52.928643056680045,54.07674789428711,12888900
2022-10-31,53.854253251325915,53.907654825318225,53.10664819094828,53.266849517822266,14016400
2022-11-01,53.42705400370617,53.65845744291888,52.839650235470785,53.079952239990234,10659500
2022-11-02,53.07994681253549,53.605050384622196,52.305642696103504,52.341243743896484,14549200
2022-11-03,51.71821973891865,52.5103240844337,51.709317782732235,52.31452178955078,9194000
2022-11-04,52.777342226546786,53.03544471831264,52.11873984871286,52.74174118041992,9725900
2022-11-07,52.741744947486026,53.19564983026707,52.72394781825406,52.946449279785156,8849700
2022-11-08,53.17784426331601,53.213445308609785,52.45693837407849,53.044342041015625,10081600
2022-11-09,53.03544565732553,53.07994526822069,52.2878406509378,52.305641174316406,10115200
2022-11-10,53.62285098237539,54.325956399292615,53.11554793348645,54.183555603027344,16804800
2022-11-11,54.619652960151406,54.69085505114759,53.58724640642471,54.57515335083008,18972100
2022-11-14,54.5751562085562,54.93115989197345,54.03225211914113,54.050052642822266,16361000
2022-11-15,54.406047143132334,54.69084868375385,53.400339793067616,53.96104431152344,13295800
2022-11-16,54.10345352427135,54.317053015517004,53.658450623223096,53.86315155029297,14199500
2022-11-17,53.56944982516162,54.0589557490204,53.516051648088165,54.03225326538086,11212600
2022-11-18,54.281444887580314,54.61964458263167,54.112341644952586,54.41494369506836,10415600
2022-11-21,54.655262122781714,55.36726616297407,54.46836169881304,55.25156784057617,15399400
2022-11-22,55.59865493082168,55.62535401431585,55.224850786392345,55.491851806640625,12319600
2022-11-23,55.61645809391377,55.88345912684755,55.44735483681059,55.741058349609375,8990400
2022-11-25,55.830068976388965,55.90127107711612,55.51856827346524,55.79446792602539,5165500
2022-11-28,55.79445421269984,56.15935640148219,55.678755920109424,55.8033561706543,12267500
2022-11-29,55.6431564320117,55.687656037719805,55.16255254211863,55.6075553894043,10969600
2022-11-30,55.5806638282924,57.0775162933438,55.34762271079185,57.014774322509766,30433900
2022-12-01,57.01477565156201,57.462934550355385,56.853438174461914,57.17611312866211,12001400
2022-12-02,57.01477771539098,57.830423384771485,56.826551791687784,57.67805099487305,13643500
2022-12-05,56.8355095589465,57.18507294156259,56.70106052601065,56.88928985595703,9185100
2022-12-06,56.9341033006986,57.25677823442595,56.67417033528703,56.862396240234375,10099500
2022-12-07,56.871369066876525,57.11337530008483,56.692104810516895,56.9520378112793,12307600
2022-12-08,57.00581666427727,57.2298961376733,56.781737190881245,57.19404602050781,9946200
2022-12-09,57.01477248024926,57.220925151925734,56.54868684112735,56.593502044677734,13914900
2022-12-12,56.7369172185371,57.37330546815244,56.47698423060838,57.33745193481445,11647900
2022-12-13,57.893166937791,57.99176244885168,57.185078431337615,57.35538101196289,17521600
2022-12-14,57.534645266693104,57.94695065914571,56.97892573511131,57.35538101196289,12826700
2022-12-15,56.99684818560794,57.26574283774677,56.01089998803857,56.56661605834961,12212300
2022-12-16,56.24394226074219,56.59350565760452,55.867490423869235,56.24394226074219,33631500
2022-12-19,56.315649990102884,56.83551254512822,55.992975029448,56.32461166381836,10919700
2022-12-20,56.30669649029724,56.602483071524645,56.24395450382752,56.279808044433594,10286500
2022-12-21,56.53076228146846,57.40915671739551,56.53076228146846,57.18507385253906,10411300
2022-12-22,56.84447739394799,56.99685320907106,56.154315646330076,56.77277374267578,9666700
2022-12-23,56.916177705598855,57.24781431911122,56.64728306169205,57.202999114990234,6463300
2022-12-27,57.30159863230568,57.624273595285146,57.10440761733352,57.55256652832031,7320700
2022-12-28,57.776646113890905,57.946948688725236,56.9072201496623,56.97892379760742,7159400
2022-12-29,57.185081434157574,57.49879475120403,57.09545101167656,57.31953048706055,7169300
2022-12-30,57.29263064500877,57.29263064500877,56.62039231248903,57.014774322509766,7650200
2023-01-03,56.969960735727796,56.969960735727796,55.733041211386436,56.4232063293457,12180500
2023-01-04,56.60247646785991,56.76381396258261,56.02883014263398,56.39632034301758,13387900
2023-01-05,56.109497847830674,56.28876210743533,55.64341555971249,55.750972747802734,9814700
2023-01-06,56.387352306353755,57.0685523256269,56.09156921218945,56.8265495300293,9990000
2023-01-09,56.73692355643515,57.11337886017437,56.09157698016744,56.118465423583984,9442600
2023-01-10,56.109495668830284,56.2260179459254,55.49999926135295,55.688228607177734,10134600
2023-01-11,55.912309475526634,56.07364696504812,55.042880050792085,55.58066940307617,10823000
2023-01-12,55.67030053708508,55.73304251116452,54.64849876587008,54.86361312866211,13907300
2023-01-13,54.40649464856667,55.087694716008215,54.30789913714643,55.06080627441406,13986400
2023-01-17,55.329708250854495,55.91231630295537,55.177335836134354,55.28489303588867,18327800
2023-01-18,55.13251382307207,55.20422089796804,53.492253805414094,53.6087760925293,19679400
2023-01-19,53.53706454877904,54.352713652138426,53.519137781551436,53.52810287475586,14894500
2023-01-20,53.528097915824674,53.85973453085898,53.24127650511702,53.850772857666016,14237700
2023-01-23,54.03004088779956,54.289973894447584,53.82388818503156,53.985225677490234,12613400
2023-01-24,53.850778071027065,55.43725765670118,53.59980674797533,54.27204513549805,10103300
2023-01-25,53.95834014543622,54.621613499823845,53.68048035584155,54.61265182495117,11265800
2023-01-26,54.50508499145508,54.765014546973255,54.28996722155695,54.50508499145508,11884800
2023-01-27,54.53197923432052,54.63953642112638,54.11070874215734,54.21826934814453,14087000
2023-01-30,54.263080311749,54.827758062680985,54.191373246701794,54.35271072387695,15632000
2023-01-31,54.65746339579815,54.980138376619145,54.23619290203948,54.96221160888672,14344400
2023-02-01,54.8008735653126,55.19525561308239,54.334787866518234,54.97117614746094,12535400
2023-02-02,54.496126449116176,54.69331747695898,53.69840408256139,54.0300407409668,16947200
2023-02-03,54.09277210843176,54.15551407422336,53.08889723658552,53.62668991088867,15404400
2023-02-06,53.59084394670519,54.08381807001657,53.528101972057264,53.93144226074219,11330900
2023-02-07,53.48328363172455,53.9941879438799,53.3667647748576,53.84181213378906,14922700
2023-02-08,53.70736370866947,53.70736370866947,53.41158059736702,53.52810287475586,11012000
2023-02-09,53.913515867137335,54.065888248622215,53.42053835249569,53.4384651184082,12515300
2023-02-10,53.52809894797077,53.6894364220024,52.775191875550156,53.4384651184082,14420700
2023-02-13,53.689444211608794,54.46027474259794,53.53706838883527,54.316864013671875,16191800
2023-02-14,53.96729522416554,54.5857567094169,53.38469069156694,53.41157913208008,20505700
2023-02-15,53.68943888771338,53.71632732822652,53.088904169197825,53.41157913208008,13171400
2023-02-16,53.088902469388835,53.61773010402907,52.83793458148534,53.07994079589844,16538300
2023-02-17,53.330914873176226,53.985226527705024,53.22335768290365,53.88663101196289,16814700
2023-02-21,53.77011032218917,53.985224695433295,53.52810408790354,53.59980773925781,14278300
2023-02-22,53.64462426252682,54.10174830043301,53.554993841343574,53.761146545410156,12409600
2023-02-23,53.78802652053948,54.1555166602302,53.60876570639249,53.85973358154297,12222800
2023-02-24,53.492247550319405,53.69840023776667,53.232314562988925,53.635658264160156,9736200
2023-02-27,53.94041564700692,54.04797284591415,53.54603697155926,53.617740631103516,8849800
2023-02-28,53.51017684900964,53.51017684900964,53.00823761722503,53.339874267578125,16082200
2023-03-01,52.99928088239384,53.044096095669836,52.31807733154496,52.75727462768555,13275800
2023-03-02,52.73934221264727,53.58187975725745,52.70348867819206,53.52810287475586,11758300
2023-03-03,53.375729456232555,53.49225173884615,53.070981238061044,53.27713394165039,13101800
2023-03-06,53.115790180481035,54.119668556687415,53.07994006783015,54.101741790771484,16282700
2023-03-07,54.21826810747939,54.28997175731541,53.55499139579465,53.78803253173828,13961200
2023-03-08,53.81492614746094,54.07485915235475,53.537066374728106,53.81492614746094,10851600
2023-03-09,54.26307636739272,54.26307636739272,53.13371410925942,53.29505157470703,13900900
2023-03-10,53.51018117745466,53.90455983628451,52.8737962668946,53.07098388671875,13745800
2023-03-13,53.14269036325001,54.55887090063034,53.10683682580202,53.6087760925293,21956000
2023-03-14,53.77907316644154,54.191378573447395,53.19646517279921,53.80596160888672,19496900
2023-03-15,53.268164363213124,54.209297320537345,53.09786522095588,54.16448211669922,21089900
2023-03-16,54.27286615976328,54.49866440415481,53.92062144977775,54.4625358581543,15658300
2023-03-17,54.47157494786718,54.507700051928744,53.86643380317855,54.20964813232422,27351200
2023-03-20,54.336090129757636,54.73349380493164,54.16448470203865,54.73349380493164,12904100
2023-03-21,54.70640817865224,54.86898321937937,54.08320615280385,54.48060989379883,13716500
2023-03-22,54.552863573191566,54.9773619791826,54.21867965189899,54.23674392700195,10494200
2023-03-23,54.27287598545967,54.54383323870272,53.93869548797352,54.11933135986328,15479000
2023-03-24,54.41738628099598,55.11284540708178,54.110300477859504,55.00446319580078,12975600
2023-03-27,55.2212265737636,55.528312371091054,55.04962112203085,55.41089630126953,12777400
2023-03-28,55.44702258920326,55.76314223421594,55.33864038439716,55.474117279052734,10925700
2023-03-29,55.74508213617181,55.95281614653579,55.62766606234577,55.87152862548828,9441000
2023-03-30,55.88958211032731,56.07925180767926,55.69087855382082,55.862483978271484,9870700
2023-03-31,56.05216069481871,56.22376613021063,55.8805518140188,56.025062561035156,14440900
2023-04-03,56.26892774047479,56.46763131900062,55.871524028831274,56.359249114990234,12300700
2023-04-04,56.350220000908564,56.66633967022545,56.070232329849205,56.187644958496094,11433400
2023-04-05,56.47666129305193,56.91922741120383,56.4495666036128,56.720523834228516,12789600
2023-04-06,56.77472092284745,56.93729596250947,56.3411886322182,56.756656646728516,9644200
2023-04-10,56.44053419352648,56.62117004394531,56.01603236514463,56.62117004394531,7952600
2023-04-11,56.585047122221816,56.63923650127304,56.35924885508671,56.52182388305664,9913000
2023-04-12,56.43150033376074,56.928255813228525,56.277959171823134,56.62117004394531,9593700
2023-04-13,56.6843995801885,57.04567821199218,56.431506605170945,57.03664779663086,9871400
2023-04-14,56.946319580078125,57.03664094989096,56.70245704969541,56.946319580078125,8946000
2023-04-17,57.19018103249477,57.37985073741473,57.027606015303974,57.316627502441406,9452400
2023-04-18,57.36178568345485,57.443073190944425,57.072764200249196,57.40694808959961,9035700
2023-04-19,57.56049404751238,57.65081542192965,57.28953681507685,57.51533508300781,9769500
2023-04-20,57.47017470878957,57.804355172415846,57.29856582431031,57.768226623535156,10706400
2023-04-21,57.8043630367109,58.04822216131252,57.623723713139476,57.849525451660156,12931100
2023-04-24,58.48174713609891,58.69851152810159,57.461138074646605,57.759193420410156,15532300
2023-04-25,57.95789815725558,57.95789815725558,57.4701765136812,57.66887664794922,12818900
2023-04-26,57.40695637656532,57.59662610628477,57.25341175340551,57.39792251586914,13179600
2023-04-27,57.37985474408598,57.58758873713349,57.000515307757865,57.51533508300781,13795800
2023-04-28,57.45210952874923,57.948868454508364,57.3346934694418,57.93983459472656,13687600
2023-05-01,57.93983704362323,58.427562130214845,57.85854608378314,58.0753173828125,9091500
2023-05-02,57.93080143979089,57.93080143979089,57.1450244542055,57.81338882446289,10948400
2023-05-03,57.82241247144987,57.96692665815021,57.425012239655345,57.48823547363281,11084600
2023-05-04,57.56952835583463,57.74113380045117,57.36179091576175,57.55146408081055,11938300
2023-05-05,57.47920352956723,57.994023277914394,57.47017311530147,57.82241439819336,9039000
2023-05-08,57.63274166892965,57.8585364543189,57.452102395210666,57.73208999633789,7240700
2023-05-09,57.47920478572431,57.57855657185869,57.154054738523826,57.2534065246582,9067700
2023-05-10,57.19018528566011,57.47920679429172,56.892133362249815,57.352760314941406,10134000
2023-05-11,57.42502069263568,57.74113690905544,56.910197440253214,57.677913665771484,9581500
2023-05-12,57.67790354002191,57.97595887352777,57.53339280282724,57.90370178222656,8740800
2023-05-15,58.00305277330407,58.03014745947063,57.542422436026264,57.75015640258789,8150000
2023-05-16,57.7140403568623,57.7140403568623,57.045675948171606,57.09986877441406,9129600
2023-05-17,57.26244608015607,57.28050691087871,56.65730488869615,57.03664779663086,11583000
2023-05-18,56.91019355111871,56.93729168596596,56.5127898425762,56.720523834228516,13595100
2023-05-19,56.9372893379748,56.9914787146184,56.54891606012511,56.74761962890625,14251400
2023-05-22,56.71149414478976,56.78374779935415,55.49218142331403,55.55540466308594,15055400
2023-05-23,55.555406850458915,55.69991761068567,55.24832105430103,55.456058502197266,13932700
2023-05-24,55.43799718473041,55.48315615369696,54.841889836310024,54.98640060424805,11090100
2023-05-25,54.61608628792231,54.85091497118535,54.32706477987172,54.561893463134766,14463600
2023-05-26,54.59801955645072,54.76962499244462,54.29093378728774,54.42641067504883,12570300
2023-05-30,54.27286520396921,54.372216981017054,53.75804549145559,53.99287414550781,15634200
2023-05-31,54.11932727918671,54.444477336724944,53.62257177812915,53.884498596191406,59432200
2023-06-01,54.13739271488375,54.34512671267439,53.983851542980844,54.191585540771484,13402700
2023-06-02,54.43545080376626,55.38380290894098,54.263845348009745,55.23929214477539,15259800
2023-06-05,55.09477868099762,55.49218240162835,54.68834110000697,54.868980407714844,12915600
2023-06-06,55.04961586387234,55.08574441196782,54.29996399522702,54.47157287597656,10943500
2023-06-07,54.200616138099434,54.51673578872927,54.02901069032317,54.390289306640625,16817900
2023-06-08,54.30899625924682,54.56188919766871,54.17351593057344,54.525760650634766,15585900
2023-06-09,54.43544955477309,54.7967247341936,54.34512817586173,54.6160888671875,12581500
2023-06-12,54.724466609851696,54.778659432775285,54.20964685100571,54.38125228881836,14208900
2023-06-13,54.381258404968996,54.7967264245526,54.227717224195736,54.598026275634766,13397800
2023-06-14,54.85091432035837,55.167033959755926,54.73349825741596,54.96833038330078,14099700
2023-06-15,55.15944654840236,55.78739477452273,54.91372677166446,55.723690032958984,15271400
2023-06-16,56.060414065102385,56.579154644653734,55.95120643563051,56.12411880493164,26738000
2023-06-20,56.05132098935041,56.38804657540999,55.73279725546274,55.75099563598633,13971800
2023-06-21,55.79649686695889,56.169626123021004,55.49617154123552,55.905704498291016,13948700
2023-06-22,56.25152930777118,56.515447444869956,56.05131243608098,56.28792953491211,15193400
2023-06-23,56.369843213407364,56.397147726758064,55.678190207641784,55.69639205932617,25112100
2023-06-26,55.70548550455563,55.77829290378471,54.959227020696936,55.7145881652832,12856100
2023-06-27,55.71459325772152,55.84200274637005,55.496174511718195,55.596282958984375,9068500
2023-06-28,55.40516389121246,55.55077521862552,54.968329908973274,55.077537536621094,11173200
2023-06-29,54.804516399365646,54.92282321541347,54.39498345860969,54.622501373291016,17142300
2023-06-30,54.604302765585786,54.92282647639247,54.485992470865554,54.80451965332031,19739200
2023-07-03,54.78631292118325,55.17764400053546,54.631598938541615,55.13214111328125,9694500
2023-07-05,54.85912555027541,55.60538412891691,54.74991790920913,55.54167938232422,14716600
2023-07-06,55.26865553444006,55.53257716832392,55.05933945394021,55.11394500732422,12603900
2023-07-07,54.88642939403822,55.05934177958569,54.358586103974986,54.385887145996094,14574000
2023-07-10,54.57700371985613,54.74081691187192,53.82164250426688,53.976356506347656,15480600
2023-07-11,54.11285966098086,54.20386890928099,53.54861620811139,54.16746520996094,15967700
2023-07-12,54.37678405148005,54.64980486703236,54.10376323592775,54.45869064331055,14241300
2023-07-13,54.71351258860294,55.02293712218985,54.586103099181535,54.922828674316406,11269800
2023-07-14,54.73171766181363,55.550783672946395,54.68621476600591,55.42337417602539,11634200
2023-07-17,55.295958631002065,55.6053831683851,55.050242310759536,55.34146499633789,10014300
2023-07-18,55.477970470859084,55.74189209930028,54.97743172592967,55.123043060302734,11152900
2023-07-19,55.30505187726042,56.23332533137461,55.22314529390776,56.0968132019043,12936000
2023-07-20,56.133226862313954,56.79757883557908,56.12412420052156,56.77937698364258,11563000
2023-07-21,56.843076728264705,57.04329361030191,56.64286331787548,56.82487487792969,12815100
2023-07-24,56.806674911404,57.16160579723499,56.78847653211347,56.84307861328125,10251100
2023-07-25,56.69746517010471,56.77937176046018,56.4699472493004,56.65196228027344,13422700
2023-07-26,56.297028580148,57.48922012991231,55.86929382596824,57.38001251220703,17145500
2023-07-27,57.38001916237977,57.58023604441697,56.77027279857262,56.82487487792969,11517100
2023-07-28,56.96139079628883,57.12520398851719,56.6246652218853,56.86128234863281,9721800
2023-07-31,56.833986055698496,56.833986055698496,56.17873323203782,56.360748291015625,15577900
2023-08-01,56.50635635575095,56.752076150325216,56.07862151279039,56.21513366699219,9281600
2023-08-02,56.02401963816135,56.96139245413478,56.02401963816135,56.38804626464844,11059400
2023-08-03,56.306129254550484,56.533647155902564,55.996704769845756,56.0968132019043,8037400
2023-08-04,56.133228514509774,56.3243427579958,55.16855116337095,55.250457763671875,9359300
2023-08-07,55.32325977795636,55.81469933183244,55.27775688703777,55.687286376953125,6982600
2023-08-08,55.687290075239126,55.832901418837736,55.16854944669107,55.44157028198242,7956100
2023-08-09,55.43246902228116,56.087721779835164,55.28685768411896,55.5689811706543,7904100
2023-08-10,55.832901418837736,56.178729661752534,55.32326345206675,55.44157028198242,7870300
2023-08-11,55.368760794387704,55.69638715254677,55.232248654605456,55.66908264160156,8483900
2023-08-14,55.80559692821549,55.95120826281584,55.28685633172376,55.40516662597656,7176300
2023-08-15,55.232249237342366,55.42336692938352,54.941026576272364,55.03203582763672,7187400
2023-08-16,55.09573561182473,55.35055454942764,54.96832614302327,55.04113006591797,8372300
2023-08-17,55.13214567602618,55.53257597730979,55.01383538205563,55.159446716308594,12873500
2023-08-18,55.095735225623066,55.596273908826326,54.94102124912889,55.46886444091797,11083800
2023-08-21,55.38695943185318,55.45066416761704,54.8955199231196,54.995628356933594,8648500
2023-08-22,54.91372781509099,55.132146555779805,54.58610143988184,54.65890884399414,9411500
2023-08-23,54.78632043178329,55.00473570920494,54.74991672833026,54.85002517700195,7749500
2023-08-24,54.85002188640676,55.40516617999196,54.686208702343976,54.704410552978516,8955100
2023-08-25,54.97743418188802,55.12304552276586,54.613404093869335,54.959232330322266,7629200
2023-08-28,55.104842345936156,55.26865553444006,54.941029157432254,55.11394500732422,6254300
2023-08-29,55.11395080448903,55.177655554313766,54.74082149623764,55.05934524536133,8189600
2023-08-30,55.18674634748417,55.27775559884852,54.86822264682885,55.03203582763672,9447900
2023-08-31,54.87731624802654,55.03203022376755,54.43138311251811,54.4495849609375,14663500
2023-09-01,54.604304761309365,54.7226150603537,53.80344065274866,53.976356506347656,11262300
2023-09-05,53.92174567149892,53.98545040975029,53.39390244410424,53.53041458129883,12474600
2023-09-06,53.34839579462249,53.539513467551025,53.16638078174406,53.4940071105957,13923500
2023-09-07,53.64873143936296,53.839845677523726,53.05718340126732,53.08448791503906,17628600
2023-09-08,53.05718340126732,53.15729185125104,52.79326175524629,53.08448791503906,14312300
2023-09-11,53.14818419532385,53.68512659199682,52.993470214088724,53.585018157958984,14767400
2023-09-12,53.68512632145446,53.69422551011762,52.957066249083844,53.05717468261719,12292700
2023-09-13,53.14818534401855,53.40300429315119,53.09357979564106,53.18458557128906,12641400
2023-09-14,53.423091313971575,53.74414213649646,53.37722391144672,53.62489318847656,12311600
2023-09-15,53.57902800695521,53.79000475660869,52.97361539950001,53.14789962768555,55727500
2023-09-18,53.18458955215422,53.52398661118131,52.86353875296526,53.47812271118164,13617400
2023-09-19,53.441427343134826,53.56067627613114,53.129547940892124,53.368045806884766,11998900
2023-09-20,53.4781241714467,53.96429132245397,53.27632230609952,53.606544494628906,14766600
2023-09-21,53.542329648399864,53.588193545639065,52.67090160409078,52.78097915649414,15941800
2023-09-22,53.06534443906474,53.17542200603059,52.744293616726495,52.836021423339844,14644100
2023-09-25,52.652558893187425,52.73511530797068,52.04714635117393,52.285640716552734,12358800
2023-09-26,52.037974173524404,52.193915631406036,51.73526963639962,51.854515075683594,11194700
2023-09-27,51.75360788098091,51.854510550948326,51.07481382714892,51.32248306274414,13766300
2023-09-28,51.57932987757575,51.66188629936402,51.0931662265956,51.194068908691406,12484800
2023-09-29,51.49677268458668,51.6160216252042,51.01978042130792,51.350006103515625,12271600
2023-10-02,51.28580093236932,51.377528742265795,50.524450312492,50.89136505126953,11792500
2023-10-03,50.597828810761925,50.84549808158399,50.249256855620715,50.34098815917969,13604200
2023-10-04,50.350163420128226,50.70790678359877,50.18505056018925,50.48775863647461,12100500
2023-10-05,50.21256189987149,50.405192365795415,47.91933206975514,48.047752380371094,29878100
2023-10-06,47.735876142706076,48.882491133648145,47.28640152661263,48.744895935058594,30298900
2023-10-09,48.57977878063613,48.75406648325814,47.80008205573971,48.50639724731445,15704700
2023-10-10,49.65302204992229,49.83648116864164,49.13016583604671,49.5612907409668,20909700
2023-10-11,49.73557064034499,49.7906059178534,48.634819600692595,49.26774978637695,21138900
2023-10-12,49.313612800323405,49.37782645491765,48.09361634847125,48.44218826293945,19330400
2023-10-13,48.3779837025264,49.001739070125794,48.2862523990622,48.51557540893555,14494600
2023-10-16,48.63481668257912,49.1301551455808,48.46970386157856,49.01090621948242,12816800
2023-10-17,48.900836324953765,49.625494324010475,48.80910502816791,49.59797668457031,16457200
2023-10-18,49.625495705494025,50.0199315446756,49.46038286587424,49.57963180541992,12809500
2023-10-19,49.680536026100754,50.23090984244416,49.40534911792905,49.854820251464844,16202200
2023-10-20,50.0199328455209,50.46940747599544,49.937376423564,50.05662536621094,15686400
2023-10-23,49.88234559223345,50.35016302560041,49.57963751832001,49.60715866088867,21212700
2023-10-24,51.047295148234866,51.52428385240154,50.72624088677973,51.03812026977539,25290800
2023-10-25,51.14819840514746,51.57015536823798,50.96474281158506,51.478424072265625,16701000
2023-10-26,51.70774827971834,51.94624615566542,51.11151058823308,51.16654586791992,16228400
2023-10-27,50.95556952107788,51.496771937019254,50.54278742431051,50.67121124267578,13626500
2023-10-30,50.84549198862476,51.62518872988983,50.836317109772594,51.505943298339844,15014300
2023-10-31,51.891210676058584,52.02880588240653,51.50594969699066,51.81782913208008,16639400
2023-11-01,52.10218306570468,52.1755681027327,51.60684456333907,51.77195739746094,14110800
2023-11-02,51.826995995737214,52.42323717235578,51.69857568057411,52.36819839477539,13087200
2023-11-03,52.65256223868399,52.826846459104246,52.01045713837003,52.047149658203125,13958700
2023-11-06,52.083837589210475,52.54248357995503,52.04714856933623,52.25812530517578,12673200
2023-11-07,52.21225439958673,52.65255760041406,52.037970194519524,52.45075225830078,10449300
2023-11-08,52.5791751267135,52.716770321068914,52.212256941226514,52.36819839477539,13744000
2023-11-09,52.31315955893024,52.414062234786336,51.7077470029848,51.97376251220703,12021100
2023-11-10,52.16639648329137,52.22143526450166,51.42339218250513,52.028804779052734,11678900
2023-11-13,51.93706996394626,52.37736968627196,51.918723704783794,52.221431732177734,12798200
2023-11-14,52.30398739060699,52.50579273927755,52.111356920980235,52.37736892700195,12697100
2023-11-15,52.56082407893139,52.59751659397542,52.05631424424384,52.478267669677734,10201900
2023-11-16,52.51496846450262,52.771809111924014,52.11136123295596,52.423240661621094,16010400
2023-11-17,52.45992924298042,52.59752444533931,52.010458113765246,52.524139404296875,14475800
2023-11-20,52.33151068583649,52.81767785116588,52.24895426147425,52.652565002441406,13051000
2023-11-21,52.70760110983766,53.23963218608714,52.5883556610437,53.2304573059082,13891600
2023-11-22,53.441429223924814,53.69827335781698,53.32218378592292,53.58819580078125,11320600
2023-11-24,53.62488925171166,53.89090477038414,53.51481519195421,53.725791931152344,4816000
2023-11-27,53.698278233163116,53.835869943163125,53.45060895613327,53.62489318847656,16246500
2023-11-28,53.56986104643235,53.96429693678044,53.53316852193678,53.7349739074707,13739600
2023-11-29,53.73497186987843,53.817524798075524,53.29466859101099,53.413917541503906,11263600
2023-11-30,53.58958816294877,54.05188620478315,53.25673300849935,54.03339385986328,22727500
2023-12-01,53.87621176203089,54.26454040647915,53.84847500944287,54.21831130981445,15371200
2023-12-04,54.172083500522,54.514183056435385,54.033392680178,54.15359115600586,14942200
2023-12-05,54.135095023266324,54.393984301321844,54.01489655584961,54.23680114746094,11891500
2023-12-06,54.14434284581349,54.30152247229372,53.82073213068048,54.18132400512695,14868500
2023-12-07,54.24604697564,54.44945922935432,53.987161217861,54.31077194213867,11587900
2023-12-08,54.31076929600587,54.32001370388161,53.96866624468996,54.19057083129883,11178700
2023-12-11,54.393985706148136,54.634379120136344,54.08886732568404,54.58815002441406,14524800
2023-12-12,54.73609015653354,54.93949890136719,54.458712030266405,54.93949890136719,12899000
2023-12-13,54.967231797262016,55.49425122447291,54.791556303489216,55.41103744506836,16196800
2023-12-14,55.44802460765335,55.512746047075325,54.33850867504905,54.58815002441406,22478300
2023-12-15,54.39398418821193,54.70834344117239,53.44164791305037,54.18132400512695,65177400
2023-12-18,54.366247923783355,55.004221466032384,54.199820349897,54.56966018676758,16717700
2023-12-19,54.551165379279325,54.73608528936563,54.218310246534756,54.393985748291016,14612200
2023-12-20,54.088858077901136,54.24603768189406,53.22898364167793,53.265968322753906,17701000
2023-12-21,53.487882228877,53.691294496699996,53.136538255251665,53.61732864379883,11725100
2023-12-22,53.73752346749938,54.051886277451565,53.645065269829864,53.92244338989258,9029400
2023-12-26,53.68204631873345,54.283031616931794,53.68204631873345,54.144344329833984,6422500
2023-12-27,54.21830621426706,54.33850467594197,53.99640516030962,54.28302764892578,8560100
2023-12-28,54.227556764513764,54.43096548594346,54.11660270512976,54.32001495361328,8400100
2023-12-29,54.310770595645245,54.53267166051038,54.209064471309624,54.48644256591797,9244300
2024-01-02,54.36624168512269,55.364807013852946,54.24604322287471,55.309329986572266,16322600
2024-01-03,55.411037358146636,55.66067869596868,55.25385420749405,55.43877410888672,14830600
2024-01-04,55.52198651828941,55.71615082278699,55.16139465935001,55.25385284423828,12912900
2024-01-05,55.29084132302882,55.429532136931755,54.634378994936604,55.1706428527832,10412800
2024-01-08,55.179892290249875,55.64219031310582,54.939495343214546,55.57746887207031,11554600
2024-01-09,55.46651319118076,55.60520046894574,55.124410146509035,55.47575759887695,10493700
2024-01-10,55.6791712064257,55.854843173398,55.45726661867574,55.66067886352539,12258000
2024-01-11,55.70691178036019,55.71615618891789,55.18913672477839,55.30009078979492,13754200
2024-01-12,55.54973079199468,55.901074741490945,55.35556294647378,55.83635330200195,13218000
2024-01-16,55.836358544737635,55.873343235647994,55.33707579861064,55.466522216796875,11826900
2024-01-17,55.34632373486536,55.669930962695304,55.309339043955006,55.466522216796875,8982100
2024-01-18,55.189137908564845,55.68842063068665,55.041202679090325,55.62369918823242,10397700
2024-01-19,55.71615366438064,55.734646007712165,55.142905129318876,55.318580627441406,14392600
2024-01-22,55.25385418683678,55.54048021024095,54.957983755540624,55.078182220458984,14314300
2024-01-23,55.04120760903278,55.475768927623236,54.976486160781576,55.33707809448242,14481600
2024-01-24,55.29084651418251,55.3000944504064,54.44946419757522,54.46795654296875,16370500
2024-01-25,54.560413485354275,54.70834871803861,54.23680626606171,54.69910430908203,14899700
2024-01-26,54.782314235580465,55.00421883248907,54.67136370065312,54.89326477050781,13025100
2024-01-29,54.865528110707125,55.28159702620101,54.70834495282992,55.22611999511719,14547100
2024-01-30,55.33707197197925,55.4942551339517,54.96723566961315,55.383304595947266,22061500
2024-01-31,55.56821966745462,55.8918303922959,54.81929914484561,55.00421905517578,22837000
2024-02-01,55.07818617145649,56.40960320779752,54.88402184831271,56.381866455078125,15870900
2024-02-02,56.233933841404884,56.28016294043631,55.68842200790401,55.97504806518555,17544900
2024-02-05,55.82711152217535,55.82711152217535,55.36481348859966,55.51274871826172,12759600
2024-02-06,55.4387766149208,55.52199039795638,55.17989085750074,55.420284271240234,12775200
2024-02-07,55.540488071563324,55.669930962695304,55.42028958963181,55.466522216796875,10259900
2024-02-08,55.37405413038212,55.44802350370821,54.930248471587156,55.318580627441406,12874800
2024-02-09,54.9857292365643,55.087435368269276,54.57890470974441,55.06894302368164,15235300
2024-02-12,55.161394831709224,55.253853016886396,54.51417695430798,55.19837951660156,13516800
2024-02-13,55.013461928806116,56.08599314633598,54.35699961614857,54.87477111816406,24195700
2024-02-14,54.708339923861686,55.096672051643864,54.58814499147632,54.81929397583008,15872500
2024-02-15,54.93950169766315,55.09668487768248,54.67137149395509,54.92101287841797,13695800
2024-02-16,54.874777546771,55.12441891894,54.51418562932274,54.91176223754883,13947100
2024-02-20,55.10592797982406,56.25242873381523,55.02271418697749,56.12298583984375,18339300
2024-02-21,56.391108246379424,56.65923838991112,56.243173036238154,56.622257232666016,14373000
2024-02-22,56.39111582588303,56.63150925202865,55.93806219996299,56.5390510559082,12982800
2024-02-23,56.48357523791595,56.973610036600604,56.400361448794584,56.58528137207031,13612900
2024-02-26,56.62225949079084,56.64999624159422,56.0859921282336,56.13222122192383,10336100
2024-02-27,55.975046719270615,56.19694780010755,55.58671453722484,55.79012680053711,9931100
2024-02-28,55.817867475224354,55.92882155049171,55.531244931752845,55.84560775756836,8076500
2024-02-29,55.799366091148606,56.06749977236514,55.38330072097908,55.4942512512207,18152700
2024-03-01,55.38330178981777,55.38330178981777,54.865526760274754,55.04119873046875,10927600
2024-03-04,54.763823390043704,55.42953367192687,54.754578981486,55.30009078979492,10150200
2024-03-05,55.392555283065434,55.57747521873553,54.93950161702642,55.03196334838867,12310000
2024-03-06,55.031951818045194,55.47575745443423,54.90250894831343,55.059688568115234,12378800
2024-03-07,55.18913775486475,55.263107132923054,54.77307234797606,54.95798873901367,13686900
2024-03-08,54.828551066446124,55.28160473248514,54.52343617058672,55.03196334838867,13239000
2024-03-11,55.27234174447984,55.74388762838353,55.08742538621916,55.69765853881836,14114300
2024-03-12,55.771633190120674,56.16920977190506,55.66992706077294,55.93806076049805,12684600
2024-03-13,56.28940949665949,56.59452436443101,56.215440118379064,56.51131057739258,13909500
2024-03-14,56.46005145017989,56.665087179571856,56.29229268187191,56.38549041748047,13996600
2024-03-15,55.938137407006025,56.338894087654566,55.58397959626097,55.80765914916992,36849900
2024-03-18,55.81698129006133,56.292299039034084,55.73310189643473,56.0406608581543,15856700
2024-03-19,56.14317581934737,56.24569190941899,55.97541704611625,56.133853912353516,15030600
2024-03-20,56.08725717611929,56.6744129047571,56.06861691668854,56.618492126464844,15258800
2024-03-21,56.44141188640666,56.842168553932275,56.217732340822174,56.3575325012207,13067100
2024-03-22,56.40412972121687,56.65576786942076,56.32025033848224,56.37617111206055,11502800
2024-03-25,56.366851027165616,56.581208666578256,56.031333485383826,56.292293548583984,13144700
2024-03-26,56.385490937164114,56.58120831690537,56.27365294234993,56.42277145385742,13277400
2024-03-27,56.655771937170414,57.25224601043512,56.571892548413445,56.87944793701172,12551200
2024-03-28,56.98196844344516,57.09380644505074,56.85149018236098,57.019248962402344,13683500
2024-04-01,57.01924514913341,57.131083143259616,56.50665049118375,56.55324935913086,11668700
2024-04-02,56.338892420711005,56.599848928662084,56.022015137370786,56.059295654296875,13017300
2024-04-03,55.96609454058933,56.28297182494082,55.71445638343382,55.76105880737305,13672900
2024-04-04,56.00337164117246,56.059292413328635,55.14593757777227,55.26709747314453,14320700
2024-04-05,55.22050949190423,55.62126621651994,54.90363216442358,55.462825775146484,10157800
2024-04-08,55.36029945377525,55.42553857780882,55.0527405359607,55.239139556884766,10284500
2024-04-09,55.43485927274033,55.67717907676644,55.10866363878107,55.658538818359375,10779100
2024-04-10,55.285742865503586,55.350981994779126,54.698587146757845,54.91294479370117,11861900
2024-04-11,55.1273046869252,55.33234042180869,54.79178714132299,55.03410339355469,11109000
2024-04-12,54.94090348261272,54.996820701157766,54.17667068352797,54.31646728515625,12250900
2024-04-15,54.62402655602503,54.810425581315265,54.092791644870545,54.18598937988281,12425000
2024-04-16,54.288515892261024,54.409675807323424,53.9902788361583,54.1114387512207,11236800
2024-04-17,54.31646892874127,54.57742899248878,54.14871015749852,54.530826568603516,13805100
2024-04-18,54.63333947684493,54.968856977963654,54.5587820072993,54.90361785888672,11125900
2024-04-19,55.08070725952855,56.25501877566981,54.987509512968956,56.077938079833984,21207900
2024-04-22,56.049974344876325,56.506651793924284,55.65853957877735,56.432090759277344,15624500
2024-04-23,56.41344868105395,56.55324883887493,56.04065418564083,56.515968322753906,13689100
2024-04-24,56.2177330937092,57.4572836296949,55.77037755181486,57.36408233642578,19548300
2024-04-25,57.66232074945478,58.333355856048044,57.19632493771299,57.54116439819336,19048500
2024-04-26,57.36408371436131,57.71824152675952,57.17768467861141,57.54116439819336,10994300
2024-04-29,57.70892107684364,57.83008098643049,57.34544490334907,57.820762634277344,13409300
2024-04-30,57.91395437795893,58.55703082315984,57.289521745665105,57.56911849975586,19349200
2024-05-01,57.59707892969884,58.314712872890254,57.04720375531922,57.718238830566406,16729800
2024-05-02,57.951239421011124,58.156278715821486,57.52252412755845,57.77416229248047,10991300
2024-05-03,57.774162198358106,58.09103949197339,57.44796299757615,57.941917419433594,11628700
2024-05-06,58.06308130255389,58.137642343930565,57.690286761468904,58.10968017578125,9310700
2024-05-07,58.491783474625514,58.54770424308599,58.01646938614015,58.361305236816406,9807000
2024-05-08,58.57566833496094,58.68750988235521,58.23083245199276,58.57566833496094,10484400
2024-05-09,58.53840237273868,58.85527970602666,58.48248158853504,58.603641510009766,9113700
2024-05-10,58.64090548229566,59.05098403171332,58.51974914293639,58.95778274536133,8371700
2024-05-13,58.93914614337899,59.29330036632093,58.883225371472896,59.25602340698242,10137600
2024-05-14,59.25602530832003,59.423780518889934,58.52906947127731,58.80866622924805,10852200
2024-05-15,58.77139645660305,59.07895186140596,58.715475676063384,58.83663558959961,9838900
2024-05-16,58.93914873006069,59.39582261057322,58.78070831367267,59.01370620727539,10228000
2024-05-17,59.03234977547194,59.06030838658694,58.659551702697684,58.743431091308594,11539000
2024-05-20,58.65023389667806,58.724791378767364,58.212196690380836,58.31471633911133,11000900
2024-05-21,58.54771621935622,58.69683474382186,58.19355839052553,58.631595611572266,9796200
2024-05-22,58.44519474685224,58.73411343443473,58.39859587602047,58.71547317504883,7419400
2024-05-23,58.240149548643394,58.60362565949188,57.83007101926325,57.86735153198242,9834300
2024-05-24,57.98851706786081,58.17491253907792,57.7555191735737,57.783477783203125,8203100
2024-05-28,57.58776404485357,57.90464134332154,57.22428787563624,57.61572265625,12347000
2024-05-29,57.28952571697869,57.671642136953025,56.91672764883822,57.503883361816406,11861800
2024-05-30,57.64368212386178,57.858043331971565,57.41068421138818,57.755523681640625,9433800
2024-05-31,57.77415960250172,58.74342814359885,57.49455928431825,58.650230407714844,19816600
2024-06-03,58.445191122451156,58.79934891828869,58.20287487599331,58.650230407714844,9369000
2024-06-04,58.901869501095476,59.61950345570732,58.659549695504055,59.5915412902832,11895600
2024-06-05,59.63813772597689,59.7126951973347,59.041660178787204,59.57289505004883,9632500
2024-06-06,59.5729045694252,59.98298317085018,59.498347086153565,59.78726577758789,8658500
2024-06-07,59.73134241763446,59.852505884867284,59.47038944429461,59.5635871887207,9523100
2024-06-10,59.59154600366364,59.63814843130123,59.060311037042865,59.265350341796875,15685300
2024-06-11,59.26534600800016,59.32126678391641,58.78070994919008,59.228065490722656,8396000
2024-06-12,59.35855254279411,59.35855254279411,58.426560804331395,58.603641510009766,9569600
2024-06-13,58.58499396322112,58.752752739703936,58.20287754018049,58.706153869628906,9668900
2024-06-14,58.58875065885444,58.879907589830935,58.316375041032344,58.748416900634766,8179200
2024-06-17,58.5793535788882,59.077144341803205,58.40090244975408,58.81415939331055,10532700
2024-06-18,58.72962670641697,59.00200229966709,58.645096473437704,58.823551177978516,10651700
2024-06-20,58.60753588351359,58.926871951717544,58.184884678118266,58.40090560913086,13306300
2024-06-21,58.40090193228384,59.26498560193257,58.40090193228384,58.95504379272461,28278100
2024-06-24,59.16167677654633,60.1666418301343,59.086537193370106,60.082115173339844,13212500
2024-06-25,60.05393523812817,60.17603526773653,59.65006894106799,59.96001434326172,10235300
2024-06-26,59.54676048317488,60.21360818678431,59.38709065418447,60.157257080078125,9402500
2024-06-27,60.15725874460775,60.36388186348274,59.75338883254004,60.02576446533203,8494100
2024-06-28,60.01636479392446,60.166636781963554,59.65945896948801,59.781558990478516,17358800
2024-07-01,60.13846129535656,60.39205557613957,59.283768313227874,59.434043884277344,10033400
2024-07-02,59.41525841192033,59.52796777624992,59.03957127937824,59.311946868896484,8878200
2024-07-03,59.349516171764144,59.80034290405582,59.10531970200913,59.48101043701172,9154200
2024-07-05,59.481009737992565,59.91305157017152,59.17106434783005,59.88487243652344,11735500
2024-07-08,59.72520698521852,59.72520698521852,59.020789543302676,59.13349533081055,11235100
2024-07-09,59.2274208913836,59.387087128041074,58.785984806514776,58.879905700683594,11657500
2024-07-10,58.90807937700806,59.03957004980193,58.50421312036852,59.01139450073242,11930400
2024-07-11,58.83294230675913,59.603105065495136,58.60753073890347,59.264984130859375,11431600
2024-07-12,59.60310657210977,60.2136031176175,59.537361231252305,59.828521728515625,9201500
2024-07-15,59.913054381573296,60.05393572501516,59.49979384196448,59.556148529052734,8207500
2024-07-16,59.57493223639029,60.401446133416194,59.53736244574753,60.36387634277344,9025100
2024-07-17,60.55172664976212,61.415810356749375,60.495375545390566,61.24674987792969,12508200
2024-07-18,60.86167360414363,61.810283991830325,60.786534019265915,61.227970123291016,11128200
2024-07-19,61.65061084517416,61.65061084517416,60.8804481006763,61.32188415527344,13775700
2024-07-22,61.28431878997349,61.32188858091707,60.410840856223835,60.83348846435547,11794200
2024-07-23,61.45338375050258,62.0263105642139,60.90863249062862,61.01194763183594,11810300
2024-07-24,61.13403418609597,61.96055518189564,60.88984131524996,61.81027603149414,13244600
2024-07-25,62.02630976756943,62.82464816743157,61.85724928101113,62.05448532104492,16328600
2024-07-26,62.0544764774573,63.03126946439872,61.998125378537104,62.974918365478516,13530100
2024-07-29,62.815244518881975,62.95612943086225,62.35502716107041,62.768287658691406,12140200
2024-07-30,62.43956625734774,63.70751624103876,62.3268568850867,63.56663131713867,13258000
2024-07-31,63.39756174305493,63.50087686137399,62.56165372443984,62.68375015258789,15576800
2024-08-01,62.927959250321045,63.9704976559335,62.646189402321234,63.829612731933594,16495900
2024-08-02,64.36495927483509,65.43567305850767,63.576015293477916,65.11634063720703,22514800
2024-08-05,64.79699805286809,65.32296784848,63.613582135573964,63.961090087890625,25484300
2024-08-06,64.00805967664238,64.65611878324486,63.65115029040792,63.91413879394531,12969100
2024-08-07,63.9141318676876,64.97545134198872,63.7075016487238,64.29920959472656,13365300
2024-08-08,63.8671821604717,64.67491474340464,63.72629723727086,64.55281829833984,15240900
2024-08-09,64.52464068891791,64.60917451581207,64.1019930515634,64.505859375,12080400
2024-08-12,64.28982920533434,64.37436302480171,63.70751537086821,64.02684783935547,11012300
2024-08-13,63.94230741287298,64.44009448635671,63.87656208553934,64.29920959472656,9877600
2024-08-14,64.08319959546272,64.70308315717708,63.98927154655394,64.41192626953125,14328000
2024-08-15,64.44950846717924,64.73127117105322,64.33679908620637,64.4776840209961,11285100
2024-08-16,64.65613183211822,65.08818087798787,64.46829002881395,64.97547149658203,12651200
2024-08-19,65.13513621836152,65.20088156454666,64.66552455540909,64.78762817382812,9843900
2024-08-20,64.79700310534142,65.172693798443,64.59037286585034,65.16329956054688,11957400
2024-08-21,65.25724731733408,65.86773681658948,65.11636236915739,65.3417739868164,8792400
2024-08-22,65.67047883853594,65.67047883853594,64.60915929246153,65.11634063720703,12509200
2024-08-23,65.18209674536513,65.60474435300968,64.75005489856926,65.54839324951172,11834700
2024-08-26,65.58595098278482,66.60970072521312,65.49203010565343,66.53456115722656,12912200
2024-08-27,66.98541185433139,67.18264790624706,66.73182469207005,67.15447235107422,16988400
2024-08-28,67.25776867390178,67.44561043295373,66.96661179766014,67.3892593383789,13272600
2024-08-29,67.53015085067027,67.83070199399494,66.90087301397558,67.67103576660156,17201700
2024-08-30,67.8119193073679,68.15943450757923,67.41744724163945,68.06551361083984,18624200
2024-09-03,68.03733589443092,68.83567423988183,67.85888118030837,68.57269287109375,14755800
2024-09-04,68.84507006720258,69.06108741124558,67.53955026652612,68.15003967285156,18140800
2024-09-05,68.20639086899895,68.26274196756489,66.66606540542624,66.84451293945312,23866100
2024-09-06,66.67546028622598,67.3141324190154,66.58153938904918,66.81634521484375,17485700
2024-09-09,66.90088614942677,67.91524197874281,66.66608029867386,67.48320007324219,12939300
2024-09-10,67.59589567405648,68.01854325292399,67.17324092948452,67.20142364501953,10277600
2024-09-11,67.0229835462258,67.03237778678448,66.28099618762127,66.76000213623047,11418200
2024-09-12,66.68485439403513,67.04175666888457,66.36552191112328,66.90087890625,12337800
2024-09-13,66.99071258239141,67.58648443744191,66.65028079857339,67.52974700927734,11073800
2024-09-16,67.87016549435528,68.31462783410309,67.72832195173723,68.18223571777344,10786500
2024-09-17,67.99311672226247,68.41866184572787,67.82289722991024,67.89855194091797,12974400
2024-09-18,67.98365708853147,68.44702956074514,67.39734390901502,67.85126495361328,10719700
2024-09-19,67.671586654669,68.03094291841659,66.76375178253808,66.78266906738281,13635600
2024-09-20,66.58407021691279,67.89853992502366,66.55569429418377,67.74723052978516,48578500
2024-09-23,67.66213220272732,68.27680685093212,67.31223459704174,67.83235168457031,11613000
2024-09-24,67.3500628847618,67.91745876050167,66.76374972476025,67.45408630371094,13330600
2024-09-25,67.81344012691086,68.012028336692,67.43517377811466,67.56756591796875,12329100
2024-09-26,67.00963564743944,67.71888241998657,66.99071835986601,67.52029418945312,10815200
2024-09-27,67.6526759372142,68.27680924934297,67.57702122821975,67.88909149169922,11175700
2024-09-30,68.08767624527621,68.27680579335896,67.79452328129904,67.95528411865234,18015300
2024-10-01,68.18225378310525,68.79693575168794,67.73779132559422,67.81344604492188,13294500
2024-10-02,67.51082303317278,67.54865038647743,66.58407812911345,67.15147399902344,11155500
2024-10-03,67.00963165829401,67.13256516087792,66.38549107248919,66.68810272216797,9374800
2024-10-04,66.15852089087964,66.4611324799613,65.93156400277574,66.35710906982422,12684800
2024-10-07,66.24364434243121,66.29092312663535,65.12776258462074,65.2601547241211,14512000
2024-10-08,65.28852156059493,65.66678789750544,65.1183020697267,65.42091369628906,13549700
2024-10-09,65.43036959111183,65.95047946954584,65.31688753035513,65.78971862792969,9037700
2024-10-10,66.0355921222018,66.11124682857483,65.24123213494478,65.48710632324219,8635200
2024-10-11,65.68569520927689,65.80862869730748,65.2506914652879,65.78971862792969,8786300
2024-10-14,65.78971140618245,66.64080873135754,65.69514664001392,66.51786804199219,7659300
2024-10-15,66.63135009029193,67.34059665879964,66.34765579178635,66.51786804199219,10358700
2024-10-16,66.2814610433315,66.85831557042424,66.16798619526743,66.73538208007812,7937300
2024-10-17,66.7921284791487,66.84887312563579,65.79918735101334,66.10179901123047,14674600
2024-10-18,66.07341489699658,66.71646542694896,65.82754072573643,66.61244201660156,15087500
2024-10-21,66.1963561263107,66.508426393894,65.54384687860568,65.67623901367188,11981200
2024-10-22,65.25069389593483,65.95994056871673,64.94808227080776,65.67623901367188,18603300
2024-10-23,63.349911742227036,64.96699331462726,62.96219397367347,64.31449127197266,24655200
2024-10-24,63.97405055461207,64.3428582428143,63.3120826724523,63.643070220947266,17568800
2024-10-25,63.4255688942384,64.02133353389331,63.16078460994733,63.28371810913086,11138100
2024-10-28,63.32154517207321,63.73763888250142,62.98110617532841,63.04730224609375,10761400
2024-10-29,62.6879447281665,62.735223506722626,61.959780833071775,61.99760818481445,16525900
2024-10-30,61.95033308982087,62.92436400691438,61.7706549620669,62.338050842285156,14177800
2024-10-31,62.234019549920575,62.40423901393632,61.71390973169351,61.76118850708008,13383700
2024-11-01,61.912504656606274,62.092182781228196,61.36401885552982,61.477500915527344,12163100
2024-11-04,61.54369854872725,61.86522023800334,61.13706350857623,61.57206726074219,10984500
2024-11-05,61.127606959399245,61.91250835456258,61.127606959399245,61.81794357299805,8780200
2024-11-06,60.91955996991066,61.33565366562698,59.74694080860052,60.238685607910156,22899300
2024-11-07,60.796627301152384,60.89119208378183,60.14411803579741,60.20085906982422,14856100
2024-11-08,60.437268903587885,60.749335542609344,60.27650806687695,60.44672393798828,14719300
2024-11-11,60.51292440213825,60.63586149544515,59.81313280263927,59.91715621948242,13980900
2024-11-12,60.21977132105006,60.285967388805346,59.690199171592674,59.76585388183594,15021000
2024-11-13,59.62399976425513,59.82258795639791,59.09443125187438,59.576717376708984,13177600
2024-11-14,59.680740944374335,59.680740944374335,59.03769037136207,59.15116882324219,15910800
2024-11-15,59.09443188473173,59.22682401424474,58.054201310501725,58.38518524169922,26284300
2024-11-18,58.48921002779022,58.76345295220399,58.21497071079173,58.4986686706543,16062100
2024-11-19,58.53649353537717,59.2173678885794,58.281164300145655,59.18899917602539,16254800
2024-11-20,59.29302544567452,59.58617844258263,58.64997480919533,59.56726837158203,18904900
2024-11-21,59.71857445418568,60.34271141499445,59.52944127661007,60.29542541503906,17292300
2024-11-22,60.749335542609344,60.976299657197465,60.19139832761385,60.44672393798828,19562200
2024-11-25,60.82499170338634,61.193799379882655,60.37107428558972,60.88172912597656,36805300
2024-11-26,60.81553161292382,61.12760185939746,60.579116071321934,61.04249572753906,14473300
2024-11-27,61.430215927200926,61.562608058620086,60.75879662790947,60.92901611328125,13263400
2024-11-29,61.000476492420894,61.21963167991691,60.7622714436175,61.05765151977539,10648400
2024-12-02,61.02906164073218,61.1624579088575,60.36207303055422,60.647926330566406,16500100
2024-12-03,60.71462695856501,61.05764802484913,60.05716870326184,60.5240592956543,24874500
2024-12-04,60.295377390853105,60.362075527674996,58.98046814941361,59.27584457397461,28137700
2024-12-05,59.52358553390331,60.142925914923495,59.17103407394502,59.95235824584961,21040400
2024-12-06,59.8666066475882,60.3716078813807,59.561696196019476,59.580753326416016,15581100
2024-12-09,59.73320858015117,59.96189051719839,58.98047189750124,59.64745330810547,22348300
2024-12-10,59.74274232702642,60.066706302465704,58.87566280964132,59.94283676147461,14949400
2024-12-11,60.02858702734963,60.6288739153604,59.45688765242812,59.68556594848633,32819000
2024-12-12,60.552645109775405,60.905192934832634,60.23821154547463,60.8289680480957,17542100
2024-12-13,60.571697762628425,60.82896355155313,60.13339470065701,60.142921447753906,13429000
2024-12-16,60.24773560409303,60.84802246249715,59.409240078757605,59.59980773925781,24559700
2024-12-17,59.504527683446575,60.552644398505635,59.38065815483112,60.40972137451172,21902400
2024-12-18,59.84754763933885,60.63839853471282,59.828490509540266,59.885658264160156,20946100
2024-12-19,59.74273672187007,60.19056656150807,59.45688703736633,59.5045280456543,21300600
2024-12-20,59.52358285592321,60.08575545527213,59.3425419427989,59.59980773925781,42458100
2024-12-23,59.55216720726556,59.79990262354642,58.627916409080534,59.437828063964844,13010800
2024-12-24,59.26631933588492,59.87613296508789,59.08527841580683,59.87613296508789,5019100
2024-12-26,59.66651079185095,59.78085357843862,59.456889619325764,59.61886978149414,7943800
2024-12-27,59.5045280456543,59.98094539808584,59.27584611718574,59.5045280456543,8542800
2024-12-30,59.39971585296543,59.39971585296543,58.77084509096155,59.10433578491211,8972200
2024-12-31,59.094808037505985,59.485470115858035,58.88518324212531,59.323486328125,9256700
2025-01-02,59.409241978860685,59.790377312051056,58.713673085347786,58.92329788208008,12991000
2025-01-03,58.98047014831156,59.15198068731645,58.71367395720619,58.83754348754883,10403200
2025-01-06,58.59933390531835,58.6660320433716,57.79895261390345,57.94187927246094,17924200
2025-01-07,58.22773243367808,58.80896221553336,57.760841804634545,57.97046661376953,17799600
2025-01-08,58.11338853682823,58.8565984215975,58.05621714770143,58.7994270324707,14412400
2025-01-10,58.67556106226698,58.742259198770235,57.865649407222556,58.189613342285156,22425000
2025-01-13,58.2467779401867,58.9328163549154,57.846585533050835,58.742252349853516,18016200
2025-01-14,58.751790490941524,59.142452592726876,58.40876939966149,59.113868713378906,16658300
2025-01-15,59.39018662318807,59.66650591458108,58.770842634847746,58.856597900390625,16187200
2025-01-16,58.523102706805034,59.361598220102614,58.42782069531075,59.31395721435547,12585500
2025-01-17,59.37113042303627,59.80943350499399,59.23773051416683,59.752262115478516,17948900
2025-01-21,59.93330456260151,60.24773812602943,59.36160155716973,59.4759407043457,19817100
2025-01-22,59.190090959814675,59.352074750029914,58.75178786709854,58.866127014160156,18191900
2025-01-23,58.8851878814025,59.05669843026719,58.47546864075643,58.62792205810547,16528400
2025-01-24,58.80895152499458,59.08527079116116,58.54215537056498,58.999515533447266,19244600
2025-01-27,59.90471686995607,61.15293164169917,59.523585168921244,60.85755157470703,20742900
2025-01-28,60.514531396973176,61.01953626962897,59.34254512891991,59.41877365112305,14956000
2025-01-29,59.609338055145436,60.37160506152309,59.59980767300433,59.86660385131836,11325600
2025-01-30,60.8384928806838,61.2577424662547,60.24773639665991,61.0290641784668,13201000
2025-01-31,60.695575281482064,60.914726841345676,60.400195195695716,60.4859504699707,12096800
2025-02-03,60.200095654000876,60.62887198895618,59.48546964066732,60.36207580566406,12067900
2025-02-04,60.60981642791567,60.62887355827094,59.40924265896522,59.714149475097656,15678000
2025-02-05,59.76178977269099,60.30490522660681,59.63792025177709,60.142921447753906,10686800
2025-02-06,60.619340332882345,60.73368310965172,59.94282859348789,60.371604919433594,13423400
2025-02-07,60.43830596228203,60.905192934832634,60.2858525540322,60.8289680480957,13184700
2025-02-10,61.07670175071887,61.60076373439831,60.657455798551176,61.5054817199707,16154300
2025-02-11,64.3163314642445,64.47831159138822,63.27774530479877,64.41161346435547,30589100
2025-02-12,63.7160639340094,65.57408883489327,63.7160639340094,65.46927642822266,26033800
2025-02-13,65.74559042951186,66.32682014385861,65.51691215044882,66.22200775146484,24393100
2025-02-14,66.08862163087123,66.72701919562262,65.51692221065278,65.62173461914062,20779100
2025-02-18,65.31683360001782,66.09815790686663,65.19296041373302,65.79325103759766,15569100
2025-02-19,65.94569817759968,66.82230448269675,65.9075839117842,66.76513671875,16032300
2025-02-20,66.42211215292754,66.76513325793312,66.14578919225346,66.7365493774414,13398000
2025-02-21,67.00332282333267,68.22294983975617,66.82228193917433,67.9847412109375,21662300
2025-02-24,67.49879824491676,68.34682771019793,67.01285784256636,67.26058959960938,21418400
2025-02-25,67.51786557617426,68.3849413492828,67.39399968560207,68.11814880371094,21555600
2025-02-26,67.90852720011488,67.918057582776,67.2034315437829,67.46070098876953,14531200
2025-02-27,67.38447049822771,68.16579465392162,67.09861718315969,67.52739715576172,16789500
2025-02-28,68.0800347934527,68.19437757178105,67.23201251211783,67.85135650634766,22167400
2025-03-03,66.92710631954597,68.9471184712179,66.44116586368786,68.90900421142578,21717600
2025-03-04,68.67078963467837,69.22343544981281,66.58407952520072,66.87946319580078,25411900
2025-03-05,66.60314005479165,67.40351763013874,66.54596503544464,66.77465057373047,23933600
2025-03-06,67.08909663415844,67.20343214891359,66.17436889880489,67.13673400878906,21694000
2025-03-07,66.36493717655542,68.43258669558361,66.36493717655542,68.06098175048828,28393300
2025-03-10,68.56598773599018,69.76656155643568,67.95617407756914,68.08003997802734,25251200
2025-03-11,68.48975447631675,68.64221151515812,67.27965762610813,67.68937683105469,28076400
2025-03-12,67.05097743305603,67.39399849115514,66.45068694660685,66.6412582397461,18923300
2025-03-13,66.93664808339688,66.93664808339688,66.01239711755103,66.33636474609375,15746600
2025-03-14,65.76042399261492,66.480323517598,65.63563672143866,66.38433837890625,14205100
2025-03-17,66.46112975686489,67.35380556366981,66.30755498189498,67.30581665039062,15634800
2025-03-18,67.29621020837226,67.37300125091741,66.51872104139392,66.59550476074219,12657600
2025-03-19,65.79883632457589,66.59551977014989,65.78923561129469,66.4995346069336,14780000
2025-03-20,66.5283292466371,67.00826238464072,66.31715749420374,66.91227722167969,16295300
2025-03-21,66.91226305938838,67.16183028882378,65.44366913964382,65.91400146484375,47479500
2025-03-24,66.03879570783279,66.30755706487108,65.5876574342909,66.18276977539062,12575400
2025-03-25,66.1827662915626,66.30755357447431,65.84681461294907,66.04838562011719,12513900
2025-03-26,66.1539798331667,67.52658885614034,66.1347857304782,67.20983123779297,14478200
2025-03-27,67.36340958838663,68.14089885980118,67.25782372150344,67.90093231201172,11663400
2025-03-28,67.96812012521326,68.45765391499688,66.73949261792679,67.54578399658203,17412900
2025-03-31,67.89133285028073,69.05276995891357,67.66095971230604,68.74561309814453,24016900
2025-04-01,68.8032035387378,69.02397596778803,68.33287119204489,68.98558044433594,15309100
2025-04-02,69.07196768036779,69.4559156072594,68.19849328680702,68.46725463867188,14606500
2025-04-03,69.57110048197399,70.98209754477979,69.41751838569184,70.24300384521484,24959600
2025-04-04,69.51351629010156,70.07984122006667,66.98907053560293,67.12345123291016,26517300
2025-04-07,63.57194722354735,66.59552016016018,63.39917099946673,65.62606048583984,34258400
2025-04-08,66.19237035984773,67.17143795653747,65.0405338824221,65.67404174804688,22774400
2025-04-09,65.19410449727124,67.64176600943941,64.57979077212737,67.14263153076172,27918700
2025-04-10,67.37301204782747,68.35207236598922,66.21157480519325,67.92013549804688,22450200
2025-04-11,68.0641052967898,68.96637440635114,67.7089522210198,68.563232421875,19988200
2025-04-14,68.43845718544925,69.74387569260085,68.08330408521627,69.54229736328125,13930200
2025-04-15,69.70548299623432,69.71507638510735,68.84160198981712,68.97598266601562,14965500
2025-04-16,69.45591668635818,69.7534728558033,68.5248453292197,68.80320739746094,15276200
2025-04-17,69.01438479635654,70.48297898622377,68.84160857853696,70.07023620605469,20754500
2025-04-21,70.43497572676047,70.52136748866185,68.93758687031378,69.84945678710938,16037200
2025-04-22,70.07023905401292,71.39485189566878,69.99344799337236,70.93412017822266,15613500
2025-04-23,70.34859173175415,70.98209958917045,69.47511001118603,70.35819244384766,16353900
2025-04-24,70.08942251223019,70.482971145841,69.39832504102648,69.60948944091797,16893900
2025-04-25,69.73427809601003,69.9934387374021,68.27527742957292,69.02397918701172,16316000
2025-04-28,69.18714498560553,69.35992116339808,68.44804404380535,68.90878295898438,15997500
2025-04-29,68.33287106542518,69.79186433791486,67.45938938570245,69.4463119506836,16244100
2025-04-30,70.40617891253758,70.53096619582608,68.81280495064638,69.63829040527344,21074700
2025-05-01,69.11035995566411,69.1487554788676,68.3712662727895,68.4288558959961,18034200
2025-05-02,68.63043266918382,68.93758955743267,68.24648472807328,68.7744140625,12629600
2025-05-05,68.79360814008795,68.91839543174407,68.16010026219504,68.82240295410156,11932700
2025-05-06,68.80321823787632,69.014390000379,68.30409097275998,68.84161376953125,12705500
2025-05-07,68.8416067756494,69.77267818489344,68.79361053515714,69.49431610107422,15018200
2025-05-08,69.30232819009716,69.56149613322366,68.27527177530021,68.31366729736328,14371100
2025-05-09,68.14090424740115,68.29448636526445,67.63217629757627,67.68976593017578,11228900
2025-05-12,67.3346216891083,67.50739791418742,65.94281117508251,66.739501953125,21539000
2025-05-13,66.79708827933806,66.89308076211634,66.10599073644292,66.19237518310547,14389100
2025-05-14,66.11556973809404,66.55710723463339,65.82761432201882,66.38433837890625,16286800
2025-05-15,66.90266003942408,68.85119425154728,66.8066749000911,68.73600769042969,19817100
2025-05-16,68.97597852376606,69.35992642836047,68.56323580788658,69.11035919189453,18441200
2025-05-19,69.13915225718317,69.27353292191808,68.76480507353638,69.04316711425781,13282800
2025-05-20,68.91840631809713,69.23515664547854,68.5632531350343,68.81282043457031,12137800
2025-05-21,68.81281010402026,69.18715733552574,68.70722423634456,68.96638488769531,12094400
2025-05-22,68.95678500950048,69.10076640563639,68.11210538107338,68.28488159179688,11101800
2025-05-23,68.66882990326832,69.0911733813125,67.85294508511771,68.88959503173828,12822100
2025-05-27,68.86078965916526,69.32152859395397,68.6880134740191,68.89918518066406,10666100
2025-05-28,68.82240136900268,69.01437899666826,68.19849421788325,68.29447937011719,8710900
2025-05-29,68.15050195099707,68.78401717440904,67.63217331089585,68.62083435058594,10291100
2025-05-30,68.73601226422632,69.56149769917299,68.73601226422632,69.20634460449219,28019500
2025-06-02,69.1391540031796,69.14875471467369,68.49604547382235,69.11035919189453,10202700
2025-06-03,68.83200681300927,68.89919715651178,67.6417747324516,68.30408477783203,20139800
2025-06-04,68.40006751341322,68.96638505669978,67.84334335943129,68.50565338134766,13565900
2025-06-05,68.51524840525303,68.59203946070974,67.98732637618392,68.06411743164062,13531400
2025-06-06,68.22728194946659,68.6112298417475,68.09290128564781,68.48644256591797,9524000
2025-06-09,68.48645297898595,68.9471919844158,68.23688571257819,68.88959503173828,12281300
2025-06-10,69.01437512824316,69.77267023782304,68.87999445800847,69.4463119506836,12265000
2025-06-11,69.36952921563473,69.45592098439248,68.88000271106746,69.17755889892578,12718500
2025-06-12,69.35032947177953,69.49431085919782,68.72641500843196,69.34072875976562,12806900
2025-06-13,69.37939893453517,69.4857355178651,68.37404694257829,68.65438079833984,17467200
2025-06-16,68.82839354517519,69.23440935442311,67.90037110667531,68.1710433959961,15045900
2025-06-17,68.03570518929553,68.1130422339766,67.26235686828447,67.301025390625,15437000
2025-06-18,67.66836506405285,67.66836506405285,66.78867277809225,66.90467834472656,16227600
2025-06-20,66.78866213477708,67.24300797927467,66.48899035447668,66.54698944091797,40859400
2025-06-23,66.83700962805094,67.48469077447686,66.67267394169208,67.41702270507812,21822800
2025-06-24,67.61036510568933,68.00670454658308,67.36869237640136,67.87136840820312,15216100
2025-06-25,67.60069442202018,67.68769306223604,67.11734897566662,67.31068420410156,12540400
2025-06-26,67.37834059602162,67.591013735607,66.84666512232303,67.156005859375,14454100
2025-06-27,67.27200922058512,68.20970047647026,67.1560110447745,67.98736572265625,23470700
2025-06-30,67.7940282155373,68.43204773134757,67.75535969561551,68.39337921142578,15429000
2025-07-01,68.62537248530037,70.03674005841123,68.53837386019957,69.28272247314453,21729300
2025-07-02,69.30207530337664,69.43741144389041,68.38371449244289,68.54805755615234,13050200
2025-07-03,68.6737092809053,69.02171852833801,68.1033579238987,68.97338104248047,9440500
2025-07-07,68.99272362630313,68.99272362630313,68.44171017669292,68.64471435546875,16984700
2025-07-08,68.32570642189037,68.32570642189037,67.55235082745048,67.90036010742188,17115500
2025-07-09,67.82302226563388,67.91002088749795,66.67265798588909,67.1656723022461,33704100
2025-07-10,66.98199936986916,67.52334380082945,66.85633223418616,67.44600677490234,14608400
2025-07-11,67.25268387918851,67.82303533058068,66.94334309419709,67.54269409179688,12916700
2025-07-14,67.47501556875311,67.74568779176546,66.96266328917694,67.156005859375,13983200
2025-07-15,67.19468008394853,67.23334860127437,66.84667080328141,67.04967498779297,12639800
2025-07-16,67.04000640766368,67.18501150466933,66.49866191245926,66.9626693725586,13178300
2025-07-17,67.4846832135171,68.33537584809433,67.19468039512854,68.23870086669922,20464700
2025-07-18,68.09371270020341,68.34504703635486,67.50403063222251,67.52336120605469,14928000
2025-07-21,67.85203614087102,68.26771351987851,67.60069444361235,67.73603057861328,17811700
2025-07-22,67.13666437151028,67.91968883277382,66.40198476932598,67.33967590332031,22339900
2025-07-23,67.33967621087827,67.41700585996459,66.31497907639034,66.85633087158203,21030000
2025-07-24,66.9529986340547,67.23333981658867,66.69198802002514,66.79832458496094,12511400
2025-07-25,66.82732117449262,66.92399613853969,66.45998138701228,66.8659896850586,12574800
2025-07-28,66.45032622860786,66.60500030302391,65.79297616287126,65.82197570800781,13668800
2025-07-29,66.0636409991318,67.10766875840231,65.87997477547003,67.06900024414062,16223400
2025-07-30,66.80800839697264,67.02068157408556,66.24732590735974,66.45999908447266,10448200
2025-07-31,65.87998089962439,66.36332630992939,65.48363412304677,65.6286392211914,17193400
2025-08-01,66.31498827966506,66.74033459736049,65.99597854139348,66.56632995605469,16107500
2025-08-04,66.43099826868063,66.77900757453297,66.03465146885642,66.66300201416016,10701500
2025-08-05,66.60500252361152,67.17534659768772,66.4599974178285,66.75000762939453,11993400
2025-08-06,66.81767802661862,67.4750281372056,66.34399417284982,67.19468688964844,10783000
2025-08-07,67.14633893922671,68.36437135527369,67.02067179620593,68.08403015136719,15790800
2025-08-08,68.01637011305068,68.50938452117158,67.74569784985209,67.99703216552734,9232700
2025-08-11,67.95837126902137,68.49971579739416,67.62969253731927,68.39337921142578,10909400
2025-08-12,68.46104238892215,68.69304611662024,67.88102938204416,68.35470581054688,11061100
2025-08-13,68.33537925228813,68.41270891588465,67.89070234172783,68.113037109375,10356500
2025-08-14,68.03569275403862,68.11302978458437,67.07867097064678,67.23334503173828,10722400
2025-08-15,67.41701403849164,68.04536453085645,67.25267837325846,67.59101867675781,12381100
2025-08-18,67.64902461327155,67.71669267344487,66.75000188510313,66.82733154296875,14094900
2025-08-19,66.99168894410228,67.8810428899758,66.93368246918565,67.79403686523438,13862200
2025-08-20,68.38370788626794,69.3213991801471,68.0647055145977,68.34503936767578,17530800
2025-08-21,68.2483747575161,68.54805394595623,67.98737146463328,68.30638122558594,8840400
2025-08-22,68.59639216163346,68.65439126128308,67.59103264119369,67.79403686523438,12999600
2025-08-25,67.77470597950841,67.89071155354246,66.43100609183206,66.6340103149414,13634600
2025-08-26,66.74033034209712,66.77899885717359,66.29565348161547,66.44065856933594,17964200
2025-08-27,66.52766165420819,66.5759991451087,66.1893213437015,66.5373306274414,11562700
2025-08-28,66.58566859210917,66.60500654085516,66.00565550925998,66.08299255371094,16209900
2025-08-29,66.38265296404823,66.83699880296693,66.15064924586653,66.6919937133789,14601100
2025-09-02,66.66299883480383,67.03033869556573,65.98631820306724,66.7596664428711,24770100
2025-09-03,66.37299136660353,66.79833028739245,65.1259593965709,66.6919937133789,33581500
2025-09-04,66.80800109283466,67.14634139431152,65.8413103027491,65.97664642333984,16736000
2025-09-05,65.74464181024622,66.29565525813736,65.60930569148456,65.69630432128906,23978000
2025-09-08,65.59963729371096,65.61896786430408,64.92295669397062,65.1839599609375,21671700
2025-09-09,65.03895744471473,65.84131259852624,65.03895744471473,65.59963989257812,14120600
2025-09-10,65.5319669491878,65.8219697495671,64.9712845430833,65.56096649169922,16041900
2025-09-11,65.65764812603881,65.8993208656446,65.32897674030293,65.36764526367188,15128700
2025-09-12,65.34829045032448,65.46429599049445,64.71027841755169,64.77794647216797,18712400
2025-09-15,64.95329083178821,65.05069979913367,64.38830841662555,64.4954605102539,15986100
2025-09-16,64.63183318266859,64.78769347258408,64.3493419810675,64.5246810913086,18555900
2025-09-17,64.69028714199013,65.3916361796912,64.69028714199013,65.30397033691406,17372300
2025-09-18,65.07018254360909,65.30396553899996,64.63183106644534,64.73898315429688,17722900
2025-09-19,64.7682141016505,65.00200456136253,64.33961312250204,64.70977020263672,31192900
2025-09-22,64.44675974249509,64.86561755889781,64.36882959588759,64.4954605102539,13298700
2025-09-23,64.6318351963265,65.03122162780743,64.19349112298063,64.98251342773438,15072800
2025-09-24,64.69028277787076,65.05069668296662,64.25193129807307,64.72924041748047,14759300
2025-09-25,65.02148059505573,65.18707658971151,64.24219395976202,64.27142333984375,14395000
2025-09-26,64.35908758285186,64.61235684779324,63.80384828436788,63.969444274902344,17821600
2025-09-29,63.96944314787988,64.3883083959761,63.657729993377664,64.32986450195312,14818500
2025-09-30,64.35908161115692,64.91432085812184,64.25192952561744,64.60260772705078,13815000
2025-10-01,64.78769998018932,65.0994131595027,64.57339577594355,65.05070495605469,14877500
2025-10-02,64.80717857341283,64.92407380217783,64.1545302677554,64.38831329345703,14350700
2025-10-03,64.38830420314805,65.2552565898979,64.32986031293083,64.92406463623047,12249200
2025-10-06,64.76821349715783,64.77795662417867,64.13504401371371,64.38831329345703,14333300
2025-10-07,64.50520836330489,65.51827804795397,64.16427323669905,65.0604476928711,13328300
2025-10-08,64.9435518374907,65.13837721640509,64.34934743750138,64.40779876708984,12606700
2025-10-09,64.57338364359471,65.07017898447619,64.4077876739099,64.65131378173828,12705200
2025-10-10,64.7974318058862,65.65464857167859,64.66105776256977,65.30397033691406,17991700
2025-10-13,64.51495110345067,65.0701904296875,64.29090377483693,65.0701904296875,13690000
2025-10-14,65.13836877585868,65.82023893413239,65.02147356365718,65.76179504394531,14245600
2025-10-15,65.52800846183872,65.96635995942698,65.18707336271082,65.34293365478516,11193700
2025-10-16,65.44034268654812,66.34626019760547,65.42086386593333,65.8397216796875,15707200
2025-10-17,66.23910860494007,66.72616087409403,66.04429067000962,66.66771697998047,15541800
2025-10-20,66.6579738536856,66.86253491491092,66.16117845823675,66.66771697998047,17786800
2025-10-21,68.74256293071699,69.54132842410492,68.41137092625715,69.375732421875,33651300
2025-10-22,69.51210172620927,69.76537099173758,68.6841143397902,68.9763412475586,18293000
2025-10-23,68.97634194857389,69.09323717196605,67.9145715387836,68.12887573242188,13989400
2025-10-24,68.09965631216875,68.23603036194066,67.84638703466588,67.90483093261719,15688200
2025-10-27,67.97300998907086,68.30420937956804,67.4567357994813,68.24575805664062,13800000
2025-10-28,68.23603331936432,69.0640207808164,68.13861690945225,68.34318542480469,12730500
2025-10-29,68.10938372024359,68.2165358080024,66.39496517975726,66.58003997802734,19789600
2025-10-30,66.67745157580023,67.495703239047,66.61900768264964,67.19373321533203,14751700
2025-10-31,66.77487146533677,67.28140257339447,66.14170200639356,67.11580657958984,16742700
2025-11-03,67.0183931693914,67.10605900789466,65.90791462405109,66.20988464355469,15660400
2025-11-04,66.69693680838454,66.9502060612112,66.39496678928617,66.88201904296875,12743800
2025-11-05,66.88202568528254,67.04762168434198,66.41445220530657,66.73590850830078,12850100
2025-11-06,66.53134572191175,67.34959000103704,66.16118122550238,67.27165985107422,15906700
2025-11-07,68.00223318138879,69.03478901132647,67.61259732447542,68.72307586669922,25108300
2025-11-10,68.19706727491359,68.83023677122218,67.64182793269836,68.69385528564453,15318000
2025-11-11,69.14193971281195,69.89199689731565,68.83022657444545,69.75562286376953,16160200
2025-11-12,69.63873213098434,70.02837543697167,69.4926149622606,69.65821838378906,13612600
2025-11-13,69.5705493845646,69.81407553679158,69.16142723246207,69.2296142578125,14002800
2025-11-14,69.56080976887269,69.78484965447049,68.7717800264845,69.3172836303711,13172000
2025-11-17,69.35623195778484,69.67768820107317,68.79125704052812,68.84970092773438,14772300
2025-11-18,69.15168508863627,69.49262022023566,68.74256293071699,69.375732421875,12838900
2025-11-19,69.35623578193214,69.59976190115498,68.97633563049072,69.26856994628906,12401500
2025-11-20,69.11271279926648,69.62899443818439,68.78152082937,69.36598205566406,15396500
2025-11-21,69.82382625629175,71.29472645659732,69.6387439822887,71.0609359741211,26492500
2025-11-24,71.26548224427948,71.26548224427948,69.71665236692971,70.71023559570312,39818600
2025-11-25,70.91481093285518,71.04144184304033,70.27189839231308,70.72972869873047,17451200
2025-11-26,70.71998873192953,71.1972978797638,70.515427668572,70.99273681640625,11795100
2025-11-28,71.1096215196497,71.33366880266063,70.87583854351031,71.22651672363281,7423000
2025-12-01,71.21671062104878,71.52080910903778,70.55947829711947,70.57909393310547,14388100
2025-12-02,70.43195289503429,70.43195289503429,69.08805366366829,69.32347869873047,19871300
2025-12-03,69.5294813815299,70.03957772438277,69.26462913414561,69.4608154296875,17001700
2025-12-04,69.48043808167684,69.98071537714732,69.02920361774777,69.10767364501953,17710000
2025-12-05,68.98015470377784,69.36272322410035,68.53873179079882,68.66625213623047,13978200
2025-12-08,68.50929973805755,69.03901174436555,68.16596996101379,68.91149139404297,17775100
2025-12-09,69.02920314802958,69.28424383197529,68.49949117640585,68.75453186035156,13010600
2025-12-10,69.04882408874262,69.1861560011192,68.45044612023273,68.87225341796875,29789400
2025-12-11,69.20577045041821,69.34310234558625,67.47930271741396,67.79320526123047,23124200
2025-12-12,67.79321511313755,69.27444646516616,67.72454915557479,69.17634582519531,18444500
2025-12-15,69.08805537892307,69.96109707781287,68.98015067600167,69.61776733398438,18660100
2025-12-16,69.94148583256967,69.94148583256967,68.98015500548561,69.02920532226562,17370000
2025-12-17,69.22538555779013,69.56871529309475,68.97033740412374,69.32347869873047,13672700
2025-12-18,68.93109722766174,69.45100508356167,68.83300408874683,69.0193862915039,15524800
2025-12-19,68.72510528564453,69.42157636091521,68.69567808984861,68.72510528564453,36911100
2025-12-22,68.5975895932156,68.88206497857506,68.33273732906876,68.87225341796875,12828500
2025-12-23,68.86244109216697,68.9213029711228,68.36216376722332,68.53873443603516,9471000
2025-12-24,68.56815681129734,68.82320497809492,68.4210133502977,68.77415466308594,4515300
2025-12-26,68.61720446792987,68.82320981823354,68.40140252518461,68.53873443603516,5711400
2025-12-29,68.66625663385389,69.07825237749029,68.51911315854717,68.82321166992188,9686900
2025-12-30,68.66625835740997,68.90168343339319,68.47007204142865,68.73492431640625,8610900
2025-12-31,68.73491231128206,68.82320137687299,68.54853010483325,68.57796478271484,8127800
2026-01-02,68.51911104084333,68.53873416175935,67.6656923816912,67.80302429199219,12151300
2026-01-05,67.60683119443907,67.60683119443907,66.62588469138326,66.6455078125,21186600
2026-01-06,66.71416800720209,66.94959305207736,66.30216482363629,66.54740142822266,21019900
2026-01-07,66.6945433065423,66.77302081431588,65.98826070463423,66.25312042236328,20223400
2026-01-08,66.25312960190571,68.13654514526131,66.16484052242099,68.04826354980469,19237000
2026-01-09,68.10711800270461,69.31368552979929,67.8030269727335,69.16654205322266,19638600
2026-01-12,69.5491030896066,69.61776904005504,68.90167485621215,69.15672302246094,20582500
2026-01-13,69.07824598974003,69.88262176513672,68.93110252803984,69.88262176513672,18324800
2026-01-14,69.81396713348808,70.34367919107711,69.46082576176207,70.07882690429688,16739100
2026-01-15,70.22595150378933,70.23576306364107,69.02920314283398,69.1371078491211,15464100
2026-01-16,68.95072640972062,69.39214931567197,68.70548979885264,69.09786987304688,20027500
2026-01-20,68.66625529963795,70.41233887981285,68.46025743182238,70.3829116821289,22152200
2026-01-21,70.60852751637842,70.86356820037227,69.48043762200533,70.63795471191406,21660600
2026-01-22,70.4613792282548,70.66737706692139,70.0788107444416,70.50061798095703,13962800
2026-01-23,70.64776418886787,71.66794945492002,70.41233912255672,71.49137878417969,18307100
2026-01-26,71.47176191642889,71.90338076725783,71.15785933874271,71.17747497558594,14017400
2026-01-27,71.05976183920744,72.15841705188214,70.89299525811732,72.14861297607422,13239200
2026-01-28,71.81508932739423,72.21728096770514,71.18728419268787,71.6679458618164,14633700
2026-01-29,71.78565482878287,72.6783121235029,71.74641607635178,72.03089141845703,20862100
2026-01-30,72.30555823528441,73.47288684600143,72.13879914347542,73.38459777832031,26420500
2026-02-02,73.58079652684971,74.25764449940421,72.982418583732,73.89469909667969,19301500
2026-02-03,73.83582910979834,76.02334278217994,73.69849721833332,75.42496490478516,27007100
2026-02-04,75.79773555467241,76.6217345367258,75.61136080194468,75.87621307373047,28607300
2026-02-05,76.33725131507063,77.357436506125,76.1116303419223,77.01410675048828,21633500
2026-02-06,77.00429241539896,77.69095190192543,76.76886737487946,77.5241928100586,18512400
2026-02-09,77.17106512527614,77.60268401241686,76.06259819169836,76.48440551757812,23415600
2026-02-10,75.16991830511063,76.03315590813904,74.56173634009727,75.34648895263672,28848200
2026-02-11,75.41516491122366,77.54382452343293,75.12088544896557,77.1023941040039,22649700
2026-02-12,77.47515822762603,78.8779120285895,77.28877599685985,77.4947738647461,26043500
2026-02-13,76.95524907070349,77.88715272569758,76.64134649357536,77.18087005615234,16711900
2026-02-17,77.48495871799821,78.12257541329457,77.23972210319404,78.04409790039062,16260200
2026-02-18,77.98524490990567,78.3187631197028,77.41629415716362,77.97543334960938,16304900
2026-02-19,77.94601024077411,78.15200811363411,77.09258406690148,77.406494140625,14924700
2026-02-20,77.81848641429748,78.31876373291016,77.38686756621337,78.31876373291016,17175100
2026-02-23,78.00486204858902,79.30952268409519,77.98524641164639,79.0250473022461,17157700
2026-02-24,79.00542093254025,79.54493694149033,78.32856554753775,79.18199157714844,16448500
2026-02-25,78.86809399840112,79.15256935948766,78.0440951104216,78.93675994873047,18086900
2026-02-26,79.21143078063585,79.34876269348376,78.4953365344764,78.96619415283203,12843200
2026-02-27,79.39780707302857,80.43760790224196,79.28009080623886,80.00598907470703,28483500
2026-03-02,79.70189427629934,79.84903773176869,78.62285474290255,78.69152069091797,18137200
2026-03-03,78.33838154573644,78.55419095515605,77.06314820863547,77.82828521728516,20549300
2026-03-04,77.77924424871415,77.95581490755454,76.2685858306413,76.6119155883789,21011800
2026-03-05,76.19991830639643,76.23915706133192,75.04240122989448,75.56230163574219,23165700
2026-03-06,75.33669559764414,75.71926414105175,74.89526517400058,75.5721206665039,15516000
2026-03-09,75.1601250195247,76.58249447921091,75.07183594107374,76.31764221191406,18554100
2026-03-10,76.00373792287166,76.91601846495098,75.63097346402618,76.39611053466797,17243900
2026-03-11,76.22934879011198,76.22934879011198,75.1404976167675,76.15087127685547,11546800
2026-03-12,75.9448738794049,76.67077965540057,75.43478500819083,76.13125610351562,16842200
2026-03-13,76.51645096432705,77.08931376238849,76.23989858884553,76.38804626464844,11974500
2026-03-16,77.039929223689,77.46463682723909,76.78312734967358,76.86214447021484,11761200
2026-03-17,77.039935424523,77.33624588265866,76.49670209643693,76.62510681152344,14900100
2026-03-18,76.1312578376166,76.18063788821625,74.91639405345256,75.03491973876953,13134600
2026-03-19,75.06454477611187,75.50900288230186,74.60032862247638,74.62008666992188,13023300
2026-03-20,74.63983982423535,75.11393501837722,73.47436365476938,73.8299331665039,33298700
2026-03-23,74.4126658990506,74.52131255507207,73.63239633015058,74.18550109863281,15054900
2026-03-24,73.93857930596654,74.75836498201754,73.71140696681856,73.75091552734375,15653700
2026-03-25,73.67189631815938,74.71885430368368,73.15830011686397,74.32377624511719,14787900
2026-03-26,74.26452137646328,74.81762616846487,73.73116709753849,73.77067565917969,11202100
2026-03-27,73.8990771232814,75.11394097394536,73.7805514314765,74.77812194824219,17461000
2026-03-30,74.99541106285753,76.05224059832382,74.78799676548425,75.33122253417969,18502800
2026-03-31,75.58802505147659,76.07199174940631,74.58058309357364,75.11393737792969,18301800
2026-04-01,75.21270041236761,75.42011469878683,74.33365568328682,75.14356231689453,15834300
2026-04-02,75.63741197319341,76.012732006077,75.18307481691718,75.77568817138672,14573400
2026-04-06,75.69667600054902,76.3287979580723,75.2818473788284,76.26953887939453,8259900
2026-04-07,76.24977758167553,76.64485567217139,74.69910229325674,74.97566223144531,12769200
2026-04-08,74.87688224303861,76.41768594335856,74.39291556942865,76.33866882324219,12331300
2026-04-09,75.7065457963766,77.32635905700035,75.4299934156097,77.21771240234375,14311000
2026-04-10,77.02018134532221,77.2078375936662,76.35842235751673,76.5164566040039,11081400
2026-04-13,76.36830058726864,76.4966977595879,74.89664247573404,75.4695053100586,12696200
2026-04-14,75.03492026524209,75.67692121144344,74.86701452814738,74.96578216552734,12397600
2026-04-15,74.80774901071625,74.80774901071625,73.80030703793551,74.38304138183594,16212100
2026-04-16,74.10649107110758,74.90651876429888,73.97809389056084,74.25464630126953,11501900
2026-04-17,74.0274697523208,75.12380784376332,73.87932206603473,74.80774688720703,15033900
2026-04-20,74.88676055073168,75.28183861204782,74.43242341763867,74.55094909667969,10141800
2026-04-21,74.55095375437119,74.60033380544128,73.70153850689346,73.78054809570312,11806900
2026-04-22,73.97808377800114,74.45217140712752,73.63239331187,73.7114028930664,9352300
2026-04-23,74.51143785375471,75.71642250640673,74.23488548143857,75.34109497070312,12060300
2026-04-24,75.76580758807532,76.0621180269568,75.23245331938115,75.6867904663086,12008700
2026-04-27,75.76580889567012,75.76580889567012,74.47193553023166,74.51144409179688,15812200
2026-04-28,78.5412172531557,79.33137339178496,77.11894675330538,77.3856201171875,30710700
2026-04-29,77.40537762829057,78.30417288264714,77.22759287510647,77.89922332763672,18294700
2026-04-30,77.83008167851996,78.1461426102551,77.36586553664618,77.79057312011719,15142200
2026-05-01,78.31405296705915,78.65974345418515,77.07943870197528,77.61279296875,12610400
2026-05-04,77.09918776439626,77.80044774951499,76.77325533151526,77.22759246826172,12672400
2026-05-05,77.22759142265622,77.81032571989103,76.78312578031152,77.51402282714844,11637500
2026-05-06,77.81033320406459,78.3535665295743,77.60291889854851,78.25479888916016,14060300
2026-05-07,77.82020726756068,78.17577677877368,77.13869778182115,77.46463775634766,16531400
2026-05-08,77.60292055134482,78.22516348114569,77.15846239227109,77.45476531982422,12447200
2026-05-11,77.197964898586,77.76094870579604,76.88189641055054,77.69181060791016,10967900
2026-05-12,78.02762378533136,79.3313761851351,77.31648474262246,79.0449447631836,19883100
2026-05-13,78.88691855340774,80.03263671302015,78.8572814801998,79.2721176147461,12357000
2026-05-14,79.73633012474832,79.92398636682198,78.92642347728277,79.45977020263672,10642000
2026-05-15,80.35858013833334,80.35858013833334,79.45977726641584,79.82522583007812,17527200
2026-05-18,79.87460620034847,80.38820241253838,79.40051101291462,80.2005386352539,12375500
2026-05-19,80.4079573308596,81.64257153233709,80.25980211958489,80.91167449951172,16595200
2026-05-20,81.15859795673538,81.3857702871484,80.5165970599895,80.54623413085938,16999700
2026-05-21,80.78328511194727,80.79316413644646,79.72645555516617,80.17091369628906,15708400
2026-05-22,80.18079373220023,80.67463946656079,79.92399184039613,80.47710418701172,8240200
2026-05-26,79.84497795853711,80.5956256152011,79.25236456032373,79.46965789794922,13004200
2026-05-27,80.10177555661761,81.4944241263008,79.80547264117644,80.6153793334961,13209600
2026-05-28,80.31906040924042,80.7536470152924,79.35111956907564,79.4202651977539,14691400
2026-05-29,79.05481939545376,79.34125080149192,77.93873084267382,78.0374984741211,32477000
2026-06-01,77.61279902747475,78.22516292804762,77.46464379700167,77.67205810546875,12776300
2026-06-02,77.90909387588026,78.22515481822813,77.28685101498868,77.44488525390625,12533200
2026-06-03,77.32635697824341,78.05724646997712,77.14857223317446,77.79057312011719,14964300
2026-06-04,78.79802415565302,79.05482604741398,75.86457928836613,75.87445831298828,19361600
2026-06-05,76.55597076990578,79.74621011565878,76.52634123039232,78.50172424316406,25708100
2026-06-08,78.33380178561673,78.9461731606305,78.12638749782673,78.56097412109375,12828900
2026-06-09,78.57085283067298,80.75364989114632,78.40293956795405,80.33881378173828,20591600
2026-06-10,81.66232383960407,82.8179209490803,81.1092190765359,82.56111907958984,20880500
2026-06-11,82.88705819089883,83.00558386840169,81.4746592264769,81.51416778564453,14264500
2026-06-12,81.69195409893706,81.86973885085317,80.86229694698676,81.60306549072266,11757700
2026-06-15,80.59905875880257,80.7183420997319,79.77398025805853,80.43006896972656,20055200
2026-06-16,80.66864464780673,80.90721891798076,79.36641000813258,79.80380249023438,17565100
2026-06-17,79.47575724032673,79.85350804669757,78.52145258615798,79.45587921142578,17055400
2026-06-18,79.39623876813289,79.53540772500882,78.27293672231222,78.91908264160156,46857900
2026-06-22,78.77991251761773,79.58510541106253,78.59103711431025,79.0582504272461,21205900
2026-06-23,80.84757201898508,80.84757201898508,79.3564696545662,79.8336181640625,16854000
2026-06-24,80.41018317932853,81.09609272471494,80.08213882421857,80.12190246582031,20632600
2026-06-25,80.05231839480312,80.89727492674004,79.4956425778356,79.9429702758789,16021400
2026-06-26,80.4797623210587,82.31878701442906,80.22130245985042,82.13985443115234,53357500
2026-06-29,82.33867685516257,83.12399170076121,81.72235179574442,82.15974426269531,15015800
2026-06-30,82.01063304075272,82.05039668202069,80.5294734281817,80.78792572021484,16422100
2026-07-01,81.21537195591496,81.49371743304293,80.47976358385225,80.80780792236328,21734800
2026-07-02,81.14578629545979,83.64089965820312,80.91715485133743,83.64089965820312,18308400
2026-07-06,83.60114036333422,84.05841085947863,81.8317000482984,82.46790313720703,18992600
2026-07-07,84.09817035141258,85.1717658550302,83.14386576513202,83.55143737792969,17835200
2026-07-08,83.67072556663383,84.32681427385329,82.77606259503419,82.9052963256836,14160000
2026-07-09,81.60305668132222,82.32872982020517,81.22531348735522,82.13985443115234,15782500
2026-07-10,82.23927217344301,83.2432756760538,81.92117062708472,82.99475860595703,10694600
2026-07-13,83.40232939225379,84.17770142960003,83.17369035307114,83.75025177001953,12085800
2026-07-14,83.67072715888746,84.12799766770932,82.58719635009766,82.58719635009766,13775400
2026-07-15,82.43807832695161,82.74623705024202,81.7422336020576,81.96092224121094,18383800
2026-07-16,83.00469991197266,84.44609585882439,82.7860036807783,84.41627502441406,17889900
2026-07-17,84.86360750519098,85.05247531163171,80.35053683196853,81.07620239257812,32903000
2026-07-20,81.06627018527625,81.88140586062717,80.8177531185944,81.63288879394531,14967200
2026-07-21,81.48377990722656,81.91122958034106,80.83763399426662,81.48377990722656,12949400
2026-07-22,82.35855587506262,82.42814035162986,81.47383570836246,81.71240997314453,11701300
2026-07-23,81.18555649039521,81.38437470149,80.40024162088422,80.68852233886719,13755600
2026-07-24,81.08614874930944,81.8416427605726,80.42012482639515,81.76211547851562,11980400
2026-07-27,82.58719411133768,83.64090405596605,82.01063269161537,83.57131958007812,19937600
2026-07-28,87.77622734322203,89.68483651594346,85.73838444733994,87.74639892578125,34982900
2026-07-29,88.1241555559104,90.38068724053291,88.1142127494367,88.55160522460938,21711700
2026-07-30,87.11019623577145,88.11420727129791,86.69268939950297,87.96509552001953,17616100
2026-07-31,87.14002662874023,87.47800619410351,86.3050053531352,87.0704345703125,14725900
2026-08-03,87.95516570012737,87.95516570012737,86.11613329497983,86.34477233886719,23197100
2026-08-04,85.28111770594127,86.16583785860287,84.65485742677355,86.04654693603516,17085700
2026-08-05,86.53364526681261,86.63305057621476,85.67874595450408,86.31494903564453,15868600
2026-08-06,87.33883463669507,87.44818274790256,85.90737396935245,86.33482360839844,13568500
2026-08-07,85.99684785589226,86.65292896801027,85.67874631398736,86.53364562988281,11221700
2026-08-10,86.59328770144425,87.01079455510899,85.91732097373699,86.3547134399414,13710800
2026-08-11,86.10619470536355,86.53364435702373,85.59921777336217,85.96702575683594,16018000
2026-08-12,85.27117206002322,86.77221721975558,85.15188872556685,86.1956558227539,12651900
2026-08-13,86.62310558847354,87.22948781993581,86.39447414102047,86.90144348144531,10140600
2026-08-14,86.7821637328356,87.44818765913077,86.68275083769021,87.18972778320312,9166400
2026-08-17,86.78215945237679,87.49788220680313,86.33482419870427,86.46405792236328,12056400
2026-08-18,87.87563736914123,88.43231317838521,87.35871761700973,88.29314422607422,12524500
2026-08-19,88.06450179877645,90.22163564493194,88.06450179877645,89.8140640258789,15993900
2026-08-20,89.64507899150762,91.32505683407821,89.19775129318654,89.96318054199219,14928000
2026-08-21,90.31109902628296,90.6590213970731,89.7842440670666,90.55961608886719,15595800
2026-08-24,91.57356966348647,91.94137006110614,90.9075381739087,91.4443359375,14787700
2026-08-25,91.02682818544653,91.53380511002422,90.7584330983988,91.0964126586914,11940100
2026-08-26,91.66303219256494,91.66303219256494,89.46614227567014,89.54566955566406,17133900
2026-08-27,88.87964534581421,89.49596280331046,88.43231008548368,88.5317153930664,13452600
2026-08-28,88.68083091936839,89.50590941727118,88.54166196600396,89.12816619873047,9887200
2026-08-31,88.97904896289688,88.99892699038024,88.07444323756117,88.14402770996094,23764800
2026-09-01,89.05856930477471,89.24744469586453,87.28912906447658,87.4780044555664,14824100
2026-09-02,87.37860367579782,88.42237082345903,87.20961388772017,87.71658325195312,18492800
2026-09-03,87.58735835000411,88.70071757413677,87.4879530370246,88.283203125,13763000
2026-09-04,88.064504326037,88.38261345294723,87.32889593040467,87.54759216308594,17290700
2026-09-08,87.03067600133623,88.02474422483915,87.03067600133623,87.83586883544922,19426900
2026-09-09,87.78616420026633,87.87563428597807,86.89150884798197,87.03067779541016,12337500
2026-09-10,88.05457222439757,88.43231544978137,87.27920016042388,87.30902099609375,12019900
2026-09-11,87.9154005151429,88.12415394243344,87.28913264913226,87.76628875732422,9988700
2026-09-14,89.46614559651577,89.82401078563296,88.34285116542739,88.81999969482422,14066100
2026-09-15,88.52999877929688,88.9000015258789,87.80000305175781,88.70999908447266,13148900
2026-09-16,88.4800033569336,88.66000366210938,87.73999786376953,87.87000274658203,17074800
2026-09-17,88.08000183105469,88.33000183105469,87.51000213623047,88.05999755859375,16563600
2026-09-18,87.80000305175781,88.29000091552734,87.5199966430664,88.25,28016400
2026-09-21,88.31999969482422,88.5,87.12000274658203,87.12000274658203,17645282
