Date,Open,High,Low,Close,Volume
2020-08-12,40.12113478178211,40.445093753294714,39.97161476897064,40.229122161865234,9562200
2020-08-13,40.08790942668284,40.47832316520903,39.92177888740414,40.187591552734375,9882900
2020-08-14,40.15437289486623,40.4451045704585,39.896865433100494,40.24574661254883,10075800
2020-08-17,40.137752792443095,40.49493917611083,40.038073829409825,40.04637908935547,9102400
2020-08-18,40.038065736025615,40.28726467760371,39.838704681521264,40.22080993652344,9829000
2020-08-19,39.97160882886933,40.18758355694,39.224012044647594,39.348609924316406,17371000
2020-08-20,39.265549156089044,39.53966705765903,39.116029148419365,39.332000732421875,11308700
2020-08-21,39.32370199846851,39.4566083419234,39.016356673367305,39.273860931396484,14734100
2020-08-24,39.398455359197136,39.855320639599796,39.1907890345835,39.847015380859375,9257700
2020-08-25,39.87193636852444,39.91346900182762,39.58120476666534,39.797176361083984,7827800
2020-08-26,39.67257346225917,40.021454537132286,39.43168293271876,40.00484085083008,10124200
2020-08-27,40.079590519176115,40.55306936611103,40.03805789849926,40.0629768371582,10931600
2020-08-28,40.494931689132265,41.40866221359757,40.3121843167446,41.392051696777344,16420300
2020-08-31,41.36713663805621,41.59141667821202,40.993336571129845,41.14285659790039,18510800
2020-09-01,40.96011269734456,40.993336905658104,40.56139367894836,40.802284240722656,12588400
2020-09-02,41.00164305800579,42.66297379345992,41.00164305800579,42.521759033203125,26332600
2020-09-03,42.69619378698498,43.31088427833742,41.61632646064691,41.93198013305664,22289400
2020-09-04,42.31409494866685,42.754349771790245,41.76585590346871,42.39716339111328,21019500
2020-09-08,42.30578291547441,42.39715660316767,41.0016386808661,41.37543869018555,17776700
2020-09-09,41.201012063272294,42.164584022484284,41.159479417452545,41.691104888916016,15252300
2020-09-10,41.82399958318274,42.098120672810474,41.491735340626036,41.533267974853516,15439500
2020-09-11,41.865544892098356,42.5300766968366,41.61634269267612,42.41378402709961,18272300
2020-09-14,42.68173899484908,42.89945883461772,42.34678195509586,42.46401596069336,10911700
2020-09-15,42.70686468420471,43.025073590005704,42.57288249140231,42.74873352050781,12838400
2020-09-16,42.664991854333536,43.083686566948415,42.489140841688204,42.531009674072266,15353900
2020-09-17,42.05369551543355,42.397025032067155,41.819224317800305,42.33003234863281,13287100
2020-09-18,42.49751594781615,42.8408455055304,42.04532486368889,42.246299743652344,23816600
2020-09-21,41.660117759836325,41.88621325462315,40.70549446699421,41.10744094848633,17514800
2020-09-22,41.12418389587517,41.90295610312306,41.09068756140754,41.584747314453125,13034600
2020-09-23,41.64336890517123,41.802471719897746,40.337040466029435,40.37053680419922,17121200
2020-09-24,40.370546277375766,41.11582240741018,39.8262450291333,40.78086853027344,16788100
2020-09-25,40.36216460571139,40.831100565897856,40.177937938845766,40.797607421875,12603400
2020-09-28,41.2916796446851,41.62663354630202,41.149321760847506,41.26655578613281,11215700
2020-09-29,41.358665781944765,41.50102365419885,40.956719216077836,40.965091705322266,12426600
2020-09-30,41.25816985170037,41.551254819408115,40.93996103362728,41.3419075012207,15755900
2020-10-01,41.40052774483982,41.58475442151084,40.688748084880224,41.18280792236328,17577300
2020-10-02,40.83110630649528,41.51776856288393,40.6552552967018,41.33354187011719,13610100
2020-10-05,41.392157221147066,41.49264305210556,41.132565363918424,41.35028839111328,10628700
2020-10-06,41.49263471136363,41.643365024695434,40.889716652422756,40.98182678222656,10077400
2020-10-07,41.04883126870337,41.668497673546604,40.99021426268812,41.50102233886719,10135600
2020-10-08,41.626615853090016,42.321650413842335,41.484261224147254,42.25465774536133,12143900
2020-10-09,42.430526605172034,42.89946589917265,42.371909592720414,42.54776382446289,11407800
2020-10-12,42.572875406737815,43.150672918097705,42.56450291862546,42.782222747802734,11386500
2020-10-13,42.69848975771491,42.69848975771491,41.78573512309727,42.0536994934082,14365300
2020-10-14,41.911334633061024,42.279787976562496,41.57638082324401,41.96995162963867,10582100
2020-10-15,41.367043118626036,41.978337078292164,41.283302250898664,41.86110305786133,9961700
2020-10-16,41.861099135591,42.16255664800134,41.760610103733704,41.89459228515625,13569800
2020-10-19,41.89459143442816,42.27141731027309,41.41727972315362,41.55126190185547,9930400
2020-10-20,41.77735856601005,42.388652472647344,41.69362089993428,42.078819274902344,10970700
2020-10-21,41.83597920034938,42.229553292699315,41.6768763432486,41.86110305786133,12517400
2020-10-22,42.84922291044285,42.87434676981259,42.18768757561035,42.43890380859375,20189200
2020-10-23,42.7068552419807,42.85758557485628,42.26303992539525,42.304908752441406,13491300
2020-10-26,42.15418308356996,42.2965377501546,41.199559665994784,41.70199203491211,14696400
2020-10-27,41.710374711269196,42.11232131267303,41.49265163901651,41.78573989868164,13892100
2020-10-28,41.03207956841424,41.157689253011114,40.01046350389479,40.16119384765625,19886200
2020-10-29,39.968593545648865,40.59663556213182,39.60851586731435,40.2114372253418,15369900
2020-10-30,40.03557915081265,40.29516776066725,39.66712585519506,40.24492645263672,15804000
2020-11-02,40.82274399136131,40.99022255430601,40.395676690520816,40.71388244628906,15156100
2020-11-03,41.216302670384906,41.83596896807151,41.03207600083049,41.32516098022461,15285100
2020-11-04,41.39215385666564,42.045316496385205,41.09906887586499,41.17443084716797,12930800
2020-11-05,41.66849612760888,42.045322005431494,41.31679410456586,41.40053176879883,12452400
2020-11-06,41.57638354235189,41.86109605622934,41.24142651624185,41.408905029296875,9294900
2020-11-09,43.96294747589237,44.59936207191772,43.602869745776935,44.02156448364258,33442000
2020-11-10,44.021551814607854,45.45348663935651,43.92106600086753,45.2022705078125,29706700
2020-11-11,45.16040983640702,45.47024301475665,44.65797748262995,44.86732482910156,17399900
2020-11-12,44.42351099407855,44.55749318225542,44.05506077518899,44.3900146484375,15024400
2020-11-13,44.59098629156976,44.80033364505131,44.28952559145439,44.75846481323242,12447900
2020-11-16,45.637710929387794,45.73819673792343,44.616095093719,45.093406677246094,14908200
2020-11-17,44.93431689147353,45.0096820682936,44.40676065373302,44.95106506347656,14248400
2020-11-18,45.00967704792176,45.23577255316332,44.013184882793546,44.0550537109375,15278200
2020-11-19,43.95458021607599,44.57424671298384,43.50238907872958,44.490509033203125,17189500
2020-11-20,44.54074380168467,44.590988318783836,44.03831140824201,44.10530090332031,15645600
2020-11-23,44.33976585251706,44.52398933372404,43.711723852323864,44.113670349121094,13191900
2020-11-24,44.498868069211476,44.87569390306702,44.39838224497892,44.565860748291016,13827600
2020-11-25,44.440254939262374,44.616105945568044,44.20578693085481,44.323020935058594,10194800
2020-11-27,44.47375020066011,44.54073968955375,44.05505551331726,44.13042068481445,8499300
2020-11-30,43.961627548171535,44.04602178241648,43.109234192336324,43.54808807373047,43203600
2020-12-01,44.003824012044824,44.164177561936874,43.70844097713887,43.919429779052734,18968800
2020-12-02,43.8012819674998,43.99539130286978,43.58185178356224,43.978511810302734,14913100
2020-12-03,43.80127845972254,44.67898946688018,43.80127845972254,44.5439567565918,17318900
2020-12-04,44.54395906627563,45.46387045888738,44.52707957418513,45.446990966796875,18122400
2020-12-07,45.371038004553746,45.38791749781333,44.4764473978344,44.721195220947266,16210900
2020-12-08,44.67898012890269,45.13471663816401,44.5523888003966,44.88153076171875,12485800
2020-12-09,45.04188487867245,45.2359941743608,44.729622378602784,45.00812911987305,11508400
2020-12-10,45.067221662011065,45.16005405583526,44.71275870406281,44.77183532714844,12097300
2020-12-11,44.560845759879555,45.1853741904229,44.54396626506115,45.025020599365234,10638100
2020-12-14,45.27820054014442,45.43855087896653,44.881540541638294,44.957496643066406,22292000
2020-12-15,45.396348113602514,45.759249084237744,45.23599457529233,45.43854522705078,16193700
2020-12-16,45.236003040534506,45.40479474534783,44.678992668254345,44.780269622802734,15679600
2020-12-17,44.982814270397846,45.3288357948073,44.85622291430685,44.957496643066406,12677300
2020-12-18,44.79714239077543,45.4385469094647,44.40892056215016,45.35415267944336,35480100
2020-12-21,44.45955982580985,44.72962523002133,43.86879054680964,44.56927490234375,14926600
2020-12-22,44.569277058430714,44.88153959351248,44.214814186109635,44.527076721191406,9689500
2020-12-23,44.68743456582954,45.05877374537256,44.67899320979786,44.797149658203125,7040300
2020-12-24,44.746503962789255,45.193799177299354,44.746503962789255,45.1009635925293,3265500
2020-12-28,45.44698707352599,45.94492077952091,45.34571334909265,45.708614349365234,9020500
2020-12-29,45.953369286483955,45.98712827302701,45.590468229731485,45.68330383300781,8320600
2020-12-30,45.61577757574694,46.10527313342265,45.59889808554085,45.94491958618164,8142700
2020-12-31,45.95336679771412,46.35846495598878,45.80145458593187,46.282508850097656,8495000
2021-01-04,45.801450927182536,46.10527532647667,43.9109897868155,44.527076721191406,25611100
2021-01-05,44.16418461599737,44.40892921853937,43.91099543771357,44.03759002685547,20323800
2021-01-06,43.860355322866944,43.90255244143223,42.35811279035943,42.636619567871094,38724500
2021-01-07,42.273728017314916,42.41719889644336,41.792673675219724,42.16401290893555,53225700
2021-01-08,42.223078306370454,43.151430972994625,42.06272797478188,43.10923385620117,29674000
2021-01-11,42.72102546031971,42.92357619190104,42.155576834522705,42.3665657043457,19304400
2021-01-12,42.23152321063554,42.51002678042539,41.99521354175157,42.29059982299805,18538700
2021-01-13,42.18087818955693,42.50158204935838,42.155560565168244,42.33279037475586,18864100
2021-01-14,42.33279116264764,42.34967065236539,41.539474462514114,41.54791259765625,34303600
2021-01-15,41.48884660366031,41.505726097694804,40.9571538095939,41.10062789916992,24366800
2021-01-19,41.13438201892082,41.387567960604635,40.712404376303155,40.940269470214844,29114500
2021-01-20,40.965590822792784,41.20189727535175,40.77148149112878,41.083744049072266,23115800
2021-01-21,41.16814090675417,41.42976822402151,40.898075452545235,41.311614990234375,19702500
2021-01-22,41.193451003831676,41.303162852605276,40.92338562011719,40.92338562011719,15400300
2021-01-25,40.864319760733764,41.2187827101091,40.71241074749796,41.16814422607422,16604200
2021-01-26,41.27786018132988,41.69139976087333,41.024674194813336,41.59856414794922,12922600
2021-01-27,41.26097008444502,41.62387108566526,40.703959769456645,40.95714569091797,21242400
2021-01-28,41.09217823996284,41.77578312278637,41.0246634969002,41.48040008544922,17498900
2021-01-29,41.379122348416125,41.45507844505146,40.60268511119593,40.636444091796875,18670300
2021-02-01,40.73771389312232,41.0921734970144,40.66175780379783,40.91494369506836,12183600
2021-02-02,41.185005164644586,41.64917979114102,41.0415343536722,41.320037841796875,13319800
2021-02-03,41.311606862163885,41.42976007270434,41.075297221649436,41.15969467163086,12274100
2021-02-04,41.320042724693536,41.41287830485004,41.058418692725226,41.362239837646484,20597400
2021-02-05,41.77578731430722,42.012093767886455,41.58167798180515,41.902381896972656,12742000
2021-02-08,42.16399655643651,42.34122635701334,41.76733984363596,42.1302375793457,17833200
2021-02-09,42.07116379213531,42.214637844647626,41.885495844588185,41.94457244873047,14592900
2021-02-10,42.54378482550242,42.687258894811904,41.8011032900644,41.86017990112305,22965400
2021-02-11,42.037418109129895,42.69570226704794,42.02897675255265,42.45095443725586,21928600
2021-02-12,42.67882040945064,42.91512686957704,42.5269081938168,42.780094146728516,13137100
2021-02-16,42.721023220694214,42.80542069585972,42.33280449323636,42.42564010620117,15093400
2021-02-17,42.197760963753986,42.611300437749584,42.104925374524335,42.30747604370117,12794300
2021-02-18,42.33279346259142,42.915121402041166,42.223078383181935,42.84760665893555,12747100
2021-02-19,42.86448967403439,42.8982486580798,42.17244659827302,42.29059982299805,15968800
2021-02-22,42.07117053024117,42.94044668079138,41.91925831827837,42.72945785522461,14370900
2021-02-23,43.041714400700805,43.472130128157055,42.55221884846278,42.65349578857422,16222300
2021-02-24,42.52691252363281,42.957331584895876,42.307485533951095,42.79697799682617,14442000
2021-02-25,42.594421444088745,42.830727878024575,42.18088196526733,42.34123229980469,14211100
2021-02-26,42.36655637883892,42.374994515223236,41.32849175413532,41.34537124633789,23638400
2021-03-01,41.72514711958159,42.56910238411593,41.69139135576994,42.11336898803711,13901200
2021-03-02,42.06273094347641,42.6703797703763,41.944577720342295,42.28215789794922,11755100
2021-03-03,41.96146214934796,42.67038479099879,41.95302079274009,42.18088912963867,15410700
2021-03-04,42.45937948477761,43.117663389842484,41.87704844312821,42.14711380004883,22036400
2021-03-05,42.239954651527405,42.99951557498254,42.113363310573824,42.86448287963867,21310800
2021-03-08,43.43837729884204,44.299212031278536,43.17675001504944,43.58184814453125,25084900
2021-03-09,43.64936694743674,43.78439965985728,42.88980592792509,42.92356491088867,23082700
2021-03-10,43.19362847895872,43.57340897238887,42.80540984986732,43.413055419921875,21331600
2021-03-11,43.38773249933685,43.40461198803341,42.88136071617322,42.94043731689453,17417700
2021-03-12,43.051063995576705,43.127652299925124,42.719182425476895,42.85533905029297,17598600
2021-03-15,42.974476923734755,43.50208345425005,42.948948570296466,43.42549514770508,13411900
2021-03-16,43.57017254745496,43.8424858621203,43.43401589012229,43.58719253540039,14214200
2021-03-17,43.61272590113101,43.92758759869201,43.52762919786516,43.604217529296875,17502700
2021-03-18,43.45102768354236,43.56165271497847,42.965969480383485,43.0340461730957,18007300
2021-03-19,42.94045155044119,43.46806150652101,42.693666562555265,43.23829650878906,67845700
2021-03-22,42.82130070465706,43.46804713170551,42.82130070465706,43.399967193603516,17911400
2021-03-23,43.39145971163099,43.95310622753529,43.25530307887329,43.731849670410156,16936700
2021-03-24,43.5446348279347,44.15734132301158,43.527618088609515,43.84247970581055,14997400
2021-03-25,43.995665336039536,44.302018646292304,43.544643742064736,44.26797866821289,17091900
2021-03-26,44.370095421963725,45.195547037342216,44.0467221221921,45.13597869873047,17126700
2021-03-29,44.87216744665256,45.901852293990046,44.85514745997378,45.82526397705078,17514100
2021-03-30,45.740166532524256,45.7742065053182,45.04236332140093,45.22957992553711,14871800
2021-03-31,45.12745777716651,45.24659442982764,44.67643952174073,44.85514450073242,15826500
2021-04-01,45.067901069779595,45.22958935113049,44.64241105987708,44.684959411621094,15834700
2021-04-05,44.548793387947434,45.28914818707105,44.49773667506337,44.94024658203125,16368700
2021-04-06,45.13597343548234,45.65507167962276,45.01683677215122,45.26361846923828,15614300
2021-04-07,45.34020233154297,45.52741892479376,45.20404569451429,45.34020233154297,10062700
2021-04-08,45.24660413603484,45.42531239959297,45.07641073642674,45.20405578613281,9695600
2021-04-09,45.246588635441036,45.34019692089574,44.940238673357335,45.25510025024414,10828200
2021-04-12,45.38275590412124,45.56996925933417,45.18702768648657,45.39977264404297,8565300
2021-04-13,45.13596804843235,45.34871299219808,44.94024308971551,45.17851638793945,11071700
2021-04-14,45.08490968478865,45.263614664764916,44.80408803714456,45.17000961303711,9787600
2021-04-15,45.21255866659214,45.66357693161083,45.204047050517985,45.382755279541016,13078100
2021-04-16,45.7316477160821,45.78270441737978,45.42529452337707,45.68058776855469,17974100
2021-04-19,45.952919006347656,46.25927231912027,45.357232369982135,45.952919006347656,19352900
2021-04-20,45.81676206653526,46.45499704893709,45.791233706033104,46.09758377075195,14419200
2021-04-21,46.15715370971354,46.58264368280878,46.15715370971354,46.472015380859375,13866500
2021-04-22,46.352878407415076,46.69326843594696,46.22523011782133,46.32734680175781,12558900
2021-04-23,46.293306424403156,46.454991431751374,46.09757819678348,46.352874755859375,9020500
2021-04-26,46.35286899943844,46.3869057230218,45.5954975253531,45.66357421875,11684600
2021-04-27,45.57848095986127,45.69761761691642,45.374244371887826,45.59550094604492,9852400
2021-04-28,45.935900851720156,45.9954691931126,45.47637086420889,45.60401916503906,10868100
2021-04-29,45.56146808072009,46.25927139194676,45.46785976522342,46.174171447753906,15391000
2021-04-30,46.16565513821988,46.182675124131855,45.689105271375965,45.935890197753906,14912600
2021-05-03,46.182680342536166,46.633698658359684,46.089072032558285,46.361385345458984,10417900
2021-05-04,46.437965934501946,46.480514273889035,45.90184776878002,46.072044372558594,14151000
2021-05-05,46.07205568437456,46.15715563027307,45.706134032588494,45.952919006347656,9665900
2021-05-06,46.0550242474938,46.47200576317165,45.99545592328699,46.412437438964844,11572700
2021-05-07,46.327337346175284,46.608162227471766,46.08906405021235,46.386905670166016,10637500
2021-05-10,46.70177800765856,47.22938463882334,46.65922966173459,46.7273063659668,15545800
2021-05-11,46.82942229864215,46.92303060592054,45.99546239615481,46.22522735595703,12986700
2021-05-12,46.25926320139441,46.429459813414574,45.850793280284236,45.9869499206543,15836500
2021-05-13,45.927379063127525,46.616670596800354,45.80824241514606,46.386905670166016,15475800
2021-05-14,46.718795461036514,46.888988835500335,46.54008722388065,46.574127197265625,11725300
2021-05-17,46.66774380062132,46.82092046186501,46.37841046785336,46.4975471496582,12119800
2021-05-18,46.28479688149835,46.42946515453838,46.038011927991136,46.24224853515625,13232500
2021-05-19,46.05503542117136,46.106095388406665,45.621037061479754,46.09758377075195,15126100
2021-05-20,46.055024804138654,46.63369131448187,46.055024804138654,46.506046295166016,10948400
2021-05-21,46.633702627782746,46.90601596386254,46.140135923474766,46.480525970458984,16033200
2021-05-24,46.48903628893968,46.74432962860066,46.36989961351329,46.63370132446289,10326100
2021-05-25,46.650711460173724,46.650711460173724,46.25074992323448,46.62518310546875,11916500
2021-05-26,46.786881274561466,46.84644961647243,46.45499958499151,46.829429626464844,16064300
2021-05-27,46.98259821346438,47.28895148847297,46.6166766067853,47.22087478637695,59109600
2021-05-28,47.10173496828735,47.408088243890944,46.97408993427293,47.05067825317383,17011600
2021-06-01,47.09322762603315,47.35703256272493,46.88899102242811,47.04216766357422,13304000
2021-06-02,47.2293815612793,47.280441520799336,47.02514496942965,47.2293815612793,11328500
2021-06-03,46.95706841937163,47.4336183043868,46.88898847312782,47.34851837158203,17364300
2021-06-04,47.569782276950015,48.06334897831071,47.467662341856624,47.85911560058594,18935100
2021-06-07,47.91868405253792,47.94421241325592,47.493194060672394,47.68891906738281,14010800
2021-06-08,47.867615562017654,47.867615562017654,47.27192903022201,47.35702896118164,10968300
2021-06-09,47.44213682455603,47.58680187192872,47.212371826171875,47.212371826171875,9838800
2021-06-10,47.57829284667969,47.756997872003296,47.450644545030734,47.57829284667969,12444400
2021-06-11,47.64636966264554,47.833583047484744,47.365544716040326,47.79103469848633,11825800
2021-06-14,47.748166240586094,47.76531447556072,47.328045931127534,47.62813186645508,9710800
2021-06-15,47.825325099669264,47.833900851325446,47.31946368475573,47.50809097290039,11154200
2021-06-16,47.53381518063229,47.55096341451425,46.84790217880976,46.87362289428711,15211700
2021-06-17,46.873617446851206,47.28516847080734,46.85647248565294,47.11368942260742,10658400
2021-06-18,46.736438954602185,46.830752602904646,46.0591017244766,46.10197067260742,31445600
2021-06-21,46.48778808013104,46.667839587253816,46.29916082275075,46.60782241821289,14404300
2021-06-22,46.590673435365666,47.0279418414094,46.522080517175866,46.779300689697266,13072800
2021-06-23,46.77930455817128,46.81359774941174,46.39347753817309,46.40205001831055,12339200
2021-06-24,46.52209067023067,46.65927326585886,46.29917017884401,46.63355255126953,11488400
2021-06-25,46.50494625591224,46.7021460350345,46.30774320609887,46.57353591918945,18880300
2021-06-28,46.51351843052129,46.61640456010405,46.29917041932073,46.522090911865234,10556900
2021-06-29,46.41063060501676,46.590682142879984,46.059100010321,46.179134368896484,12300900
2021-06-30,46.127685714724116,46.45349556769535,46.08481677186517,46.39347839355469,14614200
2021-07-01,46.590679552741214,46.71071390464357,46.17913180163709,46.264869689941406,13214700
2021-07-02,46.29916801861471,46.684995072908016,46.29916801861471,46.45349884033203,10604600
2021-07-06,46.290602720482816,46.37634062554461,45.91334808855154,46.1962890625,15278200
2021-07-07,46.05910199719147,46.6249806196657,46.05910199719147,46.57353591918945,14377700
2021-07-08,46.30773226642037,46.44491483125808,46.07623934569265,46.410621643066406,11943900
2021-07-09,46.51351764195949,46.74501388261437,46.45350046149611,46.69356918334961,10847000
2021-07-12,46.57352985348236,46.813598549722876,46.530660910680936,46.71071243286133,15107600
2021-07-13,47.11370030864544,47.413786259314726,46.942221220823754,47.1737174987793,15170800
2021-07-14,47.17370935304162,48.314039039369604,47.12226465437088,48.236873626708984,22002700
2021-07-15,48.21972904511043,48.41692881886828,47.93678810622457,48.391204833984375,15068200
2021-07-16,48.40835213295961,48.59697942191057,48.23687307670337,48.356910705566406,14860500
2021-07-19,48.08254460472081,48.31403756494708,47.29374226929667,47.78245544433594,19527000
2021-07-20,47.78246484546584,48.29690210561572,47.60241327622457,47.86820602416992,16257900
2021-07-21,49.15428742722642,49.35148720476229,48.38263327974599,48.48551940917969,20918200
2021-07-22,48.54553035053747,48.64841973743686,48.05681721018268,48.41692352294922,13402700
2021-07-23,48.51981028322214,49.154281761427875,48.39977593427015,48.879913330078125,12144000
2021-07-26,48.77702837780064,48.97422813731732,48.49409073003872,48.922786712646484,8681100
2021-07-27,48.965658145227145,49.33433697066152,48.8027515703151,49.09426498413086,12794400
2021-07-28,48.86277789859058,49.00853298768861,48.5541162149814,48.64842987060547,9858000
2021-07-29,48.93136332112448,49.08569414953814,48.75131177820557,48.914215087890625,9599100
2021-07-30,48.99995742554466,49.08569532307269,48.78560941103342,48.89706802368164,11727000
2021-08-02,49.042828342696666,49.07712481136086,48.62270477828842,48.768463134765625,9778000
2021-08-03,48.87135020181974,48.87135020181974,48.657002174618775,48.802757263183594,8825500
2021-08-04,48.656987869398364,48.82846689488233,48.02251645631478,48.09968185424805,11888400
2021-08-05,48.39120514190445,48.5198152550693,48.26259829943064,48.442649841308594,9806800
2021-08-06,48.528382827970916,48.64842044777292,48.391200247459324,48.562679290771484,10409300
2021-08-09,48.69986920846129,48.76846214439672,48.38263505648789,48.57126235961914,8859900
2021-08-10,48.73417134989008,49.01710906683438,48.57984049675989,48.69987487792969,10906900
2021-08-11,48.7770408645748,49.025685383105326,48.62271000967251,48.63985824584961,8370700
2021-08-12,48.63985534833775,48.85420338174521,48.63985534833775,48.734169006347656,6169200
2021-08-13,48.708443206547805,49.12856347660238,48.674146739815285,49.068546295166016,7714200
2021-08-16,49.04282161349737,49.29146607115922,48.89706327701977,49.28289031982422,7972000
2021-08-17,49.26573904122044,49.35148019581405,48.87991202227578,49.11140823364258,10346400
2021-08-18,49.0342491663466,49.06854563261603,48.37405690876973,48.442649841308594,13873700
2021-08-19,48.06539927323996,48.854198385579515,47.971085624875215,48.751312255859375,9223700
2021-08-20,48.734158334083645,48.89706162635031,48.511237867261336,48.562679290771484,10543600
2021-08-23,48.58840460774223,48.656997539844625,48.339763405598596,48.391204833984375,8912800
2021-08-24,48.56268753544704,48.56268753544704,47.92821921937383,48.02252960205078,12067200
2021-08-25,48.06540212751055,48.159712510784644,47.78246116561441,48.073974609375,11270700
2021-08-26,47.97107935970711,47.99680007110517,47.593824815518694,47.61954879760742,10331500
2021-08-27,47.722435853207266,47.83389772261052,47.54238432849558,47.713863372802734,8844100
2021-08-30,47.748158047118004,48.185429787207816,47.70528910238333,48.16828155517578,10034700
2021-08-31,48.15113689484261,48.459798552933115,48.013954299101385,48.279747009277344,14185700
2021-09-01,48.33976703292353,48.69987014140951,48.25402586136168,48.60555648803711,9518900
2021-09-02,48.67414855957031,48.897069060283734,48.36548688882002,48.67414855957031,11653200
2021-09-03,48.40836196349618,48.674154718203816,48.22831038967406,48.63985824584961,13220400
2021-09-07,48.528381369667365,48.60554677330444,47.593824045925274,47.73100662231445,20035300
2021-09-08,47.67957606419035,48.425506288849306,47.67957606419035,48.374061584472656,12040100
2021-09-09,48.16829376852985,48.37406606370738,47.84248381869182,47.89392852783203,12545400
2021-09-10,48.0225163948287,48.12540577240157,47.602396217155764,47.679561614990234,10573700
2021-09-13,47.79103691817014,48.35691557127115,47.79103691817014,48.073974609375,20274300
2021-09-14,48.307204735671206,48.35903768844122,47.98757643202682,48.108516693115234,13918900
2021-09-15,48.099886064375454,48.37632192603706,47.875279867165766,48.27265930175781,15746000
2021-09-16,48.13444336230526,48.367686748114686,47.356965409607184,47.81481170654297,17430400
2021-09-17,47.52974006197017,47.676595182176584,46.968227824458936,47.0286979675293,33370200
2021-09-20,46.74361667529792,46.99413767840252,46.41534788831173,46.70042419433594,27542500
2021-09-21,46.98548971286698,47.35695092158343,46.596750855445734,46.691776275634766,16418200
2021-09-22,47.08915258719766,47.13234835690142,46.7004170228603,46.760887145996094,12719700
2021-09-23,46.87320266979474,47.184193862058784,46.64859975059052,46.68315505981445,13836200
2021-09-24,46.64859523718512,46.85592377709332,46.5276549619784,46.55356979370117,9682200
2021-09-27,46.5190242013984,46.86457074160674,46.277143600478176,46.31169891357422,12429500
2021-09-28,46.182118515507334,46.182118515507334,45.29234061593883,45.473751068115234,19926100
2021-09-29,45.473739629329835,45.92294870413327,45.40463231533135,45.75017547607422,13941500
2021-09-30,45.93158272222788,46.0698039314648,45.29232610638218,45.326881408691406,17672000
2021-10-01,45.594681044570656,45.957505162137366,45.41327063347496,45.80200958251953,16277400
2021-10-04,45.8365703028668,46.24258365727649,45.26642087537329,45.776100158691406,18973400
2021-10-05,45.80201453972112,46.19075353083934,45.72426674149748,45.85384750366211,17173100
2021-10-06,45.586041424286854,46.44990424461738,45.36143524559084,46.3980712890625,21284500
2021-10-07,46.639966408983966,46.89048418303346,46.48447080005619,46.54494094848633,13774400
2021-10-08,46.64858806505821,46.985494007156994,46.562203109013595,46.75225067138672,13786800
2021-10-11,46.83000857034749,46.985504161131615,46.65723532554562,46.847286224365234,12378500
2021-10-12,47.01141899447045,47.365605958770836,46.838649045044136,46.847286224365234,19474400
2021-10-13,46.79544545761343,47.020051627007966,46.46717997215219,46.855918884277344,12143300
2021-10-14,46.9855090788474,47.348333260443695,46.916401750918894,47.175559997558594,13704000
2021-10-15,47.20146560487287,47.4087941388737,46.899114925470876,47.06324768066406,17867000
2021-10-18,46.95094342411281,46.98549872815263,46.527652483438104,46.59675979614258,15861800
2021-10-19,46.68314991180491,46.821367838082914,46.44990654332792,46.778175354003906,11068500
2021-10-20,46.80409018462466,47.30512893160863,46.74362004783996,47.19282913208008,12474800
2021-10-21,47.16691253061207,47.227382669352245,46.83000653038098,46.95094680786133,14388300
2021-10-22,46.98550529353348,47.106445579196915,46.709069413338305,47.03733825683594,12828600
2021-10-25,46.976866981810524,47.05461477720259,46.66587580024227,46.847286224365234,11855000
2021-10-26,46.92503045844376,47.14963664825266,46.84728266895226,47.05461120605469,12086700
2021-10-27,48.350405051020076,48.445430492334346,47.74570039341813,47.961666107177734,24019800
2021-10-28,48.160359993329045,48.471351186016925,48.04805688588605,48.41088104248047,15928000
2021-10-29,48.264018115050526,48.782337819547145,48.1862703241448,48.69594955444336,24463700
2021-11-01,48.71321750649954,48.7218579789769,48.28992662560077,48.52316665649414,11651100
2021-11-02,48.782331486462034,48.808246314941144,48.350400103143976,48.46269989013672,11498900
2021-11-03,48.3763176766522,48.66139398759824,48.186266802688166,48.62683868408203,10788300
2021-11-04,48.47135087418863,48.920560005695066,48.40224025609119,48.8946418762207,10820200
2021-11-05,49.101966857910156,49.37840271940944,48.886001135152874,49.101966857910156,12886700
2021-11-08,49.02421684260911,49.14515711460837,48.48862279716585,48.66139602661133,12828000
2021-11-09,48.730503342706236,48.82552878367302,48.454067493734826,48.79961395263672,10155800
2021-11-10,48.84281068392258,49.17107622351523,48.62684495217058,48.99830627441406,8813600
2021-11-11,49.09333847366017,49.13653096687415,48.868732236345885,49.01559066772461,7257700
2021-11-12,49.02421862723191,49.2315471691889,48.85144539149699,48.90327835083008,10162500
2021-11-15,48.834170843880585,48.96375160276601,48.609567929904856,48.91191864013672,10289200
2021-11-16,48.91191509071786,49.1883509472626,48.54045379060299,48.56637191772461,13756500
2021-11-17,48.410887105883816,48.41952428659554,48.073981036733436,48.298583984375,13288700
2021-11-18,48.22946612110195,48.31585109086031,47.63339862549299,47.866641998291016,15380100
2021-11-19,47.89255504758107,47.93575082622787,47.426071614722915,47.624759674072266,15813700
2021-11-22,47.59884445915128,48.39360004053449,47.58157010108628,47.91847610473633,16905600
2021-11-23,48.08260841109968,48.47134737136613,47.94439048026887,48.27265930175781,13835900
2021-11-24,48.12580314330631,48.23810624715391,47.53837608600809,47.8839225769043,12598900
2021-11-26,47.158274467265706,47.296492395419044,46.28577441368066,46.41535186767578,14754300
2021-11-29,46.691789547259624,47.279216588693686,46.58812692094052,47.14963912963867,22712500
2021-11-30,46.66212848871925,46.68824761065589,45.65227655835077,45.66098403930664,30485200
2021-12-01,46.12237411563412,46.592478390151555,45.512980054696385,45.530391693115234,18719600
2021-12-02,45.79156034846147,46.43577769637921,45.71320963480838,46.20072555541992,17074200
2021-12-03,46.42706896256804,46.67082523838877,46.12237029686193,46.609886169433594,21064400
2021-12-06,47.28021925852593,48.09854627104136,47.132222004654416,47.802555084228516,26624100
2021-12-07,47.89832274423615,48.24654555971652,47.7503254739358,48.06372833251953,23832700
2021-12-08,47.98537929696825,48.18560817008521,47.32375359975268,47.88091278076172,18026300
2021-12-09,47.663267042017296,47.994081514817815,47.523977262037654,47.759029388427734,13846400
2021-12-10,48.098553770151874,49.03005490780887,47.94185233382353,48.99523162841797,23153600
2021-12-13,49.60462357476115,50.431658159175576,49.587211935823625,50.283660888671875,31362800
2021-12-14,49.97025864818562,50.64058844591072,49.97025864818562,50.3184814453125,24806600
2021-12-15,50.43166394604516,50.71024355915057,50.18790761481067,50.544837951660156,24923800
2021-12-16,50.475181996046295,51.258689087700624,50.405538766193864,51.0584602355957,24696900
2021-12-17,50.919159012436346,51.293497515516364,50.2314144221927,50.257530212402344,51874400
2021-12-20,49.79614518141075,50.30106939543589,49.622032123807806,50.09213638305664,20879500
2021-12-21,50.15307624374539,50.46647908817294,50.083429691236866,50.29236602783203,15864900
2021-12-22,50.24013818502548,50.65800759610281,50.04861678053017,50.6493034362793,12447400
2021-12-23,50.945288111334015,51.023638823360464,50.44036056251233,50.684120178222656,11027300
2021-12-27,50.49259363374198,51.09328019005675,50.49259363374198,51.0584602355957,9860000
2021-12-28,50.84081296480513,51.31091383616681,50.75375478793824,51.25868225097656,8979900
2021-12-29,51.31962203979492,51.4502043255464,51.06715830470683,51.31962203979492,9996000
2021-12-30,51.41539046599449,51.56338440489711,51.15421922169287,51.171630859375,7703900
2021-12-31,51.14551701228731,51.667852878934234,51.10198957688847,51.54597473144531,10021300
2022-01-03,51.206459230120345,51.63303609345393,50.82341312578884,51.62432861328125,20187300
2022-01-04,51.998671035904316,52.7038274944877,51.876792879812776,52.48618698120117,26141600
2022-01-05,52.312072739596346,53.27839712838413,52.27724946122385,52.92146682739258,22507300
2022-01-06,52.642879486083984,53.208742732077276,52.616760370687594,52.642879486083984,17902300
2022-01-07,52.477472969160885,52.86052235026325,52.28595159953997,52.52100372314453,12307900
2022-01-10,52.71252925590536,52.947581398073915,52.39042224075461,52.608062744140625,20954300
2022-01-11,52.60806138412851,52.66029629912578,52.094429676578606,52.62547302246094,19369600
2022-01-12,52.695115610074716,52.834405394099285,52.399124403906214,52.70382308959961,15753800
2022-01-13,52.70382052909246,53.13910149813829,52.57323491000661,53.0172233581543,14318000
2022-01-14,53.052048306671544,53.49603679662117,52.547124061923014,53.44380187988281,19729600
2022-01-18,53.15651313541175,53.26968379629389,52.625469821827,53.0172233581543,21976700
2022-01-19,52.808294957634885,53.2609876318974,52.721240079132016,53.104286193847656,18654700
2022-01-20,53.10427912959346,53.487325193353975,52.86052284546679,52.88663864135742,23002400
2022-01-21,53.17392800667569,53.36544938647145,52.5819455870951,52.62547302246094,26643200
2022-01-24,52.1466743409921,52.53842465345725,50.988825082391195,52.19890594482422,30185100
2022-01-25,51.676561013559265,52.27724759990982,51.09328274484453,52.07701873779297,19027100
2022-01-26,52.05089931186429,52.538411874013846,51.54597179143195,51.88549041748047,19190200
2022-01-27,52.12925643015508,53.04334591752722,51.798441921635316,51.92902755737305,18893800
2022-01-28,51.70267322782902,53.00851614143008,51.31091968956265,52.964988708496094,19101500
2022-01-31,52.494889279512556,53.22616151106797,52.364306968728364,53.11298751831055,22045300
2022-02-01,53.025924888080326,53.226153725405375,52.373003466873826,52.721229553222656,20841700
2022-02-02,52.773462826462826,53.33932940461402,52.72123123649392,53.26097869873047,20225600
2022-02-03,53.052044334155084,53.783316509081885,52.74734897832321,53.63532257080078,19440500
2022-02-04,53.53085042410086,53.69625598255777,52.72993178315223,53.06945037841797,17403700
2022-02-07,53.43509605144472,53.73108726185344,52.982403416647244,53.626617431640625,17846400
2022-02-08,53.82685193510524,54.26213295031677,53.748501219529935,53.97484588623047,18771700
2022-02-09,54.122835561379226,54.253421183998,53.017224792509666,53.139102935791016,23595600
2022-02-10,52.54711934673683,54.236008318561986,52.40782956886393,53.43509292602539,23561500
2022-02-11,53.77461842134571,53.95743565548302,52.36430882510963,52.48618698120117,22781400
2022-02-14,52.37301380866161,52.921468840635654,51.60691825997589,52.825706481933594,23641300
2022-02-15,53.06946738432417,53.783328075157314,52.782183604321084,53.02593994140625,13408700
2022-02-16,52.982400083607374,53.452504327200124,52.72123216636592,53.0172233581543,15484700
2022-02-17,52.71253299305666,54.218604984751906,52.590654833868605,54.079315185546875,21468700
2022-02-18,54.079308535529265,54.68870257746442,53.96613787073144,54.4449462890625,21975000
2022-02-22,54.349183033532576,54.53200024678081,53.73108484344742,54.218597412109375,21731400
2022-02-23,54.18377505090628,54.262125756093624,53.40026799903281,53.6179084777832,19248500
2022-02-24,52.20760669359712,52.773470028036975,51.5546851624453,52.67770767211914,27207400
2022-02-25,53.052047559756886,54.75835161895078,53.03463592108923,54.714820861816406,21487800
2022-02-28,53.67015651128264,54.27084318397471,53.46122013938528,54.18378829956055,25879100
2022-03-01,54.09671677059594,54.62776006915085,53.54826183526036,53.94872283935547,15871100
2022-03-02,54.17506527440698,54.74093182353099,53.783311765084974,54.349178314208984,17319100
2022-03-03,54.50588081959263,54.86281106398239,54.22730127865088,54.384002685546875,21262800
2022-03-04,53.50473739719889,54.488473344297766,53.27839274824719,54.47106170654297,17163000
2022-03-07,53.983539147328706,54.03577405414412,52.860516878701766,53.173919677734375,29151400
2022-03-08,53.49603808073474,53.57438879725772,51.00623011226088,51.067169189453125,30242100
2022-03-09,52.07701479060466,52.09442642785125,51.06716307681393,51.328330993652344,23022700
2022-03-10,50.910466066853054,51.067167494698595,50.05731569354431,50.38813018798828,20887300
2022-03-11,50.45776638788555,51.23256593925877,50.37071152718769,50.422943115234375,19855600
2022-03-14,50.85279514039248,51.79142674528101,50.85279514039248,51.352813720703125,17799400
2022-03-15,51.82650202582034,52.537052784288704,51.73877743774649,52.300201416015625,18607200
2022-03-16,52.44056692900226,52.58092294904539,51.41421415987782,52.159854888916016,17347300
2022-03-17,52.15985585211937,52.75636978490596,51.95809427872854,52.71250915527344,15586200
2022-03-18,52.89672500651191,52.89672500651191,52.37916155344207,52.72127914428711,30197800
2022-03-21,53.07216956146222,53.59850378882045,52.85286307567105,53.14234924316406,17440100
2022-03-22,53.449386551926324,53.466931475492245,52.68620078174471,53.33534622192383,17559500
2022-03-23,53.29147905282838,53.493240629573194,52.63355955834901,52.98445129394531,15529200
2022-03-24,53.19497579976072,53.52832256469693,53.037074876704146,53.49323272705078,13151300
2022-03-25,53.6160606834339,54.04590296397679,53.554655121406654,53.97572326660156,12259800
2022-03-28,53.9757115475359,54.335374052614576,53.69499951168676,54.31782913208008,11485200
2022-03-29,54.572219082507246,54.852931085549876,54.15992521036083,54.528358459472656,14720600
2022-03-30,54.396785414980215,54.57223129272461,54.00203637299506,54.57223129272461,13641000
2022-03-31,54.5810027229656,54.9494360362587,54.38801193237305,54.38801193237305,16822900
2022-04-01,54.677492265943684,55.22137139007573,54.466956576345105,55.15119171142578,12644900
2022-04-04,54.91434482638337,55.08101990369269,54.14238837593007,54.86171340942383,11505800
2022-04-05,54.73889886601587,55.47576877427825,54.712579812839536,54.8003044128418,15721200
2022-04-06,55.063475842347145,55.49331470386874,54.651178555851594,55.35295867919922,19267400
2022-04-07,55.37927668926723,55.852976172116996,55.010840039993504,55.651214599609375,13960800
2022-04-08,55.68630083030473,56.17754854869387,55.40558880446845,55.99333190917969,12703500
2022-04-11,56.063509371413616,56.40563029699522,55.82665796740391,55.97578811645508,12720100
2022-04-12,56.475800396533245,56.85300779699281,56.045961584331266,56.63370132446289,18089900
2022-04-13,56.528444390993776,56.9056518307567,56.34422773799837,56.782840728759766,11883000
2022-04-14,56.9846000270974,57.51970842129499,56.86178892279335,57.0372314453125,16388400
2022-04-18,56.81791802574471,57.17758385361811,56.30035796245656,56.528438568115234,11679400
2022-04-19,56.58107430598832,57.2389937746626,56.52844289015931,57.081092834472656,11993800
2022-04-20,57.40566569253267,58.10744240491685,57.37057585300808,57.861820220947266,14827100
2022-04-21,57.879376556625154,58.774144164792155,57.65129591426749,58.08113479614258,15120400
2022-04-22,57.96709376044832,58.19516769412484,57.17758904813684,57.23899459838867,14902200
2022-04-25,58.77413759150876,58.94958010126799,56.82669494674872,57.84428024291992,25082000
2022-04-26,57.475847288736745,58.221494778102546,57.05478253677143,57.06355667114258,21982600
2022-04-27,57.01969608103264,58.14254440994957,57.01969608103264,57.51094055175781,16971000
2022-04-28,56.72143629605919,58.142538130814025,56.58107692375078,58.06359100341797,22010600
2022-04-29,57.7828808260395,57.92323351019785,56.57230462506849,56.677574157714844,20137100
2022-05-02,57.26531052602183,57.29162623441584,54.896803072718455,55.651214599609375,24970300
2022-05-03,55.89684666945342,56.089834130778065,54.9757566119803,55.33542251586914,21686300
2022-05-04,55.26523385860361,57.12495524861532,55.2125990978613,57.04600143432617,19780200
2022-05-05,56.7477561531288,57.04600980202996,56.151242162622765,56.5898551940918,20155200
2022-05-06,56.31790786337417,57.29162928196654,56.20387089003307,56.79161071777344,18984000
2022-05-09,56.55476304931249,57.3354936781718,56.177555589875695,56.677574157714844,20055300
2022-05-10,56.58107250499081,57.300397500136846,56.01087431174881,56.1512336730957,21322200
2022-05-11,56.431946460114496,57.1951287463924,56.107370452172695,56.414398193359375,19648400
2022-05-12,56.28282741060422,56.60739677056092,55.44945863519082,56.5898551940918,22574700
2022-05-13,56.85301958492757,57.72147821495847,56.24773814628325,57.65129852294922,16167000
2022-05-16,57.40566569253267,58.23025349690165,57.40566569253267,57.861820220947266,13223200
2022-05-17,57.98464197623985,57.98464197623985,57.02846877099015,57.70392990112305,21300600
2022-05-18,57.38812100111179,57.47584225903613,53.475694001900045,53.68622970581055,31437300
2022-05-19,53.47570021616266,53.47570021616266,52.33530699886687,52.63356399536133,31493900
2022-05-20,53.06339392811431,53.72131332539965,52.33529485553668,53.49323272705078,29133800
2022-05-23,54.080982906379965,55.35295789796648,54.02834814298991,55.142425537109375,19406900
2022-05-24,55.15997368471305,56.309140988310816,55.04593336387316,56.16000747680664,16154200
2022-05-25,56.14245950389525,56.55475676170942,55.791567793455364,56.20386505126953,15360500
2022-05-26,56.20387470514995,57.10741649715554,56.10737930088685,56.4056396484375,16159800
2022-05-27,56.37054222688356,56.87056075782418,56.26527270200549,56.738975524902344,17709000
2022-05-31,56.21264207308389,56.42317443308522,55.30909704349431,55.59858322143555,43159000
2022-06-01,55.63366883051871,55.861749454295136,54.50204988425623,55.32664108276367,15408300
2022-06-02,55.42313174810694,55.91437944897924,54.484500317745606,55.90560531616211,14586000
2022-06-03,55.76525637896404,55.817891143487024,55.09856609343094,55.238922119140625,13539900
2022-06-06,55.554718170960456,55.940696364481376,54.96697507449656,55.15119171142578,15112800
2022-06-07,54.72135718639944,55.58980902656453,54.58100116443581,55.48454284667969,17886300
2022-06-08,55.256463921433934,55.449451354420894,54.879256496191495,55.168739318847656,10211500
2022-06-09,55.15119405152165,55.5722621022337,54.19501764062823,54.212562561035156,13382200
2022-06-10,53.519564903803534,54.29152483784908,53.03709119990712,53.87045669555664,14967600
2022-06-13,53.29147662366084,54.642405393870575,53.22129694119992,53.80904006958008,23064200
2022-06-14,53.65884211345826,53.800212220739304,51.8298648759032,52.33349609375,24620000
2022-06-15,53.013837244181296,53.579317635501255,52.1037674500588,52.722259521484375,19684700
2022-06-16,51.81218306267053,52.58972018598402,51.46759370419312,52.192115783691406,15053800
2022-06-17,52.74876697932084,53.12869973658865,52.245135811878185,52.51020431518555,34781900
2022-06-21,52.563216550697,53.791369801025006,52.13910292347055,53.632328033447266,17705000
2022-06-22,53.54397108715478,54.295002425809706,53.29657427328336,54.02993392944336,15207100
2022-06-23,54.162473271691056,54.7014478583972,54.10062406048175,54.67494201660156,17190900
2022-06-24,54.87815633711003,55.71754274632987,54.87815633711003,55.69987106323242,18147100
2022-06-27,55.64685591933866,55.920761951090114,55.3376098919813,55.58500671386719,12142100
2022-06-28,55.73521613761611,56.336036528698955,54.87815801903147,55.02836227416992,13150100
2022-06-29,55.25808842388246,55.7617195891702,55.16089585329556,55.42596435546875,11795500
2022-06-30,55.06370386022985,55.76172017401235,54.922333766219495,55.58500671386719,15514200
2022-07-01,55.77054967742907,56.94568785387594,55.50548119459003,56.88383865356445,15143200
2022-07-05,56.70713518116401,56.70713518116401,55.15206072519973,55.91192626953125,15921200
2022-07-06,56.194662731928766,56.6276071557419,55.832401667491155,56.02678680419922,13450500
2022-07-07,55.89425274122455,56.17699629977416,55.39945909745277,55.58500671386719,14828400
2022-07-08,55.69102308367775,56.035612413079186,55.558490541115496,55.78821563720703,11311500
2022-07-11,55.65569212235087,56.07096486770639,55.30226521046689,55.61151123046875,12702100
2022-07-12,55.66452539613322,56.0621298230685,55.19623761025877,55.372947692871094,14731100
2022-07-13,55.07254077032697,55.66452697907598,54.76329137590366,55.11671829223633,13145300
2022-07-14,54.18897825261855,55.00185546248327,54.16246904236368,54.940006256103516,14433000
2022-07-15,55.443634963989254,55.638020101396364,54.84281123975711,55.22274398803711,21968400
2022-07-18,55.24040977561197,55.275753136919576,54.348008440501516,54.471710205078125,10780800
2022-07-19,54.86048160965525,55.35527859733948,54.71911152324958,55.24924850463867,10998200
2022-07-20,55.13438885297524,55.293430625035136,54.02993397507533,54.33917999267578,11010500
2022-07-21,54.12711858468703,54.67493058446766,53.711845877759245,54.215476989746094,11959600
2022-07-22,54.23314975862457,54.66609415524862,54.1801347145257,54.418697357177734,11644700
2022-07-25,54.38335315272151,55.04602602632217,54.17129972066528,54.94883346557617,14941700
2022-07-26,55.44363238544653,56.371373767192885,55.24924725707977,55.85007095336914,20118000
2022-07-27,55.5584904252996,55.832393035007584,54.595405787697125,55.6733512878418,12142900
2022-07-28,55.59384611486038,56.768987870739046,55.56734027302316,56.60110855102539,10837000
2022-07-29,56.29184942095372,56.80431804764948,56.221166068960635,56.69828796386719,13734200
2022-08-01,56.62761268716562,57.467002519391926,56.57460100508796,57.007545471191406,12831500
2022-08-02,57.0693863252091,57.07822385128091,56.044455755769235,56.230003356933594,15241900
2022-08-03,56.15048783334254,56.63644732727918,55.938434374783874,56.4774055480957,11317000
2022-08-04,56.23000584989912,56.309526735427795,55.59383876566976,56.25651168823242,11795600
2022-08-05,56.22116560848103,56.22116560848103,55.37294179781227,56.000274658203125,10445400
2022-08-08,56.1063111944794,56.3802172341736,55.44363822761547,55.638023376464844,9165200
2022-08-09,55.82357015837598,55.93843441465234,55.53199243948881,55.70870590209961,7910900
2022-08-10,56.22116651503019,56.362536590666465,55.75287540093065,56.23883819580078,8857300
2022-08-11,56.27418618188944,56.539258060579584,55.7352150091909,55.85891342163086,8507800
2022-08-12,56.04446116519309,56.33603551366153,55.744049289799854,56.283023834228516,9489300
2022-08-15,56.22999518825456,57.15773980035772,56.168145996851436,56.98986053466797,9863300
2022-08-16,57.05172559551906,57.634881054720964,56.839672129017536,57.45816421508789,9569600
2022-08-17,57.28144078536525,57.626030116130536,57.219591591152415,57.32561492919922,8144000
2022-08-18,57.396316699281435,57.74090612040627,57.17542569901894,57.62604522705078,6532000
2022-08-19,57.61720677172017,57.84693529579014,57.396315775014735,57.58186340332031,8921100
2022-08-22,57.29027276537752,57.3609594862553,56.539248264485494,56.72479248046875,9087900
2022-08-23,56.3890429576998,56.87500575714733,56.265344561668975,56.786643981933594,8443800
2022-08-24,56.760142696404344,57.06055792589073,56.59227014036487,56.866172790527344,6844700
2022-08-25,56.8661692358555,57.17541523139485,56.45973067870991,57.140071868896484,7913900
2022-08-26,57.193098619764804,57.25494782788795,55.646858305098974,55.761722564697266,10089500
2022-08-29,55.39062098970462,55.69103285764194,55.1432241704135,55.42596435546875,9115900
2022-08-30,55.5850011467698,55.5850011467698,54.772124030255945,54.91349411010742,8456800
2022-08-31,55.116716426918934,55.249248988161725,54.515892711804426,54.52472686767578,14633600
2022-09-01,54.409868663348696,54.81630726398537,54.153634313609906,54.78096389770508,14939700
2022-09-02,55.125551279898616,55.46130650624469,53.80904295404993,54.02993392944336,11809800
2022-09-06,54.15363101212593,54.75445472014603,53.888562522241465,54.05643844604492,12181800
2022-09-07,54.1801333090414,55.21390473371655,54.1801333090414,55.05486297607422,13290700
2022-09-08,54.85164959841928,55.04603136824645,54.197810816649174,54.88698959350586,17193500
2022-09-09,54.93116569726651,55.55849862389548,54.657263047139566,55.06370162963867,11855900
2022-09-12,55.16089478441281,55.496650011608146,55.019524694624586,55.22274398803711,13026900
2022-09-13,54.95766881475401,54.97534049514689,53.26122457285023,53.42910385131836,18532800
2022-09-14,53.57932089266192,53.96809121322503,53.40260741699953,53.711856842041016,12881600
2022-09-15,53.756343970023686,53.756343970023686,52.83073725591998,52.98203659057617,11451900
2022-09-16,53.097743649551845,53.22234391307278,52.60824115924708,52.990943908691406,20493500
2022-09-19,52.857451015248486,53.48935440326108,52.71505020393433,53.391456604003906,12596200
2022-09-20,53.11553800061896,53.42703862322746,52.79513542016328,53.31134033203125,11984600
2022-09-21,53.52494682488015,54.02335128167203,52.857442492886925,52.8663444519043,14165300
2022-09-22,52.999847505551045,53.16004882960634,52.688346817167336,52.74174499511719,11657600
2022-09-23,52.47474530795204,52.599345586601046,51.620340487127734,52.15434265136719,14824000
2022-09-26,52.05643704381837,52.12763573731531,51.3444297382343,51.50463104248047,18670100
2022-09-27,51.69153443763505,51.94963351910507,50.11622388783063,50.178524017333984,23829300
2022-09-28,50.427726654745385,50.95283019341613,49.760222329067446,50.712528228759766,21480100
2022-09-29,50.810432986275124,50.988434831350936,49.8403264954699,50.34762954711914,14570700
2022-09-30,50.614627327826746,50.84603072991764,49.84032325643584,49.858123779296875,16124600
2022-10-03,50.160728369927234,50.59682931883095,49.8937273039511,50.41883087158203,16277600
2022-10-04,50.68583339829378,51.451238965892585,50.24972904171904,50.53453063964844,18861400
2022-10-05,50.28532456025339,50.41882677995878,49.40421737942333,50.053924560546875,14324900
2022-10-06,49.84032701446243,49.929326240375694,48.834619465148954,48.977020263671875,17192800
2022-10-07,48.94141547570818,49.03041468864717,48.28280975661167,48.51420974731445,11479800
2022-10-10,48.594317709722304,48.91472035668225,48.07811608581127,48.40741729736328,10239100
2022-10-11,48.469713972834036,49.14612026701513,48.273915009868034,48.48751449584961,14303900
2022-10-12,49.15502513528609,49.87593113191366,48.985925237604434,49.07492446899414,18377400
2022-10-13,48.48751335694018,49.911524608813814,48.2917110034707,49.7246208190918,16220700
2022-10-14,50.098426814380446,50.258628128445935,48.89691695888928,48.932518005371094,15997900
2022-10-17,49.51102062080842,50.03612414696675,49.457619053789735,49.56441879272461,13721400
2022-10-18,50.116223849299445,50.53452423348576,49.929320065830645,50.2319221496582,11823100
2022-10-19,50.116222048766396,50.32092295178037,49.60001711456416,49.804718017578125,10182300
2022-10-20,49.63562145714382,49.76912028358346,48.91471557200064,49.02151870727539,16905100
2022-10-21,48.95031336279749,49.93822023024486,48.94141479966744,49.804718017578125,15034100
2022-10-24,50.40993460626702,51.380041191805205,50.34763446367217,51.237640380859375,17416700
2022-10-25,52.54593621837906,52.6082363444377,51.3978280751232,52.46583557128906,28829900
2022-10-26,52.51924160315203,53.20454648751213,52.385742768080995,52.857444763183594,15831400
2022-10-27,53.19563944579326,53.25793957125195,52.84853777677992,52.98203659057617,16026100
2022-10-28,53.01764601365443,54.21025393898769,52.928646790387376,54.076751708984375,12888900
2022-10-31,53.85424553779773,53.90764710414135,53.10664058449933,53.266841888427734,14016400
2022-11-01,53.42705016406374,53.65845358664618,52.8396464380433,53.07994842529297,10659500
2022-11-02,53.0799390754657,53.60504257101195,52.30563507189827,52.34123611450195,14549200
2022-11-03,51.71823482378187,52.51033940033321,51.709332864998984,52.314537048339844,9194000
2022-11-04,52.777346043819,53.03544855425286,52.118743618349775,52.74174499511719,9725900
2022-11-07,52.741744947486026,53.19564983026707,52.72394781825406,52.946449279785156,8849700
2022-11-08,53.17785191191224,53.213452962326535,52.45694591898646,53.044349670410156,10081600
2022-11-09,53.035441789402974,53.07994139705273,52.28783683753875,52.30563735961914,10115200
2022-11-10,53.622843431931685,54.32594874984713,53.11554045447429,54.18354797363281,16804800
2022-11-11,54.619656777959115,54.690858873932186,53.58725015206921,54.575157165527344,18972100
2022-11-14,54.5751562085562,54.93115989197345,54.03225211914113,54.050052642822266,16361000
2022-11-15,54.406054835444515,54.6908564163333,53.40034734318577,53.96105194091797,13295800
2022-11-16,54.10344586083947,54.31704532183003,53.65844302282323,53.86314392089844,14199500
2022-11-17,53.56944982516162,54.0589557490204,53.516051648088165,54.03225326538086,11212600
2022-11-18,54.28145630359577,54.61965606977443,54.11235302540367,54.414955139160156,10415600
2022-11-21,54.65525080220093,55.36725469491803,54.46835041694439,55.251556396484375,15399400
2022-11-22,55.59865875286095,55.62535783819051,55.224854582735055,55.49185562133789,12319600
2022-11-23,55.616461900083884,55.883462951290156,55.44735863140795,55.74106216430664,8990400
2022-11-25,55.83006134212631,55.90126343311721,55.51856068179752,55.79446029663086,5165500
2022-11-28,55.79445421269984,56.15935640148219,55.678755920109424,55.8033561706543,12267500
2022-11-29,55.643164066290716,55.6876636781042,55.162560110458465,55.60756301879883,10969600
2022-11-30,55.5806638282924,57.0775162933438,55.34762271079185,57.014774322509766,30433900
2022-12-01,57.0147832594282,57.462942218022434,56.85344576079975,57.17612075805664,12001400
2022-12-02,57.01477394456113,57.83041955999665,56.82654803330677,57.67804718017578,13643500
2022-12-05,56.8355095589465,57.18507294156259,56.70106052601065,56.88928985595703,9185100
2022-12-06,56.93411475922212,57.256789757890836,56.6741817414966,56.86240768432617,10099500
2022-12-07,56.871369066876525,57.11337530008483,56.692104810516895,56.9520378112793,12307600
2022-12-08,57.00582046642012,57.22989995476168,56.78174097807856,57.19404983520508,9946200
2022-12-09,57.01477632334236,57.22092900891459,56.548690652803835,56.593505859375,13914900
2022-12-12,56.7369172185371,57.37330546815244,56.47698423060838,57.33745193481445,11647900
2022-12-13,57.893166937791,57.99176244885168,57.185078431337615,57.35538101196289,17521600
2022-12-14,57.534645266693104,57.94695065914571,56.97892573511131,57.35538101196289,12826700
2022-12-15,56.99684818560794,57.26574283774677,56.01089998803857,56.56661605834961,12212300
2022-12-16,56.24394607543945,56.593509496010626,55.86749421303398,56.24394607543945,33631500
2022-12-19,56.315649990102884,56.83551254512822,55.992975029448,56.32461166381836,10919700
2022-12-20,56.30668122421808,56.60246772525074,56.2439392547592,56.27979278564453,10286500
2022-12-21,56.53076982356747,57.40916437668625,56.53076982356747,57.185081481933594,10411300
2022-12-22,56.8444850329784,56.99686086857846,56.154323192613276,56.77278137207031,9666700
2022-12-23,56.91618529673885,57.24782195448293,56.64729061696848,57.203006744384766,6463300
2022-12-27,57.30159863230568,57.624273595285146,57.10440761733352,57.55256652832031,7320700
2022-12-28,57.776646113890905,57.946948688725236,56.9072201496623,56.97892379760742,7159400
2022-12-29,57.1850738226586,57.498787097948906,57.095443412107656,57.319522857666016,7169300
2022-12-30,57.29263064500877,57.29263064500877,56.62039231248903,57.014774322509766,7650200
2023-01-03,56.96996843905299,56.96996843905299,55.73304874745869,56.423213958740234,12180500
2023-01-04,56.60246498193436,56.76380244391802,56.02881877311427,56.39630889892578,13387900
2023-01-05,56.1094901693728,56.28875440444554,55.64340794503691,55.7509651184082,9814700
2023-01-06,56.387352306353755,57.0685523256269,56.09156921218945,56.8265495300293,9990000
2023-01-09,56.73691969969771,57.11337497784708,56.09157316729794,56.11846160888672,9442600
2023-01-10,56.109495668830284,56.2260179459254,55.49999926135295,55.688228607177734,10134600
2023-01-11,55.91231331298552,56.07365081358017,55.04288382857897,55.58067321777344,10823000
2023-01-12,55.67030053708508,55.73304251116452,54.64849876587008,54.86361312866211,13907300
2023-01-13,54.40649464856667,55.087694716008215,54.30789913714643,55.06080627441406,13986400
2023-01-17,55.32970443306495,55.91231244496545,55.177332028858615,55.284889221191406,18327800
2023-01-18,55.13250989994856,55.204216969742,53.49224999900833,53.60877227783203,19679400
2023-01-19,53.53706454877904,54.352713652138426,53.519137781551436,53.52810287475586,14894500
2023-01-20,53.52810549950372,53.859742161523165,53.24128404816018,53.85078048706055,14237700
2023-01-23,54.030044705663556,54.28997773067893,53.82389198832841,53.9852294921875,12613400
2023-01-24,53.85077428594,55.43725376010294,53.599802980528644,54.27204132080078,10103300
2023-01-25,53.958328838455564,54.621602053854126,53.68046910708647,54.612640380859375,11265800
2023-01-26,54.50509262084961,54.76502221275164,54.28997482084019,54.50509262084961,11884800
2023-01-27,54.53197923432052,54.63953642112638,54.11070874215734,54.21826934814453,14087000
2023-01-30,54.2630917369689,54.82776960679513,54.19138465682361,54.35272216796875,15632000
2023-01-31,54.65746718934412,54.980142192560635,54.23619666634682,54.962215423583984,14344400
2023-02-01,54.8008735653126,55.19525561308239,54.334787866518234,54.97117614746094,12535400
2023-02-02,54.496114906302864,54.693305892378675,53.698392708713484,54.030029296875,16947200
2023-02-03,54.092783651986856,54.15552563116777,53.088908565910785,53.62670135498047,15404400
2023-02-06,53.59084394670519,54.08381807001657,53.528101972057264,53.93144226074219,11330900
2023-02-07,53.48328363172455,53.9941879438799,53.3667647748576,53.84181213378906,14922700
2023-02-08,53.70736370866947,53.70736370866947,53.41158059736702,53.52810287475586,11012000
2023-02-09,53.913515867137335,54.065888248622215,53.42053835249569,53.4384651184082,12515300
2023-02-10,53.52809894797077,53.6894364220024,52.775191875550156,53.4384651184082,14420700
2023-02-13,53.689440440975496,54.460270917828865,53.537064628903394,54.31686019897461,16191800
2023-02-14,53.96729136977859,54.58575281085894,53.38468687879007,53.41157531738281,20505700
2023-02-15,53.68943505317115,53.7163234917639,53.08890037754627,53.41157531738281,13171400
2023-02-16,53.08890628473015,53.61773395737565,52.83793837879035,53.0799446105957,16538300
2023-02-17,53.33090732246128,53.985218884351106,53.223350147416895,53.88662338256836,16814700
2023-02-21,53.77010649537147,53.98522085330591,53.528100278309424,53.59980392456055,14278300
2023-02-22,53.644620456097556,54.10174446156787,53.55499004127416,53.76114273071289,12409600
2023-02-23,53.78802652053948,54.1555166602302,53.60876570639249,53.85973358154297,12222800
2023-02-24,53.492255159314496,53.698407876085916,53.2323221350099,53.63566589355469,9736200
2023-02-27,53.9404079716982,54.047965155300865,53.54602935236761,53.617733001708984,8849800
2023-02-28,53.51017302213288,53.51017302213288,53.00823382624536,53.33987045288086,16082200
2023-03-01,52.99926938580612,53.044084589360814,52.31806598272371,52.75726318359375,13275800
2023-03-02,52.73934221264727,53.58187975725745,52.70348867819206,53.52810287475586,11758300
2023-03-03,53.37572563447575,53.49224790874623,53.07097743812452,53.277130126953125,13101800
2023-03-06,53.115790180481035,54.119668556687415,53.07994006783015,54.101741790771484,16282700
2023-03-07,54.21826041705944,54.289964056724884,53.55498379945511,53.78802490234375,13961200
2023-03-08,53.8149299621582,54.074862985477495,53.53707016972915,53.8149299621582,10851600
2023-03-09,54.26308025137824,54.26308025137824,53.133717912408635,53.2950553894043,13900900
2023-03-10,53.510177331188274,53.90455596167052,52.87379246637102,53.070980072021484,13745800
2023-03-13,53.14268658171851,54.558867018326154,53.10683304682179,53.60877227783203,21956000
2023-03-14,53.7790693536506,54.19137473142511,53.19646140131359,53.80595779418945,19496900
2023-03-15,53.26817561792726,54.20930877409788,53.09787643968853,54.164493560791016,21089900
2023-03-16,54.272869961175594,54.49866822138261,53.92062522651793,54.46253967285156,15658300
2023-03-17,54.47158261412495,54.50770772327071,53.86644138426955,54.20965576171875,27351200
2023-03-20,54.33609391675752,54.733497619628906,54.16448847707834,54.733497619628906,12904100
2023-03-21,54.70640434814472,54.86897937748845,54.083202365932536,54.48060607910156,13716500
2023-03-22,54.552863573191566,54.9773619791826,54.21867965189899,54.23674392700195,10494200
2023-03-23,54.27287215993953,54.54382939408368,53.938691686008696,54.119327545166016,15479000
2023-03-24,54.41738250701397,55.11284158486794,54.11029672517466,55.004459381103516,12975600
2023-03-27,55.22123037540328,55.52831619387169,55.049624911856554,55.4109001159668,12777400
2023-03-28,55.44701877636916,55.763138399643765,55.33863657901601,55.47411346435547,10925700
2023-03-29,55.74507833010784,55.952812326288516,55.627662264298515,55.871524810791016,9441000
2023-03-30,55.88958974342275,56.07925946667877,55.69088615977842,55.862491607666016,9870700
2023-03-31,56.05217214444577,56.223777614891084,55.880563228591775,56.02507400512695,14440900
2023-04-03,56.26893154905862,56.46763514103378,55.87152781051669,56.3592529296875,12300700
2023-04-04,56.350212349438905,56.66633197583173,56.070224716397455,56.18763732910156,11433400
2023-04-05,56.476653696458996,56.919219755081976,56.44955901066432,56.720516204833984,12789600
2023-04-06,56.77471329102466,56.93728830883287,56.34118105867208,56.756649017333984,9644200
2023-04-10,56.44053799605389,56.62117385864258,56.01603613907239,56.62117385864258,7952600
2023-04-11,56.58504330325757,56.63923267865152,56.35924505136175,56.521820068359375,9913000
2023-04-12,56.431504135679525,56.928259648614855,56.2779629633975,56.62117385864258,9593700
2023-04-13,56.6843995801885,57.04567821199218,56.431506605170945,57.03664779663086,9871400
2023-04-14,56.946319580078125,57.03664094989096,56.70245704969541,56.946319580078125,8946000
2023-04-17,57.19018483877641,57.379854556319806,57.02760981076547,57.31663131713867,9452400
2023-04-18,57.361789495151065,57.44307700804221,57.07276799273991,57.406951904296875,9035700
2023-04-19,57.56049022981995,57.65081159824666,57.28953301535562,57.51533126831055,9769500
2023-04-20,57.47017470878957,57.804355172415846,57.29856582431031,57.768226623535156,10706400
2023-04-21,57.80435922499173,58.04821833351286,57.62371991333197,57.84952163696289,12931100
2023-04-24,58.48174713609891,58.69851152810159,57.461138074646605,57.759193420410156,15532300
2023-04-25,57.95789815725558,57.95789815725558,57.4701765136812,57.66887664794922,12818900
2023-04-26,57.40695637656532,57.59662610628477,57.25341175340551,57.39792251586914,13179600
2023-04-27,57.379850938374425,57.587584917644,57.00051152720595,57.51533126831055,13795800
2023-04-28,57.45210952874923,57.948868454508364,57.3346934694418,57.93983459472656,13687600
2023-05-01,57.93983323782503,58.427558292380255,57.858542283324574,58.075313568115234,9091500
2023-05-02,57.930797617346386,57.930797617346386,57.14502068360888,57.813385009765625,10948400
2023-05-03,57.82241630832183,57.96693050461157,57.42501605015735,57.48823928833008,11084600
2023-05-04,57.569524539940005,57.741129973181984,57.36178711363664,57.55146026611328,11938300
2023-05-05,57.47920352956723,57.994023277914394,57.47017311530147,57.82241439819336,9039000
2023-05-08,57.632753093327864,57.858547923475875,57.4521137838012,57.73210144042969,7240700
2023-05-09,57.47919712624068,57.57854889913577,57.15404712236858,57.25339889526367,9067700
2023-05-10,57.19019289342797,57.479214440506894,56.892140930369095,57.35276794433594,10134000
2023-05-11,57.42501309669277,57.741129271298,56.910189912408995,57.67790603637695,9581500
2023-05-12,57.677914939486925,57.97597033190046,57.53340417373114,57.90371322631836,8740800
2023-05-15,58.00305660470645,58.03015129266276,57.54242623700162,57.750160217285156,8150000
2023-05-16,57.7140403568623,57.7140403568623,57.045675948171606,57.09986877441406,9129600
2023-05-17,57.26244608015607,57.28050691087871,56.65730488869615,57.03664779663086,11583000
2023-05-18,56.91018589621198,56.93728402741431,56.51278224112366,56.720516204833984,13595100
2023-05-19,56.9372893379748,56.9914787146184,56.54891606012511,56.74761962890625,14251400
2023-05-22,56.711490250709915,56.783743900313034,55.492177612957974,55.55540084838867,15055400
2023-05-23,55.55539156433406,55.69990228479853,55.24830585267113,55.4560432434082,13932700
2023-05-24,55.4379894926766,55.48314845537731,54.84188222696645,54.986392974853516,11090100
2023-05-25,54.616090106408464,54.85091880608957,54.32706857815093,54.56189727783203,14463600
2023-05-26,54.5980233831759,54.76962883119747,54.29093759248956,54.426414489746094,12570300
2023-05-30,54.27287287292752,54.37222466401414,53.75805308766796,53.992881774902344,15634200
2023-05-31,54.11932344786499,54.44447348238456,53.62256798197472,53.88449478149414,59432200
2023-06-01,54.13738890400127,54.345122887168934,53.983847742906555,54.19158172607422,13402700
2023-06-02,54.43544328539456,55.383795259587295,54.263837853339396,55.23928451538086,15259800
2023-06-05,55.09477868099762,55.49218240162835,54.68834110000697,54.868980407714844,12915600
2023-06-06,55.04961971905052,55.08574826967612,54.29996779790635,54.47157669067383,10943500
2023-06-07,54.200612336705014,54.5167319651636,54.029006900964404,54.39028549194336,16817900
2023-06-08,54.30899625924682,54.56188919766871,54.17351593057344,54.525760650634766,15585900
2023-06-09,54.43544195061231,54.7967170795658,54.34512058431806,54.61608123779297,12581500
2023-06-12,54.724462771078876,54.778655590200984,54.2096430483461,54.381248474121094,14208900
2023-06-13,54.381258404968996,54.7967264245526,54.227717224195736,54.598026275634766,13397800
2023-06-14,54.85090670726074,55.16702630278209,54.73349066061523,54.96832275390625,14099700
2023-06-15,55.159442772331715,55.78739095546441,54.91372301241515,55.72368621826172,15271400
2023-06-16,56.060414065102385,56.579154644653734,55.95120643563051,56.12411880493164,26738000
2023-06-20,56.05132098935041,56.38804657540999,55.73279725546274,55.75099563598633,13971800
2023-06-21,55.79649686695889,56.169626123021004,55.49617154123552,55.905704498291016,13948700
2023-06-22,56.25153693223194,56.51545510510278,56.05132003340389,56.28793716430664,15193400
2023-06-23,56.369843213407364,56.397147726758064,55.678190207641784,55.69639205932617,25112100
2023-06-26,55.70548550455563,55.77829290378471,54.959227020696936,55.7145881652832,12856100
2023-06-27,55.71459325772152,55.84200274637005,55.496174511718195,55.596282958984375,9068500
2023-06-28,55.40516389121246,55.55077521862552,54.968329908973274,55.077537536621094,11173200
2023-06-29,54.804520226774386,54.92282705108446,54.394987257417675,54.62250518798828,17142300
2023-06-30,54.604302765585786,54.92282647639247,54.485992470865554,54.80451965332031,19739200
2023-07-03,54.78632050272077,55.177651636226855,54.63160649866922,55.13214874267578,9694500
2023-07-05,54.8591180146388,55.60537649077168,54.74991038857366,55.54167175292969,14716600
2023-07-06,55.26865170903454,55.53257332465114,55.05933564302246,55.11394119262695,12603900
2023-07-07,54.88642554423226,55.05933791765143,54.35858229119265,54.38588333129883,14574000
2023-07-10,54.57700371985613,54.74081691187192,53.82164250426688,53.976356506347656,15480600
2023-07-11,54.11285966098086,54.20386890928099,53.54861620811139,54.16746520996094,15967700
2023-07-12,54.37678024252014,54.64980103894801,54.103759446092276,54.45868682861328,14241300
2023-07-13,54.71350878844384,55.0229333005395,54.58609930787174,54.92282485961914,11269800
2023-07-14,54.73171389472192,55.550779849479746,54.68621100204608,55.423370361328125,11634200
2023-07-17,55.29595481944156,55.605379335495904,55.050238516136304,55.341461181640625,10014300
2023-07-18,55.47796663159966,55.74188824177661,54.977427921309186,55.12303924560547,11152900
2023-07-19,55.3050556381163,56.23332915535497,55.223149049193836,56.09681701660156,12936000
2023-07-20,56.133223091028,56.797575019658936,56.12412042984717,56.77937316894531,11563000
2023-07-21,56.843076728264705,57.04329361030191,56.64286331787548,56.82487487792969,12815100
2023-07-24,56.806678723658244,57.16160963330838,56.78848034314643,56.843082427978516,10251100
2023-07-25,56.69747280562717,56.77937940701311,56.469954854182724,56.65196990966797,13422700
2023-07-26,56.297036065546195,57.48922777382737,55.86930125449372,57.38002014160156,17145500
2023-07-27,57.38001916237977,57.58023604441697,56.77027279857262,56.82487487792969,11517100
2023-07-28,56.961386974875516,57.12520015611401,56.62466142306215,56.86127853393555,9721800
2023-07-31,56.83398220897081,56.83398220897081,56.178729429659995,56.36074447631836,15577900
2023-08-01,56.50635252129164,56.752072299191624,56.078617707356685,56.21512985229492,9281600
2023-08-02,56.024015848090784,56.96138860065018,56.024015848090784,56.38804244995117,11059400
2023-08-03,56.30613308348167,56.53365100030542,55.99670857773544,56.09681701660156,8037400
2023-08-04,56.13322076321568,56.324334980311235,55.168543545286695,55.250450134277344,9359300
2023-08-07,55.323252198435014,55.814691684981796,55.27774931375051,55.687278747558594,6982600
2023-08-08,55.68728241203073,55.832893735591554,55.16854185486732,55.44156265258789,7956100
2023-08-09,55.43247282760715,56.08772563014291,55.28686147944902,55.56898498535156,7904100
2023-08-10,55.832893735591554,56.17872193091643,55.32325583895258,55.44156265258789,7870300
2023-08-11,55.36876458850556,55.696390969115065,55.232252439368885,55.66908645629883,8483900
2023-08-14,55.80559692821549,55.95120826281584,55.28685633172376,55.40516662597656,7176300
2023-08-15,55.23224158019114,55.4233592457366,54.94101895949495,55.03202819824219,7187400
2023-08-16,55.09573561182473,55.35055454942764,54.96832614302327,55.04113006591797,8372300
2023-08-17,55.13214948883537,55.5325798178118,55.013839186682766,55.15945053100586,12873500
2023-08-18,55.095735225623066,55.596273908826326,54.94102124912889,55.46886444091797,11083800
2023-08-21,55.38695943185318,55.45066416761704,54.8955199231196,54.995628356933594,8648500
2023-08-22,54.91372781509099,55.132146555779805,54.58610143988184,54.65890884399414,9411500
2023-08-23,54.7863128112498,55.00472805829086,54.74990911286037,54.85001754760742,7749500
2023-08-24,54.85002571125793,55.405170043554946,54.68621251577198,54.70441436767578,8955100
2023-08-25,54.97742654996673,55.12303787063092,54.61339651248239,54.959224700927734,7629200
2023-08-28,55.10483853186893,55.26865170903454,54.941025354703314,55.11394119262695,6254300
2023-08-29,55.11394698600851,55.177651731419566,54.740817703608776,55.05934143066406,8189600
2023-08-30,55.186738696641264,55.277747935388504,54.86821504014464,55.03202819824219,9447900
2023-08-31,54.877323937354134,55.03203793477344,54.43139073936223,54.44959259033203,14663500
2023-09-01,54.604304761309365,54.7226150603537,53.80344065274866,53.976356506347656,11262300
2023-09-05,53.92174567149892,53.98545040975029,53.39390244410424,53.53041458129883,12474600
2023-09-06,53.348399598936105,53.53951728549338,53.16638457307805,53.49401092529297,13923500
2023-09-07,53.64872372887438,53.83983793956787,53.05717577579704,53.08448028564453,17628600
2023-09-08,53.05717577579704,53.157284211393005,52.79325416770729,53.08448028564453,14312300
2023-09-11,53.14818419532385,53.68512659199682,52.993470214088724,53.585018157958984,14767400
2023-09-12,53.685134041145744,53.69423323111733,52.957073864083206,53.05718231201172,12292700
2023-09-13,53.14818534401855,53.40300429315119,53.09357979564106,53.18458557128906,12641400
2023-09-14,53.423091313971575,53.74414213649646,53.37722391144672,53.62489318847656,12311600
2023-09-15,53.57903185259677,53.79000861739313,52.973619201688,53.14790344238281,55727500
2023-09-18,53.18459334591321,53.52399042915014,52.86354252382307,53.478126525878906,13617400
2023-09-19,53.441427343134826,53.56067627613114,53.129547940892124,53.368045806884766,11998900
2023-09-20,53.47811656032921,53.96428364214416,53.2763147237029,53.606536865234375,14766600
2023-09-21,53.542333518123044,53.58819741867701,52.67090541083229,52.780982971191406,15941800
2023-09-22,53.065336776556514,53.17541432762743,52.74428600057723,52.83601379394531,14644100
2023-09-25,52.652562734654595,52.735119155461064,52.047150148470934,52.28564453125,12358800
2023-09-26,52.03798565810492,52.19392715040223,51.735281054174415,51.85452651977539,11194700
2023-09-27,51.75361172772282,51.85451440519013,51.074817623437426,51.322486877441406,13766300
2023-09-28,51.57932987757575,51.66188629936402,51.0931662265956,51.194068908691406,12484800
2023-09-29,51.49677651018697,51.61602545966327,51.01978421147333,51.35000991821289,12271600
2023-10-02,51.28578939957956,51.37751718884893,50.524438950909406,50.891353607177734,11792500
2023-10-03,50.597832644921844,50.84550193451158,50.24926066336684,50.34099197387695,13604200
2023-10-04,50.35015200722522,50.70789528960586,50.18503918471248,50.48774719238281,12100500
2023-10-05,50.21256588644137,50.405196367658974,47.91933587425662,48.04775619506836,29878100
2023-10-06,47.735876142706076,48.882491133648145,47.28640152661263,48.744895935058594,30298900
2023-10-09,48.57978642157258,48.75407415160766,47.80008957404049,48.506404876708984,15704700
2023-10-10,49.653014406406776,49.83647349688469,49.130158273018935,49.561283111572266,20909700
2023-10-11,49.73556678942535,49.79060206267249,48.63481583500177,49.26774597167969,21138900
2023-10-12,49.313612800323405,49.37782645491765,48.09361634847125,48.44218826293945,19330400
2023-10-13,48.37797609476907,49.00173136427881,48.28624480573022,48.515567779541016,14494600
2023-10-16,48.63481668257912,49.1301551455808,48.46970386157856,49.01090621948242,12816800
2023-10-17,48.900840086032325,49.62549814082419,48.8091087821912,49.59798049926758,16457200
2023-10-18,49.625499523720094,50.01993539324989,49.46038667139639,49.57963562011719,12809500
2023-10-19,49.680536026100754,50.23090984244416,49.40534911792905,49.854820251464844,16202200
2023-10-20,50.0199328455209,50.46940747599544,49.937376423564,50.05662536621094,15686400
2023-10-23,49.88234175637483,50.35015915376751,49.57963370573908,49.607154846191406,21212700
2023-10-24,51.047295148234866,51.52428385240154,50.72624088677973,51.03812026977539,25290800
2023-10-25,51.14820977582728,51.57016683272242,50.964754141481144,51.47843551635742,16701000
2023-10-26,51.70774827971834,51.94624615566542,51.11151058823308,51.16654586791992,16228400
2023-10-27,50.95556952107788,51.496771937019254,50.54278742431051,50.67121124267578,13626500
2023-10-30,50.84549952018896,51.62519637694777,50.83632463997775,51.505950927734375,15014300
2023-10-31,51.891206855959155,52.02880205217769,51.50594590525317,51.81782531738281,16639400
2023-11-01,52.10219458279223,52.17557963604187,51.60685597093299,51.771968841552734,14110800
2023-11-02,51.82699977101125,52.42324099106228,51.69857944649353,52.368202209472656,13087200
2023-11-03,52.65256609775383,52.82685033094791,52.01046095037799,52.04715347290039,13958700
2023-11-06,52.083841391185224,52.54248741540965,52.04715236863279,52.25812911987305,12673200
2023-11-07,52.21226199428978,52.65256525916284,52.037977763871496,52.45075988769531,10449300
2023-11-08,52.57917895677911,52.716774161157474,52.21226074456442,52.368202209472656,13744000
2023-11-09,52.313163398538094,52.4140660818001,51.707750798157434,51.9737663269043,12021100
2023-11-10,52.16640030807672,52.22143909332239,51.42339595281418,52.02880859375,11678900
2023-11-13,51.93707755179639,52.37737733844856,51.9187312899536,52.221439361572266,12798200
2023-11-14,52.3039911999598,52.50579656332805,52.11136071630357,52.37737274169922,12697100
2023-11-15,52.56083554102651,52.59752806407219,52.056325596319006,52.47827911376953,10201900
2023-11-16,52.51496846450262,52.771809111924014,52.11136123295596,52.423240661621094,16010400
2023-11-17,52.45993305301426,52.59752826536634,52.01046189115512,52.52414321899414,14475800
2023-11-20,52.33151068583649,52.81767785116588,52.24895426147425,52.652565002441406,13051000
2023-11-21,52.70759733261026,53.23962837073236,52.58835189236188,53.23045349121094,13891600
2023-11-22,53.441429223924814,53.69827335781698,53.32218378592292,53.58819580078125,11320600
2023-11-24,53.62489305924452,53.89090859680493,53.51481899167148,53.72579574584961,4816000
2023-11-27,53.698278233163116,53.835869943163125,53.45060895613327,53.62489318847656,16246500
2023-11-28,53.56985344048086,53.96428927482619,53.53316092119496,53.73496627807617,13739600
2023-11-29,53.734964194625995,53.81751711103162,53.294660978649425,53.413909912109375,11263600
2023-11-30,53.58958059621861,54.05187857277755,53.25672548876759,54.03338623046875,22727500
2023-12-01,53.8762079714031,54.26453658852929,53.848471220766584,54.21830749511719,15371200
2023-12-04,54.172083500522,54.514183056435385,54.033392680178,54.15359115600586,14942200
2023-12-05,54.13509883081018,54.393988127074444,54.014900354939414,54.2368049621582,11891500
2023-12-06,54.14434665790706,54.30152629545369,53.820735919989865,54.18132781982422,14868500
2023-12-07,54.24605078579109,54.44946305379274,53.98716500982839,54.31077575683594,11587900
2023-12-08,54.31077694232293,54.320021351500166,53.96867384284294,54.19057846069336,11178700
2023-12-11,54.39398950727692,54.634382938064164,54.08887110549072,54.58815383911133,14524800
2023-12-12,54.73608255538618,54.939491271972656,54.45870446763828,54.939491271972656,12899000
2023-12-13,54.967239365550164,55.494258865324916,54.791563847589074,55.41104507446289,16196800
2023-12-14,55.448028482439874,55.51274992638467,54.33851247230102,54.58815383911133,22478300
2023-12-15,54.393988017881775,54.70834729297505,53.4416516756699,54.18132781982422,65177400
2023-12-18,54.36625172426107,55.0042253111077,54.19982413874059,54.569664001464844,16717700
2023-12-19,54.55116155355892,54.736081450676636,54.21830644415777,54.39398193359375,14612200
2023-12-20,54.08886969878923,54.2460493365519,53.22899507782364,53.2659797668457,17701000
2023-12-21,53.48787842338942,53.6912906767403,53.13653447476106,53.61732482910156,11725100
2023-12-22,53.73751966588412,54.051882453596974,53.64506147475548,53.92243957519531,9029400
2023-12-26,53.682053882986295,54.28303926586853,53.682053882986295,54.144351959228516,6422500
2023-12-27,54.218313834565095,54.33851231313371,53.99641274941981,54.28303527832031,8560100
2023-12-28,54.22755295630951,54.430961663454546,54.1165989047174,54.320011138916016,8400100
2023-12-29,54.31077820044153,54.53267929637809,54.209072061864646,54.4864501953125,9244300
2024-01-02,54.366245434774946,55.36481083237648,54.24604696423685,55.30933380126953,16322600
2024-01-03,55.411041170935356,55.660682525935016,55.25385800946712,55.438777923583984,14830600
2024-01-04,55.52199035149849,55.71615466940107,55.16139846766401,55.25385665893555,12912900
2024-01-05,55.290852792053485,55.42954363472517,54.63439032779075,55.170654296875,10412800
2024-01-08,55.17989607765849,55.64219413224541,54.93949911412292,55.57747268676758,11554600
2024-01-09,55.466520819303945,55.60520811614212,55.12441772758393,55.475765228271484,10493700
2024-01-10,55.67917502239034,55.85484700140229,55.45727041943217,55.660682678222656,12258000
2024-01-11,55.70690793759969,55.7161523455197,55.18913291773493,55.300086975097656,13754200
2024-01-12,55.54973458711011,55.901078560609925,55.355566728323815,55.83635711669922,13218000
2024-01-16,55.836358544737635,55.873343235647994,55.33707579861064,55.466522216796875,11826900
2024-01-17,55.34632373486536,55.669930962695304,55.309339043955006,55.466522216796875,8982100
2024-01-18,55.18913412366998,55.68841681155075,55.041198904340916,55.623695373535156,10397700
2024-01-19,55.71615750649403,55.734649851100755,55.142908931901786,55.31858444213867,14392600
2024-01-22,55.25385801370103,55.54048405695683,54.95798756191298,55.07818603515625,14314300
2024-01-23,55.041203814731546,55.475765103365234,54.97648237094195,55.337074279785156,14481600
2024-01-24,55.29083876952476,55.30008670445328,54.449456570770934,54.46794891357422,16370500
2024-01-25,54.56040968032925,54.70834490269664,54.236802483604954,54.699100494384766,14899700
2024-01-26,54.78232184955443,55.00422647730466,54.67137129920651,54.893272399902344,13025100
2024-01-29,54.865528110707125,55.28159702620101,54.70834495282992,55.22611999511719,14547100
2024-01-30,55.3370757834921,55.49425895629103,54.967239455652376,55.38330841064453,22061500
2024-01-31,55.56821966745462,55.8918303922959,54.81929914484561,55.00421905517578,22837000
2024-02-01,55.07817871847135,56.40959557464975,54.88401442160121,56.381858825683594,15870900
2024-02-02,56.233933841404884,56.28016294043631,55.68842200790401,55.97504806518555,17544900
2024-02-05,55.82710768587586,55.82710768587586,55.364809684068135,55.51274490356445,12759600
2024-02-06,55.438772798950666,55.52198657625846,55.179887059350264,55.42028045654297,12775200
2024-02-07,55.540488071563324,55.669930962695304,55.42028958963181,55.466522216796875,10259900
2024-02-08,55.37405794890476,55.44802732733169,54.93025225950554,55.31858444213867,12874800
2024-02-09,54.9857292365643,55.087435368269276,54.57890470974441,55.06894302368164,15235300
2024-02-12,55.16139864385052,55.253856835417366,54.51418072172078,55.19838333129883,13516800
2024-02-13,55.013461928806116,56.08599314633598,54.35699961614857,54.87477111816406,24195700
2024-02-14,54.70834373083802,55.09667588564297,54.588148790088674,54.819297790527344,15872500
2024-02-15,54.93949788168169,55.09668105078341,54.67136769659739,54.9210090637207,13695800
2024-02-16,54.874777546771,55.12441891894,54.51418562932274,54.91176223754883,13947100
2024-02-20,55.10592797982406,56.25242873381523,55.02271418697749,56.12298583984375,18339300
2024-02-21,56.39111204550396,56.65924220709984,56.24317682539615,56.62226104736328,14373000
2024-02-22,56.39111202116697,56.63150543109322,55.938058425814525,56.53904724121094,12982800
2024-02-23,56.48357523791595,56.973610036600604,56.400361448794584,56.58528137207031,13612900
2024-02-26,56.622263338790674,56.65000009147903,56.08599593978917,56.132225036621094,10336100
2024-02-27,55.97504289192929,56.196943957593554,55.58671073643606,55.790122985839844,9931100
2024-02-28,55.81786366242197,55.92881773011028,55.53124113852905,55.845603942871094,8076500
2024-02-29,55.799373762490575,56.06750748057034,55.38330833512004,55.494258880615234,18152700
2024-03-01,55.38330178981777,55.38330178981777,54.865526760274754,55.04119873046875,10927600
2024-03-04,54.763819612339105,55.429529848300405,54.75457520441909,55.300086975097656,10150200
2024-03-05,55.39254760367999,55.577467513713586,54.93949400045039,55.03195571899414,12310000
2024-03-06,55.031955630820775,55.475761297957966,54.90251275212083,55.0596923828125,12378800
2024-03-07,55.18913392412317,55.26310329704717,54.77306854611406,54.957984924316406,13686900
2024-03-08,54.8285434652518,55.2815970684814,54.523428611692204,55.03195571899414,13239000
2024-03-11,55.2723531011826,55.74389908197393,55.08743670492751,55.697669982910156,14114300
2024-03-12,55.771636993468405,56.16921360236554,55.66993085718483,55.93806457519531,12684600
2024-03-13,56.289401897223044,56.59451672380208,56.21543252892897,56.51130294799805,13909500
2024-03-14,56.46005908966311,56.665094846798,56.29230029865607,56.385498046875,13996600
2024-03-15,55.93813358339,56.33889023664507,55.583975796853174,55.807655334472656,36849900
2024-03-18,55.816969891647254,56.29228754355513,55.73309051514971,56.0406494140625,15856700
2024-03-19,56.14317200401661,56.24568808712153,55.9754132421859,56.13385009765625,15030600
2024-03-20,56.087253397214226,56.674409086292144,56.06861313903937,56.61848831176758,15258800
2024-03-21,56.44141188640666,56.842168553932275,56.217732340822174,56.3575325012207,13067100
2024-03-22,56.404133537805954,56.655771703036955,56.32025414939562,56.37617492675781,11502800
2024-03-25,56.366851027165616,56.581208666578256,56.031333485383826,56.292293548583984,13144700
2024-03-26,56.38548712498735,56.58120449149631,56.273649137734445,56.422767639160156,13277400
2024-03-27,56.655771937170414,57.25224601043512,56.571892548413445,56.87944793701172,12551200
2024-03-28,56.98196463124203,57.093802625365434,56.8514863788871,57.01924514770508,13683500
2024-04-01,57.01924514913341,57.131083143259616,56.50665049118375,56.55324935913086,11668700
2024-04-02,56.33888858698786,56.5998450771815,56.022011325210364,56.05929183959961,13017300
2024-04-03,55.96609454058933,56.28297182494082,55.71445638343382,55.76105880737305,13672900
2024-04-04,56.00337550668952,56.05929628270551,55.14594138410672,55.2671012878418,14320700
2024-04-05,55.22050569387332,55.621262390925246,54.90362838818729,55.46282196044922,10157800
2024-04-08,55.36029945377525,55.42553857780882,55.0527405359607,55.239139556884766,10284500
2024-04-09,55.43485927274033,55.67717907676644,55.10866363878107,55.658538818359375,10779100
2024-04-10,55.285742865503586,55.350981994779126,54.698587146757845,54.91294479370117,11861900
2024-04-11,55.1273046869252,55.33234042180869,54.79178714132299,55.03410339355469,11109000
2024-04-12,54.94090734116474,54.9968245636369,54.176674488407194,54.316471099853516,12250900
2024-04-15,54.624034247095246,54.81043329863049,54.092799261142815,54.185997009277344,12425000
2024-04-16,54.288515892261024,54.409675807323424,53.9902788361583,54.1114387512207,11236800
2024-04-17,54.31647272844318,54.57743281044611,54.14871394546488,54.53083038330078,13805100
2024-04-18,54.63335086459999,54.96886843565387,54.55879337951362,54.903629302978516,11125900
2024-04-19,55.08069976580712,56.255011122183475,54.98750203192706,56.07793045043945,21207900
2024-04-22,56.049974344876325,56.506651793924284,55.65853957877735,56.432090759277344,15624500
2024-04-23,56.4134562966088,56.553256473302156,56.04066175087015,56.51597595214844,13689100
2024-04-24,56.2177330937092,57.4572836296949,55.77037755181486,57.36408233642578,19548300
2024-04-25,57.662316926725445,58.33335198883237,57.196321145876894,57.541160583496094,19048500
2024-04-26,57.36407991140362,57.71823770032291,57.17768088801107,57.541160583496094,10994300
2024-04-29,57.70892107684364,57.83008098643049,57.34544490334907,57.820762634277344,13409300
2024-04-30,57.91395437795893,58.55703082315984,57.289521745665105,57.56911849975586,19349200
2024-05-01,57.59707512300923,58.314709018771,57.047199984971805,57.71823501586914,16729800
2024-05-02,57.951235594621856,58.15627487589394,57.522520329476286,57.7741584777832,10991300
2024-05-03,57.774162198358106,58.09103949197339,57.44796299757615,57.941917419433594,11628700
2024-05-06,58.06307749091568,58.13763852739769,57.69028297430335,58.109676361083984,9310700
2024-05-07,58.491791121077064,58.547711896847886,58.016476970455344,58.36131286621094,9807000
2024-05-08,58.5756721496582,58.68751370433608,58.23083624423285,58.5756721496582,10484400
2024-05-09,58.53838713093611,58.85526438171787,58.48246636129271,58.6036262512207,9113700
2024-05-10,58.64090548229566,59.05098403171332,58.51974914293639,58.95778274536133,8371700
2024-05-13,58.9391499376768,59.29330418341796,58.88322916217072,59.25602722167969,10137600
2024-05-14,59.25602530832003,59.423780518889934,58.52906947127731,58.80866622924805,10852200
2024-05-15,58.771388835668134,59.07894420059008,58.715468062379756,58.83662796020508,9838900
2024-05-16,58.9391525399385,59.395826449970826,58.78071211330875,59.013710021972656,10228000
2024-05-17,59.03234977547194,59.06030838658694,58.659551702697684,58.743431091308594,11539000
2024-05-20,58.65023389667806,58.724791378767364,58.212196690380836,58.31471633911133,11000900
2024-05-21,58.547708600876426,58.696827105938134,58.193550818130284,58.631587982177734,9796200
2024-05-22,58.44519474685224,58.73411343443473,58.39859587602047,58.71547317504883,7419400
2024-05-23,58.240149548643394,58.60362565949188,57.83007101926325,57.86735153198242,9834300
2024-05-24,57.98851706786081,58.17491253907792,57.7555191735737,57.783477783203125,8203100
2024-05-28,57.58776785769972,57.90464517714792,57.22429166441688,57.615726470947266,12347000
2024-05-29,57.2895219165015,57.67163831112697,56.91672387309174,57.50387954711914,11861800
2024-05-30,57.64367831655154,57.85803951050298,57.41068041946723,57.75551986694336,9433800
2024-05-31,57.774163360218054,58.74343196435783,57.49456302384896,58.65023422241211,19816600
2024-06-03,58.44519492381237,58.799352742684846,58.202878661593914,58.65023422241211,9369000
2024-06-04,58.90187327164404,59.619507272194554,58.65955345054074,59.59154510498047,11895600
2024-06-05,59.63814536372693,59.712702844633185,59.041667740147425,59.57290267944336,9632500
2024-06-06,59.572896967385084,59.98297551648034,59.49833949362766,59.78725814819336,8658500
2024-06-07,59.73134241763446,59.852505884867284,59.47038944429461,59.5635871887207,9523100
2024-06-10,59.591538332277025,59.63814075391536,59.060303434043625,59.265342712402344,15685300
2024-06-11,59.26534600800016,59.32126678391641,58.78070994919008,59.228065490722656,8396000
2024-06-12,59.358537087446805,59.358537087446805,58.426545591649315,58.6036262512207,9569600
2024-06-13,58.58499777004548,58.75275655742917,58.2028813221751,58.70615768432617,9668900
2024-06-14,58.58874685452474,58.87990376659561,58.31637125438875,58.7484130859375,8179200
2024-06-17,58.5793535788882,59.077144341803205,58.40090244975408,58.81415939331055,10532700
2024-06-18,58.72963051502325,59.00200612593688,58.64510027656221,58.82355499267578,10651700
2024-06-20,58.60753205531941,58.926868102664606,58.18488087753131,58.400901794433594,13306300
2024-06-21,58.40090571112525,59.26498943668469,58.40090571112525,58.955047607421875,28278100
2024-06-24,59.16167302028898,60.16663801007032,59.086533441883475,60.08211135864258,13212500
2024-06-25,60.05393523812817,60.17603526773653,59.65006894106799,59.96001434326172,10235300
2024-06-26,59.546749155221676,60.213596731972494,59.38707935660626,60.15724563598633,9402500
2024-06-27,60.15725492155389,60.36387802729777,59.75338503515252,60.025760650634766,8494100
2024-06-28,60.01636096424409,60.166632942694235,59.65945516258201,59.78155517578125,17358800
2024-07-01,60.13846515526595,60.392059452325576,59.28377211827989,59.43404769897461,10033400
2024-07-02,59.41526223326216,59.52797160484076,59.03957507655744,59.31195068359375,8878200
2024-07-03,59.34951997802829,59.80034673923284,59.10532349261222,59.481014251708984,9154200
2024-07-05,59.481009737992565,59.91305157017152,59.17106434783005,59.88487243652344,11735500
2024-07-08,59.72520698521852,59.72520698521852,59.020789543302676,59.13349533081055,11235100
2024-07-09,59.2274208913836,59.387087128041074,58.785984806514776,58.879905700683594,11657500
2024-07-10,58.90808699304531,59.03957768283919,58.50422068419119,59.01140213012695,11930400
2024-07-11,58.83294230675913,59.603105065495136,58.60753073890347,59.264984130859375,11431600
2024-07-12,59.60310657210977,60.2136031176175,59.537361231252305,59.828521728515625,9201500
2024-07-15,59.91305821913114,60.05393957159675,59.49979765305211,59.55615234375,8207500
2024-07-16,59.57493223639029,60.401446133416194,59.53736244574753,60.36387634277344,9025100
2024-07-17,60.55172287835372,61.41580653152233,60.49537177749195,61.24674606323242,12508200
2024-07-18,60.86167360414363,61.810283991830325,60.786534019265915,61.227970123291016,11128200
2024-07-19,61.65061084517416,61.65061084517416,60.8804481006763,61.32188415527344,13775700
2024-07-22,61.28431878997349,61.32188858091707,60.410840856223835,60.83348846435547,11794200
2024-07-23,61.45338375050258,62.0263105642139,60.90863249062862,61.01194763183594,11810300
2024-07-24,61.1340417320203,61.960562829839496,60.889848831032964,61.81028366088867,13244600
2024-07-25,62.02629832867377,62.824636581306294,61.857237873293606,62.054473876953125,16328600
2024-07-26,62.0544764774573,63.03126946439872,61.998125378537104,62.974918365478516,13530100
2024-07-29,62.81525215398404,62.95613708308868,62.35503474023372,62.76829528808594,12140200
2024-07-30,62.43957000440871,63.70752006419067,62.32686062538385,63.56663513183594,13258000
2024-07-31,63.39756174305493,63.50087686137399,62.56165372443984,62.68375015258789,15576800
2024-08-01,62.92794796788784,63.97048618658227,62.6461781704069,63.8296012878418,16495900
2024-08-02,64.36497435755207,65.43568839212628,63.57603019132072,65.1163558959961,22514800
2024-08-05,64.79701351107438,65.32298343216355,63.613597311460275,63.96110534667969,25484300
2024-08-06,64.00807495785399,64.65613421917338,63.65116548641141,63.914154052734375,12969100
2024-08-07,63.91413945139091,64.97545905162242,63.70750920790949,64.2992172241211,13365300
2024-08-08,63.86717461211141,64.67490709957973,63.72628970556154,64.55281066894531,15240900
2024-08-09,64.52464068891791,64.60917451581207,64.1019930515634,64.505859375,12080400
2024-08-12,64.28982920533434,64.37436302480171,63.70751537086821,64.02684783935547,11012300
2024-08-13,63.94231499991945,64.44010213246789,63.876569664784824,64.2992172241211,9877600
2024-08-14,64.08319200500485,64.70307549329591,63.989263967221554,64.41191864013672,14328000
2024-08-15,64.44950846717924,64.73127117105322,64.33679908620637,64.4776840209961,11285100
2024-08-16,64.65613183211822,65.08818087798787,64.46829002881395,64.97547149658203,12651200
2024-08-19,65.13512087772735,65.20086620842811,64.6655093253779,64.78761291503906,9843900
2024-08-20,64.79701069184954,65.17270142893742,64.59038042816596,65.1633071899414,11957400
2024-08-21,65.25723969780898,65.86772912578282,65.11635476608222,65.34176635742188,8792400
2024-08-22,65.67049422717686,65.67049422717686,64.60917443240218,65.1163558959961,12509200
2024-08-23,65.18209674536513,65.60474435300968,64.75005489856926,65.54839324951172,11834700
2024-08-26,65.58596602402315,66.6097160012344,65.49204512535229,66.53457641601562,12912200
2024-08-27,66.98540424414377,67.18264027365151,66.73181711069236,67.15446472167969,16988400
2024-08-28,67.25776105939381,67.44560279717948,66.96660421611514,67.38925170898438,13272600
2024-08-29,67.5301584641811,67.83070964139061,66.90088055654012,67.6710433959961,17201700
2024-08-30,67.8119193073679,68.15943450757923,67.41744724163945,68.06551361083984,18624200
2024-09-03,68.03734346426167,68.83568189853564,67.85888873028424,68.57270050048828,14755800
2024-09-04,68.84506235999943,69.06107967985929,67.53954270547585,68.15003204345703,18140800
2024-09-05,68.20639086899895,68.26274196756489,66.66606540542624,66.84451293945312,23866100
2024-09-06,66.67545267291834,67.31412473278125,66.58153178646586,66.81633758544922,17485700
2024-09-09,66.90087858586644,67.91523430050327,66.6660727616598,67.48319244384766,12939300
2024-09-10,67.59589567405648,68.01854325292399,67.17324092948452,67.20142364501953,10277600
2024-09-11,67.02296822732922,67.03236246574075,66.28098103831469,66.7599868774414,11418200
2024-09-12,66.6848467892761,67.0417490234243,66.365514342781,66.90087127685547,12337800
2024-09-13,66.99070501389606,67.58647680163728,66.65027326853944,67.52973937988281,11073800
2024-09-16,67.87016549435528,68.31462783410309,67.72832195173723,68.18223571777344,10786500
2024-09-17,67.9931090822422,68.4186541578914,67.82288960901661,67.89854431152344,12974400
2024-09-18,67.98364944425037,68.44702186436109,67.39733633066069,67.85125732421875,10719700
2024-09-19,67.67157892372262,68.0309351464166,66.7637441553047,66.78266143798828,13635600
2024-09-20,66.58408521372188,67.89855521789231,66.5557092846017,67.74724578857422,48578500
2024-09-23,67.66213220272732,68.27680685093212,67.31223459704174,67.83235168457031,11613000
2024-09-24,67.35005526713283,67.9174510786974,66.76374217344622,67.4540786743164,13330600
2024-09-25,67.81344012691086,68.012028336692,67.43517377811466,67.56756591796875,12329100
2024-09-26,67.0096280757463,67.71887476815274,66.99071079031042,67.5202865600586,10815200
2024-09-27,67.6526759372142,68.27680924934297,67.57702122821975,67.88909149169922,11175700
2024-09-30,68.08769153379282,68.27682112434302,67.7945385039906,67.9552993774414,18015300
2024-10-01,68.1822384413303,68.79692027160262,67.73777608382832,67.81343078613281,13294500
2024-10-02,67.51082303317278,67.54865038647743,66.58407812911345,67.15147399902344,11155500
2024-10-03,67.00961632593646,67.13254980039217,66.38547588294017,66.6880874633789,9374800
2024-10-04,66.15851328431775,66.4611248386067,65.93155642230818,66.35710144042969,12684800
2024-10-07,66.24363659805948,66.29091537673638,65.12775497070383,65.26014709472656,14512000
2024-10-08,65.28852156059493,65.66678789750544,65.1183020697267,65.42091369628906,13549700
2024-10-09,65.43036200338969,65.95047182150846,65.31687995579311,65.78971099853516,9037700
2024-10-10,66.0355921222018,66.11124682857483,65.24123213494478,65.48710632324219,8635200
2024-10-11,65.68568759194558,65.80862106572002,65.25068389840239,65.78971099853516,8786300
2024-10-14,65.78971140618245,66.64080873135754,65.69514664001392,66.51786804199219,7659300
2024-10-15,66.63135009029193,67.34059665879964,66.34765579178635,66.51786804199219,10358700
2024-10-16,66.2814610433315,66.85831557042424,66.16798619526743,66.73538208007812,7937300
2024-10-17,66.79211306100557,66.84885769439384,65.79917216207848,66.1017837524414,14674600
2024-10-18,66.07342246465414,66.71647306825771,65.827548265233,66.6124496459961,15087500
2024-10-21,66.1963561263107,66.508426393894,65.54384687860568,65.67623901367188,11981200
2024-10-22,65.25069389593483,65.95994056871673,64.94808227080776,65.67623901367188,18603300
2024-10-23,63.349911742227036,64.96699331462726,62.96219397367347,64.31449127197266,24655200
2024-10-24,63.97405055461207,64.3428582428143,63.3120826724523,63.643070220947266,17568800
2024-10-25,63.42556507099047,64.02132967473312,63.160780802660405,63.283714294433594,11138100
2024-10-28,63.32153750949236,63.73763116956881,62.9810985539443,63.04729461669922,10761400
2024-10-29,62.6879447281665,62.735223506722626,61.959780833071775,61.99760818481445,16525900
2024-10-30,61.95032550787813,62.92435630576248,61.770647402114506,62.338043212890625,14177800
2024-10-31,62.23402339382238,62.40424286835178,61.713913543470596,61.761192321777344,13383700
2024-11-01,61.912500814916896,62.09217892838974,61.364015047874155,61.47749710083008,12163100
2024-11-04,61.54369473578757,61.865216405143784,61.137059720829626,61.57206344604492,10984500
2024-11-05,61.127610731496816,61.91251217509531,61.127610731496816,61.81794738769531,8780200
2024-11-06,60.91955611209609,61.335649781462706,59.74693702504367,60.23868179321289,22899300
2024-11-07,60.79662344870357,60.89118822534081,60.144114224695606,60.20085525512695,14856100
2024-11-08,60.437268903587885,60.749335542609344,60.27650806687695,60.44672393798828,14719300
2024-11-11,60.512928254765804,60.63586535589965,59.813136610713755,59.91716003417969,13980900
2024-11-12,60.21976747738045,60.28596354091061,59.69019536172426,59.76585006713867,15021000
2024-11-13,59.62399976425513,59.82258795639791,59.09443125187438,59.576717376708984,13177600
2024-11-14,59.680744793224044,59.680744793224044,59.03769417874103,59.15117263793945,15910800
2024-11-15,59.09443188473173,59.22682401424474,58.054201310501725,58.38518524169922,26284300
2024-11-18,58.48920621370975,58.763449120240146,58.2149669145944,58.49866485595703,16062100
2024-11-19,58.53648976273352,59.21736407205379,58.28116054395783,59.188995361328125,16254800
2024-11-20,59.29302164853981,59.58617462667436,58.649971053241686,59.567264556884766,18904900
2024-11-21,59.71857067598391,60.34270759730555,59.52943751037416,60.2954216003418,17292300
2024-11-22,60.749335542609344,60.976299657197465,60.19139832761385,60.44672393798828,19562200
2024-11-25,60.82499551452858,61.19380321413347,60.37107806829063,60.88173294067383,36805300
2024-11-26,60.81553541343754,61.127605679413215,60.57911985706146,61.04249954223633,14473300
2024-11-27,61.430215927200926,61.562608058620086,60.75879662790947,60.92901611328125,13263400
2024-11-29,61.00047268129575,61.21962785509961,60.76226764737469,61.057647705078125,10648400
2024-12-02,61.0290654794025,61.16246175591831,60.362076827271586,60.64793014526367,16500100
2024-12-03,60.71462313185669,61.05764417652095,60.05716491799165,60.52405548095703,24874500
2024-12-04,60.295381271162405,60.36207941227666,58.980471945101925,59.275848388671875,28137700
2024-12-05,59.52358553390331,60.142925914923495,59.17103407394502,59.95235824584961,21040400
2024-12-06,59.866610480587404,60.37161174671295,59.56170000949659,59.58075714111328,15581100
2024-12-09,59.73320858015117,59.96189051719839,58.98047189750124,59.64745330810547,22348300
2024-12-10,59.74273852506295,60.066702479885514,58.87565906285785,59.942832946777344,14949400
2024-12-11,60.028583190728774,60.62887004037327,59.45688385234642,59.68556213378906,32819000
2024-12-12,60.55264131240686,60.905189115355164,60.2382077678248,60.82896423339844,17542100
2024-12-13,60.57170160452176,60.828967409764125,60.13339851475001,60.14292526245117,13429000
2024-12-16,60.247739460261045,60.84802635708664,59.40924388125755,59.59981155395508,24559700
2024-12-17,59.504531440983506,60.55264822222807,59.380661904546045,60.409725189208984,21902400
2024-12-18,59.84755145160848,60.6384023973594,59.828494320595965,59.88566207885742,20946100
2024-12-19,59.742732891901795,60.19056270283047,59.45688322572322,59.50452423095703,21300600
2024-12-20,59.52358666574169,60.08575930107257,59.342545741029824,59.59981155395508,42458100
2024-12-23,59.55216720726556,59.79990262354642,58.627916409080534,59.437828063964844,13010800
2024-12-24,59.26631556003876,59.876129150390625,59.08527465149476,59.876129150390625,5019100
2024-12-26,59.66651079185095,59.78085357843862,59.456889619325764,59.61886978149414,7943800
2024-12-27,59.50452423095703,59.98094155284656,59.275842317148744,59.50452423095703,8542800
2024-12-30,59.39971968672704,59.39971968672704,58.77084888413474,59.104339599609375,8972200
2024-12-31,59.094808037505985,59.485470115858035,58.88518324212531,59.323486328125,9256700
2025-01-02,59.40923813270337,59.790373441219025,58.71366928422163,58.92329406738281,12991000
2025-01-03,58.98047014831156,59.15198068731645,58.71367395720619,58.83754348754883,10403200
2025-01-06,58.59933390531835,58.6660320433716,57.79895261390345,57.94187927246094,17924200
2025-01-07,58.22772860205165,58.808958345659605,57.76083800373146,57.970462799072266,17799600
2025-01-08,58.11339230701777,58.85660224000385,58.05622091418189,58.79943084716797,14412400
2025-01-10,58.6755687553754,58.742266900623626,57.86565699414131,58.18962097167969,22425000
2025-01-13,58.24678550522943,58.93282400906023,57.84659304611691,58.74225997924805,18016200
2025-01-14,58.751790490941524,59.142452592726876,58.40876939966149,59.113868713378906,16658300
2025-01-15,59.39018662318807,59.66650591458108,58.770842634847746,58.856597900390625,16187200
2025-01-16,58.52310647063956,59.36160203786385,58.427824453017344,59.313961029052734,12585500
2025-01-17,59.37113042303627,59.80943350499399,59.23773051416683,59.752262115478516,17948900
2025-01-21,59.93330456260151,60.24773812602943,59.36160155716973,59.4759407043457,19817100
2025-01-22,59.190090959814675,59.352074750029914,58.75178786709854,58.866127014160156,18191900
2025-01-23,58.88518404996592,59.056694587671075,58.475464835978734,58.6279182434082,16528400
2025-01-24,58.808959129746746,59.08527843164495,58.54216294081697,58.9995231628418,19244600
2025-01-27,59.90471686995607,61.15293164169917,59.523585168921244,60.85755157470703,20742900
2025-01-28,60.514527511928044,61.01953235216242,59.342541319116535,59.41876983642578,14956000
2025-01-29,59.609341853449735,60.37160890839901,59.599811470701354,59.866607666015625,11325600
2025-01-30,60.83848907789843,61.25773863726361,60.2477326308005,61.02906036376953,13201000
2025-01-31,60.695575281482064,60.914726841345676,60.400195195695716,60.4859504699707,12096800
2025-02-03,60.200095654000876,60.62887198895618,59.48546964066732,60.36207580566406,12067900
2025-02-04,60.60981642791567,60.62887355827094,59.40924265896522,59.714149475097656,15678000
2025-02-05,59.761793563214134,60.30490905157825,59.637924034443536,60.14292526245117,10686800
2025-02-06,60.61934416323325,60.7336869472276,59.94283238109208,60.37160873413086,13423400
2025-02-07,60.43830217208391,60.905189115355164,60.28584877339472,60.82896423339844,13184700
2025-02-10,61.07670553882232,61.60076755500516,60.65745956065212,61.50548553466797,16154300
2025-02-11,64.31634670046172,64.47832686597773,63.27776029498014,64.41162872314453,30589100
2025-02-12,63.7160639340094,65.57408883489327,63.7160639340094,65.46927642822266,26033800
2025-02-13,65.74559042951186,66.32682014385861,65.51691215044882,66.22200775146484,24393100
2025-02-14,66.08862163087123,66.72701919562262,65.51692221065278,65.62173461914062,20779100
2025-02-18,65.31681845171961,66.09814257736348,65.19294529416352,65.7932357788086,15569100
2025-02-19,65.94569064184412,66.82229684676955,65.90757638038406,66.76512908935547,16032300
2025-02-20,66.42211974637527,66.76514089059539,66.14579675411164,66.73655700683594,13398000
2025-02-21,67.00332282333267,68.22294983975617,66.82228193917433,67.9847412109375,21662300
2025-02-24,67.4988059013314,68.34683546280486,67.01286544386059,67.2605972290039,21418400
2025-02-25,67.51785801401286,68.38493369000686,67.39399213731396,68.1181411743164,21555600
2025-02-26,67.90852720011488,67.918057582776,67.2034315437829,67.46070098876953,14531200
2025-02-27,67.38448572472043,68.16581005696581,67.09863234505973,67.52741241455078,16789500
2025-02-28,68.08002713834495,68.19436990381628,67.23200495236405,67.85134887695312,22167400
2025-03-03,66.92710631954597,68.9471184712179,66.44116586368786,68.90900421142578,21717600
2025-03-04,68.67078963467837,69.22343544981281,66.58407952520072,66.87946319580078,25411900
2025-03-05,66.6031476645901,67.40352533138501,66.54597263871051,66.774658203125,23933600
2025-03-06,67.08910425813947,67.20343978588767,66.17437641883659,67.1367416381836,21694000
2025-03-07,66.36492973728147,68.43257902453348,66.36492973728147,68.06097412109375,28393300
2025-03-10,68.56598773599018,69.76656155643568,67.95617407756914,68.08003997802734,25251200
2025-03-11,68.48976219592332,68.64221925194842,67.27966520932246,67.68938446044922,28076400
2025-03-12,67.050969756755,67.39399077558348,66.45067933902979,66.64125061035156,18923300
2025-03-13,66.93664038496333,66.93664038496333,66.01238952541627,66.33635711669922,15746600
2025-03-14,65.76042399261492,66.480323517598,65.63563672143866,66.38433837890625,14205100
2025-03-17,66.46112222321914,67.35379792883553,66.30754746565758,67.3058090209961,15634800
2025-03-18,67.29621020837226,67.37300125091741,66.51872104139392,66.59550476074219,12657600
2025-03-19,65.79883632457589,66.59551977014989,65.78923561129469,66.4995346069336,14780000
2025-03-20,66.52832166102064,67.00825474430187,66.31714993266527,66.91226959228516,16295300
2025-03-21,66.91226305938838,67.16183028882378,65.44366913964382,65.91400146484375,47479500
2025-03-24,66.03880332063032,66.30756470865079,65.58766499508228,66.18277740478516,12575400
2025-03-25,66.18278158139688,66.3075688931375,65.8468298251703,66.04840087890625,12513900
2025-03-26,66.1539798331667,67.52658885614034,66.1347857304782,67.20983123779297,14478200
2025-03-27,67.36340958838663,68.14089885980118,67.25782372150344,67.90093231201172,11663400
2025-03-28,67.96812780231127,68.45766164738845,66.73950015624953,67.54579162597656,17412900
2025-03-31,67.89133285028073,69.05276995891357,67.66095971230604,68.74561309814453,24016900
2025-04-01,68.80321114796253,69.02398360142888,68.33287874925367,68.98558807373047,15309100
2025-04-02,69.07196768036779,69.4559156072594,68.19849328680702,68.46725463867188,14606500
2025-04-03,69.57110803839021,70.98210525445046,69.41752592542684,70.24301147460938,24959600
2025-04-04,69.51350838904713,70.07983325464255,66.9890629214824,67.12344360351562,26517300
2025-04-07,63.571939832954904,66.59551241806057,63.39916362896049,65.62605285644531,34258400
2025-04-08,66.19237804945682,67.17144575988546,65.04054143822162,65.6740493774414,22774400
2025-04-09,65.19410449727124,67.64176600943941,64.57979077212737,67.14263153076172,27918700
2025-04-10,67.37301204782747,68.35207236598922,66.21157480519325,67.92013549804688,22450200
2025-04-11,68.0641052967898,68.96637440635114,67.7089522210198,68.563232421875,19988200
2025-04-14,68.43846469374293,69.74388334411029,68.08331155454655,69.54230499267578,13930200
2025-04-15,69.70549841640263,69.7150918073979,68.84161721887865,68.97599792480469,14965500
2025-04-16,69.45591668635818,69.7534728558033,68.5248453292197,68.80320739746094,15276200
2025-04-17,69.01437728192533,70.48297131188893,68.84160108291799,70.07022857666016,20754500
2025-04-21,70.43498342010903,70.52137519144668,68.93759440010818,69.8494644165039,16037200
2025-04-22,70.07023905401292,71.39485189566878,69.99344799337236,70.93412017822266,15613500
2025-04-23,70.34859936010761,70.98210728621928,69.47511754482223,70.35820007324219,16353900
2025-04-24,70.08942251223019,70.482971145841,69.39832504102648,69.60948944091797,16893900
2025-04-25,69.7342858039157,69.99344647395345,68.27528497621157,69.02398681640625,16316000
2025-04-28,69.18715264581955,69.35992884274141,68.44805162218812,68.9087905883789,15997500
2025-04-29,68.33287106542518,69.79186433791486,67.45938938570245,69.4463119506836,16244100
2025-04-30,70.40617891253758,70.53096619582608,68.81280495064638,69.63829040527344,21074700
2025-05-01,69.11036766104213,69.14876318852649,68.37127389576314,68.42886352539062,18034200
2025-05-02,68.63044028260597,68.93759720492885,68.24649229890271,68.77442169189453,12629600
2025-05-05,68.79360814008795,68.91839543174407,68.16010026219504,68.82240295410156,11932700
2025-05-06,68.80321061273699,69.01438235183649,68.30408340293658,68.84160614013672,12705500
2025-05-07,68.8416143333866,69.77268584484779,68.7936180876251,69.49432373046875,15018200
2025-05-08,69.30232819009716,69.56149613322366,68.27527177530021,68.31366729736328,14371100
2025-05-09,68.1408888869154,68.29447097015785,67.6321610517692,67.68975067138672,11228900
2025-05-12,67.33461399168205,67.50739019701007,65.9428036367625,66.73949432373047,21539000
2025-05-13,66.79708058024373,66.89307305195784,66.10598311700514,66.19236755371094,14389100
2025-05-14,66.11556973809404,66.55710723463339,65.82761432201882,66.38433837890625,16286800
2025-05-15,66.90266746532508,68.85120189372702,66.80668231533818,68.73601531982422,19817100
2025-05-16,68.97597852376606,69.35992642836047,68.56323580788658,69.11035919189453,18441200
2025-05-19,69.13915225718317,69.27353292191808,68.76480507353638,69.04316711425781,13282800
2025-05-20,68.9183986769961,69.23514896925887,68.56324553330973,68.81281280517578,12137800
2025-05-21,68.81281010402026,69.18715733552574,68.70722423634456,68.96638488769531,12094400
2025-05-22,68.95678500950048,69.10076640563639,68.11210538107338,68.28488159179688,11101800
2025-05-23,68.66882229832311,69.09116572959354,67.85293757053023,68.88958740234375,12822100
2025-05-27,68.86078965916526,69.32152859395397,68.6880134740191,68.89918518066406,10666100
2025-05-28,68.82240136900268,69.01437899666826,68.19849421788325,68.29447937011719,8710900
2025-05-29,68.15049437389499,68.78400952687154,67.63216579142254,68.6208267211914,10291100
2025-05-30,68.73601226422632,69.56149769917299,68.73601226422632,69.20634460449219,28019500
2025-06-02,69.1391540031796,69.14875471467369,68.49604547382235,69.11035919189453,10202700
2025-06-03,68.83199912464718,68.89918946064469,67.64176717703543,68.3040771484375,20139800
2025-06-04,68.40006751341322,68.96638505669978,67.84334335943129,68.50565338134766,13565900
2025-06-05,68.51524072529065,68.59203177213975,67.987318755397,68.0641098022461,13531400
2025-06-06,68.22728194946659,68.6112298417475,68.09290128564781,68.48644256591797,9524000
2025-06-09,68.48644539423864,68.94718434864251,68.23687815547001,68.88958740234375,12281300
2025-06-10,69.01437512824316,69.77267023782304,68.87999445800847,69.4463119506836,12265000
2025-06-11,69.36952156506834,69.45591332429818,68.87999511448955,69.17755126953125,12718500
2025-06-12,69.35032947177953,69.49431085919782,68.72641500843196,69.34072875976562,12806900
2025-06-13,69.37939122457114,69.48572779608413,68.37403934433657,68.65437316894531,17467200
2025-06-16,68.82837813925082,69.23439385761984,67.90035590847108,68.17102813720703,15045900
2025-06-17,68.03569747661606,68.11303451253002,67.26234924327349,67.30101776123047,15437000
2025-06-18,67.66836506405285,67.66836506405285,66.78867277809225,66.90467834472656,16227600
2025-06-20,66.78866213477708,67.24300797927467,66.48899035447668,66.54698944091797,40859400
2025-06-23,66.83700206429486,67.48468313742453,66.6726663965334,67.4170150756836,21822800
2025-06-24,67.61034990557883,68.00668925736785,67.36867723062353,67.87135314941406,15216100
2025-06-25,67.60069442202018,67.68769306223604,67.11734897566662,67.31068420410156,12540400
2025-06-26,67.37834825067493,67.59102141442149,66.84667271657428,67.15601348876953,14454100
2025-06-27,67.27200922058512,68.20970047647026,67.1560110447745,67.98736572265625,23470700
2025-06-30,67.7940282155373,68.43204773134757,67.75535969561551,68.39337921142578,15429000
2025-07-01,68.6253800423077,70.03674777083798,68.53838140762663,69.28273010253906,21729300
2025-07-02,69.30206759005999,69.43740371551085,68.38370688133973,68.54804992675781,13050200
2025-07-03,68.6737092809053,69.02171852833801,68.1033579238987,68.97338104248047,9440500
2025-07-07,68.99272362630313,68.99272362630313,68.44171017669292,68.64471435546875,16984700
2025-07-08,68.32570642189037,68.32570642189037,67.55235082745048,67.90036010742188,17115500
2025-07-09,67.82302996969725,67.91002860144354,66.6726655592818,67.16567993164062,33704100
2025-07-10,66.98199936986916,67.52334380082945,66.85633223418616,67.44600677490234,14608400
2025-07-11,67.25268387918851,67.82303533058068,66.94334309419709,67.54269409179688,12916700
2025-07-14,67.47502323438938,67.74569548815201,66.9626708966064,67.15601348876953,13983200
2025-07-15,67.19468008394853,67.23334860127437,66.84667080328141,67.04967498779297,12639800
2025-07-16,67.04000640766368,67.18501150466933,66.49866191245926,66.9626693725586,13178300
2025-07-17,67.4846832135171,68.33537584809433,67.19468039512854,68.23870086669922,20464700
2025-07-18,68.09370500636545,68.34503931411889,67.50402300501212,67.52335357666016,14928000
2025-07-21,67.85203614087102,68.26771351987851,67.60069444361235,67.73603057861328,17811700
2025-07-22,67.13667197790417,67.91969652788217,66.40199229248275,67.33968353271484,22339900
2025-07-23,67.33967621087827,67.41700585996459,66.31497907639034,66.85633087158203,21030000
2025-07-24,66.95301392817606,67.23335517474858,66.69200325452366,66.79833984375,12511400
2025-07-25,66.82732879947508,66.92400377455274,66.45998897008134,66.86599731445312,12574800
2025-07-28,66.45033393083422,66.60500802317847,65.79298378890446,65.82198333740234,13668800
2025-07-29,66.0636409991318,67.10766875840231,65.87997477547003,67.06900024414062,16223400
2025-07-30,66.80800072762776,67.02067388032647,66.24731830237941,66.45999145507812,10448200
2025-07-31,65.87997324101114,66.36331859512676,65.48362651050923,65.62863159179688,17193400
2025-08-01,66.31499588025247,66.74034224669829,65.9959861054181,66.56633758544922,16107500
2025-08-04,66.43099066583828,66.77899993186192,66.03464391137487,66.66299438476562,10701500
2025-08-05,66.60499491079078,67.17533891967778,66.45998982158156,66.75,11993400
2025-08-06,66.81767044003028,67.47502047598066,66.34398664004432,67.1946792602539,10783000
2025-08-07,67.14634646354497,68.36437901608284,67.02067930644212,68.08403778076172,15790800
2025-08-08,68.0163624814864,68.50937683429015,67.74569024865774,67.99702453613281,9232700
2025-08-11,67.95837126902137,68.49971579739416,67.62969253731927,68.39337921142578,10909400
2025-08-12,68.46104238892215,68.69304611662024,67.88102938204416,68.35470581054688,11061100
2025-08-13,68.33538690658737,68.41271657884565,67.89070994621848,68.11304473876953,10356500
2025-08-14,68.03569275403862,68.11302978458437,67.07867097064678,67.23334503173828,10722400
2025-08-15,67.41702164824525,68.04537221153565,67.25268596446253,67.59102630615234,12381100
2025-08-18,67.64903233647532,67.716700404374,66.75000950566925,66.82733917236328,14094900
2025-08-19,66.99167386590223,67.8810276116038,66.93366740404146,67.79402160644531,13862200
2025-08-20,68.38370788626794,69.3213991801471,68.0647055145977,68.34503936767578,17530800
2025-08-21,68.24836713460053,68.54804628956838,67.98736387087015,68.3063735961914,8840400
2025-08-22,68.59637672225374,68.65437580884917,67.59101742809595,67.79402160644531,12999600
2025-08-25,67.77469821950766,67.8907037802594,66.4309984856809,66.63400268554688,13634600
2025-08-26,66.74033034209712,66.77899885717359,66.29565348161547,66.44065856933594,17964200
2025-08-27,66.52766165420819,66.5759991451087,66.1893213437015,66.5373306274414,11562700
2025-08-28,66.58566090467983,66.60499885119322,66.00564788879414,66.0829849243164,16209900
2025-08-29,66.38265296404823,66.83699880296693,66.15064924586653,66.6919937133789,14601100
2025-09-02,66.66299883480383,67.03033869556573,65.98631820306724,66.7596664428711,24770100
2025-09-03,66.37299136660353,66.79833028739245,65.1259593965709,66.6919937133789,33581500
2025-09-04,66.80800109283466,67.14634139431152,65.8413103027491,65.97664642333984,16736000
2025-09-05,65.74464181024622,66.29565525813736,65.60930569148456,65.69630432128906,23978000
2025-09-08,65.59963729371096,65.61896786430408,64.92295669397062,65.1839599609375,21671700
2025-09-09,65.03895744471473,65.84131259852624,65.03895744471473,65.59963989257812,14120600
2025-09-10,65.53197457520763,65.82197740933483,64.97129210385596,65.56097412109375,16041900
2025-09-11,65.65764046279655,65.89931317419547,65.32896911542161,65.36763763427734,15128700
2025-09-12,65.34829814689279,65.46430370072562,64.71028603897643,64.7779541015625,18712400
2025-09-15,64.95329083178821,65.05069979913367,64.38830841662555,64.4954605102539,15986100
2025-09-16,64.63183318266859,64.78769347258408,64.3493419810675,64.5246810913086,18555900
2025-09-17,64.69027958429156,65.39162854005477,64.69027958429156,65.30396270751953,17372300
2025-09-18,65.07018254360909,65.30396553899996,64.63183106644534,64.73898315429688,17722900
2025-09-19,64.76820646536532,65.00199689751305,64.33960553674967,64.70976257324219,31192900
2025-09-22,64.44675974249509,64.86561755889781,64.36882959588759,64.4954605102539,13298700
2025-09-23,64.63182760810402,65.03121399269422,64.19348358622275,64.98250579833984,15072800
2025-09-24,64.69028277787076,65.05069668296662,64.25193129807307,64.72924041748047,14759300
2025-09-25,65.02148059505573,65.18707658971151,64.24219395976202,64.27142333984375,14395000
2025-09-26,64.35908374491895,64.61235299475709,63.803844479545624,63.96944046020508,17821600
2025-09-29,63.96944314787988,64.3883083959761,63.657729993377664,64.32986450195312,14818500
2025-09-30,64.35908161115692,64.91432085812184,64.25192952561744,64.60260772705078,13815000
2025-10-01,64.78769238164102,65.09940552439548,64.57338820252966,65.05069732666016,14877500
2025-10-02,64.8071708943868,64.92406610930084,64.15452266606191,64.3883056640625,14350700
2025-10-03,64.38831176958399,65.25526425821164,64.32986787249888,64.924072265625,12249200
2025-10-06,64.76820582274878,64.77794894861516,64.13503641432914,64.3883056640625,14333300
2025-10-07,64.5052007990212,65.51827036487138,64.16426571239552,65.06044006347656,13328300
2025-10-08,64.9435441446338,65.13836950047023,64.34933981503067,64.40779113769531,12606700
2025-10-09,64.57339126379284,65.07018666330032,64.40779527456631,64.65132141113281,12705200
2025-10-10,64.79742423567004,65.65464090131469,64.66105020828604,65.30396270751953,17991700
2025-10-13,64.51495110345067,65.0701904296875,64.29090377483693,65.0701904296875,13690000
2025-10-14,65.13836877585868,65.82023893413239,65.02147356365718,65.76179504394531,14245600
2025-10-15,65.52800846183872,65.96635995942698,65.18707336271082,65.34293365478516,11193700
2025-10-16,65.44035026966328,66.34626788569682,65.42087144679132,65.83972930908203,15707200
2025-10-17,66.23910860494007,66.72616087409403,66.04429067000962,66.66771697998047,15541800
2025-10-20,66.6579738536856,66.86253491491092,66.16117845823675,66.66771697998047,17786800
2025-10-21,68.74255537095344,69.54132077649946,68.41136340291547,69.37572479248047,33651300
2025-10-22,69.51209403755489,69.76536327506938,68.68410674271855,68.97633361816406,18293000
2025-10-23,68.97634194857389,69.09323717196605,67.9145715387836,68.12887573242188,13989400
2025-10-24,68.09965631216875,68.23603036194066,67.84638703466588,67.90483093261719,15688200
2025-10-27,67.97301758797408,68.30421701549703,67.45674334066871,68.24576568603516,13800000
2025-10-28,68.23601808449881,69.06400536108848,68.13860169633662,68.34317016601562,12730500
2025-10-29,68.10938372024359,68.2165358080024,66.39496517975726,66.58003997802734,19789600
2025-10-30,66.67744400502599,67.49569557536583,66.61900011851132,67.1937255859375,14751700
2025-10-31,66.77487146533677,67.28140257339447,66.14170200639356,67.11580657958984,16742700
2025-11-03,67.01838544683207,67.10605127523355,65.90790702945269,66.20987701416016,15660400
2025-11-04,66.69693680838454,66.9502060612112,66.39496678928617,66.88201904296875,12743800
2025-11-05,66.88201803918358,67.04761401931171,66.41444461266163,66.73590087890625,12850100
2025-11-06,66.53134572191175,67.34959000103704,66.16118122550238,67.27165985107422,15906700
2025-11-07,68.00223318138879,69.03478901132647,67.61259732447542,68.72307586669922,25108300
2025-11-10,68.19705212647477,68.83022148213905,67.64181290759342,68.69384002685547,15318000
2025-11-11,69.14194727508601,69.89200454162585,68.83023410262645,69.75563049316406,16160200
2025-11-12,69.63873213098434,70.02837543697167,69.4926149622606,69.65821838378906,13612600
2025-11-13,69.5705493845646,69.81407553679158,69.16142723246207,69.2296142578125,14002800
2025-11-14,69.56080976887269,69.78484965447049,68.7717800264845,69.3172836303711,13172000
2025-11-17,69.35624732883365,69.6777036433646,68.79127228636457,68.84971618652344,14772300
2025-11-18,69.15167748388069,69.49261257798673,68.74255537095344,69.37572479248047,12838900
2025-11-19,69.3562434209824,69.59976956702774,68.97634322769791,69.2685775756836,12401500
2025-11-20,69.11271279926648,69.62899443818439,68.78152082937,69.36598205566406,15396500
2025-11-21,69.82381126314507,71.29471114760685,69.63872902888441,71.06092071533203,26492500
2025-11-24,71.26548993358325,71.26548993358325,69.71665988911998,70.71024322509766,39818600
2025-11-25,70.91481093285518,71.04144184304033,70.27189839231308,70.72972869873047,17451200
2025-11-26,70.71998873192953,71.1972978797638,70.515427668572,70.99273681640625,11795100
2025-11-28,71.10963675339643,71.33368408440478,70.87585372717392,71.22653198242188,7423000
2025-12-01,71.21671062104878,71.52080910903778,70.55947829711947,70.57909393310547,14388100
2025-12-02,70.43196064642193,70.43196064642193,69.08806126715312,69.323486328125,19871300
2025-12-03,69.52947374459329,70.03957003141849,69.26462152629966,69.46080780029297,17001700
2025-12-04,69.48043808167684,69.98071537714732,69.02920361774777,69.10767364501953,17710000
2025-12-05,68.98015470377784,69.36272322410035,68.53873179079882,68.66625213623047,13978200
2025-12-08,68.50929973805755,69.03901174436555,68.16596996101379,68.91149139404297,17775100
2025-12-09,69.02920314802958,69.28424383197529,68.49949117640585,68.75453186035156,13010600
2025-12-10,69.0488164397883,69.18614833695179,68.45043853756432,68.87224578857422,29789400
2025-12-11,69.20577823878173,69.34311014940499,67.47931031148215,67.793212890625,23124200
2025-12-12,67.7932076362872,69.2744388249522,67.72454168629756,69.17633819580078,18444500
2025-12-15,69.0880629502666,69.96110474483282,68.98015823551995,69.6177749633789,18660100
2025-12-16,69.94148583256967,69.94148583256967,68.98015500548561,69.02920532226562,17370000
2025-12-17,69.22539317638903,69.5687229494788,68.97034499465332,69.323486328125,13672700
2025-12-18,68.93110484729681,69.45101276066728,68.8330116975387,69.01939392089844,15524800
2025-12-19,68.72510528564453,69.42157636091521,68.69567808984861,68.72510528564453,36911100
2025-12-22,68.59758199424724,68.88205734809364,68.33272975943967,68.87224578857422,12828500
2025-12-23,68.86244109216697,68.9213029711228,68.36216376722332,68.53873443603516,9471000
2025-12-24,68.56815681129734,68.82320497809492,68.4210133502977,68.77415466308594,4515300
2025-12-26,68.61720446792987,68.82320981823354,68.40140252518461,68.53873443603516,5711400
2025-12-29,68.6662490218586,69.07824471982322,68.51910556286346,68.82320404052734,9686900
2025-12-30,68.66625835740997,68.90168343339319,68.47007204142865,68.73492431640625,8610900
2025-12-31,68.73491995813721,68.82320903355043,68.54853773095313,68.57797241210938,8127800
2026-01-02,68.51910333087262,68.5387264495806,67.66568476774967,67.80301666259766,12151300
2026-01-05,67.60682345499488,67.60682345499488,66.62587706423514,66.64550018310547,21186600
2026-01-06,66.71417565571575,66.94960072758157,66.30217242491543,66.54740905761719,21019900
2026-01-07,66.6945433065423,66.77302081431588,65.98826070463423,66.25312042236328,20223400
2026-01-08,66.25312217377693,68.13653750596887,66.16483310419095,68.04825592041016,19237000
2026-01-09,68.10711049016953,69.31367788417414,67.80301949374109,69.16653442382812,19638600
2026-01-12,69.54911076228863,69.61777672031234,68.90168245746969,69.15673065185547,20582500
2026-01-13,69.07824598974003,69.88262176513672,68.93110252803984,69.88262176513672,18324800
2026-01-14,69.81395953292851,70.34367153284843,69.46081819964854,70.07881927490234,16739100
2026-01-15,70.22595150378933,70.23576306364107,69.02920314283398,69.1371078491211,15464100
2026-01-16,68.95073402286839,69.39215697755917,68.7054973849228,69.0978775024414,20027500
2026-01-20,68.66624785632622,70.41233124722847,68.46025001084048,70.38290405273438,22152200
2026-01-21,70.60852751637842,70.86356820037227,69.48043762200533,70.63795471191406,21660600
2026-01-22,70.46138685340301,70.66738471436216,70.07881832818924,70.50062561035156,13962800
2026-01-23,70.64776418886787,71.66794945492002,70.41233912255672,71.49137878417969,18307100
2026-01-26,71.47176191642889,71.90338076725783,71.15785933874271,71.17747497558594,14017400
2026-01-27,71.05976935346081,72.15842468231341,70.89300275473586,72.14862060546875,13239200
2026-01-28,71.81508932739423,72.21728096770514,71.18728419268787,71.6679458618164,14633700
2026-01-29,71.78566243220233,72.67831982147118,71.74642367561515,72.03089904785156,20862100
2026-01-30,72.3055657524971,73.47289448457488,72.1388066433511,73.38460540771484,26420500
2026-02-02,73.58079652684971,74.25764449940421,72.982418583732,73.89469909667969,19301500
2026-02-03,73.83582910979834,76.02334278217994,73.69849721833332,75.42496490478516,27007100
2026-02-04,75.79772031166526,76.62171912801156,75.61134559641769,75.8761978149414,28607300
2026-02-05,76.33725131507063,77.357436506125,76.1116303419223,77.01410675048828,21633500
2026-02-06,77.00429999362849,77.69095954773124,76.7688749299401,77.52420043945312,18512400
2026-02-09,77.17106512527614,77.60268401241686,76.06259819169836,76.48440551757812,23415600
2026-02-10,75.16992591662607,76.03316360706373,74.56174389002975,75.34649658203125,28848200
2026-02-11,75.41516491122366,77.54382452343293,75.12088544896557,77.1023941040039,22649700
2026-02-12,77.47515822762603,78.8779120285895,77.28877599685985,77.4947738647461,26043500
2026-02-13,76.95524146361178,77.88714502648641,76.6413389175132,77.18086242675781,16711900
2026-02-17,77.48495871799821,78.12257541329457,77.23972210319404,78.04409790039062,16260200
2026-02-18,77.98524490990567,78.3187631197028,77.41629415716362,77.97543334960938,16304900
2026-02-19,77.94600255820342,78.15200041075971,77.09257646844678,77.40648651123047,14924700
2026-02-20,77.81848641429748,78.31876373291016,77.38686756621337,78.31876373291016,17175100
2026-02-23,78.00486204858902,79.30952268409519,77.98524641164639,79.0250473022461,17157700
2026-02-24,79.00542854492173,79.5449446058556,78.32857309470242,79.18199920654297,16448500
2026-02-25,78.86809399840112,79.15256935948766,78.0440951104216,78.93675994873047,18086900
2026-02-26,79.21143078063585,79.34876269348376,78.4953365344764,78.96619415283203,12843200
2026-02-27,79.39780707302857,80.43760790224196,79.28009080623886,80.00598907470703,28483500
2026-03-02,79.70190200365282,79.8490454733882,78.62286236563969,78.6915283203125,18137200
2026-03-03,78.33838922513499,78.55419865571008,77.06315576302471,77.82829284667969,20549300
2026-03-04,77.77924424871415,77.95581490755454,76.2685858306413,76.6119155883789,21011800
2026-03-05,76.19991830639643,76.23915706133192,75.04240122989448,75.56230163574219,23165700
2026-03-06,75.33669559764414,75.71926414105175,74.89526517400058,75.5721206665039,15516000
2026-03-09,75.1601250195247,76.58249447921091,75.07183594107374,76.31764221191406,18554100
2026-03-10,76.00373033266192,76.91601078363519,75.63096591104305,76.39610290527344,17243900
2026-03-11,76.22934879011198,76.22934879011198,75.1404976167675,76.15087127685547,11546800
2026-03-12,75.94488149012138,76.67078733886274,75.43479256778942,76.13126373291016,16842200
2026-03-13,76.51645096432705,77.08931376238849,76.23989858884553,76.38804626464844,11974500
2026-03-16,77.039929223689,77.46463682723909,76.78312734967358,76.86214447021484,11761200
2026-03-17,77.039935424523,77.33624588265866,76.49670209643693,76.62510681152344,14900100
2026-03-18,76.1312578376166,76.18063788821625,74.91639405345256,75.03491973876953,13134600
2026-03-19,75.06454477611187,75.50900288230186,74.60032862247638,74.62008666992188,13023300
2026-03-20,74.63983982423535,75.11393501837722,73.47436365476938,73.8299331665039,33298700
2026-03-23,74.4126658990506,74.52131255507207,73.63239633015058,74.18550109863281,15054900
2026-03-24,73.93857930596654,74.75836498201754,73.71140696681856,73.75091552734375,15653700
2026-03-25,73.67189631815938,74.71885430368368,73.15830011686397,74.32377624511719,14787900
2026-03-26,74.26452137646328,74.81762616846487,73.73116709753849,73.77067565917969,11202100
2026-03-27,73.8990771232814,75.11394097394536,73.7805514314765,74.77812194824219,17461000
2026-03-30,74.99541106285753,76.05224059832382,74.78799676548425,75.33122253417969,18502800
2026-03-31,75.58802505147659,76.07199174940631,74.58058309357364,75.11393737792969,18301800
2026-04-01,75.21270041236761,75.42011469878683,74.33365568328682,75.14356231689453,15834300
2026-04-02,75.63741197319341,76.012732006077,75.18307481691718,75.77568817138672,14573400
2026-04-06,75.69667600054902,76.3287979580723,75.2818473788284,76.26953887939453,8259900
2026-04-07,76.24977758167553,76.64485567217139,74.69910229325674,74.97566223144531,12769200
2026-04-08,74.87688224303861,76.41768594335856,74.39291556942865,76.33866882324219,12331300
2026-04-09,75.7065457963766,77.32635905700035,75.4299934156097,77.21771240234375,14311000
2026-04-10,77.02018134532221,77.2078375936662,76.35842235751673,76.5164566040039,11081400
2026-04-13,76.36830058726864,76.4966977595879,74.89664247573404,75.4695053100586,12696200
2026-04-14,75.03492026524209,75.67692121144344,74.86701452814738,74.96578216552734,12397600
2026-04-15,74.80774901071625,74.80774901071625,73.80030703793551,74.38304138183594,16212100
2026-04-16,74.10649107110758,74.90651876429888,73.97809389056084,74.25464630126953,11501900
2026-04-17,74.0274697523208,75.12380784376332,73.87932206603473,74.80774688720703,15033900
2026-04-20,74.88676055073168,75.28183861204782,74.43242341763867,74.55094909667969,10141800
2026-04-21,74.55095375437119,74.60033380544128,73.70153850689346,73.78054809570312,11806900
2026-04-22,73.97808377800114,74.45217140712752,73.63239331187,73.7114028930664,9352300
2026-04-23,74.51143785375471,75.71642250640673,74.23488548143857,75.34109497070312,12060300
2026-04-24,75.76580758807532,76.0621180269568,75.23245331938115,75.6867904663086,12008700
2026-04-27,75.76580889567012,75.76580889567012,74.47193553023166,74.51144409179688,15812200
2026-04-28,78.5412172531557,79.33137339178496,77.11894675330538,77.3856201171875,30710700
2026-04-29,77.40537762829057,78.30417288264714,77.22759287510647,77.89922332763672,18294700
2026-04-30,77.83008167851996,78.1461426102551,77.36586553664618,77.79057312011719,15142200
2026-05-01,78.31405296705915,78.65974345418515,77.07943870197528,77.61279296875,12610400
2026-05-04,77.09918776439626,77.80044774951499,76.77325533151526,77.22759246826172,12672400
2026-05-05,77.22759142265622,77.81032571989103,76.78312578031152,77.51402282714844,11637500
2026-05-06,77.81033320406459,78.3535665295743,77.60291889854851,78.25479888916016,14060300
2026-05-07,77.82020726756068,78.17577677877368,77.13869778182115,77.46463775634766,16531400
2026-05-08,77.60292055134482,78.22516348114569,77.15846239227109,77.45476531982422,12447200
2026-05-11,77.197964898586,77.76094870579604,76.88189641055054,77.69181060791016,10967900
2026-05-12,78.02762378533136,79.3313761851351,77.31648474262246,79.0449447631836,19883100
2026-05-13,78.88691855340774,80.03263671302015,78.8572814801998,79.2721176147461,12357000
2026-05-14,79.73633012474832,79.92398636682198,78.92642347728277,79.45977020263672,10642000
2026-05-15,80.35858013833334,80.35858013833334,79.45977726641584,79.82522583007812,17527200
2026-05-18,79.87460620034847,80.38820241253838,79.40051101291462,80.2005386352539,12375500
2026-05-19,80.4079573308596,81.64257153233709,80.25980211958489,80.91167449951172,16595200
2026-05-20,81.15859795673538,81.3857702871484,80.5165970599895,80.54623413085938,16999700
2026-05-21,80.78328511194727,80.79316413644646,79.72645555516617,80.17091369628906,15708400
2026-05-22,80.18079373220023,80.67463946656079,79.92399184039613,80.47710418701172,8240200
2026-05-26,79.84497795853711,80.5956256152011,79.25236456032373,79.46965789794922,13004200
2026-05-27,80.10177555661761,81.4944241263008,79.80547264117644,80.6153793334961,13209600
2026-05-28,80.31906040924042,80.7536470152924,79.35111956907564,79.4202651977539,14691400
2026-05-29,79.05481939545376,79.34125080149192,77.93873084267382,78.0374984741211,32477000
2026-06-01,77.61279902747475,78.22516292804762,77.46464379700167,77.67205810546875,12776300
2026-06-02,77.90909387588026,78.22515481822813,77.28685101498868,77.44488525390625,12533200
2026-06-03,77.32635697824341,78.05724646997712,77.14857223317446,77.79057312011719,14964300
2026-06-04,78.79802415565302,79.05482604741398,75.86457928836613,75.87445831298828,19361600
2026-06-05,76.55597076990578,79.74621011565878,76.52634123039232,78.50172424316406,25708100
2026-06-08,78.33380178561673,78.9461731606305,78.12638749782673,78.56097412109375,12828900
2026-06-09,78.57085283067298,80.75364989114632,78.40293956795405,80.33881378173828,20591600
2026-06-10,81.66232383960407,82.8179209490803,81.1092190765359,82.56111907958984,20880500
2026-06-11,82.88705819089883,83.00558386840169,81.4746592264769,81.51416778564453,14264500
2026-06-12,81.69195409893706,81.86973885085317,80.86229694698676,81.60306549072266,11757700
2026-06-15,80.59905875880257,80.7183420997319,79.77398025805853,80.43006896972656,20055200
2026-06-16,80.66864464780673,80.90721891798076,79.36641000813258,79.80380249023438,17565100
2026-06-17,79.47575724032673,79.85350804669757,78.52145258615798,79.45587921142578,17055400
2026-06-18,79.39623876813289,79.53540772500882,78.27293672231222,78.91908264160156,46857900
2026-06-22,78.77991251761773,79.58510541106253,78.59103711431025,79.0582504272461,21205900
2026-06-23,80.84757201898508,80.84757201898508,79.3564696545662,79.8336181640625,16854000
2026-06-24,80.41018317932853,81.09609272471494,80.08213882421857,80.12190246582031,20632600
2026-06-25,80.05231839480312,80.89727492674004,79.4956425778356,79.9429702758789,16021400
2026-06-26,80.4797623210587,82.31878701442906,80.22130245985042,82.13985443115234,53357500
2026-06-29,82.33867685516257,83.12399170076121,81.72235179574442,82.15974426269531,15015800
2026-06-30,82.01063304075272,82.05039668202069,80.5294734281817,80.78792572021484,16422100
2026-07-01,81.21537195591496,81.49371743304293,80.47976358385225,80.80780792236328,21734800
2026-07-02,81.14578629545979,83.64089965820312,80.91715485133743,83.64089965820312,18308400
2026-07-06,83.60114036333422,84.05841085947863,81.8317000482984,82.46790313720703,18992600
2026-07-07,84.09817035141258,85.1717658550302,83.14386576513202,83.55143737792969,17835200
2026-07-08,83.67072556663383,84.32681427385329,82.77606259503419,82.9052963256836,14160000
2026-07-09,81.60305668132222,82.32872982020517,81.22531348735522,82.13985443115234,15782500
2026-07-10,82.23927217344301,83.2432756760538,81.92117062708472,82.99475860595703,10694600
2026-07-13,83.40232939225379,84.17770142960003,83.17369035307114,83.75025177001953,12085800
2026-07-14,83.67072715888746,84.12799766770932,82.58719635009766,82.58719635009766,13775400
2026-07-15,82.43807832695161,82.74623705024202,81.7422336020576,81.96092224121094,18383800
2026-07-16,83.00469991197266,84.44609585882439,82.7860036807783,84.41627502441406,17889900
2026-07-17,84.86360750519098,85.05247531163171,80.35053683196853,81.07620239257812,32903000
2026-07-20,81.06627018527625,81.88140586062717,80.8177531185944,81.63288879394531,14967200
2026-07-21,81.48377990722656,81.91122958034106,80.83763399426662,81.48377990722656,12949400
2026-07-22,82.35855587506262,82.42814035162986,81.47383570836246,81.71240997314453,11701300
2026-07-23,81.18555649039521,81.38437470149,80.40024162088422,80.68852233886719,13755600
2026-07-24,81.08614874930944,81.8416427605726,80.42012482639515,81.76211547851562,11980400
2026-07-27,82.58719411133768,83.64090405596605,82.01063269161537,83.57131958007812,19937600
2026-07-28,87.77622734322203,89.68483651594346,85.73838444733994,87.74639892578125,34982900
2026-07-29,88.1241555559104,90.38068724053291,88.1142127494367,88.55160522460938,21711700
2026-07-30,87.11019623577145,88.11420727129791,86.69268939950297,87.96509552001953,17616100
2026-07-31,87.14002662874023,87.47800619410351,86.3050053531352,87.0704345703125,14725900
2026-08-03,87.95516570012737,87.95516570012737,86.11613329497983,86.34477233886719,23197100
2026-08-04,85.28111770594127,86.16583785860287,84.65485742677355,86.04654693603516,17085700
2026-08-05,86.53364526681261,86.63305057621476,85.67874595450408,86.31494903564453,15868600
2026-08-06,87.33883463669507,87.44818274790256,85.90737396935245,86.33482360839844,13568500
2026-08-07,85.99684785589226,86.65292896801027,85.67874631398736,86.53364562988281,11221700
2026-08-10,86.59328770144425,87.01079455510899,85.91732097373699,86.3547134399414,13710800
2026-08-11,86.10619470536355,86.53364435702373,85.59921777336217,85.96702575683594,16018000
2026-08-12,85.27117206002322,86.77221721975558,85.15188872556685,86.1956558227539,12651900
2026-08-13,86.62310558847354,87.22948781993581,86.39447414102047,86.90144348144531,10140600
2026-08-14,86.7821637328356,87.44818765913077,86.68275083769021,87.18972778320312,9166400
2026-08-17,86.78215945237679,87.49788220680313,86.33482419870427,86.46405792236328,12056400
2026-08-18,87.87563736914123,88.43231317838521,87.35871761700973,88.29314422607422,12524500
2026-08-19,88.06450179877645,90.22163564493194,88.06450179877645,89.8140640258789,15993900
2026-08-20,89.64507899150762,91.32505683407821,89.19775129318654,89.96318054199219,14928000
2026-08-21,90.31109902628296,90.6590213970731,89.7842440670666,90.55961608886719,15595800
2026-08-24,91.57356966348647,91.94137006110614,90.9075381739087,91.4443359375,14787700
2026-08-25,91.02682818544653,91.53380511002422,90.7584330983988,91.0964126586914,11940100
2026-08-26,91.66303219256494,91.66303219256494,89.46614227567014,89.54566955566406,17133900
2026-08-27,88.87964534581421,89.49596280331046,88.43231008548368,88.5317153930664,13452600
2026-08-28,88.68083091936839,89.50590941727118,88.54166196600396,89.12816619873047,9887200
2026-08-31,88.97904896289688,88.99892699038024,88.07444323756117,88.14402770996094,23764800
2026-09-01,89.05856930477471,89.24744469586453,87.28912906447658,87.4780044555664,14824100
2026-09-02,87.37860367579782,88.42237082345903,87.20961388772017,87.71658325195312,18492800
2026-09-03,87.58735835000411,88.70071757413677,87.4879530370246,88.283203125,13763000
2026-09-04,88.064504326037,88.38261345294723,87.32889593040467,87.54759216308594,17290700
2026-09-08,87.03067600133623,88.02474422483915,87.03067600133623,87.83586883544922,19426900
2026-09-09,87.78616420026633,87.87563428597807,86.89150884798197,87.03067779541016,12337500
2026-09-10,88.05457222439757,88.43231544978137,87.27920016042388,87.30902099609375,12019900
2026-09-11,87.9154005151429,88.12415394243344,87.28913264913226,87.76628875732422,9988700
2026-09-14,89.46614559651577,89.82401078563296,88.34285116542739,88.81999969482422,14066100
2026-09-15,88.52999877929688,88.9000015258789,87.80000305175781,88.70999908447266,13148900
2026-09-16,88.4800033569336,88.66000366210938,87.73999786376953,87.87000274658203,17074800
2026-09-17,88.08000183105469,88.33000183105469,87.51000213623047,88.05999755859375,16563600
2026-09-18,87.80000305175781,88.29000091552734,87.5199966430664,88.25,28016400
2026-09-21,88.31999969482422,88.5,87.12000274658203,87.12000274658203,17645282
