Date,Open,High,Low,Close,Volume
2018-07-23,246.80610173597267,247.671605936024,246.46164658909126,247.46849060058594,47047600
2018-07-24,248.8727083834363,249.55275112962,247.848210550406,248.71371459960938,68026900
2018-07-25,248.46637245588386,251.15126184359085,248.4222239961432,250.8333282470703,78882900
2018-07-26,250.11802154849315,250.9216962404491,250.0208571758155,250.2416534423828,57919500
2018-07-27,250.5683723876494,250.66553673891525,247.62737862424348,248.5458984375,76768700
2018-07-30,248.6254319263729,248.7843987666531,246.72656250768478,247.24766540527344,63742500
2018-07-31,248.00722984681568,249.07587637479276,247.62746668559606,248.4664764404297,68570500
2018-08-01,248.66958615526875,249.173008113814,247.40663797379779,248.0513458251953,53853300
2018-08-02,246.75306347915898,249.57039875725604,246.549921231639,249.40261840820312,63426400
2018-08-03,249.52623809426015,250.52424138118405,249.34959032655735,250.47125244140625,53935400
2018-08-06,250.50653996544557,251.69881783741715,250.11793651219287,251.3897247314453,39400900
2018-08-07,252.05211409955874,252.59968434377706,251.91961482211352,252.2198944091797,43196600
2018-08-08,252.05221119827377,252.5114577519987,251.65476711815006,252.114013671875,42114600
2018-08-09,252.17572763222495,252.56433105847069,251.6369978996823,251.76947021484375,35717000
2018-08-10,250.3387574970252,250.87748732036354,249.3760622884001,250.08262634277344,77076000
2018-08-13,250.35653546371444,250.9659354705867,248.8551096882688,249.14657592773438,65732900
2018-08-14,249.87064121463013,250.97462215162406,249.4820377685955,250.73614501953125,43842000
2018-08-15,249.39377745931876,249.5350902895857,247.43310573744802,248.86386108398438,102925400
2018-08-16,250.29462761533514,251.74306397579707,250.2592926680228,250.87753295898438,69967900
2018-08-17,250.6743692338246,252.20228888038022,250.26811170886324,251.7606964111328,65618500
2018-08-20,252.21114510424258,252.56441371116773,251.76071213262946,252.29946899414062,39807500
2018-08-21,252.81167565155732,253.74784948203643,252.33474826253425,252.8911590576172,67272000
2018-08-22,252.48494240121423,253.26214954531227,252.21997071881626,252.74107360839844,44993300
2018-08-23,252.56437757407272,253.42106797344053,252.087450198996,252.40541076660156,49204900
2018-08-24,252.9795460070137,254.0658733993219,252.92655705642994,253.924560546875,57487400
2018-08-27,255.11682494643034,256.03534496080584,254.95785810336608,255.9293670654297,57072400
2018-08-28,256.3884439076748,256.4944486855618,255.59358326575637,256.0528564453125,46943500
2018-08-29,256.2649754069763,257.66039591626367,256.0265251482379,257.4307861328125,61485500
2018-08-30,256.9538622126653,257.32478484249407,255.79689194613198,256.38861083984375,61229500
2018-08-31,255.98236286771518,256.83905348183833,255.49662185001102,256.3974609375,66140800
2018-09-04,255.98230501544074,256.3090791119726,254.95780730979303,255.955810546875,57594400
2018-09-05,255.60261295448018,255.80575523833275,254.26018125329327,255.26699829101562,72452400
2018-09-06,255.37301728414374,255.6732970438029,253.47417433039195,254.49867248535156,65909900
2018-09-07,253.45647312213768,254.97555259274915,253.2179958922097,254.00404357910156,73524800
2018-09-10,255.01085738370165,255.27582908554754,254.25133113428478,254.4456329345703,50210900
2018-09-11,253.8008929804244,255.72622999265644,253.4564648134547,255.28463745117188,50530500
2018-09-12,255.2934771158569,255.94702545032362,254.56044535849583,255.34646606445312,59810800
2018-09-13,256.4062834173273,257.0421777146509,256.1236577401461,256.856689453125,51034200
2018-09-14,257.0597846781716,257.2452459530958,256.1236108773846,256.90081787109375,55079900
2018-09-17,256.8478644508368,256.8831724444053,255.26695577697322,255.54074096679688,68244000
2018-09-18,255.7527169447676,257.519087058753,255.7262224711646,256.9273681640625,61930400
2018-09-19,256.9803451034907,257.6162393929191,256.8566862640088,257.2011413574219,49080600
2018-09-20,258.4552922550464,259.603422066902,257.21881159283953,259.28546142578125,100360600
2018-09-21,260.0245520716881,260.1398902334911,258.88895852227444,259.04864501953125,105479700
2018-09-24,258.47195444294766,258.61390700621837,257.61138564196364,258.18804931640625,53409600
2018-09-25,258.64045746369817,258.74691509115587,257.7089261487671,257.9484558105469,44370000
2018-09-26,258.09040260622646,259.2703440505764,256.75962814321076,257.1766052246094,79739700
2018-09-27,257.64679250455623,258.9775668714285,257.3717679680432,257.89520263671875,59249500
2018-09-28,257.2741607004745,258.4186342232433,257.23869287821276,257.92181396484375,70091400
2018-10-01,259.1550084024449,259.88250494708444,258.1525143734769,258.8179016113281,62078900
2018-10-02,258.6671447753906,259.3768805415971,258.2945429742717,258.6671447753906,47258200
2018-10-03,259.7139378922632,260.13091497744125,258.4541532176749,258.80902099609375,64694600
2018-10-04,258.32997537119405,258.3832041926231,255.2071005237411,256.7862854003906,111545900
2018-10-05,257.0079807072881,257.5225348048375,253.92945538964233,255.3489532470703,105951700
2018-10-08,254.66580518133145,255.70382094275988,253.2906827075332,255.3489532470703,87742200
2018-10-09,254.9675107173781,256.2716436096142,254.4174345678273,254.9763641357422,74339000
2018-10-10,254.4707006802982,254.54169048566087,246.5304286787264,246.9030303955078,214731000
2018-10-11,245.82065967789862,247.43533927490867,239.85878869058828,241.46461486816406,274840500
2018-10-12,245.54564580207276,245.82955087923344,241.64204575248766,244.81817626953125,183186500
2018-10-15,244.46320216125636,245.78512290321214,243.35422369550096,243.4429473876953,102263700
2018-10-16,245.39482863663616,249.13874206234044,244.9246227192346,248.76611328125,118255800
2018-10-17,248.80157482936343,249.43146710792928,246.24648374349127,248.81045532226562,110626000
2018-10-18,247.87889487020155,248.47331932132207,243.9486811524354,245.21734619140625,134557500
2018-10-19,245.86501487749734,247.7901867141416,244.39228793386016,245.08428955078125,139901600
2018-10-22,245.74964656382357,246.0690193902302,243.45184625827045,243.98416137695312,82415800
2018-10-23,240.38222841148024,243.85997037429763,238.30619650626488,242.7421112060547,146352700
2018-10-24,242.4936915369687,242.87520076291182,234.8373258087181,235.3873748779297,177806700
2018-10-25,237.2149739188882,241.14518776381234,236.19471897394203,239.6103515625,138061500
2018-10-26,235.91971729336254,240.42659505910345,232.6992386438329,235.39625549316406,201574600
2018-10-29,238.47472622115237,239.76115211323776,230.53445639226925,234.092041015625,160749100
2018-10-30,233.9235305788176,237.87147829678315,233.4355637318732,237.5609588623047,157116000
2018-10-31,240.11604628903387,242.4049933311253,239.64584043537533,240.0983123779297,128296300
2018-11-01,240.95890437208678,242.84860846389773,239.8765400463614,242.65342712402344,99495000
2018-11-02,243.75350135846932,244.17935889662405,239.17563435333128,241.21617126464844,122634100
2018-11-05,241.7042079253678,243.0970921323004,240.73718142731133,242.5470428466797,65622500
2018-11-06,242.48491398679906,244.24151936070007,242.42280466608807,244.0818328857422,60085900
2018-11-07,246.2465046558192,249.38713997180966,245.82064708045033,249.3072967529297,102752100
2018-11-08,248.5088135200468,249.49360071455664,247.71923474036157,248.85482788085938,65584900
2018-11-09,247.55067814789876,247.73697900206238,245.02220111411222,246.42396545410156,98812600
2018-11-12,245.91828536947241,246.15781505930968,241.30492242495654,241.8195037841797,99673600
2018-11-13,242.28078648339832,244.2680676104156,240.6483731183949,241.3669891357422,98176600
2018-11-14,243.23015694595975,243.62937315359952,238.16434829689643,239.7169189453125,125335900
2018-11-15,238.45699670459484,242.6799955815593,236.8866928638433,242.21864318847656,135101400
2018-11-16,241.12749548140937,243.75354980191392,240.61291413620395,242.8486328125,126668000
2018-11-19,242.24526170706753,242.53804720375695,237.82710852676735,238.74090576171875,103061700
2018-11-20,235.42288274939483,236.8778759571118,233.46221577650243,234.32278442382812,136021300
2018-11-21,235.86652278561633,237.01099674416298,235.112438692658,235.1212921142578,75563700
2018-11-23,233.48887029174514,234.94386374938733,233.39129313466768,233.5509796142578,42807900
2018-11-26,235.79542523445997,237.54317629805234,235.40506266672685,237.32138061523438,79981400
2018-11-27,236.29232395519756,238.1199188232422,235.68904599528867,238.1199188232422,75502400
2018-11-28,239.1846126314142,243.60276794433594,238.05787256190646,243.60276794433594,127629600
2018-11-29,242.83080158766472,244.46321472418583,241.69520866336,243.0703582763672,82346400
2018-11-30,242.91951260784487,245.11085513742356,242.6001398058024,244.5519256591797,98204200
2018-12-03,248.65957945490499,248.76603705268732,246.20209299053286,247.79013061523438,103176300
2018-12-04,246.96516855676538,247.39102621465597,239.45072621082807,239.76124572753906,177986000
2018-12-06,235.91967357759037,239.51275326269678,232.83226753635958,239.3974151611328,204185400
2018-12-07,239.06030166124987,240.62175226185676,233.0008542401647,233.83480834960938,161018900
2018-12-10,233.65734252371468,235.24540740375193,229.44322399250612,234.27838134765625,151445900
2018-12-11,237.46338922000294,237.64969005669067,232.86778808387422,234.33163452148438,121504400
2018-12-12,237.2947970890766,238.6521857615364,235.4317076960782,235.5115509033203,97976700
2018-12-13,236.45204844224932,237.31261719912018,234.3228142517004,235.43179321289062,96662700
2018-12-14,233.29367209242812,234.2429645549487,230.53454550893176,231.0845947265625,116961100
2018-12-17,230.1352693427575,231.2442481147202,224.92750936156915,226.55105590820312,165492300
2018-12-18,228.18349538620993,228.84888268565493,224.70572585491885,226.3026580810547,134515100
2018-12-19,226.38247815956686,230.13525835424576,221.21908028326692,222.91358947753906,214992800
2018-12-20,221.67157418955173,223.2330116022719,217.049344192834,219.28504943847656,252053400
2018-12-21,220.18184659021884,222.83216813756005,214.14945865139123,214.79196166992188,255345600
2018-12-24,213.3106229790265,214.9168804385262,209.05405773183995,209.11651611328125,147311600
2018-12-26,210.57114538261854,219.6821746826172,208.5990148463855,219.6821746826172,218485400
2018-12-27,216.4606225352593,221.5649292707328,213.2391897287503,221.36862182617188,186267300
2018-12-28,222.71612651620765,224.34022131598698,219.92302387031256,221.08309936523438,153100200
2018-12-31,222.69827977769467,223.26047325832633,220.83324293788365,223.01953125,144299400
2019-01-02,219.50366137573045,224.1707342291096,219.47689154888744,223.2515869140625,126925200
2019-01-03,221.5114719055297,221.81488595919683,217.4422949789893,217.92417907714844,144140700
2019-01-04,220.94038988695792,225.86624276540294,220.56559865721877,225.22373962402344,142628800
2019-01-07,225.49141469210105,228.40051582840488,224.59905087670086,226.99951171875,103139100
2019-01-08,229.1768824554094,229.6141320120839,226.66040995079652,229.1322479248047,102512600
2019-01-09,229.83720681574073,231.04190333289162,228.61467282727094,230.2030792236328,95006600
2019-01-10,228.67716310716855,231.26501275988133,227.998957883904,231.01515197753906,96823900
2019-01-11,229.94429610309322,231.1311552005087,229.36426508304245,231.10438537597656,73858100
2019-01-14,229.2125586590983,230.4975647437102,228.81101127814628,229.69444274902344,70908200
2019-01-15,230.06928557436655,232.63929816848656,230.06035322016328,232.32696533203125,85208300
2019-01-16,232.75526852366238,233.77257646093233,232.5500422517043,232.88914489746094,77636700
2019-01-17,232.02357884300957,235.51272544851778,231.9789443020885,234.65603637695312,96118400
2019-01-18,236.4585852744533,238.24331299330493,234.69169502898802,237.77926635742188,127900300
2019-01-22,236.31581002034758,236.52996863776605,232.96051310594098,234.56675720214844,115531200
2019-01-23,235.59294930166269,236.28899189879522,232.60352545820137,235.05752563476562,86030300
2019-01-24,234.8790184633872,235.76247695670517,233.87064322555307,235.1824188232422,59204100
2019-01-25,237.02077150031676,237.99347215348422,235.2806781682309,237.1724853515625,96883400
2019-01-28,235.03968757694557,235.43230255005764,233.61190021304918,235.36985778808594,85613700
2019-01-29,235.51263983654496,236.07480609236902,234.22763392910355,235.05752563476562,66136300
2019-01-30,236.56564179420482,239.61751064912445,235.80712714019668,238.7786865234375,92473700
2019-01-31,238.7162728356407,241.3576623238347,238.50208698383028,240.8757781982422,104012100
2019-02-01,241.0720391984264,242.00903738846233,240.20644535210758,240.99172973632812,85782500
2019-02-04,241.03634704265647,242.74969733695082,240.36707426458165,242.68722534179688,60744800
2019-02-05,243.11562639382325,244.00799030593308,242.6159047816646,243.70458984375,79552800
2019-02-06,243.42795057373232,243.91873981486725,242.65159835498443,243.38331604003906,58347800
2019-02-07,241.77706684167765,242.32139572551998,239.41230805498316,241.0631866455078,95482000
2019-02-08,239.82285965964783,241.45587403322736,239.0018726785705,241.35772705078125,75788900
2019-02-11,242.0090871381183,242.26785304714784,240.96500945065426,241.4915008544922,68021400
2019-02-12,243.09771367928155,244.97165552848838,243.02630933805298,244.5968780517578,72270200
2019-02-13,245.426784936503,246.22990681214208,245.00737291226793,245.39108276367188,65277200
2019-02-14,244.31134754114603,245.97115828504187,243.49929325687182,244.84677124023438,83234400
2019-02-15,246.61364221836726,247.55064053102285,246.40841597707413,247.5149383544922,97088700
2019-02-19,246.7207642365391,248.59470651392925,246.71183188365032,247.94329833984375,59120800
2019-02-20,247.90761514897304,248.89815324808566,247.40789353902292,248.4430389404297,76610800
2019-02-21,247.8094616284365,248.1664017356935,246.60476493775758,247.55960083007812,64214700
2019-02-22,248.175336625863,249.2907916153348,247.5417658170236,249.09449768066406,78114600
2019-02-25,250.51326660281055,251.03082555667353,249.3531774749174,249.43348693847656,69030700
2019-02-26,249.08542312500734,250.12947314875038,248.88016972031875,249.25497436523438,56844100
2019-02-27,248.5411668870653,249.49600273163364,247.613128101166,249.1479949951172,56921600
2019-02-28,248.9337443878462,249.37102107392283,248.36264583994105,248.6838836669922,69268300
2019-03-01,250.2545318099578,250.64717410068224,248.80890666355637,250.2366943359375,78880500
2019-03-04,251.28950404622887,251.53043232702797,247.041846136664,249.3262939453125,106494600
2019-03-05,249.45144295437018,249.64776412586107,248.44306726592998,248.98739624023438,59114600
2019-03-06,249.10329531143796,249.11222766199143,247.15794918510673,247.47918701171875,75039800
2019-03-07,247.0330166892971,247.17579814090803,244.5701115391468,245.408935546875,94885100
2019-03-08,243.5617990820547,245.08773368851894,243.09777966921686,244.91818237304688,85795800
2019-03-11,245.6320620628198,248.6303912829194,245.6052922388111,248.4697723388672,65098900
2019-03-12,249.02304363607198,249.9243398022675,248.83565486040146,249.40675354003906,79667500
2019-03-13,250.29015178853098,251.98563717829566,250.12950564397,251.0575714111328,80639200
2019-03-14,251.0844072122771,251.50381930289518,250.45976886914966,250.8970184326172,67518400
2019-03-15,251.4464445636101,252.94324092937174,251.25820304120282,252.13658142089844,81309000
2019-03-18,252.351703158269,253.34660426732648,252.12762953537845,253.05081176757812,62199800
2019-03-19,254.10850296161564,254.8703315258877,252.2262787409761,253.1136016845703,90268100
2019-03-20,252.89840780961697,254.09943891227132,251.2492295483872,252.35165405273438,84609200
2019-03-21,251.53607866734464,255.60523563223617,251.4912475347911,255.20191955566406,79550400
2019-03-22,253.84857408887802,254.36841295522137,250.22753601241772,250.290283203125,122659300
2019-03-25,249.94959241783928,251.13270748383408,248.84716791097622,250.1019744873047,85575200
2019-03-26,251.8497401756667,252.91633263836115,250.56804582225496,251.9662628173828,68125900
2019-03-27,251.9572942642795,252.53990748012842,249.10708476578716,250.64871215820312,72224700
2019-03-28,251.27619351280148,252.0469937300756,250.12893753291758,251.59884643554688,56238500
2019-03-29,253.1045937427433,253.50790981906596,251.98422572062216,253.1852569580078,82186800
2019-04-01,255.1750459210547,256.48362818526266,254.90614116907568,256.1878356933594,77617900
2019-04-02,256.3760406254756,256.54633873826305,255.5245500615383,256.31329345703125,40070400
2019-04-03,257.523364972723,257.91773677565595,256.11617591920054,256.7167053222656,68243200
2019-04-04,257.03934532302384,257.6488190413837,256.3492083789462,257.3978576660156,48997500
2019-04-05,258.06109087920464,258.6974522325927,257.77427011188774,258.6436767578125,58621700
2019-04-08,258.22234465620704,258.94834071422423,257.5680400934827,258.8407897949219,53566300
2019-04-09,257.88185781115266,258.20451070581373,256.9676472568753,257.5143737792969,66142300
2019-04-10,257.9266401002401,258.4823656270723,257.51435231828697,258.3927307128906,52601500
2019-04-11,258.8767125839089,258.88568428123676,257.756344527357,258.3210144042969,55093100
2019-04-12,259.9253762346362,260.3466356971258,258.36583273010336,260.06878662109375,69727800
2019-04-15,260.140488185737,260.23909479705657,259.10078335831236,259.89849853515625,49596700
2019-04-16,260.7768668564986,260.83064233232835,259.47722903423164,260.06878662109375,52153200
2019-04-17,261.18022253460333,261.20711027659587,259.0201494187386,259.4324645996094,58268300
2019-04-18,260.0150477371109,260.2122336271481,258.7243814300919,259.9433288574219,68708500
2019-04-22,259.18148687000274,260.3197710128511,259.091851951437,260.1673889160156,40160100
2019-04-23,260.53479462720617,262.7396980797093,260.3017767322567,262.50665283203125,52246600
2019-04-24,262.4260254214715,262.7576499482489,261.7806924075933,261.9241027832031,50392900
2019-04-25,261.8255035173805,262.4170610760673,260.57966858301586,261.76275634765625,57770900
2019-04-26,261.80757659857346,263.05341148117117,261.03674925919904,262.9817199707031,50916400
2019-04-29,263.07132913895236,263.91384790637727,262.98169424508666,263.39398193359375,57197700
2019-04-30,263.053468419192,263.81532422738735,261.6463068189115,263.52850341796875,81111700
2019-05-01,264.1558268173081,264.36198432958724,261.53863572703256,261.547607421875,71671900
2019-05-02,261.4311794873483,262.3454174051037,259.4951800384251,260.9830322265625,65030200
2019-05-03,262.45296687976565,263.81532469782667,261.09058170896674,263.5374755859375,56543700
2019-05-06,259.25310391963586,262.8920562756309,258.93939547114064,262.452880859375,107198100
2019-05-07,260.05984323993033,260.6514008912022,256.16992839920704,258.070068359375,144729900
2019-05-08,257.7115783691406,259.41453259316427,257.1200206665922,257.7115783691406,91568300
2019-05-09,255.65009859984357,257.53229523036543,253.92022936912662,256.9317932128906,103471100
2019-05-10,255.99965274623816,258.9753573069999,253.0239481854764,258.22247314453125,112429300
2019-05-13,253.13152104183553,254.0905354305723,250.89972899311476,251.7332763671875,127290500
2019-05-14,252.74601791221053,255.53350737563352,252.62055093511603,254.00979614257812,77003200
2019-05-15,252.38752291444266,256.1340267354628,252.18136536681158,255.49766540527344,73956400
2019-05-16,256.1967699119321,259.2172774500788,256.12507840020066,257.8638916015625,76749600
2019-05-17,255.56935725867487,258.6705277253492,255.55141386780954,256.1967468261719,100353000
2019-05-20,254.60140213727013,256.3043561408425,253.75888315659202,254.50282287597656,62877600
2019-05-21,256.1878317468838,257.1737611168127,255.93687039387783,256.7973327636719,46847100
2019-05-22,255.84724901110678,256.95864532113876,255.5335404986103,256.0085754394531,49482500
2019-05-23,253.7947494674691,253.83955325059122,251.4733500353622,252.8805389404297,98733800
2019-05-24,254.31449050167112,254.72680549998705,252.83561064138536,253.4540557861328,55268100
2019-05-28,253.73201669108084,254.6820867101874,251.07899252561756,251.09690856933594,70029400
2019-05-29,249.9855068541915,250.38882297493316,248.01364797699472,249.411865234375,104972900
2019-05-30,250.16472435586059,250.9982989609334,248.99955254201674,250.09303283691406,62523800
2019-05-31,247.5565513560174,248.38112697686873,246.6960889437325,246.7229766845703,86862800
2019-06-03,246.75883021463042,247.87022661296436,244.76905538206495,246.0955810546875,96428000
2019-06-04,248.381026898615,251.5718318384973,247.93287983006158,251.43739318847656,77231900
2019-06-05,253.0507629420872,253.64232047470728,251.2492299615094,253.6154327392578,71169700
2019-06-06,253.91117135043032,255.93677748121715,253.26583848372783,255.26455688476562,69430400
2019-06-07,256.27746425638986,258.89465607265004,256.10716612351325,257.819091796875,74272200
2019-06-10,259.36077067943074,260.66040882386903,258.9126233679336,259.00225830078125,60799100
2019-06-11,260.8126437085243,261.1801276173653,258.2940591638084,258.93939208984375,58641300
2019-06-12,258.7064649888135,259.2621632182266,257.97149691319186,258.4823913574219,47096300
2019-06-13,259.38762374939733,259.907489878774,258.6885151310274,259.5489501953125,48945200
2019-06-14,259.2621765136719,259.8626785590629,258.50032065732336,259.2621765136719,52324700
2019-06-17,259.4951564689148,260.1225735181229,259.19041964158777,259.3607177734375,39205700
2019-06-18,261.1712383067742,263.12515353382963,260.81269866463964,262.07647705078125,85434800
2019-06-19,262.210941361261,263.19687076799914,261.2429553500235,262.6680603027344,78674400
2019-06-20,265.33899659915994,265.5809862354007,262.73077666429657,265.1776428222656,116570000
2019-06-21,264.9094173215254,266.16131233420464,264.57617967395856,264.7923278808594,83309500
2019-06-24,264.99930833046005,265.3145150896043,264.3148028256005,264.4679260253906,47582700
2019-06-25,264.52200860882357,264.5490271209979,261.76601042395885,261.87408447265625,82028700
2019-06-26,262.7657201720802,263.27008405135524,261.5048104738926,261.6128845214844,51584900
2019-06-27,262.36937046128344,263.04486059033877,261.9911113810401,262.5404968261719,40355200
2019-06-28,263.51328434422294,264.386919654963,262.99993255253844,263.8915710449219,59350900
2019-07-01,267.20598003847806,267.42215565476,265.0894379746776,266.2873229980469,78705600
2019-07-02,266.24213998401723,267.0347193785114,265.4045389135561,266.9806823730469,61504500
2019-07-03,267.6563016219781,269.133387113011,267.51219370925975,269.1153564453125,40898900
2019-07-05,267.8903947852347,268.97119004226147,266.60246680207615,268.8090515136719,51677300
2019-07-08,267.50321872187567,268.6290360762006,266.79169445792525,267.33209228515625,45841800
2019-07-09,266.1791797032662,267.96245628769606,266.1251426846936,267.6652526855469,41101300
2019-07-10,268.72806575397624,269.8899168340314,268.1966833184836,268.9442138671875,58448500
2019-07-11,269.5836613281804,269.8178125905179,268.57493362213694,269.57464599609375,50826100
2019-07-12,270.06104314152424,270.85362287067034,269.75482415267635,270.78155517578125,40326000
2019-07-15,271.21389592419735,271.21389592419735,270.3672791135901,270.87164306640625,33900000
2019-07-16,270.7815808274925,270.98874111270794,269.69179733956526,269.9980163574219,36650100
2019-07-17,269.97105957416017,270.13317071142876,268.1607360839844,268.1607360839844,36036300
2019-07-18,267.66527620399694,269.5206206333886,267.22396468495583,269.142333984375,51392600
2019-07-19,270.23208798382825,270.25910648981244,267.4760904303873,267.647216796875,58678600
2019-07-22,268.04355124978355,268.84514628615204,267.5301994978204,268.30474853515625,43638100
2019-07-23,269.42157698333074,270.22314453125,268.5929634364693,270.22314453125,44564500
2019-07-24,269.466601543074,271.4930725097656,269.37653066962224,271.4930725097656,47213200
2019-07-25,271.0428144608252,271.09685150146487,269.3946022639796,270.1961975097656,55394100
2019-07-26,270.8807132309819,272.2046757465596,270.75460847436517,272.00653076171875,45084100
2019-07-29,271.88933399800305,272.0064233726971,270.961661818355,271.51104736328125,38126500
2019-07-30,270.11504669745034,271.24987912226163,269.7367600605903,270.8445739746094,45849000
2019-07-31,271.0877952542594,271.2769523537297,265.8730292190799,267.8814697265625,104245200
2019-08-01,268.034580410699,270.97970848614085,264.7561873361929,265.54876708984375,142646600
2019-08-02,264.6571304997098,264.9002971362273,262.0001907364451,263.54931640625,116749700
2019-08-05,259.4693010032003,259.577375041092,253.7321417770538,255.62351989746094,178745400
2019-08-06,257.5059389600673,259.4243360091834,256.0378688244235,259.2081604003906,120711700
2019-08-07,256.1459566755456,260.12685889869357,254.02042672269945,259.3612976074219,140572300
2019-08-08,260.847336151514,264.449951171875,260.2979505540792,264.449951171875,87713900
2019-08-09,263.51327105647977,264.10770585001865,260.874362075684,262.6486511230469,93730000
2019-08-12,261.1534842703851,262.6395570659091,258.5055607500272,259.4512634277344,65527600
2019-08-13,259.1540343170127,264.9272266621899,258.8117815826576,263.4861755371094,94299800
2019-08-14,259.45130980415513,260.0547323721658,255.56949467797537,255.69557189941406,135622100
2019-08-15,256.57825401490027,257.2627596852036,254.33563489141036,256.37109375,99556600
2019-08-16,258.01926387137956,260.58610474870034,256.4250893426971,260.15380859375,83018300
2019-08-19,263.16203921415007,263.96360681327474,262.48654885595346,263.2881164550781,53571800
2019-08-20,262.78369081572106,263.3150731411027,261.14452215391043,261.2705993652344,51596400
2019-08-21,263.42316718942703,263.7653924594661,262.7386616778172,263.3961486816406,49524700
2019-08-22,264.09868577575924,264.7291268538394,261.54982049544003,263.3150939941406,51666400
2019-08-23,262.0182453140288,263.67544519573477,255.30836274852658,256.55126953125,149161500
2019-08-26,258.73075758618586,259.38824462890625,257.208650757384,259.38824462890625,72423800
2019-08-27,260.7753021102791,261.1445734568892,257.6139985597237,258.37054443359375,66668900
2019-08-28,257.71308250775724,260.35199145283605,256.91148746063425,260.18988037109375,59696700
2019-08-29,262.73860436474257,264.03554742710963,261.7388648231947,263.5131530761719,57899400
2019-08-30,264.99029561256964,265.00829878917193,262.46847659995325,263.3961486816406,62901200
2019-09-03,261.7029833463762,262.61262500129374,260.53211690558965,261.8560791015625,69101400
2019-09-04,264.01763373547163,264.8462197315112,263.2700757868123,264.8282165527344,46887300
2019-09-05,267.3049938922983,269.14230747577426,264.79216261230954,268.232666015625,83258100
2019-09-06,268.5479208659887,269.07930324088835,267.8724306034567,268.4398193359375,49584300
2019-09-09,269.42153725651303,269.51158062995825,267.63823319286826,268.5749206542969,51260300
2019-09-10,267.81838089006624,268.57495421337273,266.5664864936177,268.51190185546875,57947100
2019-09-11,268.8181628872153,270.5023812339653,268.16969099846807,270.42132568359375,68821100
2019-09-12,271.32190683250764,272.4116900319859,270.56536107938297,271.3579406738281,72908700
2019-09-13,271.79934036996366,272.15060859386426,270.8086155553707,271.1778869628906,62104800
2019-09-16,270.05193321872116,271.2227992214918,269.7006926579238,270.34014892578125,58191200
2019-09-17,270.14215998584916,271.1148542014016,269.9710335288702,271.0248107910156,41475500
2019-09-18,270.6374155757433,271.29490265718533,268.6109447952342,271.18682861328125,73375800
2019-09-19,271.5741589935935,272.56488374290353,270.83561622721925,271.1688537597656,76560500
2019-09-20,271.76957180280993,272.05008918733927,269.1003904881604,269.8875732421875,89565000
2019-09-23,269.2270389853923,270.53902859724644,268.97369250459167,269.82421875,43476800
2019-09-24,270.9100462786687,271.29910921668215,266.74790122291455,267.7070007324219,94869400
2019-09-25,267.78841257718466,269.73375474914366,266.31356316285877,269.2904052734375,71854000
2019-09-26,269.2994676970623,269.507556991821,267.3269822031937,268.72943115234375,56179700
2019-09-27,269.4804578779437,269.5890586383506,265.7345462186397,267.2817687988281,84746600
2019-09-30,267.7975837712391,269.2271765836817,267.75235415296737,268.52142333984375,51662400
2019-10-01,269.3989896786448,270.0504560848609,265.110185278463,265.32733154296875,88242400
2019-10-02,263.75303184079075,263.7620888083091,259.3556532089676,260.6404724121094,122539500
2019-10-03,260.4142716976358,262.8029916787892,257.7088892026817,262.7758483886719,85278800
2019-10-04,263.42725373830876,266.5850420764219,263.37293955799163,266.3316955566406,65091200
2019-10-07,265.5355075585681,267.15513077570415,264.90212732918155,265.1826171875,59610500
2019-10-08,263.33682468669383,264.06972112299644,261.0295346060289,261.06573486328125,95708100
2019-10-09,263.0743985044532,264.47684770935257,262.45007528092935,263.5448913574219,62359400
2019-10-10,263.4634191387641,266.20500117894466,263.3005594403848,265.32733154296875,55296300
2019-10-11,268.06897647988654,270.30386601879087,267.9513739674856,268.0780334472656,98720400
2019-10-14,267.7613050131464,268.4308854111592,267.4355855865738,267.7794189453125,40394800
2019-10-15,268.8199151174833,271.1724341538124,268.7022850237621,270.43048095703125,46754500
2019-10-16,269.9689809890641,270.6837908068591,269.5618318113538,269.9961242675781,48928200
2019-10-17,271.154339092206,271.66103213680316,270.1047527533405,270.79241943359375,45736600
2019-10-18,270.2586443124997,270.90105392298045,268.7566511570259,269.607177734375,64304000
2019-10-21,270.91912254267635,271.6339049366315,270.48480235900485,271.4348449707031,39048600
2019-10-22,271.96866155187655,272.25820831993343,270.4576394040979,270.5481262207031,48594700
2019-10-23,270.2947369187683,271.3895526721118,270.08662003478764,271.33526611328125,34352200
2019-10-24,272.2672627207654,272.4120361034301,270.95527292409713,271.7786560058594,35453100
2019-10-25,271.2086653826225,273.4345254538607,271.15437880651467,272.8916320800781,45205400
2019-10-28,274.1039986555741,274.92738163756786,274.0768553754071,274.4297180175781,42147000
2019-10-29,274.1582636553359,275.2711932800511,274.03157661605553,274.3482666015625,44284900
2019-10-30,274.54747360987403,275.5608600162989,273.24454034083965,275.1899108886719,49643900
2019-10-31,275.1806843373869,275.1806843373869,273.0091394314688,274.4568176269531,69053800
2019-11-01,275.8955777764334,277.04468028616344,275.7326904592425,276.99945068359375,71141500
2019-11-04,278.5466859006218,278.6824023272669,277.74138908135876,278.11236572265625,60606900
2019-11-05,278.3113499124113,278.6099535824334,277.515110275944,277.8046569824219,42933200
2019-11-06,277.8047289739284,278.13950535949533,276.9270592762012,277.8680725097656,46487100
2019-11-07,279.19810510600064,280.1752908251547,278.374722106779,278.84521484375,54272300
2019-11-08,278.50142839994095,279.5872150373997,277.804732335404,279.5329284667969,49032100
2019-11-11,278.1575846131219,279.17097060937425,278.0218405924795,278.9990539550781,35797300
2019-11-12,279.36104647935787,280.48300589473985,278.8181530932133,279.5872497558594,46484600
2019-11-13,278.60091337809416,280.0757626644481,278.37471017743115,279.6776428222656,53917700
2019-11-14,279.39719979877964,280.16629633222396,278.7638196858961,280.0848388671875,51219900
2019-11-15,281.41487922509714,282.1568323800713,280.7272402441399,282.1116027832031,62023600
2019-11-18,281.8763222079318,282.5549317880183,281.4239158212075,282.3196716308594,49228000
2019-11-19,282.91692151590615,282.92597848194833,281.59590227071726,282.2383117675781,67804700
2019-11-20,281.65021472804375,282.165964811224,279.64152858386626,281.1887512207031,79406200
2019-11-21,281.2972742396407,281.40584736131234,279.9400549933533,280.73626708984375,54664700
2019-11-22,281.4782563218255,281.6139727413129,280.3562971037963,281.3606262207031,44850200
2019-11-25,282.2835839904739,283.541259765625,282.2835839904739,283.541259765625,48647200
2019-11-26,283.57735418105585,284.36453681913287,283.26066421065786,284.1835632324219,37569000
2019-11-27,284.6632897483518,285.45050048828125,284.4461433995215,285.45050048828125,44444600
2019-11-29,284.88942079536815,285.13373798853377,284.1655814077503,284.39178466796875,36592700
2019-12-02,284.6451956911577,284.70853924541575,281.55074985354673,281.97601318359375,75767800
2019-12-03,279.27051273112295,280.16629633222396,277.89520698160726,280.0848388671875,73941700
2019-12-04,281.1254102128774,282.4102292100744,280.78157685476225,281.81304931640625,49080000
2019-12-05,282.50970219442365,282.5277885093226,281.01673902807784,282.3196716308594,40709000
2019-12-06,284.2198278152459,285.2965573907383,284.21077085005226,284.8984375,48927000
2019-12-09,284.5094091482941,285.1789619492192,283.9303155595032,284.0027160644531,34838500
2019-12-10,283.94843867294895,284.6089345289355,283.03456865414756,283.68603515625,52649800
2019-12-11,284.1383817026879,284.7446184692884,283.60454542809504,284.49127197265625,53429100
2019-12-12,284.50044393279916,287.7215771243263,284.2652112476052,286.9434509277344,96389600
2019-12-13,286.7081184759016,288.3367986002163,285.93902182936716,287.11529541015625,81503900
2019-12-16,288.83433053350143,289.6757997737845,287.0518482906718,289.0876770019531,82749700
2019-12-17,289.46775204589784,289.7663281501422,289.06963216510667,289.15106201171875,61097700
2019-12-18,289.54013554774133,289.766338778638,289.11487236914763,289.1691589355469,48133000
2019-12-19,289.3592227573256,290.42692321729913,289.1058761899618,290.3545227050781,85310500
2019-12-20,291.3819230502159,292.754916750099,290.4090343656645,291.62744140625,147142100
2019-12-23,292.4093287245588,292.46388218092653,291.92742136100946,292.0729064941406,52990000
2019-12-24,292.30030617360654,292.3457581508804,291.78202044007725,292.08209228515625,20270000
2019-12-26,292.46397718322146,293.6460338682152,292.454903436514,293.6369323730469,30911200
2019-12-27,294.3642718901657,294.4188253533874,293.0367580376793,293.5641174316406,42528800
2019-12-30,293.64608246478554,293.78246617257753,291.4638321462517,291.94573974609375,49729100
2019-12-31,291.44563197386356,292.90045614563235,291.10010811136635,292.6549377441406,57077300
2020-01-02,294.1824790593536,295.4099876573277,293.2641160474281,295.39178466796875,59151200
2020-01-03,292.0183611242532,294.27333912755284,291.9638076663748,293.1549377441406,77709700
2020-01-06,291.40915060001015,294.3551761359796,291.29094218905,294.2733459472656,55653900
2020-01-07,293.7096192068169,294.18245291277395,293.00039639633826,293.4459533691406,40496400
2020-01-08,293.63695478138766,296.21925449633176,293.3914641292551,295.00994873046875,68296000
2020-01-09,296.56472466503584,297.08301036305517,295.98278400442655,297.01025390625,48473300
2020-01-10,297.5921661038104,297.7467249999372,295.69181314128934,296.155517578125,53029300
2020-01-13,296.77387604888196,298.20139552344506,296.34652203143133,298.19232177734375,47086800
2020-01-14,297.7558156184295,298.8014606220253,297.1829765277459,297.7376403808594,62832800
2020-01-15,297.64668528110525,299.165136078161,297.56485509579556,298.41046142578125,72056600
2020-01-16,299.78349174098173,300.8927917480469,299.5561763932098,300.8927917480469,54050300
2020-01-17,301.602060838024,302.0384886137536,300.8291829872231,301.8293762207031,95846000
2020-01-21,300.8745822511255,302.03843569659693,300.8018535507326,301.23828125,77742400
2020-01-22,302.09307968566543,302.7386754317191,301.1201908155379,301.2747497558594,48914900
2020-01-23,300.62908667410085,302.02935693237424,299.51978670947346,301.62017822265625,51963000
2020-01-24,302.27492953861935,302.3567597530786,297.6558650559744,298.93792724609375,87578400
2020-01-27,293.71876411583315,295.6191174690561,293.38234177437914,294.1461181640625,84062500
2020-01-28,295.5645211349526,298.1013683192747,294.23700720360983,297.2284851074219,63834000
2020-01-29,298.5832802273967,298.8105955905337,296.78293256190744,296.98297119140625,53888900
2020-01-30,294.92805295887075,298.155948000126,294.1824796021824,297.9468078613281,75491800
2020-01-31,297.32844873140954,297.4830353636168,291.6273903002229,292.5366516113281,113845600
2020-02-03,294.00971748755245,296.5647401340601,293.89150905042175,294.7098388671875,69083000
2020-02-04,298.30140865327917,300.0653780748739,297.9831615981231,299.2015686035156,62573200
2020-02-05,302.1203078450114,302.8659089327399,300.66551164748887,302.6567687988281,65951100
2020-02-06,303.6114549103678,303.8660469735678,302.6021604019457,303.67510986328125,50359700
2020-02-07,302.62043938821614,303.68425987543606,301.5111391738703,302.05670166015625,64139400
2020-02-10,301.1746796413046,304.3752699512729,301.13830141378867,304.3116149902344,42070000
2020-02-11,305.6573801762899,306.4393318263524,304.31166303033257,304.83905029296875,54864500
2020-02-12,306.2664898977061,307.0120908681975,305.9027909055129,306.802978515625,43992700
2020-02-13,305.3845525961196,307.43949245570366,305.11178524682026,306.4756774902344,54501900
2020-02-14,306.88484460300674,307.084883234379,305.6937143088903,306.9666748046875,64582200
2020-02-18,305.9756815191551,307.03042848292546,304.7936245906435,306.17572021484375,57226200
2020-02-19,307.1393827157299,308.3123098154446,306.8575139322214,307.63946533203125,48814700
2020-02-20,307.0939985769431,307.91235620151554,303.4023987648629,306.3757019042969,74163400
2020-02-21,305.0299107358874,305.3390562696756,302.40213207600556,303.2204895019531,113788200
2020-02-24,293.81876238067053,303.29325128301434,292.0911434027477,293.1640930175781,161088400
2020-02-25,294.54617947757,295.15536915780245,283.40772583983846,284.2806091308594,218913200
2020-02-26,285.671768973568,289.2451599784566,282.5075567395727,283.2349548339844,194773800
2020-02-27,277.7429854148297,283.28948562315003,270.5143737792969,270.5143737792969,284353500
2020-02-28,262.5037634964114,270.8598775435434,259.63049429346006,269.3777770996094,384975800
2020-03-02,271.150929237286,281.107356151786,267.7411977937539,281.043701171875,238703600
2020-03-03,281.4163813351624,285.36257217334344,270.5689003394488,272.9966125488281,300139100
2020-03-04,278.343143597917,284.68979925998445,275.8062960824147,284.4715576171875,176613400
2020-03-05,277.3065850334191,280.4798988206558,272.78755422327566,275.0152282714844,186366800
2020-03-06,266.550048117172,271.669195665043,263.895019628656,270.4689636230469,228667200
2020-03-09,250.3197517887336,258.4031021660267,248.6376397290871,249.34686279296875,309417300
2020-03-10,258.8121992811534,262.3401104916032,248.6830131414344,262.24920654296875,276444100
2020-03-11,255.22975484448276,256.35723040474625,246.30079883117557,249.4650115966797,255316300
2020-03-12,232.77091945781268,242.4636493556754,225.20585791580433,225.5968475341797,392220700
2020-03-13,239.21761484421114,246.8463324718078,225.96968144230854,244.88232421875,329566100
2020-03-16,219.29567026756763,233.58926139863348,215.82229873657448,218.08636474609375,297240000
2020-03-17,222.80539028674525,232.92548720763108,215.55859024806506,229.86126708984375,262070500
2020-03-18,214.81303238868713,225.8332774835406,207.3298140234867,218.22276306152344,327597100
2020-03-19,217.54082834842114,224.93312927499895,211.14872068807995,218.68649291992188,289322000
2020-03-20,221.81992633759734,223.5942684841913,208.98797436710205,209.26235961914062,347158800
2020-03-23,208.70443213492814,210.0671893215918,199.6223661157914,203.91188049316406,326025200
2020-03-24,214.40246718551117,223.25588242208778,213.8354145287145,222.38699340820312,235494500
2020-03-25,223.96009476171582,234.45980644396235,219.27730546743715,225.7161407470703,299430300
2020-03-26,228.21305908392085,240.35904181839467,227.78319208122267,238.89569091796875,257632800
2020-03-27,231.64281313729845,238.53895253940948,229.6123819008434,231.77999877929688,224341200
2020-03-30,233.8653195877224,240.02062901450944,231.88062142056566,239.30723571777344,171369500
2020-03-31,238.31031171628476,240.8437663965274,234.34091545507368,235.74026489257812,194881100
2020-04-01,226.80451761479742,235.65793147048535,223.07291481173678,225.1307830810547,189554600
2020-04-02,224.25273293872328,231.10313777994162,223.70396256817995,230.3257293701172,177660400
2020-04-03,229.3471021274164,231.68851038207237,224.28017983592915,226.99656677246094,135561200
2020-04-06,235.82257866876083,244.20039326267332,226.97831890956317,242.2431182861328,188061200
2020-04-07,250.79472792333289,251.54471340957025,242.27059999105026,242.49009704589844,201427200
2020-04-08,245.0784176857371,252.43187579591768,242.5998371553158,250.63009643554688,153774500
2020-04-09,253.87690451669422,257.18780928967254,251.94709482023472,254.44398498535156,189999200
2020-04-13,253.47449486500906,253.81289538631447,248.23378055613196,252.12086486816406,114839100
2020-04-14,256.98662431123626,260.5718728557948,251.98371629741587,259.5566711425781,134143400
2020-04-15,253.86778716253068,259.6938365265299,251.9379494803532,254.04156494140625,121775000
2020-04-16,255.3128396006162,256.11769917577556,252.2123327276994,255.26712036132812,131798300
2020-04-17,261.01082356638705,262.7668552155527,258.28528180287844,262.1632385253906,146684800
2020-04-20,258.4774767383091,262.3005612141923,257.3250890886914,257.5445861816406,100109300
2020-04-21,253.0994073221196,254.29754121620556,248.7915848148876,249.72450256347656,126385700
2020-04-22,254.58116430226596,257.0048701286276,253.2641264359367,255.26712036132812,92951600
2020-04-23,256.53851790341855,259.6939282537164,254.94710811542575,255.24891662597656,104709700
2020-04-24,256.7580486318894,259.4744369338839,254.71846167335374,258.8067626953125,85063200
2020-04-27,260.77308193998005,263.6540921481232,260.31577784625483,262.53826904296875,77896600
2020-04-28,266.1692816947441,266.5168372940742,261.02918781823894,261.3310241699219,105270000
2020-04-29,266.6356455702999,269.69958768197114,265.61128916664575,268.17218017578125,118745600
2020-04-30,266.80036532536803,268.27289912485736,263.94679204552654,265.6754150390625,122901700
2020-05-01,260.9468619298038,265.8400213562658,257.4804890548701,258.6420593261719,125180000
2020-05-04,256.7670815529989,259.6572466389891,255.2945758379468,259.3554382324219,80873200
2020-05-05,262.16329381700166,264.5504076936841,259.4834707215646,261.751708984375,79569900
2020-05-06,263.44375944285997,263.82787926465915,259.54751949484415,259.9773864746094,73632600
2020-05-07,263.1785312311904,265.03518491368027,262.6114785663358,263.114501953125,75250400
2020-05-08,266.23335170995387,267.93453782182627,265.1083733470764,267.46807861328125,76452400
2020-05-11,265.54742207503284,268.8948924529247,265.12670999053455,267.5229797363281,79514200
2020-05-12,268.70274053027424,269.11429745742555,262.0535213092714,262.19073486328125,95870800
2020-05-13,261.6328252672218,262.6663370220257,255.13910132073806,257.5536804199219,144721100
2020-05-14,255.1299336943153,260.7638948742726,249.67884947076664,260.6358642578125,121977900
2020-05-15,258.2578937473351,261.8797341345246,257.3158484879118,261.8340148925781,111146300
2020-05-18,268.0259205783891,271.40998206704353,267.70583003920393,269.8094177246094,119703800
2020-05-19,269.21494963691697,270.9161076201453,267.01989537303587,267.0381774902344,95189300
2020-05-20,270.5593529321453,272.43428822067204,270.3307009256605,271.5745544433594,85861700
2020-05-21,271.4465201336419,272.25137965135684,268.6112297095541,269.6996154785156,78293900
2020-05-22,269.4161787745879,270.38566135817075,268.18145196368334,270.2118835449219,63958200
2020-05-26,276.1476546483194,276.385461718517,270.2301383166859,273.541015625,88951400
2020-05-27,276.32136129957706,277.64755404889337,271.51966935508966,277.6109619140625,104817400
2020-05-28,278.6354121938182,280.6384065978622,276.4312028479003,277.098876953125,90405200
2020-05-29,276.63237146672736,278.918891827122,273.8977020474156,278.33355712890625,119090800
2020-06-01,277.6933091449905,280.06214079412035,277.18113083769884,279.45849609375,55758300
2020-06-02,280.37308124642124,281.818177568528,279.0469163460415,281.7724304199219,74267200
2020-06-03,283.7480879729792,286.47363092722657,283.4737166303105,285.5224304199219,92567600
2020-06-04,284.5437173559386,286.2723400914508,282.68706399832803,284.7723693847656,75794400
2020-06-05,290.1412042675265,293.83620174403694,290.0771749870268,292.0710144042969,150524700
2020-06-08,292.87580669268345,295.79340876256344,292.3361912634575,295.6013488769531,73641200
2020-06-09,292.9490397309873,295.6745826285939,292.08930565964937,293.397216796875,77479200
2020-06-10,293.97334309587063,294.86051405519015,291.0465860578865,291.7599792480469,95000800
2020-06-11,284.8639052224834,285.49498720882065,274.3916564962647,274.9403991699219,209243600
2020-06-12,281.91884136581535,282.68710895546064,273.1020322461087,278.23297119140625,194678900
2020-06-15,272.57150356014085,281.9553918611026,271.4008062757648,280.8304138183594,135782700
2020-06-16,288.5406708977013,288.6870115925263,281.3975814568818,286.23583984375,137627500
2020-06-17,287.2509617160601,287.5436429956931,284.3150497306048,285.0467529296875,83398900
2020-06-18,283.53767829923845,285.63211084262696,283.08037422942215,285.1565246582031,80828700
2020-06-19,288.6069871864401,288.79989229703216,281.5886165097205,283.5269470214844,135549600
2020-06-22,282.92969448323436,285.74070848311646,281.79059883305774,285.345703125,74649400
2020-06-23,287.98231894180475,288.9101474643075,286.2552840040401,286.65948486328125,68471200
2020-06-24,284.6292467086996,285.2447431567849,277.5190362259304,279.34710693359375,132813500
2020-06-25,278.7774669907912,282.60817769044917,276.76565913214597,282.3417663574219,89468000
2020-06-26,281.24866508004715,281.4599607492552,275.05708801773886,275.63580322265625,127961000
2020-06-29,276.88519211835774,279.82480106993296,274.6069720524608,279.68701171875,79773300
2020-06-30,279.2552015830545,284.95993198050036,279.0990496919848,283.2696228027344,113394800
2020-07-01,284.3812217292925,286.5124569965103,283.9219052338294,285.25390625,72396500
2020-07-02,288.6712626090192,290.01248714880245,286.16341213389586,286.8248291015625,69344200
2020-07-06,290.62786935122494,291.8312761381688,289.8837789878307,291.2525329589844,61713800
2020-07-07,289.71847561105767,291.6843356231875,287.87201433816693,288.2486572265625,82910000
2020-07-08,289.0111389985439,290.56363114196824,287.256574491188,290.4533996582031,54638600
2020-07-09,291.0596951993123,291.29854876580123,285.40091218882344,288.79986572265625,83354200
2020-07-10,288.73557224712687,292.01509919724424,287.3117021320966,291.7486877441406,57550400
2020-07-13,294.0820816495079,296.452143218955,288.57028187134296,289.2225036621094,102997500
2020-07-14,287.8076578345248,293.7420461714256,286.6134463551581,292.97039794921875,93657000
2020-07-15,296.176480597415,296.75522389579646,293.2919594068963,295.66204833984375,87196500
2020-07-16,293.76966043976955,295.13841466446394,293.12660611390436,294.68829345703125,54622500
2020-07-17,295.68955664678975,296.32341557834684,293.7236688220878,295.5425720214844,62774900
2020-07-20,295.2762584601807,298.6752124646105,294.5321678217421,297.9311218261719,56308800
2020-07-21,299.8877446097255,300.3286704937744,297.5819668813905,298.5649108886719,57292200
2020-07-22,298.20664479704493,300.57673367466816,298.096413320775,300.2643737792969,57792900
2020-07-23,299.9060815666081,300.604251536004,295.32211240358737,296.6816711425781,75738000
2020-07-24,294.8353071395609,295.79066538679007,293.2736196426377,294.77099609375,73766600
2020-07-27,295.45987888682316,297.0950441878384,294.66984008236017,296.9205017089844,48293000
2020-07-28,296.19484259327356,297.3064087498554,294.7434147338862,295.0373840332031,57495000
2020-07-29,295.9100858432154,299.2263658690615,295.8733326700447,298.6659851074219,48454200
2020-07-30,295.70792971724495,298.0137073048075,293.63183839287296,297.6003112792969,61861700
2020-07-31,299.38247841301813,300.05309057149844,295.1843190245131,299.9520263671875,84986800
2020-08-03,301.6055644080118,302.79977597987823,301.0635743540446,302.0373229980469,53077900
2020-08-04,301.1830667958323,303.2040710449219,301.1830667958323,303.2040710449219,41917900
2020-08-05,304.49927818527294,305.344432870868,304.2328667686408,305.0871887207031,42697700
2020-08-06,304.5085353073124,307.2460442300477,304.1870080887841,307.1266174316406,43679400
2020-08-07,306.16197109291363,307.6317893364543,305.26170076056275,307.3470153808594,57308300
2020-08-10,307.7971437576196,308.4493652808026,305.86800901982497,308.2656555175781,44282100
2020-08-11,309.44158091644624,310.07544003010565,304.99539985279966,305.7210998535156,69601100
2020-08-12,308.1462545152505,310.755168860554,308.11869664674026,309.9835205078125,53774400
2020-08-13,309.2209953513684,310.72756670709043,308.50446283776773,309.423095703125,41816100
2020-08-14,309.0373065810643,309.9651348090941,308.31157871851264,309.43231201171875,47260400
2020-08-17,310.4427800314214,310.81022755560656,309.4414736133761,310.41522216796875,35481000
2020-08-18,310.8103002489864,311.5084703323429,309.22105499298743,311.0859069824219,38733900
2020-08-19,311.4625096622481,311.97694190316844,309.23023818456306,309.7906188964844,68054200
2020-08-20,308.0727973930236,311.23289764783453,307.9442033309167,310.7552185058594,42207800
2020-08-21,310.4243571848556,312.0778847398088,310.08443955568384,311.857421875,55106600
2020-08-24,314.282655050301,315.09105641524553,311.8299211267681,315.017578125,48588700
2020-08-25,315.5778831303385,316.20254662386077,314.4203969836484,316.119873046875,38463400
2020-08-26,316.7079499261824,319.55569004926366,316.1659597726134,319.289306640625,50790200
2020-08-27,320.1528020072036,321.42968732403983,318.33389853954054,319.9874267578125,58034100
2020-08-28,321.00718557847676,322.1830349455076,319.82214090847793,322.0544128417969,48588900
2020-08-31,321.84305088658607,322.715735344681,320.65800656366764,320.8876647949219,66099200
2020-09-01,321.7145179417289,324.0111008904695,320.8234426362391,323.9100646972656,54908700
2020-09-02,325.81160515901706,329.55961577116307,324.6724810821894,328.5950622558594,69540000
2020-09-03,326.9139385366805,327.38245036251664,314.7144927720197,317.28668212890625,148011100
2020-09-04,317.9664987849258,319.5281583295149,307.62268047691174,314.6961669921875,139156300
2020-09-08,309.31284051450297,314.7603542943237,305.7944892452685,306.0976257324219,114465300
2020-09-09,310.0845465588693,314.5950377875089,309.2210293277964,312.1423034667969,91462300
2020-09-10,314.0071032105712,314.65932471702587,305.76696501281884,306.72235107421875,90569500
2020-09-11,308.4953124238538,309.5517346698308,304.0674950426978,306.8785095214844,84680200
2020-09-14,310.0294570524929,312.6843200062255,307.02553709097856,310.9205322265625,65605700
2020-09-15,313.3640785558133,314.1908426333069,310.92970675868344,312.49139404296875,52920900
2020-09-16,313.7224070840924,315.1462772122179,310.97567498046277,311.25128173828125,82096000
2020-09-17,306.41925059089203,310.22240503175595,305.8956230024617,308.51373291015625,91523300
2020-09-18,309.3151891223313,309.42586185068205,302.4900987895025,304.9618835449219,105877900
2020-09-21,300.3965468690944,301.7154441541818,296.73497298801254,301.56787109375,99450800
2020-09-22,303.04348986243315,305.19246039063853,300.54400878415186,304.6390686035156,63612100
2020-09-23,305.19248294549067,305.46919293283975,297.0761632901137,297.57421875,93112200
2020-09-24,296.26450432799584,301.4109832200537,294.9548113676943,298.36737060546875,76681300
2020-09-25,297.5188098317548,303.97498118619103,296.65186414481286,303.1910400390625,71069400
2020-09-28,307.3321647407757,308.9369752665523,306.3452862039653,308.226806640625,64584600
2020-09-29,308.0240116252658,308.7618487014727,305.8565765122229,306.5483093261719,51304000
2020-09-30,307.2123525503483,312.00837765160077,307.01867525700635,308.8725280761719,104081100
2020-10-01,311.45487308127025,312.42328734414946,308.98308898147593,310.8553771972656,88698700
2020-10-02,305.9303537431645,310.827819440157,305.4599664586662,307.9040832519531,89431100
2020-10-05,309.95163697043023,313.54864197302436,309.90553270818015,313.36419677734375,45713100
2020-10-06,313.5024469624945,315.58687691174333,308.402072950753,308.9093322753906,90128900
2020-10-07,311.8515557905092,315.08887396765715,311.8238876072292,314.2864685058594,56999600
2020-10-08,316.2141269777659,317.13643737983216,315.301020539978,317.0718688964844,45242500
2020-10-09,318.7135625963804,320.36450600551524,318.09563042343444,319.9033508300781,59528600
2020-10-12,322.43050741754905,326.51633596319084,321.9416840040375,325.04986572265625,80388500
2020-10-13,324.9114587531888,325.08669995512446,321.96928675859624,322.9284973144531,73255500
2020-10-14,323.50030508369025,324.588624372676,320.1707787470456,320.8993835449219,57727900
2020-10-15,317.0072741197945,320.98242937125696,316.4723465155033,320.5028381347656,60357700
2020-10-16,321.84935479813737,323.50029791303143,320.1338713616603,320.3091125488281,89501900
2020-10-19,321.5634874612231,322.19065172366453,314.54471943593575,315.4393615722656,68425600
2020-10-20,316.77665329081066,319.9309665581509,316.0203803185693,316.702880859375,60051900
2020-10-21,316.6567571723614,318.81498786798693,315.7990154182925,316.1033935546875,63575000
2020-10-22,316.3154741888246,318.4183401585938,314.1849400410323,317.8372802734375,55399300
2020-10-23,319.0547227201215,319.1100590737951,316.4722657264527,318.9163818359375,49143900
2020-10-26,315.5500707808946,316.33404027290226,309.5458208963196,313.02294921875,91473000
2020-10-27,313.36418300170556,313.69620122734307,311.7316756189508,311.9438171386719,65994100
2020-10-28,306.29929226016867,311.97149564251475,300.793097996132,301.28192138671875,127094300
2020-10-29,301.5124944740212,307.49827992799277,299.8338828006587,304.343994140625,90597700
2020-10-30,302.7760758374179,304.0765369599881,297.5373591944508,301.1712646484375,120287300
2020-11-02,304.5469055175781,306.5390712136703,301.816846466365,304.5469055175781,86068300
2020-11-03,307.76571701813515,311.9714496081248,304.62986772162367,309.9239196777344,93294200
2020-11-04,314.3786207831499,320.90859233592846,313.2072970382518,316.8504333496094,126959700
2020-11-05,322.1077187717956,324.82854607945325,321.7572362687961,323.030029296875,82039700
2020-11-06,322.74397426177785,324.201240016789,320.64110830931844,322.95611572265625,74973000
2020-11-09,335.6932553819829,336.071405953707,326.5531576293563,327.0143127441406,172304200
2020-11-10,326.0274414780705,327.5861480533205,323.2789749451511,326.53472900390625,85552000
2020-11-11,328.71137691264624,329.7812602109788,327.4754845197472,328.9604187011719,58649000
2020-11-12,327.9550970682561,329.0065443622718,323.9707378060497,325.76922607421875,67546200
2020-11-13,327.6691431786953,331.01713379560016,327.15265170494035,330.279296875,62892200
2020-11-16,332.9355686346887,334.59571584824243,331.65354385962263,334.40203857421875,74541100
2020-11-17,332.0040500584204,333.80256645757106,330.5006797195766,332.6035461425781,66111000
2020-11-18,332.8709782269809,333.4151378683076,328.5637772011029,328.6006774902344,70591300
2020-11-19,327.9735317794911,330.3530798490243,326.63617065322336,329.9841613769531,59940900
2020-11-20,329.7259436268605,329.92885302572876,327.6507453802579,327.7245178222656,70417300
2020-11-23,329.52304728538064,330.94341313374053,327.30027592000744,329.6890563964844,63230600
2020-11-24,332.22539331938475,335.54571610904793,331.3768835849959,335.0015563964844,62415900
2020-11-25,334.9186250115072,334.94629320135385,333.39681827657137,334.4851379394531,45330900
2020-11-27,335.573311382419,335.8868934462718,334.4111916218627,335.4165344238281,28514100
2020-11-30,334.64174820647105,334.90922600615437,331.2661181405952,333.93157958984375,83872700
2020-12-01,337.1689006943155,339.114961441133,336.5786087362268,337.58392333984375,74231400
2020-12-02,336.47726746171054,338.45099696751333,335.90543955018524,338.2942199707031,45927000
2020-12-03,338.1927332221173,339.5854307786495,337.10441382598,338.20196533203125,62882000
2020-12-04,338.783041556463,341.1164855957031,338.69080489293344,341.1164855957031,50749900
2020-12-07,340.3509588633568,340.9043507086095,339.151966654208,340.41552734375,48944300
2020-12-08,339.1519495672629,341.9742168745156,339.10584531026393,341.41162109375,42458900
2020-12-09,342.0665503820327,342.22332741755775,337.5195660048457,338.3496398925781,74098300
2020-12-10,336.98459567283066,339.2811398980647,336.1176215181874,338.23895263671875,57735400
2020-12-11,336.55096503463255,338.2480123175463,335.0383910387043,337.8421936035156,57698600
2020-12-14,340.00039401520417,341.0702489156924,336.15434868062346,336.32958984375,69216200
2020-12-15,338.8567862142581,340.87664794921875,337.49178503398645,340.87664794921875,63865300
2020-12-16,341.08880685472656,342.32469929707383,340.21260079833104,341.41162109375,58420500
2020-12-17,343.04408843782375,343.52367965151916,342.2232187766809,343.3207702636719,64119500
2020-12-18,343.6079012926033,343.77461802271546,339.949235092986,341.9499206542969,136542300
2020-12-21,338.05044054116735,350.5454322565791,335.3272876322013,340.7272644042969,96386700
2020-12-22,341.051501373403,341.16264587198805,339.0323009380207,340.1530456542969,47949000
2020-12-23,341.1162417592624,342.35740206193293,340.1344279636178,340.4586181640625,46201400
2020-12-24,340.93110916719627,341.81105028673863,340.34760050896585,341.78326416015625,26457900
2020-12-28,344.3211159320895,345.10842711140884,343.7005497585794,344.71942138671875,39000400
2020-12-29,346.2383800178018,346.41436818810644,343.47816979581654,344.06170654296875,53680500
2020-12-30,344.8768330723695,345.580785813549,344.1636371354638,344.5526428222656,49455300
2020-12-31,344.35813994007736,347.0257205730323,343.8487183090097,346.3032531738281,78520700
2021-01-04,347.6278008405059,347.75748825794324,337.91153359546706,341.5887145996094,110210800
2021-01-05,340.94951162161084,345.02496868564185,340.90318258528833,343.9412536621094,66426200
2021-01-06,342.44088464548366,349.17468134346575,341.8944053169438,345.9976501464844,107997700
2021-01-07,348.35951944577056,351.879226704414,348.18353125617296,351.13824462890625,68766800
2021-01-08,352.5183216455743,353.3519335138123,349.28574719059816,353.138916015625,71677200
2021-01-11,349.9804746734245,352.5090967320955,349.86005871507695,350.7585144042969,51034700
2021-01-12,350.94378384862574,351.8422112962133,348.60036486061927,350.8326110839844,52547700
2021-01-13,350.75850265414215,352.768431491567,349.98046294933357,351.7773742675781,45303600
2021-01-14,352.51827872215756,353.01845708885884,350.21194623863755,350.5453796386719,49989100
2021-01-15,348.93383121899916,349.7303856428167,346.13659100513945,347.98907470703125,107160000
2021-01-19,350.43424187842203,351.25861046647725,348.9615211334534,350.72137451171875,51233300
2021-01-20,352.99991143424205,356.40850189700177,352.6109058038798,355.57489013671875,61836100
2021-01-21,356.13063877891994,356.5567302849031,354.9821081917429,355.8990783691406,47840100
2021-01-22,354.0558980073029,355.79723696621016,353.67613550952814,354.6394348144531,52860500
2021-01-25,355.3711602750166,356.39000351678175,350.545420736657,356.0380554199219,70402000
2021-01-26,356.98283743956097,357.3903860722406,355.25076988400014,355.4823303222656,42665300
2021-01-27,352.17552798782157,352.2681577868709,344.5710935388581,346.7940673828125,123351100
2021-01-28,348.6003272642872,353.7595005336595,348.1650207830178,349.77667236328125,94198100
2021-01-29,347.92419387265943,348.8874932095309,341.1070398783729,342.7742919921875,126765100
2021-02-01,346.1550437581806,349.508034136275,343.061399921302,348.47991943359375,75817600
2021-02-02,351.64770841562836,354.9543985638464,348.5633355300297,353.4075622558594,64450700
2021-02-03,354.2318734911407,355.3989470635839,352.4164476969592,353.6853942871094,52427100
2021-02-04,354.7135510817987,357.7516230488669,353.79658074701985,357.705322265625,47142600
2021-02-05,359.5670979432602,359.8171730670878,357.6590419911168,359.11322021484375,48669800
2021-02-08,360.558136499525,361.7529963401308,359.7060098700413,361.7066955566406,38365200
2021-02-09,360.8731034641977,362.0587202662711,360.4655830218104,361.4659118652344,35551100
2021-02-10,363.19795194487796,363.3461540337932,358.91871909408604,361.30841064453125,59154400
2021-02-11,362.3827831768322,362.7996032364326,359.4743990216484,361.8918762207031,42913300
2021-02-12,361.09534309546916,363.92036905749677,361.0212279279476,363.6795654296875,50593300
2021-02-16,364.9021580602048,365.09668916164804,362.6513976005245,363.3645935058594,50972400
2021-02-17,361.62339184114336,363.69816474823375,360.61376324856224,363.4480895996094,52290600
2021-02-18,360.854495934064,362.64213560839346,359.14094315746735,361.9011535644531,59712800
2021-02-19,363.1515647766669,363.4386974223099,360.817417764793,361.26202392578125,83241000
2021-02-22,358.5110930037713,360.88226938109636,358.21468888994264,358.4833068847656,67414200
2021-02-23,356.28820811887664,360.26179373405154,352.1571772120316,358.9187316894531,107284100
2021-02-24,357.8348706261392,363.2997181561722,356.853056885485,362.8736267089844,72433900
2021-02-25,361.6140854057681,362.9756620610373,352.6943718341732,354.1300354003906,146670500
2021-02-26,356.00102164898425,357.1402809088511,350.33242667147107,352.3052978515625,152701600
2021-03-01,357.1495196515627,362.08640354754476,352.4997966765975,360.84521484375,105348800
2021-03-02,361.0675516711816,361.29911209964035,357.5293015403347,358.02947998046875,79595300
2021-03-03,357.33475007346016,358.298020972788,353.1851775841055,353.2870788574219,119940200
2021-03-04,353.1018549094259,355.6768056530186,344.4507609972597,348.9152526855469,183433000
2021-03-05,352.397907830953,356.38076408471085,345.15471924913305,355.3341064453125,152039600
2021-03-08,356.2881246989713,359.0853643704964,353.28711072907987,353.5649719238281,123149200
2021-03-09,357.3903607802828,361.15089977025394,356.8901823543628,358.6130065917969,113633600
2021-03-10,360.9471161253984,362.5309814553855,359.53923897281567,360.84521484375,109899400
2021-03-11,363.29977289296414,366.4675035095816,362.84589526271924,364.5038757324219,86245000
2021-03-12,363.1516911140904,365.1338342047662,362.3458651336134,364.9949035644531,64653600
2021-03-15,365.2448796926078,367.43082481864235,363.11453507428547,367.1714782714844,73427200
2021-03-16,367.78278723665204,368.48671168557286,365.9395470892931,366.7083435058594,73722500
2021-03-17,365.4301814608711,368.7553861785309,364.2908938545459,367.9588317871094,97959300
2021-03-18,365.38388907793455,367.45866174204525,361.92899685898453,362.60516357421875,115349100
2021-03-19,362.3058475032764,363.8763249813413,359.76891580196445,361.93414306640625,113624500
2021-03-22,362.44533667840955,366.1996177896849,362.3895824149107,364.82427978515625,73778600
2021-03-23,364.19231584732245,365.6326813357805,361.172170876682,361.9527587890625,90686600
2021-03-24,363.34665077996937,364.97288259292316,360.0663100287804,360.1127624511719,97588600
2021-03-25,358.6817356717282,362.928502774503,356.7488269231494,362.1386413574219,116128600
2021-03-26,363.28168972230213,368.37413002646963,362.68696810766545,367.97454833984375,114409100
2021-03-29,366.50620018848747,368.69000297943103,365.02865575356833,367.7886047363281,108107600
2021-03-30,366.5247931234567,367.48194559201005,365.2237849563697,366.8128662109375,76262200
2021-03-31,367.3797699892554,369.8516462036749,367.3518928588357,368.29974365234375,112734200
2021-04-01,370.2234387398561,372.33291276029087,370.01899694843166,372.2771301269531,99682900
2021-04-05,374.92549847279105,378.1593875358287,374.85116890824196,377.6203918457031,91684800
2021-04-06,377.0628438102306,378.43815342897005,376.7282898764573,377.3973693847656,62021000
2021-04-07,377.23005259846207,378.17790328320166,376.7747167341118,377.8340759277344,55836300
2021-04-08,379.07938583255554,379.6834092961356,378.1501102395892,379.6276550292969,57863100
2021-04-09,379.5067812528372,382.55480332633414,379.38597091748704,382.38751220703125,61104600
2021-04-12,381.7928724180384,382.7964775524493,381.1888489712664,382.5270080566406,56704900
2021-04-13,382.42472067416116,384.2832715540899,382.04371434066746,383.66064453125,56551000
2021-04-14,383.6327485367833,384.68283426978144,381.81137670460754,382.3503723144531,61659900
2021-04-15,384.4783721321406,386.72723094490885,384.4319197085877,386.4577331542969,60229800
2021-04-16,387.74014885492164,388.3534740033724,386.32766049921406,387.74945068359375,82037300
2021-04-19,386.82017754821817,387.26621157931834,384.52486623240225,385.84442138671875,78498500
2021-04-20,384.63640040393466,385.73293861586444,381.55119913988244,383.01947021484375,81851800
2021-04-21,382.40606187526964,386.8479963740212,382.26664790232775,386.6435546875,66793000
2021-04-22,386.4764281229823,387.3034686285627,382.05306736111277,383.1124267578125,97582800
2021-04-23,383.6699137247093,388.66941970392514,383.5955841738986,387.2662048339844,73209200
2021-04-26,387.9167155807785,388.6415492403517,387.33126755588586,388.0746765136719,52182400
2021-04-27,388.37206467020457,388.56723292463965,386.8573412168641,387.9910583496094,51303100
2021-04-28,388.26049234195517,389.3756339925639,387.41484845610245,387.8794860839844,51238900
2021-04-29,390.59306111989224,390.96476562535156,386.9874678625414,390.3514404296875,78544300
2021-04-30,388.0932978632619,388.9389418978536,386.8945246318917,387.78662109375,85527000
2021-05-03,389.76597643845156,390.1469827577325,388.1304710094045,388.62298583984375,68128300
2021-05-04,386.6435575178808,387.13607226275593,382.5547521167551,386.2253723144531,101591200
2021-05-05,387.8609759000612,388.0932947530025,385.7886815225001,386.34625244140625,60162200
2021-05-06,386.420555589309,389.56151080390845,384.42261926239445,389.4314270019531,74321400
2021-05-07,390.1934202611164,392.9161900904021,389.5150390811732,392.26568603515625,67733800
2021-05-10,392.6188101941591,392.8418271889012,388.2605068134428,388.3813171386719,81852400
2021-05-11,383.8836790361329,385.90019080250545,381.058673838158,384.9151611328125,116888000
2021-05-12,382.1459075857726,383.40970843345315,375.4272366804108,376.7375183105469,134811000
2021-05-13,378.2801563667472,383.1867295062854,378.23367557967265,381.26312255859375,106394000
2021-05-14,383.9858394467586,387.96313660337415,383.9579623220789,387.11749267578125,82201600
2021-05-17,386.0116948349033,386.9409701694624,384.1252386808852,386.1324768066406,65129200
2021-05-18,386.3926838620524,386.6343045309309,382.6477052906037,382.8056945800781,59810200
2021-05-19,378.1407743642917,381.9786581081242,376.66320145918377,381.8020935058594,106467100
2021-05-20,382.6755962796749,387.1640123182548,382.5548143000937,385.90948486328125,78022200
2021-05-21,387.38700043150294,388.6229524956767,385.1381700248017,385.593505859375,76578700
2021-05-24,387.8237936745519,390.5930445875986,387.582172994574,389.5243835449219,51376700
2021-05-25,390.6024305532078,390.9555598458835,388.08410142383946,388.6602478027344,57451400
2021-05-26,389.2455605886077,389.93321527136624,388.21407856446984,389.4314270019531,43088600
2021-05-27,390.4536616740374,390.96475180607416,389.3570951367238,389.6358947753906,56707700
2021-05-28,391.19707455869894,391.457270541841,390.10053636968837,390.3328552246094,58520200
2021-06-01,392.68387589063093,392.8232615157594,389.55222262273975,389.9889831542969,54216600
2021-06-02,390.639473876416,391.43866542326464,389.63586897767476,390.602294921875,49097100
2021-06-03,388.2977618897576,390.2863966542775,386.83879259158886,389.1526794433594,58138800
2021-06-04,390.99262682035794,393.0091669281305,389.21770739294345,392.7117919921875,55938800
2021-06-07,392.70248451426147,392.8790491074856,391.40150463726826,392.3307800292969,51555000
2021-06-08,393.18568426469994,393.2786174726193,390.5930264269201,392.4143981933594,47134300
2021-06-09,393.25067788115484,393.3250357793725,391.60587096325804,391.8288879394531,48436300
2021-06-10,393.0463062654877,394.5982086261025,391.7360245783089,393.65032958984375,51020100
2021-06-11,394.1987271327008,394.41244237418545,392.916322246828,394.3009338378906,45570800
2021-06-14,394.41237080126155,395.2858919893771,393.1764469359521,395.1836853027344,42358500
2021-06-15,395.33241410169114,395.36956470477037,393.5853715428401,394.4588928222656,51508500
2021-06-16,394.59823144884797,394.82124847769757,390.22135210226025,392.2564392089844,80386100
2021-06-17,391.84757149634856,393.1020706024834,389.66376862836967,392.1263427734375,90949700
2021-06-18,388.85956550548985,389.54947004298504,386.6313456995703,386.8364562988281,118676300
2021-06-21,388.58919001085104,392.5608641777054,387.7780798673709,392.3743896484375,72822000
2021-06-22,392.3649408938295,395.30172870679206,391.6470398281665,394.4719543457031,57700300
2021-06-23,394.54670594665487,395.34848383758776,393.9127380628448,393.99664306640625,49445400
2021-06-24,396.13158375367453,396.74688700384473,395.879840335682,396.3273620605469,45110300
2021-06-25,397.0732323076562,398.1826902147583,396.74691613756454,397.73516845703125,58129500
2021-06-28,398.25724298746064,398.70473623877365,397.0638802306052,398.53692626953125,53159600
2021-06-29,398.91924432286936,399.5532121672935,398.2200075512794,398.7514343261719,35970500
2021-06-30,398.29453168040874,399.75827397212026,398.26656335103905,399.0870056152344,64827900
2021-07-01,399.8421294554618,401.45504545478644,399.77686054434236,401.2965393066406,53441000
2021-07-02,402.4526561515775,404.7181760542259,401.38047053367126,404.3638916015625,57697700
2021-07-06,404.4198543106815,404.63429713848,400.9050347893744,403.62738037109375,68710400
2021-07-07,404.3080528214478,405.3336058400532,402.3035796430938,405.05389404296875,63549500
2021-07-08,399.7582794572034,402.5086218416847,398.5835527035313,401.7534484863281,97595200
2021-07-09,403.25443886623873,406.3404010235605,401.55761775710965,406.04205322265625,76238600
2021-07-12,405.95820582921755,407.74826443657537,405.529348587086,407.49652099609375,52889600
2021-07-13,406.7133908705391,408.2051016773012,405.8463441001398,406.1073913574219,52911300
2021-07-14,407.7948684980379,408.2796908558834,405.47341158364054,406.71337890625,64130400
2021-07-15,405.3801554114466,406.05142380082106,403.43161916568266,405.32421875,55126400
2021-07-16,406.4989460325066,406.54555043309637,401.7534629006535,402.14501953125,75874700
2021-07-19,397.3436641815824,402.2103536866974,393.4092904555928,396.20623779296875,147987000
2021-07-20,396.86807940233047,403.15190560272424,396.0756054886236,401.8839416503906,99608200
2021-07-21,403.07728599269296,405.27756540123846,401.8373188776991,405.1376953125,64724400
2021-07-22,405.3149375806969,406.22861725285645,404.3360174299691,405.9862060546875,47878500
2021-07-23,407.9067170456665,410.49855331355985,407.2261448569842,410.1629333496094,63766600
2021-07-26,409.57548735826293,411.1790710284304,409.52888296778485,411.16973876953125,43719200
2021-07-27,410.1349462433999,410.1629145724487,406.48025668627827,409.2958679199219,67397100
2021-07-28,409.9205257266722,410.4985568598125,407.71094225553276,409.1280517578125,52472400
2021-07-29,410.051019737145,411.8969862615193,410.04168747728073,410.8248291015625,47435300
2021-07-30,408.2702864028163,410.2747590491166,408.13974857508884,408.8296813964844,68951200
2021-08-02,410.535883503272,411.08594634074757,407.6177308698033,407.9720153808594,58783300
2021-08-03,408.76444835011597,411.4122212036647,406.5828332901923,411.291015625,58053900
2021-08-04,410.01369377387937,411.2629930818675,409.03477391711556,409.2678527832031,46732200
2021-08-05,410.42399765718676,411.94367672299376,410.1070137495975,411.8597717285156,38969700
2021-08-06,412.17678641929984,412.95992821159984,411.8970746314669,412.5403747558594,46930000
2021-08-09,412.51242463219626,412.82940857745217,411.44026719488556,412.20477294921875,41222600
2021-08-10,412.6521993404,413.42603723143196,411.9716271529787,412.71746826171875,43339300
2021-08-11,413.78031206478073,413.8362487240308,412.6615219757521,413.7430114746094,44034300
2021-08-12,413.5938909226204,415.12290234474574,412.69887580714226,414.9830322265625,38909400
2021-08-13,415.4304486225805,415.75676472886465,414.94565481885087,415.7381286621094,39470300
2021-08-16,414.4422193750275,416.84758091171517,412.89457218859576,416.7170715332031,73740000
2021-08-17,414.17182810864335,414.84309640590254,411.0112933625558,413.9853820800781,92673900
2021-08-18,412.9785897646633,414.53556963548243,409.21205450053696,409.4544372558594,89351900
2021-08-19,406.741308348979,411.28170912890874,406.60146670220803,410.08831787109375,92812200
2021-08-20,410.4333770373761,413.6778176710646,409.94855463315577,413.35150146484375,72008700
2021-08-23,415.02968007503,417.8918962380203,413.4260958570307,416.987548828125,54973000
2021-08-24,417.6494445800781,418.18087133123964,417.1366823512831,417.6494445800781,38744700
2021-08-25,417.8359134013071,419.03858009290565,417.46296438324526,418.52581787109375,40529700
2021-08-26,418.2460947166087,418.4791736205417,415.9619385292738,416.05517578125,57829600
2021-08-27,416.85693316240236,420.14800598686645,416.80099650435585,419.77508544921875,77235100
2021-08-30,420.4463669901376,422.40423543923686,420.2039558296545,421.62109375,48357400
2021-08-31,421.5278867191652,421.8635067020357,420.3997927296068,420.9964599609375,59300200
2021-09-01,421.9287227307321,422.4414849020611,420.98707492126005,421.22015380859375,48721400
2021-09-02,422.63728833645627,423.3178604728421,421.32272000796826,422.5160827636719,42501000
2021-09-03,421.3880192926544,422.92633435744506,420.98710195716393,422.4135437011719,47170500
2021-09-07,422.0685927572297,422.161830008836,420.23192986344264,420.9031982421875,51671500
2021-09-08,420.3718058247561,421.09901087419547,418.47917779201987,420.39044189453125,56181900
2021-09-09,420.1947096773272,421.9381355350653,418.3487142945361,418.59112548828125,57970400
2021-09-10,420.5116222919028,420.9311472268283,415.16944383774626,415.2906494140625,89948200
2021-09-13,418.27405074698356,418.5350979558744,414.05063410526645,416.35345458984375,83738600
2021-09-14,417.789288718798,417.99439930193716,413.2209476783512,414.1066589355469,78197100
2021-09-15,414.526223828561,418.05970848435203,413.42609807306496,417.5655822753906,78792200
2021-09-16,417.04340609771833,418.01299380157405,413.9667476565997,416.903564453125,77786700
2021-09-17,416.13478169530885,416.55565067502687,412.4870792787578,412.8424987792969,118425000
2021-09-20,406.7443909772057,408.3156924628671,401.1138511721646,405.958740234375,166445500
2021-09-21,408.2875666376567,409.5782885516768,405.05142823770416,405.5751953125,92526100
2021-09-22,407.83862947573203,411.5611435713708,405.68744521806696,409.5315246582031,102350100
2021-09-23,411.39284026132526,416.1067731963376,411.1590146193151,414.50738525390625,76396000
2021-09-24,412.8799262600289,415.90096352552064,412.66479641554514,415.19012451171875,62094800
2021-09-27,414.16127425016805,415.32104015057223,413.31014559826434,414.0022888183594,61371100
2021-09-28,411.24305745242566,411.57041895561554,404.92976712881,405.6593017578125,130436300
2021-09-29,407.03427776898445,408.7645930197675,405.7809759041746,406.3421630859375,82329200
2021-09-30,407.81052769400486,408.5120044691004,401.0389476922281,401.37567138671875,140506000
2021-10-01,403.0966548978282,407.819920791209,399.5892707562588,406.1457214355469,129240100
2021-10-04,404.9859554641585,405.88383781213133,398.7755335780304,400.9080505371094,128570000
2021-10-05,402.4045184317474,407.31485631227736,401.60953418086086,405.0794982910156,90682500
2021-10-06,401.4972133847707,406.968737621166,399.8791586518761,406.7629699707031,113032200
2021-10-07,410.0272332659466,413.1043576140897,409.84952352630745,410.2797546386719,72437500
2021-10-08,411.04673863158837,411.4302160683865,408.90488798924395,409.5315246582031,74557400
2021-10-11,408.8767566592956,411.77619949626927,406.5010808265694,406.5665588378906,65233300
2021-10-12,407.48324414407466,407.8854173602366,404.7802062753356,405.56585693359375,71181200
2021-10-13,406.5853090624002,407.83861088635894,403.62041636017756,407.02490234375,72974000
2021-10-14,410.6726212052408,414.02102023777945,410.20496994150267,413.8713684082031,70236800
2021-10-15,415.975750769938,417.388066556168,415.3584477483374,417.0232849121094,66260200
2021-10-18,415.24616843242967,418.5945381490445,414.59144539702993,418.2578430175781,62213200
2021-10-19,419.87601973520236,421.55019069451413,419.26805026281613,421.4847412109375,46996800
2021-10-20,421.9430117230665,423.4395013974078,421.830779992545,423.14019775390625,49571600
2021-10-21,422.54160853266404,424.46832943743675,422.1113773662151,424.2438659667969,41305400
2021-10-22,423.8135918943795,425.2539656192229,421.86814686856104,423.8042297363281,58845100
2021-10-25,424.88920251258514,426.40438793845834,423.12149569678843,426.0770263671875,45214500
2021-10-26,427.6202741364318,428.8267936967001,426.0863644802023,426.4604797363281,56075100
2021-10-27,426.9188771716566,427.5829340162119,424.4964183538011,424.5712585449219,72438000
2021-10-28,425.9928363723962,428.742627797446,425.98350275745725,428.6678161621094,51437900
2021-10-29,426.3763620737021,429.8276307113878,426.0864205712987,429.5376892089844,70162400
2021-11-01,430.5196789876019,430.893822778383,428.55556680181957,430.2765197753906,48433600
2021-11-02,430.4449035360186,432.3248706330071,430.3139474896051,432.0162048339844,48908400
2021-11-03,431.4549703875679,435.05589020838045,431.0153771334454,434.6537170410156,52509800
2021-11-04,435.2523210060828,436.7862306774894,434.90626367716334,436.7020568847656,52847100
2021-11-05,438.91876204081126,440.20012191636965,436.7114618114456,438.21728515625,66390600
2021-11-08,439.3115402130442,439.80724933374427,437.9085866401388,438.5913391113281,50405200
2021-11-09,438.9561209854995,439.189946581114,435.73867850639124,437.1416320800781,51149100
2021-11-10,435.45809321974474,437.14165472126496,432.1471431654352,433.6249084472656,69429700
2021-11-11,435.11209676144165,435.18693695055657,433.74656301336825,433.7652587890625,34848500
2021-11-12,435.0278628031356,437.59058233417034,434.08319821257237,437.03875732421875,53466700
2021-11-15,438.32015203819657,438.4791374698599,436.06606971793025,437.18841552734375,46980500
2021-11-16,436.92653290815355,440.0504396595338,436.8517212713006,438.9187316894531,48857500
2021-11-17,438.65685496204304,438.83456471339144,437.23520549442225,437.8525085449219,47858300
2021-11-18,438.88128203134477,439.601483135465,436.1689108233059,439.339599609375,50625600
2021-11-19,439.2273759676528,440.4713442276694,438.1892039343977,438.5539855957031,57315600
2021-11-22,440.42460812441726,442.90315404190204,437.11362928083673,437.31939697265625,72762000
2021-11-23,436.99201694576334,438.7503901392518,434.4012394044777,437.8992614746094,73206500
2021-11-24,435.90712360090544,439.19004483156164,435.09341491303985,439.0684509277344,61858800
2021-11-26,432.42769071205043,433.88676011362156,428.15335206646023,429.2757263183594,112669600
2021-11-29,434.04579477237445,436.37468863148496,431.8571905656505,434.54150390625,86268800
2021-11-30,432.10974551490875,434.0084084065052,425.84320748519656,426.0863952636719,148559600
2021-12-01,431.77301163649753,434.6069767536424,421.1573237370427,421.3537292480469,131939200
2021-12-02,421.56892113358685,429.3693408365679,421.17608151058477,427.807373046875,127637800
2021-12-03,429.4627351068838,430.5196026446212,419.87588730298563,424.0847473144531,137331600
2021-12-06,426.6194532350287,430.9779654861863,424.21571941411963,429.10736083984375,98977500
2021-12-07,434.3637525195676,438.54455501882705,428.97640203913613,437.9833679199219,95484700
2021-12-08,438.3762012450285,439.5920828228058,436.6271619605207,439.14312744140625,72238800
2021-12-09,437.8617859732188,439.2460437157852,435.9818476739704,436.1782531738281,61272600
2021-12-10,438.8719230944773,440.4338620032325,436.32789961217685,440.2842102050781,77159800
2021-12-13,439.76988472108684,440.11594207915067,436.1034863624048,436.38409423828125,87724700
2021-12-14,433.1291924903542,435.60773818463684,430.47293705354144,433.3817138671875,97264100
2021-12-15,433.437885904042,440.3965100644385,430.9312535760348,440.1533508300781,116899300
2021-12-16,441.9959589981192,442.2765383624164,434.72863948794816,436.27191162109375,116568600
2021-12-17,433.2054531879676,436.19955239682724,429.9297889238789,431.6286315917969,135511600
2021-12-20,426.56973770391426,427.4332231360365,423.43485536069744,427.0390319824219,107134800
2021-12-21,430.4460118667737,434.76352423036354,428.2872700067012,434.62274169921875,69806300
2021-12-22,434.3693368416024,439.0810403325154,434.17221265287645,438.9684143066406,58890200
2021-12-23,439.96334315913737,443.1920897716103,439.86011217679714,441.6997375488281,56439700
2021-12-27,443.0699825475692,447.9975710329418,443.0230645907993,447.9506530761719,56808600
2021-12-28,448.38240050434825,449.40545830656606,446.8243405006627,447.5845947265625,47274600
2021-12-29,447.6879323342068,449.17088949249677,446.69303086170095,448.1572265625,54503000
2021-12-30,448.57947325578937,449.58376955280687,446.45828329869533,446.9181823730469,55329000
2021-12-31,446.4301930229222,447.5752433544864,445.5197611440757,445.79193115234375,65237400
2022-01-03,447.04960339482227,448.5044324704969,444.750079206989,448.3730163574219,72668200
2022-01-04,449.79038632097485,450.5037227535474,446.3739104001781,448.2229309082031,71178700
2022-01-05,447.8568948012044,448.62654425027876,439.5222242879312,439.6160888671875,104538900
2022-01-06,439.1561460016045,441.9062031753526,436.8471978839519,439.20306396484375,86858900
2022-01-07,439.21243352735695,440.385668974707,436.1150747602866,437.4666442871094,85111600
2022-01-10,434.2848104246131,437.1380981844354,428.5594161640464,436.9222412109375,119362000
2022-01-11,436.65941642560045,440.99568950369195,433.6746840587262,440.9018249511719,74303100
2022-01-12,442.628843747025,444.1399857731622,440.1415905324824,442.0938415527344,67605400
2022-01-13,443.1920625646944,443.8396908575435,434.9794139965531,436.0024719238281,91173100
2022-01-14,432.8675400643002,436.52802870303964,431.6567531379873,436.1807556152344,95890900
2022-01-18,431.5065580894971,431.7130486527233,427.3486189663124,428.4561462402344,109709100
2022-01-19,429.9954920501737,431.3845844979552,423.735095055278,424.0072937011719,109357600
2022-01-20,425.8844802762519,430.5680271579056,417.2025377031272,419.3143615722656,122379700
2022-01-21,418.1974030107011,420.5438737739102,411.05475975634477,411.0829162597656,202271200
2022-01-24,405.4983319626778,413.3355505734703,394.92045135440037,412.8287048339844,251783900
2022-01-25,406.4651304888225,412.7161332894427,400.9180690579554,407.7885437011719,167997300
2022-01-26,413.6546462199283,416.7707663219055,402.52297383173703,406.7654113769531,186391100
2022-01-27,411.3457755828655,414.4712624598946,403.07681378422694,404.7568664550781,149878300
2022-01-28,406.10844039096463,414.85609154872685,401.5469143096676,414.8091735839844,164457400
2022-01-31,414.142700120237,422.627546532085,412.8005257004034,422.2802734375,152251400
2022-02-01,423.00299206387587,425.7718391626573,419.49268078948916,425.13360595703125,123155400
2022-02-02,427.52700300171256,429.986099950846,425.22745003532464,429.2633972167969,117361000
2022-02-03,423.2563876118731,425.1523255868119,418.3381656483604,419.17352294921875,118024400
2022-02-04,418.9389343536051,424.9740508376599,416.57367327477516,421.1446228027344,118454400
2022-02-07,421.90488421960123,423.293976730891,418.46964721095105,419.7930603027344,84472900
2022-02-08,419.29559079665904,424.16686670467533,417.87831319896964,423.2470397949219,81012000
2022-02-09,427.26420999418116,429.76085856020444,427.06711445154485,429.4417419433594,92589900
2022-02-10,423.6224395175612,429.6012424004276,419.73669885351933,421.72650146484375,140103700
2022-02-11,421.81102228825836,423.87589961159756,411.98400045457316,413.41064453125,153214600
2022-02-14,412.9038345326054,414.4806562198295,408.6050834849175,412.05908203125,123006300
2022-02-15,416.47977406549893,418.87316264321703,415.9635333424537,418.7042236328125,88482700
2022-02-16,416.6674796900843,420.543853789651,414.7996982172283,419.17352294921875,84863600
2022-02-17,416.0011290518587,419.1454057486569,409.618739738148,410.21942138671875,102259100
2022-02-18,410.4728334127503,411.72117196742954,405.3012310451236,407.563232421875,132642900
2022-02-22,405.36692386987266,408.7552139612039,399.70720879424357,403.18939208984375,124391800
2022-02-23,406.08965770586263,406.6528164705641,395.47422526850164,396.0373840332031,132578000
2022-02-24,385.77848222256455,402.4290550978843,385.42184279426,401.9972839355469,213942900
2022-02-25,403.22691227876925,410.95150442325064,401.58438272743587,410.8670349121094,121804500
2022-02-28,405.498374768783,411.2894782206661,404.25006470919953,409.8158874511719,145615000
2022-03-01,408.3235351417943,410.32273316160007,400.8805068214816,403.57427978515625,137785900
2022-03-02,405.8175082648305,412.71613952126535,405.06664891646875,410.99853515625,117726500
2022-03-03,413.4200830615283,414.0207648146663,407.1596850828388,408.952392578125,105501700
2022-03-04,405.23554101174136,406.7560496342077,401.6032084928617,405.6297607421875,113978200
2022-03-07,405.04780577504613,405.75174706324987,393.60641107929933,393.672119140625,137896600
2022-03-08,393.85041590198745,400.97429762630316,389.62676857301784,390.6873779296875,164772700
2022-03-09,399.03143275089025,403.1330589273105,396.8539010797275,401.1620178222656,116990800
2022-03-10,396.57234376713836,400.2422276939095,394.620092580412,399.3505859375,93972700
2022-03-11,401.82854544743685,402.4386223066187,393.76607283877354,394.2729187011719,95636300
2022-03-14,395.04244919429476,398.4776572170098,390.2556430646185,391.3913269042969,95729200
2022-03-15,393.99124132149103,400.62706816648796,392.72416989957503,399.99822998046875,106219100
2022-03-16,403.4898562367624,408.9242634624745,398.7124151839994,408.8679504394531,144954800
2022-03-17,406.96256340055044,413.98321533203125,406.5871337484996,413.98321533203125,102676900
2022-03-18,412.3788286596397,418.83753350872564,411.6444565524196,418.5174255371094,106345500
2022-03-21,418.34801862936644,420.34400315492985,414.90210943181734,418.3951110839844,88349800
2022-03-22,419.77907234818315,424.2229735705517,419.77907234818315,423.2908935546875,74650400
2022-03-23,420.76766221116077,422.25522626407883,417.754837158317,417.8395690917969,79426100
2022-03-24,419.8543513228499,424.1476078293655,418.7433833523975,424.13818359375,64736900
2022-03-25,424.7691246745869,426.4826695627298,422.1988073423726,426.2096252441406,77101300
2022-03-28,425.6163532676359,429.24114990234375,423.73334501401365,429.24114990234375,68529800
2022-03-29,433.1108300293189,435.0409312276602,430.43696106588243,434.55133056640625,86581500
2022-03-30,433.41203287887015,434.221741418466,429.7684162817575,431.86798095703125,79666900
2022-03-31,431.1053481916122,431.92445220332144,424.7690149308357,425.220947265625,121699900
2022-04-01,426.7932886594718,426.9345085502842,422.86723203273846,426.4261169433594,89048800
2022-04-04,426.6237670104872,430.18265143910884,425.8046630222813,430.0790710449219,59601000
2022-04-05,428.59154184820875,431.0488540116193,423.5074249292268,424.6466369628906,74214500
2022-04-06,420.74877126914623,422.6694189011954,417.5288146796591,420.400390625,106898000
2022-04-07,419.5247922838507,424.3264687550642,417.5852962112796,422.5187683105469,78097200
2022-04-08,421.7656645610829,424.2700693409283,419.8544120623101,421.3890686035156,79272700
2022-04-11,418.131430249241,418.9693828064198,413.6875578619317,414.1865539550781,89770500
2022-04-12,417.1616704401845,419.6754993093874,411.1078052988178,412.6518859863281,84363600
2022-04-13,412.4070937143792,418.1314267488248,412.22820561338756,417.37823486328125,74070400
2022-04-14,417.6041354302853,418.7151321138891,412.0775109158974,412.18109130859375,97869500
2022-04-18,411.2584985167614,414.02652350805334,410.128681843096,412.35064697265625,66002500
2022-04-19,412.24702736869455,419.7225732355812,412.0775635034835,419.0070495605469,77821000
2022-04-20,420.77703385456124,421.3890057859334,417.5382573839223,418.6962890625,65224400
2022-04-21,422.30233899562865,423.68635144045646,411.5315277032449,412.43536376953125,85417300
2022-04-22,411.35261559680123,412.4541594531157,400.55356095514185,401.11846923828125,132471800
2022-04-25,398.8871230668873,403.6134641154083,394.33964139419555,403.4440002441406,119647700
2022-04-26,400.9206111125267,401.1183476277547,391.73155217360556,391.7597961425781,103996300
2022-04-27,392.83320621839357,398.1809719519438,390.7336702250882,392.8614501953125,122030000
2022-04-28,397.58784935923745,404.5079115448034,393.1721919995158,402.7849426269531,105449100
2022-04-29,398.8117805304688,400.95840906428657,387.15595335566474,387.8997497558594,145491100
2022-05-02,387.96568189359846,391.59047917730305,381.32805937170104,390.2347106933594,158312500
2022-05-03,390.73370329446914,394.42438400889665,389.1801982351646,392.0235595703125,100028200
2022-05-04,392.6825019390418,404.5266391412948,389.50963784403865,403.96173095703125,144247900
2022-05-05,399.7155972479429,400.1392856315828,385.4894825550537,389.6038513183594,172929100
2022-05-06,387.052429506514,390.53597823132685,381.9965559339357,387.27838134765625,151770800
2022-05-09,381.40334006214687,382.63670821024124,373.3063985587751,374.87872314453125,155586100
2022-05-10,380.82898951109865,382.3259776030274,371.7246608276359,375.744873046875,132497200
2022-05-11,374.7845967667288,380.4053781846459,369.03199096468177,369.7757873535156,142361000
2022-05-12,366.5935320489902,372.647397923669,362.62038267397736,369.3898010253906,125090800
2022-05-13,373.50415422453636,379.59568805484594,372.4684937718504,378.2210998535156,104174400
2022-05-16,376.5828496996567,380.33944215793855,374.3420651693036,376.6864013671875,78622400
2022-05-17,382.74972739807595,384.6704041422355,379.0307740612988,384.4350280761719,83029700
2022-05-18,379.8969587790726,380.17939855656863,367.7044674442447,368.9378356933594,117674500
2022-05-19,365.88736256542336,371.0844842086102,364.4656820097794,366.67822265625,98510700
2022-05-20,370.2465895747261,373.80547490627424,358.2800772040546,366.8383483886719,131432200
2022-05-23,369.851096171746,374.46448991142154,367.5444280343373,373.7018737792969,76414900
2022-05-24,369.59693477146396,372.03542752036105,364.3245048157043,370.8491516113281,91448800
2022-05-25,369.36160023945524,376.0839556540305,368.96618446944194,374.1256103515625,91472900
2022-05-26,375.34953113826674,383.2299175155968,375.1423990434027,381.6011047363281,82168300
2022-05-27,384.0489633714319,391.08200055963175,383.85125554393176,390.9690246582031,84768700
2022-05-31,389.35905760743515,392.0988383279228,386.04497310590705,388.77532958984375,95937000
2022-06-01,390.8844091807962,391.89179709026445,383.1263930931884,385.63079833984375,86585800
2022-06-02,385.4706670691487,393.02152050473194,383.22988244769175,392.9744567871094,79609600
2022-06-03,388.2763611795485,389.82044199768814,385.55542873821975,386.5251770019531,71874300
2022-06-06,390.517114758432,392.2400548190691,386.5345416096812,387.7020263671875,57508900
2022-06-07,384.22785213796186,391.8728612940174,383.7664955630781,391.4209289550781,59272400
2022-06-08,389.7168432014017,391.4963000067229,386.3745146420819,387.1653747558594,64350000
2022-06-09,385.395429483755,387.65503442529234,377.9575500488281,377.9575500488281,86289800
2022-06-10,371.78117890548924,372.6285269294592,366.9512578167044,366.9983215332031,132893900
2022-06-13,357.63041909690946,359.4757595056047,351.4635486063113,353.0641174316406,170004900
2022-06-14,354.8058145427175,355.83205053117496,348.9119898698638,352.0001220703125,104011800
2022-06-15,355.2859483579496,361.44339278329574,350.35247641584135,357.0183410644531,125666800
2022-06-16,348.83673585883366,349.24157577546,342.7828419203488,345.2025146484375,134473300
2022-06-17,345.61572844834046,349.27508426837926,342.4575241953979,345.9466552734375,111113900
2022-06-21,351.6485465469434,356.0359826472647,351.57288467855716,354.65545654296875,76811900
2022-06-22,350.4475684991193,358.10670044343743,350.0315148923091,354.01239013671875,90059400
2022-06-23,356.13997099447135,358.2107454929241,352.5940787916053,357.482666015625,79292100
2022-06-24,360.6408975327615,368.8579146543749,360.6125315472774,368.84844970703125,98050300
2022-06-27,369.76558055330014,370.058705296432,366.35208260935923,367.4394836425781,66009600
2022-06-28,368.99029067465796,371.76080759717377,359.81823772369825,359.93170166015625,86548900
2022-06-29,360.48009144199665,361.463464638206,357.82303888138387,359.6385192871094,65676000
2022-06-30,355.7616996920369,359.9411371004125,352.2820045953657,356.71673583984375,112508300
2022-07-01,356.0643267434046,360.9245770809683,353.4545407189356,360.4895935058594,74839700
2022-07-05,355.4213793094931,361.1893705698523,352.6035661740261,361.1704406738281,81438000
2022-07-06,361.31217177600075,364.8675284701395,358.93880785464154,362.39013671875,70426200
2022-07-07,364.1585137815234,368.61214773964343,362.409200628001,367.81787109375,64525900
2022-07-08,366.1914052999561,369.37800498002616,364.66904928186506,367.5152282714844,72397800
2022-07-11,364.84859293448187,365.813065010574,362.62649521077446,363.3167724609375,58366900
2022-07-12,362.76841613095786,365.14180928001315,358.36205049936086,360.1018981933594,62219200
2022-07-13,354.68379199729,361.1325950360605,354.2677383266244,358.21075439453125,84224600
2022-07-14,353.2748467855768,358.4187564891479,350.84475070087467,357.3408203125,89704800
2022-07-15,361.72822647198586,364.28128008136326,359.82764811140055,364.1678161621094,79060400
2022-07-18,367.24099693727663,367.912344500235,359.94118513181706,361.1609802246094,63203600
2022-07-19,365.0660716138569,371.4865073575656,364.4136541135557,370.9191589355469,78506000
2022-07-20,371.1083701548272,374.6920934702504,369.7467451710396,373.2831726074219,71843800
2022-07-21,372.70629094388954,377.13155656097194,370.31399732616205,377.08428955078125,64903900
2022-07-22,377.2072777513435,378.3986778470548,371.37309072029717,373.5857238769531,72197300
2022-07-25,374.20980770925064,374.89062013717165,371.8080487473427,374.03961181640625,53631500
2022-07-26,372.40382865611105,372.61185551387223,368.7255709950971,369.6144104003906,52946400
2022-07-27,372.89547598359957,380.9517617542331,372.602351195438,379.2119140625,82342100
2022-07-28,380.0157189990529,384.65844936501463,376.4792621991294,383.96820068359375,73966600
2022-07-29,385.3959148037413,390.5492896244354,384.630004404881,389.5658874511719,87003700
2022-08-01,386.880471670519,390.90861443486426,386.17129323209457,388.41229248046875,69997500
2022-08-02,386.85212626915603,390.5209475361801,384.6773238182315,385.8498229980469,63435400
2022-08-03,387.9678546966585,393.0550324074595,387.6841948771705,391.8919982910156,67820600
2022-08-04,391.8163247050197,392.49713710795265,389.9913792556796,391.6272277832031,45656600
2022-08-05,387.362738241362,391.60834410065166,387.3060062724685,390.9653625488281,56814900
2022-08-08,392.64844425670384,394.8894434033857,389.4145780273554,390.5114440917969,53886100
2022-08-09,389.78339679657284,390.2845484240548,387.89225422395475,388.96075439453125,44931800
2022-08-10,395.9863295063462,397.2723214201462,394.03845502715103,397.1304626464844,68665700
2022-08-11,399.9671764150068,401.8205168538203,396.3929182209303,397.1304626464844,59489700
2022-08-12,399.0593716519972,403.9574230425104,398.11380054850633,403.8534240722656,61694500
2022-08-15,401.6502867542093,406.03775117563913,401.593554788117,405.5176696777344,54048300
2022-08-16,404.4492350458775,408.23152036285336,403.64549364471077,406.31201171875,59289000
2022-08-17,402.7282345419043,406.1228316979683,401.43280661081104,403.4279479980469,63563400
2022-08-18,403.6264978547886,405.2812474108149,402.34053490810277,404.6004638671875,49023200
2022-08-19,401.84890169679676,402.11366050668937,398.2935443726278,399.1634826660156,68016900
2022-08-22,394.3504946497515,394.52071941279587,389.95359392592934,390.8518981933594,77695600
2022-08-23,390.426424797038,392.80928319022877,389.3579244993357,389.9063720703125,49105200
2022-08-24,389.6793622511617,392.51607606132626,388.99857863900553,391.15447998046875,49177800
2022-08-25,392.6389975097295,396.7238722445992,391.551596341063,396.6766052246094,50942300
2022-08-26,396.5631721445434,397.1021258692278,383.1927797477306,383.24951171875,103087000
2022-08-29,380.3087738309777,383.7506382256978,379.36320256720757,380.7153625488281,65370800
2022-08-30,381.8689239380466,382.10531673126604,374.44618445964664,376.535888671875,85652400
2022-08-31,378.16230081283413,379.4009968343616,373.53847243354284,373.67083740234375,76029700
2022-09-01,371.5055182868605,375.1837756026024,368.8106343368199,374.8433837890625,78740100
2022-09-02,378.4932391584454,379.70356914138836,369.08479416646423,370.8908386230469,99632100
2022-09-06,371.7324544703169,372.66856083501824,367.2788216710287,369.491455078125,76637400
2022-09-07,369.1793490313916,376.8952133261025,368.9618861280906,376.1293029785156,70964200
2022-09-08,373.8694381880067,379.04168533112323,372.6685442072661,378.58782958984375,80821700
2022-09-09,380.81934883699086,385.329742082949,380.5545900462263,384.4692687988281,76706900
2022-09-12,386.53060660794216,389.32005328167793,386.2280168884876,388.6014099121094,69256300
2022-09-13,379.9588585471244,381.1597524265052,370.58827344881297,371.70404052734375,122947100
2022-09-14,372.99947713125925,374.63532571628434,369.8318077999259,373.1224060058594,85023700
2022-09-15,371.5716492033494,374.4083627921359,367.6191685285438,368.88623046875,87633800
2022-09-16,364.72387185360486,366.7272091723702,362.7964492553366,366.07208251953125,103084800
2022-09-19,362.9388049700475,368.9108581542969,362.8628323173421,368.9108581542969,73278500
2022-09-20,365.5973646765914,366.6037852771278,361.93248003220094,364.6763916015625,77274900
2022-09-21,366.5941948401459,369.63246357967904,358.30546809821095,358.3149719238281,106746600
2022-09-22,357.5459378785754,359.1790024904426,354.5646626886457,355.30523681640625,89472600
2022-09-23,351.849185813524,351.8871721443201,344.9276764863623,349.3521423339844,122346900
2022-09-26,347.8900418227232,351.4979616366179,344.68087714847763,345.89617919921875,92581200
2022-09-27,349.41861164213634,351.6783204261148,342.6300104380139,345.0131530761719,108294100
2022-09-28,345.96264208515834,353.48231433980953,344.2726122472369,351.8017883300781,110802200
2022-09-29,348.2697731293536,348.5545981921768,341.5191583646997,344.4529724121094,112952300
2022-09-30,343.51294405259347,347.4152207218765,338.9935561579165,339.12646484375,153711200
2022-10-03,342.8294068400838,349.9218411560904,341.05392954790506,348.07989501953125,89756500
2022-10-04,353.5772481816866,358.8942051643231,348.04193496218414,358.86572265625,103602800
2022-10-05,354.5171835950493,360.2803561426698,352.2005099841954,358.0301513671875,88065700
2022-10-06,356.6344579970455,359.57777574073987,353.8430566051313,354.3367919921875,82333500
2022-10-07,350.32060050692866,354.4222552620788,342.69647392447916,344.4529724121094,107789500
2022-10-10,345.56382461416007,345.8011884953058,339.5917702265936,341.8229675292969,76042800
2022-10-11,340.1329308775536,344.68083086003986,337.7308096086358,339.658203125,92482800
2022-10-12,340.066449523059,341.63304512033494,338.29094360606194,338.5378112792969,76991800
2022-10-13,331.5593747401117,348.9344292266556,330.5149678078465,347.4722595214844,147254500
2022-10-14,349.921841160499,351.545431058521,338.9176545048849,339.5538024902344,123737000
2022-10-17,345.61129877486803,349.38063819195844,339.22145295922246,348.2792663574219,93168200
2022-10-18,356.1692823447375,356.473115089462,348.9439101925136,352.3714599609375,97162900
2022-10-19,350.33952194733325,353.05497932795237,347.07339321019754,349.8742980957031,79746900
2022-10-20,349.4280591595853,353.83354599069514,346.18090904052775,346.94049072265625,88283100
2022-10-21,346.66515472372885,355.8558761401148,345.1650279247019,355.3716735839844,131038400
2022-10-24,356.89088616369844,360.85009986477286,354.2513717295342,359.7202453613281,85436900
2022-10-25,359.6442798008037,365.77775460734784,359.5303497695806,365.4644470214844,78846300
2022-10-26,362.33125259605407,367.9900000333237,362.0749100071893,362.7110290527344,104087300
2022-10-27,363.70795365066004,365.54039595428065,360.1569701011895,360.7741394042969,81971800
2022-10-28,360.66966547964233,369.83190549665636,360.4892666119688,369.357177734375,100302000
2022-10-31,366.90759418543263,368.7685188952542,365.78724362365824,366.689208984375,96631300
2022-11-01,370.420527665591,370.65789150533925,363.9167526614729,365.0845642089844,85407600
2022-11-02,364.49597616975944,368.98691130694584,355.81796759742275,355.9223937988281,126990400
2022-11-03,352.6942182018951,355.2862420190042,350.1496845424735,352.2574768066406,87100100
2022-11-04,357.9446853802761,359.72016234018145,351.2984975880694,357.3275451660156,103505200
2022-11-07,358.61886625865293,361.33432433939305,356.5490600064299,360.74566650390625,68286900
2022-11-08,361.8469263692216,365.654251719313,358.62828769445593,362.69195556640625,84641100
2022-11-09,360.7266178571878,361.87547986372505,354.7260521981255,355.21978759765625,78495500
2022-11-10,368.4361720364201,375.07288526749676,366.1480099232559,374.7405700683594,141455800
2022-11-11,375.59507007118657,379.16503175995996,373.71513788878525,378.36749267578125,93839900
2022-11-14,376.61103437675337,379.9531074146063,374.87351452909996,375.14886474609375,71903500
2022-11-15,380.8740658346402,381.9754376853018,374.55068876407796,378.3485107421875,93194500
2022-11-16,376.72498240572435,377.6744379820254,374.83557508091235,375.46221923828125,68508500
2022-11-17,370.7244438230275,374.98751938121353,370.4206400370466,374.3133850097656,74496300
2022-11-18,377.6364392872866,377.7029081294727,373.1740156097614,376.01287841796875,92922500
2022-11-21,374.69308951984544,375.8134399275281,372.8131574140973,374.6455993652344,51243200
2022-11-22,376.58254674649424,379.84867604647417,375.1773421488015,379.687255859375,60429000
2022-11-23,379.3549636956731,382.5641281776776,379.12710362952333,382.0799255371094,68261600
2022-11-25,381.5197180169349,382.54514625609033,381.2443967643648,381.99444580078125,30545400
2022-11-28,378.9181872794732,380.5512518780544,375.13934400569946,375.89892578125,67881600
2022-11-29,376.0318273628986,377.2186467005862,373.4208248199859,375.2532958984375,52310000
2022-11-30,375.50011084303225,387.073974609375,373.59172517191445,387.073974609375,144566700
2022-12-01,388.1089126426204,389.27675333365096,384.29211197998836,386.7891845703125,76398200
2022-12-02,381.91846008966655,387.2448913304231,381.81403389674875,386.3429260253906,85342700
2022-12-05,383.5325239499222,384.4629717064349,378.04467284641726,379.39288330078125,77289800
2022-12-06,379.23146151769544,379.7726290359641,371.84470019254604,373.9239807128906,77972200
2022-12-07,373.07899097652984,375.6425320351263,372.1580181195607,373.2878723144531,65927900
2022-12-08,375.1679327191444,377.2756965206149,373.39242625176973,376.2123107910156,60737900
2022-12-09,374.9778937727972,377.5224271264173,373.2783606035541,373.40179443359375,81447700
2022-12-12,374.1898882628355,378.7852783203125,373.52528680664847,378.7852783203125,75405800
2022-12-13,389.4855949322845,389.741937458983,378.89917302857265,381.652587890625,123782500
2022-12-14,381.3108436618965,385.0042397963437,376.27874065040004,379.2125549316406,108111300
2022-12-15,374.37031204526374,375.2723064084485,368.28432746344345,369.9363708496094,117705900
2022-12-16,367.39063871161915,368.7259745587609,363.4418577702044,365.56884765625,119858000
2022-12-19,365.759638812042,366.09348006584634,360.8093339319744,362.4689636230469,79878100
2022-12-20,361.7154394063112,364.5768857232749,360.39916944320595,362.9649353027344,74427200
2022-12-21,365.5497098013311,369.51758489971746,365.01557556771496,368.39208984375,78167400
2022-12-22,365.35900443658744,368.37306481720873,357.4614135029072,363.1366271972656,100120900
2022-12-23,362.1159860434873,365.36849982820587,360.57080985837734,365.2254333496094,59857300
2022-12-27,365.111034770745,365.4543943707275,362.11604019958503,363.78521728515625,51638200
2022-12-28,363.71843147410067,365.6833180737436,359.03522324607314,359.2641296386719,70911500
2022-12-29,362.09698333590643,366.5989936653744,361.57236734542374,365.73101806640625,66970900
2022-12-30,363.060391195132,364.9107667165367,360.9524377192383,364.7677001953125,84022200
2023-01-03,366.61802772104494,368.5828851543406,360.38006673429567,363.23199462890625,74850700
2023-01-04,365.48293416385536,368.05824707832414,362.4498085414863,366.0361633300781,85934100
2023-01-05,364.09041452635574,364.2048677167,361.26712910136496,361.8584899902344,76970500
2023-01-06,364.9392756207187,371.27262349109685,361.88708397790117,370.1566467285156,104189600
2023-01-09,372.34092442068106,375.51714610031314,369.76564022685335,369.94683837890625,73978100
2023-01-10,369.3650063190875,372.60797279309605,368.43025676671084,372.54119873046875,65358100
2023-01-11,374.11498982562864,377.3293427656513,373.30424098984014,377.2530212402344,68881100
2023-01-12,378.3499708858858,380.08589280712,374.2962553998828,378.6265563964844,90157700
2023-01-13,375.4408047607676,380.66772351572655,375.1737376190185,380.0954284667969,63903900
2023-01-17,380.07633872093464,381.7455155288635,378.7219081606364,379.39910888671875,62677300
2023-01-18,380.58192119114887,381.6406423942581,373.20891710602956,373.4092102050781,99632300
2023-01-19,371.3775455516614,373.01810918357603,369.37455652309,370.6908264160156,86958900
2023-01-20,372.08341391228544,377.74908002985853,370.44285016934947,377.5964660644531,91806400
2023-01-23,378.3976534216192,384.05377185885095,377.443838004556,382.1270751953125,84178800
2023-01-24,380.45787568340137,382.6230260729778,379.27515395089165,381.7169189453125,59524900
2023-01-25,377.66323376967637,382.19385709358215,375.38360090426846,381.8600158691406,84800300
2023-01-26,384.5115864864833,386.21892411230044,381.55475308151983,386.0567626953125,72287400
2023-01-27,385.01715091180836,389.3093204688235,384.80731034691763,386.94384765625,68346200
2023-01-30,384.19682153424986,386.41922765929314,381.79321726738084,382.0888977050781,74202000
2023-01-31,382.60399077183433,387.7545883082666,382.260602078399,387.7069091796875,86811800
2023-02-01,386.49553736704746,394.5648367609675,383.7676392435468,391.8273620605469,101459200
2023-02-02,395.699880930703,398.9905560204561,393.8113448862697,397.5312194824219,101654500
2023-02-03,392.58090757531625,397.71243948436745,392.10399983816484,393.3058166503906,94736800
2023-02-06,390.8640289856019,392.294752115139,389.2520785976726,390.90216064453125,60295300
2023-02-07,389.98646755802383,397.2545356824887,388.74651927787886,396.01458740234375,90990700
2023-02-08,394.0496762646716,395.38501171637444,390.9974559966682,391.6842041015625,76227500
2023-02-09,395.27072499692866,395.4233389854069,387.06790504211335,388.2887878417969,78694900
2023-02-10,387.115514984604,389.57637508525863,386.304795158678,389.1948547363281,70769700
2023-02-13,389.84341318387385,393.8971284439127,389.38557133439986,393.7635803222656,64913500
2023-02-14,392.2470630392104,395.88109763709383,389.6431654454688,393.5824279785156,88389300
2023-02-15,391.39817989035606,394.9368270971994,390.5588176281302,394.86053466796875,61555700
2023-02-16,389.91022227936105,393.8399372390062,389.2902480643342,389.42376708984375,76431500
2023-02-17,387.3063070107498,388.6893510840452,385.38912860346915,388.4508972167969,89257800
2023-02-21,384.44485161266954,385.49405442565177,380.4006834333242,380.658203125,82655900
2023-02-22,381.06835703282917,382.6040151198372,378.68381828938857,380.1336364746094,83742300
2023-02-23,383.0141287647056,383.624584623004,377.9493710671943,382.15570068359375,96242400
2023-02-24,377.1577095966057,378.90317902341906,375.45991929796907,378.0733642578125,108194400
2023-02-27,381.4021421594611,382.7565727740271,378.42624290281987,379.3609924316406,80444700
2023-02-28,378.8840949077096,380.8394047987781,377.8539579939496,377.9588928222656,96438600
2023-03-01,377.14810224642,378.36898463689715,375.21185839805094,376.509033203125,99706800
2023-03-02,374.5441486703451,380.2765873816421,374.2103075261162,379.4372253417969,85127800
2023-03-03,381.2495104460485,385.7706148212673,380.6009230194376,385.5226135253906,90120000
2023-03-06,386.34296459812265,388.63214513183675,385.3510174155289,385.7897644042969,72795900
2023-03-07,385.74202541995913,385.9804792628776,379.2656108960152,379.87603759765625,108310600
2023-03-08,379.9905117430244,381.2495258844479,378.2736266459541,380.49603271484375,74746600
2023-03-09,381.2781550603871,382.93781363415775,372.4935234600931,373.4759521484375,111945300
2023-03-10,372.93231453200684,375.00210698292204,366.57038142194835,368.0869445800781,189253000
2023-03-13,364.17622313398334,372.3599748381927,363.06979387547824,367.562255859375,157790000
2023-03-14,372.4648886988362,375.2786555832206,369.17421414646356,373.6380920410156,149752400
2023-03-15,368.06788061068585,371.50159315536877,365.98854067961,371.3013000488281,172996900
2023-03-16,368.9549017850136,378.1592151165088,368.4493807575096,377.8158264160156,143254200
2023-03-17,376.4907554684151,377.62054625365727,372.01942420856767,373.3981628417969,140553400
2023-03-20,374.17363412671835,377.40028401988184,373.47471024400215,376.9885559082031,93055800
2023-03-21,380.33969578047333,382.4173875215719,378.7503158002034,381.93865966796875,91524200
2023-03-22,381.7662983699507,385.36631171212144,375.3896402926609,375.42791748046875,111746600
2023-03-23,378.2811390116393,382.30246432046795,373.74280870365055,376.4428405761719,119351300
2023-03-24,375.169400500622,378.9992229180059,372.8332064884797,378.9130554199219,107682400
2023-03-27,381.1821781326801,381.94816006250136,378.7310943956981,379.62152099609375,74010400
2023-03-28,378.9321602551606,379.62152939764496,376.9406656319968,378.7694091796875,62871700
2023-03-29,382.9152109829554,384.51417469094537,381.7183914833068,384.2748107910156,77497900
2023-03-30,386.8981727082469,387.14712047760094,384.6673143464612,386.5247802734375,69840000
2023-03-31,387.44406295605967,392.26964831242293,387.33872762530365,391.97283935546875,112062600
2023-04-03,391.45576785501316,393.8685456943349,391.0632075126421,393.4664306640625,67391100
2023-04-04,394.10789340859714,394.3951476376342,389.9142329500153,391.2834167480469,66601500
2023-04-05,390.55568949256184,391.3120875440854,388.61205593172843,390.2588806152344,65200200
2023-04-06,389.4641946465513,392.05892029879095,388.42057157363575,391.78125,63743300
2023-04-10,389.311073872341,392.26005398593924,388.6983173778572,392.1834411621094,63681000
2023-04-11,392.80576103470116,393.6866038625685,391.5227739807362,392.2887268066406,59297900
2023-04-12,394.34727662483084,394.6345308679278,390.1057548634186,390.6897888183594,86420400
2023-04-13,391.7717484718132,396.2334959063615,390.6323737577498,395.8792419433594,85814800
2023-04-14,395.24728574948534,397.4302835798645,392.61428257068803,394.91217041015625,78161500
2023-04-17,394.82598073584927,396.348331709265,393.600438675659,396.3291931152344,66436400
2023-04-18,397.89938650253947,398.0334443121423,395.2185225027445,396.5876770019531,63560000
2023-04-19,394.6823936174116,397.4207029205089,394.62494861239765,396.5207214355469,55227300
2023-04-20,393.7153034242172,396.0993877029547,392.81529283564134,394.3568115234375,75840400
2023-04-21,394.6536546185458,395.122798546293,392.719604685716,394.6632385253906,73457400
2023-04-24,394.4621959673284,395.49626456860597,393.13134763213804,395.0749816894531,64332100
2023-04-25,393.1121085624426,393.6674491748633,388.7461133509764,388.8035583496094,97766700
2023-04-26,389.4163794213185,390.48872511908525,386.6014573550663,387.1567687988281,80447000
2023-04-27,389.6844497545518,395.1323747434497,389.4355019352683,394.8642883300781,92968400
2023-04-28,393.9834220992783,398.2441114946902,393.9259770969372,398.2345275878906,89433100
2023-05-01,397.794121569062,399.8526454839488,397.6026187410231,397.8324279785156,62122300
2023-05-02,397.1238469456253,397.1717372569502,390.4695480864417,393.3610534667969,103998500
2023-05-03,393.85890883632186,396.2621316646499,390.4216468499389,390.6610107421875,91531800
2023-05-04,389.617390281609,389.9429216709352,386.56310465857086,387.89398193359375,94901900
2023-05-05,391.51324503248986,396.1186049794172,391.2547424917862,395.0749816894531,87891800
2023-05-08,395.4004926700738,395.6589951973901,393.7823901542241,395.1802673339844,50046800
2023-05-09,393.6387379211536,394.55788714476665,393.21745510632536,393.4472351074219,49220100
2023-05-10,396.2717616781344,396.9036859335044,391.4748993691881,395.28558349609375,96142900
2023-05-11,394.4238259021145,394.8833858662675,392.5280533923099,394.5961608886719,70157100
2023-05-12,395.83129212496243,396.04193351781123,391.6663545777214,394.0791320800781,70481500
2023-05-15,394.68238356588824,395.84089676313823,392.77705610324665,395.43878173828125,54289400
2023-05-16,394.3377545502838,395.2569332092474,392.7866807397294,392.7962646484375,57705500
2023-05-17,394.8068843373216,398.1675341505828,393.1696431862851,397.5643615722656,87287000
2023-05-18,397.24830507598523,401.81538678686417,397.0281089980014,401.39410400390625,97177200
2023-05-19,402.2941323052739,402.8207211975793,399.594100500681,400.81005859375,103793300
2023-05-22,400.8292573658007,402.5048047952054,399.59413136502695,400.9728698730469,60745400
2023-05-23,399.33559189738094,400.9058331974647,396.0802485128697,396.4728088378906,86383500
2023-05-24,394.87389632279877,395.2568727625146,392.4419506407974,393.6004638671875,89213700
2023-05-25,397.09513966858555,398.4547395231807,394.86428090134467,397.00897216796875,90961600
2023-05-26,397.6600433469777,402.8686044347789,397.5834597512282,402.1505126953125,93830000
2023-05-30,404.0750403987033,404.60162936229705,400.92500286690074,402.3037414550781,72216000
2023-05-31,400.4845749210063,401.38458562978974,398.5122184875182,400.0728759765625,110811800
2023-06-01,400.3026421930234,404.9271694953685,399.0579614953215,403.87396240234375,88865000
2023-06-02,406.4398449217566,410.4994467434978,405.9132561036575,409.71435546875,91426200
2023-06-05,410.0590507599155,411.3420376561127,408.23030720227825,408.92926025390625,65460200
2023-06-06,408.5176374533879,410.3463521322916,407.86654536905576,409.81976318359375,64022200
2023-06-07,410.21228457452565,411.3420751836078,407.9813966367141,408.4026794433594,85373300
2023-06-08,408.4696715682205,411.32289955281317,407.7037188355954,410.8728942871094,61952800
2023-06-09,411.6676134571485,413.6112472123868,410.62399032938276,411.61016845703125,85742800
2023-06-12,412.5868209414102,415.4208816171955,411.86872917016797,415.3442687988281,76104300
2023-06-13,416.79956309947863,418.72402891389044,416.1389164228339,418.0825500488281,95899700
2023-06-14,418.41769324198367,420.38046559122165,415.1431821385499,418.5804443359375,100612100
2023-06-15,417.7666014534157,425.0145475724995,417.6708792659641,423.7698669433594,110303100
2023-06-16,425.74761712421093,426.31461080665895,421.8555294193706,422.326416015625,114165800
2023-06-20,420.39474593750015,421.2788606271551,418.0690838007341,420.13525390625,76160400
2023-06-21,419.15510212154635,419.9527293765365,417.3964332987813,417.982666015625,76982300
2023-06-22,417.0312661321085,419.59715234538584,416.69490598831976,419.491455078125,70637200
2023-06-23,416.0510471242086,418.09800801134094,415.60898967891455,416.32012939453125,92074500
2023-06-26,415.75306687518275,417.6654716468784,414.37882655509753,414.61907958984375,72823600
2023-06-27,415.493629733563,419.77973592551575,415.0419528273242,419.1647033691406,72813700
2023-06-28,418.0883469905335,420.3851802319676,417.47331443133595,419.3761291503906,75636000
2023-06-29,418.96288231167824,421.1924377171977,418.559273599848,421.029052734375,67882300
2023-06-30,424.22920819454237,426.97768888145606,423.9120577597363,425.9974670410156,104964000
2023-07-03,425.6515644045463,426.7663128211192,425.3728626365197,426.4876403808594,32793400
2023-07-05,424.6809269189928,426.5837417319984,424.6713074116075,425.8533630371094,58418400
2023-07-06,422.2880126868195,422.94149397333916,420.0200085430969,422.5186462402344,80658300
2023-07-07,421.5287711761449,425.38243934770526,421.21162073773354,421.4518737792969,86134200
2023-07-10,421.0963375627214,422.69162140529556,420.52934385873226,422.5186462402344,62443500
2023-07-11,423.2777972154116,425.6995371839706,422.30716559567895,425.20941162109375,64463800
2023-07-12,428.9861838112243,430.03368342818635,427.56387541679567,428.6305847167969,91924500
2023-07-13,430.4373699947139,432.8206908722752,430.0049320898392,432.03265380859375,72425200
2023-07-14,432.9168373466267,433.7625035467968,431.00440290074886,431.76361083984375,69815800
2023-07-17,431.6194032211896,434.3102255823968,431.5713350157398,433.2627258300781,52680200
2023-07-18,432.93600974084484,437.12600898753516,432.5035425061128,436.4821472167969,80668200
2023-07-19,437.2701946323452,438.6348156080869,436.4052601424123,437.4527893066406,65891700
2023-07-20,436.4629102357604,437.35664451536627,433.8393364531686,434.55047607421875,70591600
2023-07-21,436.2610765640321,436.4629102357604,434.54088589539646,434.55047607421875,71275600
2023-07-24,435.6941341528586,437.29903757006053,434.6658439711447,436.4917907714844,54023400
2023-07-25,436.22271303443887,438.9327454121648,436.1746448231181,437.6834411621094,55191200
2023-07-26,436.7512104988631,439.17295065598853,435.7037107326863,437.75067138671875,71052900
2023-07-27,441.1238279449385,441.5274659900454,433.94506533743083,434.8484191894531,92194400
2023-07-28,438.10622153007387,439.93213874075076,434.84837627989594,439.1056823730469,80011800
2023-07-31,439.5765831414508,440.29734227377537,438.2695913310648,439.9417724609375,62040400
2023-08-01,438.4810581528829,439.42286073607613,437.7314697549184,438.6828918457031,55291500
2023-08-02,435.57876710355214,435.8382298320832,431.83082549706114,432.5804138183594,93933400
2023-08-03,430.5719611647709,433.214745002421,429.92807001647094,431.34075927734375,64276100
2023-08-04,433.14742331097347,435.2424228845315,428.87090725675444,429.3898620605469,100128900
2023-08-07,431.2157929076751,433.2915828601554,430.523862923515,433.1378173828125,58357500
2023-08-08,430.61038131148536,433.128258189368,427.9099390769486,431.2542724609375,71361300
2023-08-09,431.5233041246725,431.6866891018031,427.61197745800644,428.3711853027344,78789600
2023-08-10,430.71597805083144,434.08913961386025,427.3620554978999,428.5248718261719,93005500
2023-08-11,426.66053117028434,429.2841046872446,426.0647083775396,428.2750244140625,68690900
2023-08-14,427.3621646686425,430.6391906738281,427.05463370611966,430.6391906738281,47867400
2023-08-15,428.87090781167177,429.22650696420783,425.0556881700834,425.6227111816406,75707500
2023-08-16,425.2094830101528,426.8624252963623,422.39372408289853,422.49945068359375,80107200
2023-08-17,423.9601232533812,424.2195859756661,418.7610440069637,419.2799987792969,95711300
2023-08-18,416.4738690425287,420.510132174717,416.1279187140494,419.4818420410156,98852000
2023-08-21,420.4909004571907,422.95108948384575,418.34786189824484,422.21112060546875,68719000
2023-08-22,423.9794015102556,423.9794015102556,420.51016116793335,421.0675354003906,64994200
2023-08-23,422.12454721834575,426.3722334263853,421.98040127494454,425.7571716308594,68441000
2023-08-24,427.35254280721006,427.861878130185,419.82780041318796,419.8566589355469,88517300
2023-08-25,421.57678397318654,424.0946310005655,418.0402664588185,422.8164978027344,102325100
2023-08-28,424.99799661992967,426.1127742143462,422.816509634439,425.49774169921875,61595400
2023-08-29,425.3921155769581,431.9270172260521,425.20952088221264,431.6483154296875,83081900
2023-08-30,431.9845682431216,434.060357945483,431.2830188362327,433.42608642578125,69053900
2023-08-31,434.04117430376084,435.17516171345255,432.6092754445361,432.7918701171875,66084600
2023-09-01,435.5019359140747,435.98244204092543,432.14798320577563,433.59912109375,58944100
2023-09-05,433.15699511293656,433.4741162022499,431.65781858065884,431.7250671386719,55166200
2023-09-06,430.91787558724553,431.0236021823755,426.5068329962555,428.8228759765625,70758500
2023-09-07,425.8341358343982,428.17900813567496,425.4881854921281,427.5063171386719,70355400
2023-09-08,427.5542931353447,429.67812174261354,427.1987233377208,428.1501159667969,61659700
2023-09-11,430.76410870034374,431.27344400453364,429.06312762659996,430.9659423828125,60180100
2023-09-12,429.5244606027526,431.0428471374366,428.02528375613423,428.60186767578125,67565400
2023-09-13,428.8227997575093,430.2546983325801,427.7272319390113,429.10150146484375,60199300
2023-09-14,431.56176797941515,433.4933826135289,430.2643956069254,432.80145263671875,83430800
2023-09-15,431.22275924982887,431.5506524245771,427.15298130374185,427.5869445800781,111848900
2023-09-18,427.2783682987907,429.1300334090885,426.8058206549706,427.8377380371094,55752200
2023-09-19,426.92147805226983,427.5097785871883,424.27902594225344,426.9504089355469,66514600
2023-09-20,428.2041638924205,428.61884971067485,422.8227839687489,423.02532958984375,82562600
2023-09-21,420.18995642926694,420.45033436985153,415.87907838119946,416.03338623046875,104095800
2023-09-22,417.055696495469,418.64695406116914,414.68324615845955,415.09796142578125,100829700
2023-09-25,413.8924379607471,416.8820607506406,413.458445268684,416.843505859375,70874500
2023-09-26,413.8152657492611,414.5192898301892,409.8901424025337,410.71954345703125,96168400
2023-09-27,411.8864702649676,412.44583993852024,407.257352172029,410.88348388671875,104705800
2023-09-28,410.33374226373326,414.93392885769236,409.7454417843653,413.2655029296875,92258300
2023-09-29,416.3034507511099,416.47703605865223,410.74848546003295,412.2626037597656,115111300
2023-10-02,411.4332235195831,413.34275029290137,409.3501114299314,412.0986633300781,83798600
2023-10-03,409.92872106622235,412.15648738227026,405.2224344904491,406.5822448730469,103760600
2023-10-04,407.0451406977265,410.28551714342467,405.588884325945,409.5429382324219,87453000
2023-10-05,409.25364146047264,410.22769695288724,406.17722598529116,409.388671875,70142700
2023-10-06,406.9487369471333,415.7826633161712,405.62751083875975,414.249267578125,113273300
2023-10-09,412.3590123769111,417.47036086082164,411.80932558041656,416.9013671875,80374400
2023-10-10,417.5282094394434,421.6558488736504,417.1328010827686,419.0712585449219,78607300
2023-10-11,420.13211651194507,421.0386273478204,417.75966631617496,420.78790283203125,62451700
2023-10-12,421.39545544096734,421.7715569076046,415.879074957657,418.2225646972656,81154200
2023-10-13,419.7174500912721,420.91332876659834,414.57719959828006,416.1395263671875,95143100
2023-10-16,418.3768488217606,421.57867026595625,418.13574834128576,420.517822265625,75433200
2023-10-17,417.40278278927536,422.543061383034,417.05561223325043,420.4985046386719,75324700
2023-10-18,418.733716385894,419.68846496991176,413.8152601862858,414.8953857421875,93559800
2023-10-19,415.60902401214975,417.41245091445234,410.5748447541702,411.2499084472656,121323000
2023-10-20,410.8159967559263,411.3560595506144,406.09040315558224,406.1965026855469,123919900
2023-10-23,404.6727145608842,409.3404462034215,402.9271492717955,405.4924621582031,92035100
2023-10-24,407.60452747929617,409.69729291312706,405.7625160007192,408.5496520996094,78564200
2023-10-25,406.8715964855641,406.90052736992106,402.1749337627123,402.6860656738281,94223200
2023-10-26,401.6252048310319,402.47385382688697,396.9478494758642,397.864013671875,115156800
2023-10-27,399.4456375835296,399.84104590641886,394.64290537878924,396.0605773925781,107367700
2023-10-30,398.838041715386,401.8469708914346,397.545746719581,400.7957763671875,86562700
2023-10-31,401.364755634252,403.631105872312,399.4648828088837,403.3128662109375,79665200
2023-11-01,404.27728293523575,408.42419927820936,403.7468442384861,407.6141052246094,98068100
2023-11-02,411.39458907062107,415.5801196181461,411.37531162600504,415.4258117675781,94938900
2023-11-03,417.7211917492725,420.75905285640295,417.59581475166186,419.21600341796875,100167800
2023-11-06,419.96812824031423,420.62391451827705,418.24184046839486,420.1802978515625,67831700
2023-11-07,420.1802801725134,422.01263795735434,419.04229295606825,421.3761291503906,64256100
2023-11-08,421.9740622310195,422.4948475257227,419.3894720637267,421.68475341796875,61746000
2023-11-09,422.8228118894829,422.86139621479384,417.9718704320272,418.3962097167969,83174400
2023-11-10,420.4600443494357,425.2338171560556,418.3865562589062,424.9252014160156,89462200
2023-11-13,423.5943543234561,425.61957523316283,422.81319095971963,424.5201721191406,52236100
2023-11-14,430.43192160638574,434.0387757848984,430.2100985439841,432.7561340332031,97176900
2023-11-15,434.08698805976627,435.3117974864374,432.82362374197305,433.67230224609375,77327600
2023-11-16,433.2286423726769,434.52093744562825,432.1677943482507,434.20269775390625,66665800
2023-11-17,434.2123590781554,435.3503758373704,433.29619481153003,434.7427978515625,83133200
2023-11-20,434.4920338445369,438.92828895080976,434.482380406505,438.0892639160156,69936200
2023-11-21,437.0476983171483,437.9638920043512,435.87112668099957,437.1344909667969,49244600
2023-11-22,438.78368021370784,440.1338372741124,437.73248545127797,438.8222351074219,59394900
2023-11-24,438.87043049439643,439.2851162959046,438.54253734218906,439.09222412109375,29737400
2023-11-27,438.4653845031241,439.2754786903425,437.9156682731926,438.30145263671875,50506000
2023-11-28,437.91566497815336,440.02770779834395,437.3563247451927,438.73541259765625,62115000
2023-11-29,440.8763777024274,442.0047410159344,438.0314094012158,438.4267883300781,63146000
2023-11-30,439.26581233862987,440.500245661758,437.201978031331,440.1530456542969,79752700
2023-12-01,439.54548291042204,443.2873673280454,438.9572118254806,442.7569580078125,89183400
2023-12-04,439.3815446393366,442.77622898793436,438.1663887357716,440.4327392578125,72430900
2023-12-05,439.05368258007826,441.3007263857532,438.67755165712543,440.3459777832031,69793500
2023-12-06,442.47728857768345,442.50621946104377,438.1374794863498,438.57147216796875,69124700
2023-12-07,440.6449205313009,442.56407108973934,440.04699600140833,441.9179382324219,66995400
2023-12-08,441.1753589138319,444.3482499376319,440.93425839840177,443.8178405761719,83194400
2023-12-11,443.32601530242187,445.7177431682356,443.11384565762216,445.54412841796875,65002200
2023-12-12,445.1969053461678,447.67542557959507,444.20357245141867,447.5789794921875,68327600
2023-12-13,447.9551241192789,454.0019441507163,447.5983000495941,453.7511901855469,93278000
2023-12-14,455.6800061214895,456.8662313358376,452.5456992010771,455.20745849609375,119026000
2023-12-15,454.61278868974205,455.78446747908214,452.61806834578147,454.4578552246094,141553700
2023-12-18,456.0556626634462,457.9922869448393,455.00020597615196,457.0142822265625,70375300
2023-12-19,457.5565059029809,459.87078595804843,457.47905393883144,459.7933044433594,55761800
2023-12-20,458.9411749679152,460.81970272542947,452.9957542950649,453.42181396484375,102921000
2023-12-21,456.39448757473747,457.99222603483094,453.9834001212354,457.7210998535156,86667500
2023-12-22,458.84435899601766,460.3162123050925,456.7528308577729,458.6410217285156,67160400
2023-12-26,459.04768621247854,461.4781292872484,458.97020470261134,460.5776062011719,55387000
2023-12-27,460.3742993690924,461.5556412930502,459.8417395433534,461.410400390625,68000300
2023-12-28,461.7686374082001,462.4173899084977,461.16828868832926,461.58465576171875,77158100
2023-12-29,461.39098365661835,461.913880420099,458.3020659574586,460.2483825683594,122283100
2024-01-02,457.1982355112993,458.66039620914324,455.5811413344983,457.6726989746094,123623700
2024-01-03,455.5230751447963,456.2590018309508,453.3347097921151,453.93505859375,103585900
2024-01-04,453.4605375615008,456.03625125353045,452.2501474553143,452.4728698730469,84232200
2024-01-05,452.67622417899463,455.53275675735284,451.6498156943496,453.0926208496094,86118900
2024-01-08,453.58647486967277,459.7062150403818,453.4605895561088,459.56097412109375,74879100
2024-01-09,456.9174526401683,459.8804854755376,456.4139409568945,458.86376953125,65931400
2024-01-10,459.134858193739,462.32061320272817,458.854039417125,461.45880126953125,67310600
2024-01-11,462.45619075983615,462.96939501130794,457.29510006298005,461.2554931640625,77940700
2024-01-12,462.6982272154343,463.4341538308624,460.1709469448806,461.5749816894531,58026400
2024-01-16,460.2000527294099,461.5072505223364,458.0697541289019,459.8804931640625,85014900
2024-01-17,456.8690498182248,457.8083137942025,454.9808292885089,457.32415771484375,68843900
2024-01-18,458.9896569986018,461.9429972701223,457.4500442083185,461.39105224609375,91856200
2024-01-19,462.5143518126165,467.42370213442234,461.43953937262995,467.14288330078125,110834500
2024-01-22,468.67280667793506,469.84445618903175,467.4817720101061,468.13055419921875,75844900
2024-01-23,468.67274693324026,469.737866598163,467.5882421140563,469.49578857421875,49945300
2024-01-24,472.35230131096756,473.2818726098636,469.5151540811933,470.0090026855469,81765000
2024-01-25,472.12958588323926,472.8364643322263,470.0090096373567,472.5653381347656,72525000
2024-01-26,472.13928542085506,473.6208017271318,471.122569553023,471.9649963378906,76641600
2024-01-29,472.27489403038163,475.8479682163698,471.7326415921786,475.70269775390625,61322800
2024-01-30,475.0151877688741,476.0415962445669,474.5794354978266,475.3347473144531,58618400
2024-01-31,473.13665425188526,473.58206954437225,467.55916709172027,467.57855224609375,126011100
2024-02-01,469.2730492556767,473.7272903654765,468.4693337474314,473.6982421875,91891600
2024-02-02,474.1340104537586,480.33120193919586,473.79509531108175,478.6850891113281,99228200
2024-02-05,478.05575187599726,478.7141970893923,474.6957073113676,476.9421691894531,75757100
2024-02-06,477.88139839933996,478.6560658444282,476.45797836644056,478.32684326171875,55918600
2024-02-07,480.56358075211114,482.73259022106475,479.66302811496723,482.31622314453125,70556500
2024-02-08,482.3163585414786,482.90701485531963,481.50297976228745,482.5293884277344,52343600
2024-02-09,483.0327614450865,485.75371583997446,482.69384633012993,485.3179931640625,63979400
2024-02-12,485.2889926510743,487.5451468627196,484.38843993132826,485.1050109863281,56502300
2024-02-13,478.8594278443787,481.338304695565,475.17016075138093,478.4236755371094,113099200
2024-02-14,481.0477983876243,483.25554889436194,478.73351817874396,482.7713928222656,68387800
2024-02-15,483.46851556940845,486.2863070868507,482.9940225863916,486.1023254394531,61683000
2024-02-16,485.802216073848,486.9351247377766,482.9456834193714,483.6816101074219,75532900
2024-02-20,481.94833972980865,482.61647749849317,478.7819695373135,481.0187683105469,71736700
2024-02-21,479.7211799226085,481.609370733512,477.92010410161913,481.4544372558594,59293400
2024-02-22,488.03896587947617,492.37698495204523,487.08031685540794,491.4183654785156,76402500
2024-02-23,493.1322803007743,493.9650440524054,491.03105964418,491.7572937011719,61321800
2024-02-26,492.19303641539864,492.62878868752523,489.83035248988597,489.95623779296875,50386700
2024-02-27,490.64370119577745,491.08911644069707,488.75548097950514,490.86639404296875,48854500
2024-02-28,489.3171291941457,490.79864549092105,488.9588584535033,490.2176818847656,56506600
2024-02-29,491.9703174424767,493.5873820410347,489.33650744640795,491.97998046875,83924800
2024-03-01,492.85151281479995,497.02490613181874,492.4448087227075,496.5988464355469,76844800
2024-03-04,495.80491059914067,497.90613146747353,495.775832865413,496.0663146972656,49799300
2024-03-05,494.07152244829007,494.5169672600257,488.9104323126882,491.1084899902344,72855600
2024-03-06,494.37174481528393,495.84359816125266,492.3092648064121,493.59710693359375,68382400
2024-03-07,496.8797004283906,499.54255878511856,493.65520448812254,498.49676513671875,58652100
2024-03-08,499.1262072798715,501.7986991966138,494.93339907868494,495.50469970703125,86532500
2024-03-11,494.30400588507405,495.65963700941484,492.3867371553007,495.0786437988281,62557200
2024-03-12,497.17986205272086,500.98532153263085,494.6719076966977,500.40435791015625,73114400
2024-03-13,500.72391574507606,500.8982048517955,498.1869424676809,499.6200256347656,55104100
2024-03-14,500.5883050955873,500.7432681365898,495.6015329710001,498.6323547363281,110171800
2024-03-15,495.57751113868864,497.0247990949515,493.5474544938414,495.2084045410156,107646300
2024-03-18,499.25883960128044,500.69637526560086,497.74358168127196,498.1515197753906,88893300
2024-03-19,497.461870313395,501.2014309193572,496.46138163610317,500.9197692871094,60755300
2024-03-20,500.9780959649054,505.6889776418347,500.30788231111256,505.552978515625,69594600
2024-03-21,508.37953729329536,509.07885971572495,506.941942394898,507.2236633300781,60256100
2024-03-22,507.1362685930967,507.6219289738799,506.02894869657956,506.2621154785156,79070800
2024-03-25,504.89242055664005,506.0094629263034,504.7078672769053,504.8633117675781,48512100
2024-03-26,506.28142646248074,506.62142424941175,503.5326318000847,503.93084716796875,65463700
2024-03-27,506.74777267634687,508.20475380954497,504.5914097711624,508.1658630371094,82999800
2024-03-28,508.2047247122474,509.5645381212143,507.78706392547616,508.0687255859375,96294900
2024-04-01,508.80684032258694,509.3410547471651,506.0288186023219,507.1846923828125,62477500
2024-04-02,503.37719402358005,504.0959618045382,501.6676602284869,503.96002197265625,74230300
2024-04-03,502.87210705946654,506.00951312621123,502.8235528830779,504.5136413574219,59155800
2024-04-04,508.50584318362684,508.8457817223291,498.0544227328248,498.35552978515625,96858100
2024-04-05,499.7056529768442,505.5141316093866,499.26854681862443,503.561767578125,74546500
2024-04-08,504.26113435269997,505.2615637846118,503.0372608598177,503.8434143066406,48401800
2024-04-09,505.57232907435696,505.81515920359533,499.5986841812124,504.4261779785156,68049200
2024-04-10,498.7537372482173,501.35686962666665,497.40364652298035,499.3753967285156,82652800
2024-04-11,500.89063294902877,504.5816396156678,497.3939022721514,503.14410400390625,70099000
2024-04-12,499.61819571598176,501.026622508991,494.4799012010891,496.19915771484375,92561100
2024-04-15,500.3564247602264,500.5215326754904,489.13765316276323,489.98272705078125,92101400
2024-04-16,490.45867707344763,491.97393499543114,487.80696088879887,489.089111328125,73484000
2024-04-17,491.53678239318253,491.7019199393697,484.8055376860778,486.19451904296875,75910300
2024-04-18,487.5836233301547,489.671957110868,484.26169316872057,485.19415283203125,74548100
2024-04-19,485.11641894359934,486.10715539894034,479.6964327690104,480.95916748046875,102212600
2024-04-22,483.552617207762,487.9721446001498,481.22145323365453,485.388427734375,67961000
2024-04-23,487.3892787074855,491.5756683731246,485.20380722643876,491.1482849121094,64633600
2024-04-24,492.0322045112339,492.81897189579723,488.7005816711836,490.9151916503906,55928100
2024-04-25,484.8639027532391,489.8079219959981,483.2223682538086,489.05029296875,69122400
2024-04-26,491.8282151706386,495.25697586630093,491.19686267902955,493.6834411621094,64306100
2024-04-29,495.4609621651781,496.1020373711397,492.70241499072074,495.43182373046875,46415400
2024-04-30,493.9748340493992,494.94615471248864,487.58355712890625,487.58355712890625,77483600
2024-05-01,487.0008254451311,493.6155176945551,485.5341215576048,486.0003662109375,80242800
2024-05-02,489.69131460230034,491.3814327412964,485.22323354848663,490.54608154296875,62550200
2024-05-03,496.5003409855499,497.8504614761827,493.9749009908093,496.6266174316406,72756700
2024-05-06,499.01596519128117,501.7939279175934,498.57885905826015,501.7550964355469,47264700
2024-05-07,502.7166843877577,503.69772767350116,501.63853275647114,502.3087463378906,52561300
2024-05-08,500.4826581745873,502.89151427383246,500.3661044462176,502.3572998046875,42047200
2024-05-09,502.54195892504737,505.2908133815383,501.89119059047965,505.2519226074219,43643700
2024-05-10,506.8448626028078,507.65107540024,504.68855906076743,505.9027099609375,52233200
2024-05-13,507.57334496613424,507.6801760152973,504.8342134653113,505.97064208984375,36716400
2024-05-14,506.16494992736375,508.80697323781544,505.63073536323316,508.2921447753906,57535900
2024-05-15,510.7496357077859,514.8777491307729,510.11825347038337,514.5863647460938,59504900
2024-05-16,514.683461995483,516.2764423102767,513.3818660590745,513.527587890625,50244800
2024-05-17,513.6440266439718,514.3336855890079,512.1967684847502,514.2656860351562,59187600
2024-05-20,514.3823386833988,516.3152574978291,513.9937866680089,514.8582763671875,37764200
2024-05-21,514.1007280315008,516.2764772503131,513.8967293104672,516.1210327148438,33437000
2024-05-22,515.4313778215733,516.1404229953789,512.468802117107,514.6348876953125,48390000
2024-05-23,517.6751302863473,517.7819613409337,509.67139747589715,510.8758850097656,57211200
2024-05-24,512.7116773079188,515.0623164056714,511.7695245578183,514.256103515625,41291100
2024-05-28,515.0621852566261,515.2952927113275,511.99277901051346,514.6153564453125,36269600
2024-05-29,510.6038417042634,512.1870991360792,510.3027346685339,511.01177978515625,45190300
2024-05-30,509.47711227930006,510.13760318894674,506.3785971197376,507.6218566894531,46377600
2024-05-31,508.57386073354985,512.3716988043419,503.49381286592205,512.2454223632812,90785800
2024-06-03,513.848128094292,514.1297897725609,507.61220612199116,512.6630859375,46835700
2024-06-04,511.36150323340104,513.974358217118,509.90452222280885,513.2361450195312,34632700
2024-06-05,515.5478229576875,519.355382881941,513.5662911101476,519.3359375,47610400
2024-06-06,519.637123680227,520.0645071551455,517.4030979505338,519.3262939453125,30808500
2024-06-07,518.3549484930342,521.4923544849469,517.2670741151577,518.6949462890625,43224500
2024-06-10,517.8886296104159,520.618037699278,517.2961383651655,520.2974853515625,35686100
2024-06-11,518.7531901267605,521.6088750080388,516.7911035808329,521.5505981445312,36383400
2024-06-12,526.096381978746,528.5149607902181,524.804508979413,525.8341064453125,63251300
2024-06-13,527.5728807070939,527.7477113251548,524.1149812633378,526.8929443359375,44760900
2024-06-14,525.3679678522572,527.2426097707814,524.3674790309985,527.2135009765625,40089900
2024-06-17,526.533556163689,532.7985867082562,526.0770045940598,531.4095458984375,55839500
2024-06-18,531.4677705153928,532.8859199795279,531.0501097581155,532.7596435546875,41376400
2024-06-20,533.6825252233083,534.3430162809884,529.5446889553035,531.3125,70328200
2024-06-21,530.4928609392509,531.7109286219036,529.1481094595256,530.6000366210938,64338600
2024-06-24,530.4247748607555,532.9778406049528,528.7584364421938,528.8753662109375,45528700
2024-06-25,530.0934194702492,531.272530660959,528.5830271026286,530.9119873046875,37936200
2024-06-26,529.8010101320955,532.2858564645144,529.1578965249615,531.5745239257812,38550600
2024-06-27,531.4380824208646,532.9874907686532,530.6974877125363,532.4125366210938,35041500
2024-06-28,533.1823416161415,536.2226934820135,529.0799274394088,530.3174438476562,76144500
2024-07-01,531.6915669508893,531.9351805545184,528.6610279959765,531.4089965820312,40297800
2024-07-02,529.8108184673043,534.9851684570312,529.7621076471618,534.9851684570312,40434800
2024-07-03,534.6733620352073,537.7331629819162,534.6344052723863,537.3726196289062,32789900
2024-07-05,537.6746345682784,540.8708135451888,537.0412155224441,540.4713134765625,41488400
2024-07-08,541.250918262468,542.0402238948535,540.0328503436032,541.0950317382812,36110500
2024-07-09,542.0499781069125,542.946459442177,541.3288914148972,541.6212158203125,27289700
2024-07-10,542.8392819787523,547.3217481165079,542.5469575742852,546.980712890625,38701200
2024-07-11,547.0975967198616,547.9648752769439,541.6309226493873,542.2642822265625,53054200
2024-07-12,543.3848727911708,549.2705544498172,542.917153831161,545.6845703125,53084400
2024-07-15,547.6725909303428,550.4108051950651,545.3338767680585,547.1853637695312,40584300
2024-07-16,548.4910822924977,550.722561208659,547.7407334557406,550.4302368164062,36475300
2024-07-17,544.5249949514538,546.191333044454,542.3909378748594,542.7125244140625,57119000
2024-07-18,544.2425249574461,545.2267333968008,536.3689169185834,538.5419311523438,56270400
2024-07-19,538.3080081974957,539.9256355832753,533.9132099479913,534.9656372070312,65509100
2024-07-22,538.8732666357521,541.0852970880696,536.9438660153718,540.4811401367188,43346700
2024-07-23,540.3737749293225,542.5175859227753,539.1460126783072,539.6332397460938,34439600
2024-07-24,534.8389605250121,535.1410389720269,526.4878802289309,527.4038696289062,74515300
2024-07-25,527.5207202794586,533.4746802244538,523.7203848523121,524.6558227539062,61158300
2024-07-26,528.4271869821433,533.2117321557627,527.6573299030541,530.531982421875,53763800
2024-07-29,532.0715107948711,533.0751677112492,528.8557642968128,530.8436889648438,39515800
2024-07-30,532.3052976854228,533.3577247498921,524.7630325879668,528.1541137695312,46853600
2024-07-31,534.9558678357408,539.3604200179711,533.5916675899294,536.7391357421875,65663400
2024-08-01,538.4542082657176,540.6954412129795,525.6498647611072,529.138427734375,76428700
2024-08-02,522.063852889589,523.2721666167066,515.0964813658185,519.2866821289062,82789100
2024-08-05,498.5698192467497,510.2048061292907,497.23479185731094,504.1631774902344,146267400
2024-08-06,505.95616721920055,516.2172002386701,504.64067761587216,508.8113708496094,84826300
2024-08-07,514.9698561147811,518.0102083711349,504.8160585530724,505.41046142578125,70698300
2024-08-08,510.52636582888704,517.7178438799879,508.50929760994603,517.09423828125,63276600
2024-08-09,516.2756321007693,520.8555792219031,515.05756422153,519.3743896484375,45619600
2024-08-12,520.563206135425,522.0443360943832,517.3864758873478,519.647216796875,42542100
2024-08-13,522.8239831490899,528.4270952564345,522.5803695792055,528.1931762695312,52333100
2024-08-14,528.9825253913183,531.0386692920978,526.3222840215557,529.8595581054688,42446900
2024-08-15,535.4626581650564,539.2240376315274,534.8585012342127,538.9414672851562,60846800
2024-08-16,537.3335929699142,540.8416642629177,537.1777064456791,540.1497802734375,44430700
2024-08-19,540.5589895349276,545.3143310546875,539.7112190916396,545.3143310546875,39121800
2024-08-20,544.8661286211883,546.5129587158026,543.0926147134523,544.4276123046875,33732300
2024-08-21,545.4703215908407,547.7505114259203,540.55903368272,546.298583984375,41514600
2024-08-22,548.1890532625708,548.7932102196837,540.8026724138992,542.010986328125,56121500
2024-08-23,545.2363405475206,548.7053948244553,543.0535133659789,547.7698974609375,50639400
2024-08-26,548.7932548639113,549.5045875863843,544.7687531917659,546.4642944335938,35788600
2024-08-27,545.197411094177,547.7017657101911,544.057316249273,547.2145385742188,32693900
2024-08-28,546.8735985635415,547.3023608968704,540.8611718363641,544.0379028320312,41066000
2024-08-29,545.9965609867917,549.2804676679931,542.9465138533585,544.0866088867188,38715200
2024-08-30,546.4448203697416,549.7871918701893,542.9075460914414,549.2804565429688,62700100
2024-09-03,546.1523100029519,546.4836505961764,535.4723301709399,537.9766845703125,60600100
2024-09-04,536.144708671945,540.2666308743978,535.4236220855641,536.8755493164062,47224900
2024-09-05,536.8170931187602,539.652728695669,533.1238736044508,535.5697631835938,44264300
2024-09-06,535.8915040363953,537.5090723186329,525.6597319023402,526.5562133789062,68493800
2024-09-09,530.7365485093424,533.718376233379,528.8168426461983,532.4515380859375,40445800
2024-09-10,534.351804730089,535.1216617767944,529.4990408120743,534.7708129882812,36394600
2024-09-11,534.683107736862,541.1729474655668,526.1663863296421,540.2569580078125,75248600
2024-09-12,540.831888043875,545.1097566752126,538.619857760852,544.8076782226562,51819600
2024-09-13,545.4117823691347,548.646977454259,545.1584147606665,547.6530151367188,39310500
2024-09-16,547.389917673041,548.7249152296453,545.5969551700833,548.4618530273438,36656100
2024-09-17,550.6641466211254,552.1063795479049,546.4642506202782,548.68603515625,49321000
2024-09-18,549.3389057758787,554.1624668793891,546.5032696834501,547.0587158203125,59044900
2024-09-19,556.4231220387844,558.2453466994866,553.5679782684008,556.3938598632812,75315500
2024-09-20,555.0313424308147,556.46815521981,552.4215262762143,555.4320678710938,77503100
2024-09-23,556.4976160471946,557.4652754060183,555.2855361955778,556.8201293945312,44116900
2024-09-24,557.6117584874984,558.471913246618,554.7967173955426,558.4132690429688,46805700
2024-09-25,558.2569249779147,558.9900073797687,556.0771860686909,557.1817016601562,38428600
2024-09-26,561.4239069445024,561.7464799490699,557.044979898959,559.3908081054688,48336000
2024-09-27,560.4560792948731,561.2673140644259,557.553042442306,558.579345703125,42100900
2024-09-30,557.5531235786384,561.4238200592039,555.2659399397932,560.8178100585938,63557400
2024-10-01,560.4659694617594,561.1110557410046,553.2328657284514,555.7937622070312,72668800
2024-10-02,554.9042355240985,557.0448382675937,552.519272009238,556.0282592773438,38097800
2024-10-03,554.5620734708386,556.9470368946191,552.7342597435006,555.01171875,40846500
2024-10-04,559.4395039594219,560.4267309820088,555.28537101062,560.0552978515625,42939100
2024-10-07,558.4132383947003,559.0583842578297,553.8485957624074,554.9921875,49964700
2024-10-08,557.553120131347,560.8373745453375,556.683241044493,560.2410888671875,37398700
2024-10-09,560.2313175326061,564.6787318135322,559.6350914993983,564.12158203125,37912200
2024-10-10,562.7825341526946,564.5517040960426,561.5313781232933,563.1343994140625,44138100
2024-10-11,563.0561277259117,567.2396131412746,562.9192713637127,566.5065307617188,42268000
2024-10-14,568.1095385598273,572.0682314590191,567.6306009114653,571.1396484375,36217200
2024-10-15,571.4035256005812,571.7065305951428,565.4899467305453,566.7020263671875,54203600
2024-10-16,566.7020448464575,569.6832346627543,565.9005342666823,569.1651611328125,30725400
2024-10-17,572.6936230449172,572.8989075595229,569.0282116594574,569.2139282226562,34393700
2024-10-18,570.8953358633636,572.1855682246422,569.4389548394798,571.4036254882812,37416800
2024-10-21,570.6802188403536,571.6576620923939,567.5035282712228,570.4652099609375,36439000
2024-10-22,567.9434160693424,571.3156073773309,567.2885457643838,570.1622314453125,34183800
2024-10-23,568.1486509721636,568.5885123492586,561.4629131521561,564.952392578125,49314600
2024-10-24,566.8974316514852,566.9756438040564,563.5643769207462,566.1741333007812,34979900
2024-10-25,568.39295320261,571.27642231265,565.0403304898274,565.9786376953125,47268200
2024-10-28,569.4388580651755,569.5659304498093,567.4253275234959,567.7283325195312,30174700
2024-10-29,566.7704826769054,569.7614568362504,565.3825298731324,568.647216796875,42899700
2024-10-30,568.1779150746601,570.1621533327376,566.2230287475197,566.9268188476562,41435800
2024-10-31,562.5771834276276,562.6456116079135,555.6177928931281,555.8132934570312,60182500
2024-11-01,558.4328313722141,562.5673968338307,557.748609230934,558.1591186523438,45667500
2024-11-04,558.2960627771841,559.586295105694,555.0802957635589,556.9569702148438,38217000
2024-11-05,557.8659451341218,563.7306045728799,557.6509362573997,563.6915283203125,39478300
2024-11-06,575.9096065772254,578.5780077061257,572.1855499757824,577.7080688476562,68182000
2024-11-07,579.7020264980958,583.1915058614667,579.6238143381844,582.1749267578125,47233200
2024-11-08,582.7222620683345,586.1140207981344,582.7222620683345,584.6967163085938,46444900
2024-11-11,586.2802708315078,586.6321361059588,583.5336575099662,585.2539672851562,37586800
2024-11-12,585.175669871058,585.7718958867575,580.9628921945897,583.4358520507812,43006100
2024-11-13,583.8952319310844,585.7132619411553,581.5396200997641,583.7192993164062,47388600
2024-11-14,583.8464232004079,584.3253608590082,579.2817798181851,579.9659423828125,38904100
2024-11-15,576.4177743775998,576.886987680586,570.689971552463,572.537353515625,75988800
2024-11-18,572.9967218779136,576.1929802203847,572.1366267509276,574.8832397460938,37001700
2024-11-19,571.5208668268807,577.7080396739373,570.856212572816,576.9847412109375,49412000
2024-11-20,577.0628263540408,577.4635517504902,571.4425288776818,577.1801147460938,50032600
2024-11-21,580.014817427747,581.6959910919024,574.1990184692589,580.2786865234375,46750300
2024-11-22,580.2689646034843,582.7028485393122,579.7705186323628,582.0772705078125,38226400
2024-11-25,585.9967993093868,587.3065398623395,581.7742372889147,584.0516967773438,42441400
2024-11-26,585.2929516850081,587.7659115133398,584.5794372696156,587.1012573242188,45621300
2024-11-27,586.9155638447446,587.2967213513849,583.807301635719,585.3223266601562,34000200
2024-11-29,586.1335489255529,589.7403166328984,585.8598958585202,588.9583740234375,30177400
2024-12-02,589.3689531396692,590.6885373789082,588.8802314936704,590.0140991210938,31746000
2024-12-03,589.7794288278096,590.5320194756874,588.7531254655074,590.2876586914062,26906600
2024-12-04,591.9688854405287,594.1974247464545,591.3042312735546,593.9530639648438,42787600
2024-12-05,593.9530290064137,594.7545394819298,592.6237207507048,592.9755859375,28762200
2024-12-06,593.7380822446739,595.3313193862531,593.3275728171593,594.0997314453125,31241500
2024-12-09,593.982457801793,594.1486064406603,590.4539021843977,591.0403442382812,34742700
2024-12-10,591.7147337183083,592.135027098725,588.5478275712469,589.2026977539062,37234500
2024-12-11,592.1155320836123,594.7057206012569,591.8418193692619,593.7576293945312,28677700
2024-12-12,592.8975505621333,593.4644247000379,590.6983032226562,590.6983032226562,31543800
2024-12-13,592.7215354493896,593.4350498406591,589.2124883774769,590.5809326171875,35904700
2024-12-16,592.3305025817151,594.0703798886923,591.5583440306177,593.1026611328125,43695200
2024-12-17,590.5614592226143,591.5193345487469,589.2907948870824,590.6591796875,55773500
2024-12-18,590.3561794711514,592.7313595079198,572.6742637557415,573.0554809570312,108248700
2024-12-19,578.020816522432,579.6238377441589,572.6350947579137,572.8794555664062,85919500
2024-12-20,570.5609748943081,584.2716011168147,569.7174991420582,579.76025390625,125716700
2024-12-23,579.5054038744503,583.8304105674769,576.3375952131952,583.232177734375,57635800
2024-12-24,584.5756300016285,589.7539282690682,583.9969712723625,589.7146606445312,33160100
2024-12-26,587.9493923534018,590.8719573339298,586.5567683514358,589.7539672851562,41219100
2024-12-27,586.0271215733671,586.2625477535164,579.3777835694219,583.5458984375,64969300
2024-12-30,576.5630589676712,580.3388565581548,573.1500678896946,576.8866577148438,56578800
2024-12-31,578.5441892688881,579.2601650774656,573.1599745686183,574.7880249023438,57052700
2025-01-02,578.0341524534392,579.7406180456738,569.3154229960469,573.3756713867188,50204000
2025-01-03,576.2100986967752,581.1823624210723,575.1312564616488,580.544921875,37888500
2025-01-06,584.7816606701658,588.145567536734,582.1630605707853,583.88916015625,47679400
2025-01-07,585.909501046868,586.2331597023842,575.4745472605013,577.2888793945312,60393100
2025-01-08,577.3574447409104,579.2012273003362,573.9248797422833,578.1322021484375,47304700
2025-01-10,574.5917674597674,574.6604259424307,567.4029789022777,569.3056030273438,73105000
2025-01-13,564.6765795569504,570.5413429214275,564.2646286559713,570.1882934570312,47910100
2025-01-14,573.1010128011978,573.7286961683375,567.2067990118115,570.9728393554688,48420600
2025-01-15,578.956079102548,582.4965105633459,577.847846118657,581.35888671875,56900200
2025-01-16,582.7220679112103,582.8985926554029,579.5445027973688,580.2408447265625,43319700
2025-01-17,585.4584175885924,587.8121409710091,584.1343920679883,586.0664672851562,58070600
2025-01-21,589.0967593301249,591.440725108679,587.1352937130949,591.430908203125,42532900
2025-01-22,594.2456759945876,596.1090924921224,593.6964679520279,594.7556762695312,48196000
2025-01-23,594.1280457618639,598.001953125,593.8534716457165,598.001953125,41152100
2025-01-24,598.0607394613536,599.0120815203885,595.1087237951253,596.2561645507812,34604700
2025-01-27,583.3497595871564,588.1357411390088,583.1830517473746,587.8218994140625,70361100
2025-01-28,589.0477983536082,593.7062796977629,585.7427332202798,592.8726806640625,44433300
2025-01-29,592.0880784150642,592.4902124528912,587.6747800612517,590.2149047851562,37177400
2025-01-30,592.3234809305729,594.9125703683252,589.1458559611356,593.3826293945312,39281300
2025-01-31,595.7951643873224,598.2077885776025,589.4694259787818,590.224609375,66566900
2025-02-03,581.2509121761593,588.7240915852041,579.1129217803689,586.252685546875,65857200
2025-02-04,586.3115788306599,590.695426254437,585.7721876960313,590.1854858398438,33457800
2025-02-05,589.0674493379312,592.7255640609287,587.0471418694162,592.5784301757812,30653100
2025-02-06,594.3143418590737,594.7655005585997,591.0190935628144,594.6380004882812,35771500
2025-02-07,595.1970270806008,596.4131263461926,588.4887874469584,589.1949462890625,50788500
2025-02-10,592.3922016880001,593.8338505117428,591.1270177676121,593.1963500976562,26048700
2025-02-11,590.940628411795,594.1868520894046,590.8229452462591,593.6474609375,30056700
2025-02-12,587.6552234594287,592.9021210468912,586.9785152974936,591.7350463867188,45076100
2025-02-13,592.8334516677448,598.1882752794738,591.5781445820884,597.9822998046875,40921300
2025-02-14,598.1882471856823,599.2180047928703,597.3350143232245,597.952880859375,26910400
2025-02-18,599.1101412981178,599.7083740234375,596.6583089558027,599.7083740234375,26749000
2025-02-19,598.3255406648384,601.4148133650798,597.8155404050764,601.12060546875,31011100
2025-02-20,599.7574359511714,599.8947529370754,595.3245635051746,598.6198120117188,36554000
2025-02-21,598.4039822903428,598.5412992676794,587.9199448031515,588.3809204101562,76519800
2025-02-24,590.4208138598086,591.4113636230724,584.9973324269623,585.7034912109375,50737200
2025-02-25,585.6447993849579,586.370532307405,578.2010087572022,582.7908325195312,58266500
2025-02-26,584.4481941378576,588.0278934374002,580.4566037497201,583.0849609375,43321600
2025-02-27,585.350344974499,586.4978454436941,573.3854527582961,573.7777099609375,74196700
2025-02-28,574.2779596736045,583.2614467800305,571.2180777869312,582.7318725585938,88744100
2025-03-03,584.6933298193593,585.8310134980443,568.727029424783,572.5224609375,74249200
2025-03-04,568.5407303426414,574.1112864169365,561.2244408531591,565.74560546875,109648200
2025-03-05,565.5789075488999,573.611113090913,562.0384758390375,571.826171875,71230500
2025-03-06,564.392249084706,568.9918895864693,559.1355341853182,561.6756591796875,80094900
2025-03-07,559.9004310284239,566.2653779091431,554.7319495414885,564.8236694335938,81158800
2025-03-10,556.6542444695278,558.5666258451241,544.8854490052353,549.779296875,99326600
2025-03-11,548.6219753669684,553.1529563050404,541.3841622094388,545.208984375,88102100
2025-03-12,551.3386407379146,552.2605321303586,543.022044250635,548.1022338867188,69588200
2025-03-13,547.7295658893665,548.337615563181,539.0893105175023,540.7957763671875,74079400
2025-03-14,545.3953858640715,552.9666753566005,540.8644044287432,551.96630859375,62660300
2025-03-17,551.9465549925352,558.7332686248569,551.5150301942904,556.2225952148438,49008700
2025-03-18,553.9179548314441,554.1337472059147,548.2885573100283,550.2108154296875,66041400
2025-03-19,551.9858638215135,559.9494094443329,550.8089724785119,556.2030029296875,66556000
2025-03-20,552.4763086964069,559.5768056668136,551.7603329396793,554.5946655273438,62958200
2025-03-21,550.1543252489805,555.6727731535583,548.9247213465745,554.777587890625,83763000
2025-03-24,561.4863807824129,565.7654388953832,560.8961948547495,564.712890625,58766800
2025-03-25,565.9128895780813,567.0047634369732,564.329174156886,566.0703125,38355700
2025-03-26,565.8047238585734,566.926137079624,557.9352585138073,559.3124389648438,51848300
2025-03-27,557.925492752828,561.5848258877031,555.7220517439531,557.8271484375,42164200
2025-03-28,556.3023301483869,557.0302460332103,546.0129833491962,546.5933227539062,71662700
2025-03-31,540.8585640195936,551.5610423029548,537.9468400615768,550.2625732421875,95328200
2025-04-01,548.3541875419536,553.7545984642982,544.6456828297712,551.8167114257812,54609600
2025-04-02,545.9933271249679,558.1614830372098,545.7572527723408,555.308837890625,76014500
2025-04-03,536.2154977474014,539.0288170958798,527.9427490234375,527.9427490234375,125986000
2025-04-04,515.1253487932553,517.2894637749819,496.8190194100305,497.0354309082031,217965100
2025-04-07,481.20799599577117,514.6335325434056,473.93856260259804,496.150146484375,256611400
2025-04-08,513.344881818952,516.413968489066,481.1784603514281,488.3790283203125,165816600
2025-04-09,485.3886419991045,539.6682739257812,485.00499114058437,539.6682739257812,241867300
2025-04-10,523.4866909882965,524.7950065034121,501.0095530572283,516.0205688476562,162331200
2025-04-11,514.476073798931,527.677083319112,511.58404327413893,525.2277221679688,97866300
2025-04-14,535.1728543881914,535.3991423599505,525.1491197771261,530.3233032226562,68034000
2025-04-15,530.8642755383438,534.3661851955569,528.0509561027874,528.837890625,56892900
2025-04-16,523.0046160988867,529.1133096787019,511.80045133694625,517.0828247070312,83484800
2025-04-17,519.0305887702018,522.5029590498531,515.3614098145464,517.8206176757812,79868100
2025-04-21,512.6562995153043,513.1875268574667,500.16354114488826,505.4951171875,69368100
2025-04-22,511.6529392279992,520.6634499571472,510.71842828029105,518.6469116210938,75948100
2025-04-23,531.6119173418257,536.5303334599773,525.1688042348989,526.6836547851562,90590700
2025-04-24,527.9624225863133,538.4976913582739,526.7131857388315,537.769775390625,64150400
2025-04-25,537.7303874976484,542.0585570888795,534.8186639244827,541.6552734375,61119600
2025-04-28,542.393043710064,544.5177728075638,536.1269871108482,541.86181640625,47613800
2025-04-29,539.9535693584907,546.3868965128709,539.5994577828174,545.2753295898438,47775100
2025-04-30,538.6353953740775,547.4393716679848,532.6841242611865,545.4916381835938,93101500
2025-05-01,551.2265048528457,554.8661444027258,548.7574506167018,549.3574829101562,63186100
2025-05-02,555.5153624660799,559.105829955879,553.203731094349,557.5122680664062,60717300
2025-05-05,553.390643044351,557.4040871519024,552.5348434974896,554.3153076171875,38659200
2025-05-06,548.8263903141681,554.1579367361115,547.8722463773032,549.6821899414062,48264700
2025-05-07,551.0102132045591,554.6203140304898,546.9672292946763,551.993896484375,55588000
2025-05-08,556.0170826268422,561.0043636579312,552.5348657113146,555.8400268554688,65130800
2025-05-09,557.2368112120467,558.2401872369107,553.577538715433,555.1317749023438,37603400
2025-05-12,571.9823211776136,573.4873855021532,567.6246111991788,573.4775390625,78993600
2025-05-13,573.890562385163,579.4680890959,573.3299158219985,577.2646484375,67947200
2025-05-14,578.2188228927168,579.3697154326957,575.9858428026291,578.00244140625,66283500
2025-05-15,576.0055507079343,581.3272505737436,575.553034807254,580.8256225585938,71268100
2025-05-16,581.6027608803485,584.799731658972,579.6649335656915,584.504638671875,76052100
2025-05-19,578.5040593733968,585.8226647003453,578.5040593733968,585.1439208984375,68168500
2025-05-20,583.4126480536456,584.3569454237166,579.9795435318993,583.176513671875,60614500
2025-05-21,578.8385787658873,582.9110418636186,572.3266004007668,573.349609375,95197700
2025-05-22,573.1528300863163,577.0482371941405,571.9232260794693,573.5758666992188,70860400
2025-05-23,566.5817726606184,572.3166619439528,566.207968279521,569.6607055664062,76029000
2025-05-27,576.507266661779,581.6617574386509,568.9919119990551,581.50439453125,72588500
2025-05-28,581.9075989404909,583.0978771602481,577.412159762467,578.1400756835938,68445500
2025-05-29,583.3831371525944,583.5208672055215,576.5072014152614,580.4222412109375,69973300
2025-05-30,579.320555390729,581.4846704969287,573.7233954302501,579.7730712890625,90601200
2025-06-02,578.1696356443219,583.1175308206884,575.51367904973,583.0388793945312,61630500
2025-06-03,582.6748967264019,587.3375451970118,582.1928415555221,586.3637084960938,63606200
2025-06-04,587.2194601619697,588.1932967835147,585.7734148456988,586.2062377929688,57314200
2025-06-05,587.8786382444381,589.2262795230108,581.4059855081334,583.3733520507812,92278700
2025-06-06,588.8916828991635,591.0263183988576,587.1210653731052,589.3638916015625,66588700
2025-06-09,589.9344673159251,591.4395314497265,588.7245561772476,589.8951416015625,53016400
2025-06-10,590.426305457828,593.6232758793388,589.3147986704665,593.2396850585938,66247000
2025-06-11,594.3315698285918,595.1873694307895,589.491865174911,591.5477294921875,73658200
2025-06-12,590.2197770479303,593.8987426757812,589.7377818775473,593.8987426757812,64129000
2025-06-13,588.7344360351562,592.0297509680191,585.7636933525403,587.2589111328125,89506000
2025-06-16,590.6034249017806,594.5873299052357,590.4263090889528,592.84619140625,79984100
2025-06-17,590.4164759991057,591.9313264126861,587.0227571759267,587.7802124023438,82209400
2025-06-18,588.675394655937,591.4100028153547,586.7375074721152,587.6917114257812,76605000
2025-06-20,590.3564623402502,591.421997724495,584.9104595060545,586.3114624023438,94051400
2025-06-23,587.0612559769497,592.4875080391681,583.9535295622766,592.102783203125,87426000
2025-06-24,596.2266992885851,599.699459496435,595.3189919942236,598.6438598632812,67735300
2025-06-25,599.7586334214261,600.4492593088346,597.4204170810242,598.979248046875,62114800
2025-06-26,600.8242007377552,604.0996909412141,600.2125189749694,603.6655883789062,78548400
2025-06-27,604.6620460106875,608.1249909093486,602.6395460052738,606.664794921875,86258400
2025-06-30,609.1016996773074,610.9169938229498,606.7930496988761,609.5653686523438,92502500
2025-07-01,608.0953008822769,610.5322123119217,607.2665980456669,609.3680419921875,70030100
2025-07-02,608.9636353224103,612.1700572103479,608.3420779544849,612.130615234375,66510400
2025-07-03,614.1037538406599,617.8824153010514,614.0840027457131,616.9550170898438,51065800
2025-07-07,615.0014790783108,615.6625385416997,609.5851029977032,612.357421875,74814500
2025-07-08,613.0184402574613,613.7682592313246,611.2130216520668,612.0220336914062,59024600
2025-07-09,614.4193967168262,616.3432013077288,612.5842913923066,615.6920776367188,66113300
2025-07-10,615.8301939872533,618.4643754376677,614.6561481365566,617.428466796875,57529000
2025-07-11,614.389851486408,616.4814202079069,613.196114561925,615.258056640625,63670200
2025-07-14,614.8042291186631,616.7774117864018,613.4624793566222,616.43212890625,51898500
2025-07-15,619.1057784945341,619.4411858079188,613.7189684346675,613.7979125976562,74317300
2025-07-16,615.3764310442137,616.3531467698953,609.7627242916457,615.8499755859375,88987500
2025-07-17,616.0275671883336,619.9739319743786,615.8104858123922,619.6187133789062,68885700
2025-07-18,620.8618249379944,621.0295285799061,618.0599396747441,619.1649169921875,65621600
2025-07-21,620.3389892578125,623.0718060276608,619.9147622533486,620.3389892578125,63375000
2025-07-22,620.6645676893623,621.2861250306559,617.7936134788556,620.4277954101562,60046300
2025-07-23,623.0816882564411,625.7060546875,621.2860849659141,625.7060546875,70511000
2025-07-24,626.0907261554769,627.6199906271327,625.4889199997938,625.9131469726562,71307100
2025-07-25,626.5742531786653,629.0308557161836,626.3276053702117,628.5572509765625,56865400
2025-07-28,628.9321516432593,629.4846403177779,627.0181622678288,628.3994140625,54917100
2025-07-29,629.7904764849706,630.1061928990167,625.8342963044605,626.741943359375,60556300
2025-07-30,627.3930824208583,629.129492632239,623.0718079865017,625.9526977539062,80418900
2025-07-31,630.8856007534994,631.2703255386737,622.3121212201215,623.6045532226562,103385200
2025-08-01,617.9020271938194,617.9415293786636,610.9860135753424,613.3834228515625,140103600
2025-08-04,617.2805351933534,622.7561046288977,617.191775701563,622.706787109375,73218000
2025-08-05,623.3184684441039,624.1274805006751,618.6321599743907,619.5496826171875,68051400
2025-08-06,620.6151401423151,624.9462896680084,619.7074931606843,624.295166015625,64357500
2025-08-07,627.7087670325432,628.4388348760696,620.6743670535704,623.7722778320312,74205800
2025-08-08,625.5580097272857,629.0998986072367,625.2422933193634,628.6361694335938,64051600
2025-08-11,628.912516593768,630.3825280073482,626.1500127592028,627.3931274414062,58742300
2025-08-12,629.7312404986845,634.2300937128912,628.251353780633,634.072265625,64730800
2025-08-13,636.2626108017824,637.5254766532149,634.0625313268665,636.242919921875,60092800
2025-08-14,634.1709312549185,636.9630011917295,633.7270133914775,636.302001953125,59327500
2025-08-15,637.328112699525,637.4268079608856,633.9046697471923,634.8123168945312,68592500
2025-08-18,634.2400307460651,635.3647592128409,633.5691559281859,634.6741333007812,43804900
2025-08-19,634.4965103700933,635.4732259966958,629.9187128752989,631.2308959960938,69750700
2025-08-20,630.8264521540534,631.0829152899969,624.4629267215348,629.5537109375,88890300
2025-08-21,627.7483287539096,629.4156102095885,625.3114169787772,627.028076171875,54805800
2025-08-22,629.2084743239826,637.831272612948,628.7053031285401,636.6572265625,84083200
2025-08-25,635.4041800322128,636.6374190424261,633.7368384817344,633.855224609375,51274300
2025-08-26,633.5889446007113,636.8545593934813,632.9673872646679,636.5092163085938,51581600
2025-08-27,635.9271580330511,638.6896016147832,635.7791452521487,637.9595336914062,48341100
2025-08-28,638.5613448732837,640.7712997557803,636.6868575289449,640.2188110351562,61519500
2025-08-29,638.7881073194712,639.1532014239915,634.5162112345507,636.4005737304688,74522200
2025-09-02,628.9519981251044,631.9018966855509,626.4065755308234,631.6848754882812,81983500
2025-09-03,634.05255551225,635.5719445130327,631.8722274787872,635.1082153320312,70820900
2025-09-04,635.7791465574808,640.4457643382553,634.8813749728572,640.4161376953125,65219200
2025-09-05,642.7443549194211,643.4646073746923,634.7036735299132,638.5612182617188,85178900
2025-09-08,639.922799046398,641.1264716601992,638.5514227841185,640.1300048828125,63133100
2025-09-09,640.2680535026645,642.1327252974712,638.5415189260096,641.60986328125,66133900
2025-09-10,644.8557277247635,645.7732503039375,641.9058297062181,643.4646606445312,78034500
2025-09-11,645.4082598463015,649.502637640468,644.8262047273438,648.81201171875,69934400
2025-09-12,648.7823644090812,650.2721267910674,648.0917987261137,648.5949096679688,72780100
2025-09-15,650.7951046545995,652.1762963553084,650.4991393056443,652.0480346679688,63772400
2025-09-16,652.6004677140577,652.9063688014267,650.3708221309846,651.1502075195312,61169000
2025-09-17,651.1600740883537,652.8471065185831,645.5266166017295,650.3411865234375,101952200
2025-09-18,653.0149098952402,655.9746837040749,651.4166368558095,653.3799438476562,90459200
2025-09-19,655.2606553211801,657.4569312262267,653.3215535907623,656.6160278320312,97945600
2025-09-22,655.1319233372403,660.1675606614807,655.1022145624661,659.722412109375,69452200
2025-09-23,659.6037721086419,660.2172101260659,654.914373896894,656.1312866210938,81708900
2025-09-24,657.4172768788721,657.5161853625601,652.6289106713185,654.0436401367188,68082200
2025-09-25,650.91749472694,652.3717757310584,647.4251431178142,651.0263061523438,89622100
2025-09-26,652.4707007820219,655.3001599546333,650.8580938277397,654.7560424804688,69179200
2025-09-29,657.2689872647139,658.1792111877495,654.7956708332731,656.5962524414062,73499000
2025-09-30,655.8542079251938,659.5345338964465,654.5482897020846,659.0695190429688,86288000
2025-10-01,656.0916952927918,662.2255322042525,655.9828838603935,661.3153686523438,72545400
2025-10-02,663.2939389771905,663.4126533220159,659.6631277666079,662.0770263671875,56896000
2025-10-03,662.838842966907,665.5001336306916,661.0283585893458,662.0671997070312,70494400
2025-10-06,664.451431246289,665.3319462864663,662.314512664693,664.4415283203125,54623300
2025-10-07,665.3616291701808,665.8068381763353,660.5436138980969,661.9781494140625,72020100
2025-10-08,663.0960778489103,666.0245059882836,662.2749199573431,665.925537109375,60702200
2025-10-09,666.3410972158545,666.7466945063586,662.0671995495462,663.996337890625,66501900
2025-10-10,664.9560020556908,666.7565834688588,645.8719162752307,646.0499877929688,159422600
2025-10-13,653.5985682812151,658.030731623523,652.7279561413051,655.9630126953125,79560500
2025-10-14,650.1556923521978,658.7232938317348,646.1983862715207,655.1616821289062,88779600
2025-10-15,659.70272543157,663.076302337462,651.8969246006144,658.0703125,81702600
2025-10-16,659.7027763115389,661.5726180936518,650.0963932050812,653.5887451171875,110563300
2025-10-17,652.4608239631079,658.6540174880462,651.1153544209424,657.2986450195312,96500900
2025-10-20,660.197387427611,665.0352086527322,660.1479331778372,664.1348876953125,60493400
2025-10-21,664.2733620876278,665.8068060270512,662.8289237149189,664.1249389648438,56249000
2025-10-22,664.8274246920023,664.8274246920023,656.2202718491607,660.6722412109375,80564000
2025-10-23,660.988802941274,665.5298380529869,660.6722112216523,664.5899658203125,65604500
2025-10-24,669.2398161192735,671.2283116328227,668.4384640813665,670.0213623046875,74356500
2025-10-27,675.4428672302427,678.2228723013301,674.8393925526769,677.9260864257812,63339800
2025-10-28,679.7167206093349,681.5568533012904,677.520444889974,679.7266235351562,61738100
2025-10-29,681.3689223981395,682.338503435176,675.5813864900747,680.0531616210938,85657100
2025-10-30,676.6003572463494,678.6185613884796,672.5737915039062,672.5737915039062,76335800
2025-10-31,677.7282029402567,677.7678146457715,671.9901213244605,674.780029296875,87164100
2025-11-03,678.3514739521635,678.4800912258883,672.6826525168186,676.04638671875,57315000
2025-11-04,668.8935461650569,672.7024895383894,667.3799079726423,668.0328369140625,78427000
2025-11-05,667.7756151314246,673.592860073814,666.9742630415905,670.347900390625,74402400
2025-11-06,669.2496813312496,670.150002278421,661.5824008089137,663.1554565429688,85035300
2025-11-07,660.781013040124,663.9172214121945,654.1525740278607,663.808349609375,100592400
2025-11-10,670.0115034227329,674.8987789977223,667.8251303916195,674.1666870117188,75842900
2025-11-11,672.6925273614432,676.2738842563608,671.485517700804,675.7099609375,58953400
2025-11-12,677.4808612736824,677.6490902522322,673.6818813898049,676.0859375,62312500
2025-11-13,673.2366670865612,673.5928101259233,663.3632081763918,664.866943359375,103457800
2025-11-14,658.2781019123212,668.448347404196,656.1906373926532,664.7581787109375,96846700
2025-11-17,662.551894702408,666.5191031831638,655.1022380100518,658.5648803710938,90456100
2025-11-18,655.0330052616243,658.0207904035176,648.8596179987588,653.0346069335938,114467500
2025-11-19,653.7272041810384,660.2171837101976,651.7188423695233,655.5574340820312,94703000
2025-11-20,665.7276649913678,668.3494043558474,644.9320631333248,645.5652465820312,165293500
2025-11-21,648.0582892153691,657.4568906385811,643.9031059831046,651.995849609375,123956200
2025-11-24,655.6167748873626,662.9081062970187,654.5285399004904,661.59228515625,80437900
2025-11-25,661.4933143363089,668.9924253407057,657.3875856310649,667.8151245117188,81077100
2025-11-26,670.3973686817876,674.4239350690651,669.4970476879164,672.4254760742188,71879600
2025-11-28,673.5928002628821,676.3728052050843,673.2366572287348,676.0958251953125,49212000
2025-12-01,671.5647168500374,675.7000943604489,671.4954567492206,673.0091552734375,61201200
2025-12-02,674.6415287588202,676.5212733146432,672.0792068673397,674.2557373046875,62953800
2025-12-03,673.3059439079583,677.5995871066391,672.4353317565424,676.5905151367188,57238500
2025-12-04,677.9854656605314,678.0547257643626,674.0677712084201,677.085205078125,61970300
2025-12-05,678.1535936302283,681.0424704296607,677.2731389541586,678.3712768554688,79241000
2025-12-08,679.2617413091358,679.3111955598065,674.2953027143022,676.3333129882812,55231500
2025-12-09,675.8583835190601,678.0744650894321,675.3043631264671,675.74951171875,58310100
2025-12-10,675.2747265375898,681.616283144729,674.0380683519487,680.2312622070312,85671300
2025-12-11,677.82719343181,681.8933109790751,674.8888622374254,681.8141479492188,86173700
2025-12-12,680.8247713558317,681.5272148787925,671.9208332382598,674.4832153320312,113160300
2025-12-15,678.4207075198718,678.4405133715769,671.999988545765,673.4641723632812,90811000
2025-12-16,671.9802275249427,673.8105178026394,667.7755898483048,671.6240844726562,122030600
2025-12-17,672.6331978735437,673.1773153631458,664.035948310003,664.2338256835938,110625200
2025-12-18,670.3675775068244,673.4740770479272,667.6964444022054,669.2496337890625,108650100
2025-12-19,671.3463691548195,675.8114935895343,671.2272434527378,675.3153686523438,103599500
2025-12-22,678.639344063116,680.0483218496023,675.3153313921905,679.5224609375,69556700
2025-12-23,678.6194459960617,682.8663040830753,678.569845619967,682.628173828125,64840000
2025-12-24,682.6183200290311,685.4760045408373,682.4694583215327,685.0294799804688,39445600
2025-12-26,685.2874813951044,686.2995351048382,683.9281038851597,684.9600219726562,41613300
2025-12-29,682.2114479341877,683.8586166189733,680.7528697076866,682.51904296875,62559500
2025-12-30,682.1221392108215,683.2235219572843,681.2588867271484,681.685546875,47160700
2025-12-31,681.8145855439083,682.0328514439952,676.4266760541103,676.635009765625,74144800
2026-01-02,680.3956585252009,681.5466416904673,674.5512924418268,677.8753051757812,89377200
2026-01-05,681.2192280630002,684.0868448237256,681.0604947255163,682.3900756835938,71927200
2026-01-06,682.5984300063299,686.9544213697425,682.4496288665487,686.4483642578125,69273800
2026-01-07,686.8254142672773,688.5817158514149,683.9776620917838,684.2356567382812,75588300
2026-01-08,683.4815439165204,685.2675815209567,682.1618346683338,684.1661987304688,64019200
2026-01-09,685.2775150455628,689.9212370510019,683.8387406584166,688.6908569335938,80125500
2026-01-12,685.3271398200249,690.6952455853734,685.2775394384523,689.7723999023438,63976000
2026-01-13,690.0998291255927,690.6952153647912,685.9919002674054,688.3931884765625,78309700
2026-01-14,685.6446369497345,686.3590277621203,680.7230559588451,685.0095825195312,94676700
2026-01-15,689.1870202593807,690.0602050162862,685.8927433241695,686.8750610351562,77862000
2026-01-16,688.2839991969948,688.869453251486,684.7515921796883,686.2994995117188,79289200
2026-01-20,676.2082832182709,679.4628915199756,671.3264313278333,672.32861328125,111623300
2026-01-21,674.3826370735425,683.402154325963,672.8743979165272,680.0880737304688,127844500
2026-01-22,684.5035723961656,685.7736813437502,681.5962874434288,683.6403198242188,77112200
2026-01-23,682.8167194920136,685.6049389887335,681.8343413244536,683.8883056640625,63059600
2026-01-26,685.1386369609629,688.7504412014587,684.5730472396109,687.3612670898438,60473800
2026-01-27,688.799947686109,691.1317710154308,688.1946898528689,690.0997924804688,55506100
2026-01-28,691.6477064811113,692.4316225777728,688.5618241580821,690.0303344726562,61172200
2026-01-29,690.9928952881424,691.657685737667,679.5224893166136,688.6610717773438,97486200
2026-01-30,686.4285800085149,688.8298685233847,681.7947896393288,686.607177734375,101835100
2026-02-02,684.2356737126761,691.5286859406688,684.0768798206813,690.0204467773438,79286500
2026-02-03,690.8142565672537,691.5584439188771,678.7286612443456,684.18603515625,107904600
2026-02-04,684.9996810996682,686.0911923060062,676.4762885369656,680.8719482421875,105204600
2026-02-05,675.6626239798336,678.3913111024622,670.5525129616972,672.3683471679688,113610800
2026-02-06,676.1785962582386,686.9444827733389,675.5732778299765,685.267578125,89127600
2026-02-09,684.0768565720822,690.4768800480663,683.0052703670985,688.57177734375,73885200
2026-02-10,689.5640042757049,691.1416475283962,686.2994637039938,686.7559204101562,65185700
2026-02-11,690.9928885783248,691.7370759669038,683.8387453470867,686.5972290039062,76353900
2026-02-12,688.8595645054852,689.9609473653614,675.097063165144,675.9901123046875,118829000
2026-02-13,676.4067760275798,680.96122930703,672.2691112734435,676.46630859375,96267500
2026-02-17,674.8688419019007,679.6316291710169,670.5426469985775,677.5578002929688,81354700
2026-02-18,678.7187643851827,683.8090109802145,677.53798463666,680.9711303710938,73570300
2026-02-19,678.5401770095443,680.8620077880265,676.2678860499572,679.1751708984375,58649400
2026-02-20,677.0319706522042,684.71197532004,676.4465165538227,684.0868530273438,100034000
2026-02-23,682.4992209190492,684.6523861034582,675.0970153480879,677.1013793945312,90558100
2026-02-24,676.6151751251432,683.0151380016027,674.7298762460771,682.0228881835938,73798700
2026-02-25,684.8310015582731,688.3038760705598,684.7516046120257,687.7780151367188,56369500
2026-02-26,687.9069589925494,687.926762805978,679.0461151309984,683.957763671875,71671000
2026-02-27,677.795973699009,681.5367144347911,676.35719931042,680.6734619140625,83308900
2026-03-02,673.4399535831263,683.2830546740443,672.765230984366,681.0604248046875,87477200
2026-03-03,669.8281968363514,677.3196712649806,664.4700232973693,675.057373046875,105003100
2026-03-04,676.3473157204403,681.7650220692323,674.3528836974749,679.8201904296875,79182200
2026-03-05,676.7937758642711,680.2170498641997,670.3738880206191,676.0297241210938,106606500
2026-03-06,668.1908700160953,670.869956423512,664.569194806431,667.1688842773438,100687000
2026-03-09,661.2253729422058,674.650481531912,657.2563736570586,673.0133056640625,102667700
2026-03-10,672.4675558251363,678.0638596518006,669.5305349566006,671.9317626953125,81505300
2026-03-11,672.3286912573745,674.8093159596237,668.1215614523004,671.08837890625,68441700
2026-03-12,665.9583993556241,666.4446526664856,660.7094193200438,660.89794921875,108882200
2026-03-13,664.0831110227487,667.1293254881115,656.2343803863124,657.1571655273438,97200200
2026-03-16,663.1999840519829,666.8613885560293,661.9497395049242,663.844970703125,82023100
2026-03-17,667.1788836379297,669.2129836950214,664.5097291491037,665.5912475585938,87128000
2026-03-18,663.1800557566115,664.5295009374192,656.0656417127632,656.3037719726562,82062600
2026-03-19,651.8783174953539,657.8417484417536,650.0922799802194,654.6864013671875,111272500
2026-03-20,653.2010079047443,653.380093364961,641.4703940766159,645.301025390625,163617500
2026-03-23,654.7531040433624,659.2801583045331,650.6439158314106,652.07666015625,134802700
2026-03-24,648.0371459178807,653.7183875512989,646.604401549905,649.8877563476562,96457500
2026-03-25,655.3500504609481,657.5588924447279,650.9423865337293,653.5093994140625,90653800
2026-03-26,648.773401781548,651.5493174066021,641.5699034672713,641.8385620117188,96494400
2026-03-27,639.2615657472361,639.4207325687934,629.9188801961861,630.8939819335938,103649400
2026-03-30,636.8836547011163,637.1423539459004,626.108284608157,628.78466796875,99275900
2026-03-31,635.719508676349,648.255975728372,634.7643255692599,647.0620727539062,152534100
2026-04-01,650.6041659517412,655.2008748639518,649.7086779392242,651.9373779296875,97841500
2026-04-02,643.161809607987,654.8824636102106,641.858414876014,652.5244140625,68358700
2026-04-06,652.5542919409455,656.3948220300638,652.2160396308291,655.6088256835938,39105800
2026-04-07,653.3402849463747,656.285326673986,647.7784337275787,655.8972778320312,69980400
2026-04-08,672.980811715349,673.6673363432215,668.0756676404139,672.6027221679688,93606100
2026-04-09,671.438579338256,677.7266707213284,670.3739652533407,676.4829711914062,57134400
2026-04-10,677.885949822129,678.5923930707559,675.0304203424645,676.0353393554688,42253500
2026-04-13,673.9956432299357,682.8408497944083,673.1698703787699,682.641845703125,54185800
2026-04-14,684.2238203737314,691.0791070995066,684.193942434314,690.959716796875,63480500
2026-04-15,691.7557051691649,696.7504224001667,690.7010502942645,696.412109375,58240400
2026-04-16,697.5264615426626,699.2378238459212,695.0092450197437,698.1234130859375,49972400
2026-04-17,702.5808909886877,708.7993894133457,702.2028014262665,706.5607299804688,70661900
2026-04-20,705.20752199003,706.3317705126415,702.5808139687996,705.1477661132812,43546800
2026-04-21,706.7000123508461,707.6949720613851,699.098505587723,700.53125,58941400
2026-04-22,705.5756906371417,707.8640857857167,704.6503246823615,707.6253051757812,42518500
2026-04-23,705.9239069650033,708.7694771316526,698.7403270820959,704.8792114257812,56174000
2026-04-24,707.1676287635845,710.8688498134599,705.4364085481575,710.341552734375,45182000
2026-04-27,709.5753882284523,712.023010938504,708.7097781525541,711.5653076171875,33135900
2026-04-28,708.2321938525355,709.2868486650957,705.6751402340362,708.1028442382812,43117400
2026-04-29,707.4163145996059,708.6102783309316,704.7995658491443,707.993408203125,41859200
2026-04-30,711.0280636665188,716.1620290590424,706.8691393587039,715.0377197265625,67240900
2026-05-01,717.6146516977453,721.216400793299,716.8385540170647,717.0177001953125,43049800
2026-05-04,716.4406056700121,718.4802608161392,711.3861936216806,714.3909912109375,51950600
2026-05-05,718.1320898558575,721.3855668152729,717.8534719876392,720.1220092773438,36933200
2026-05-06,724.489821452625,730.8874657022126,724.1515691652952,730.1312866210938,53288900
2026-05-07,731.3451201928577,732.4196936796947,726.0718458933673,727.8926391601562,51724600
2026-05-08,731.2257166531052,734.359863963193,730.8675457398152,733.9021606445312,47227100
2026-05-11,732.7380586745534,737.0561496205491,732.7380586745534,735.5736694335938,44024000
2026-05-12,733.1758744234386,735.1160580011854,728.1413807257971,734.4593505859375,54185300
2026-05-13,734.7478704606156,740.1604537310201,731.7629913201908,738.5685424804688,44200200
2026-05-14,739.9018102364839,745.7521781705404,739.8122371427646,744.3989868164062,45307600
2026-05-15,738.0511867146383,739.712813256131,734.2405345152865,735.4443969726562,60410800
2026-05-18,736.1010471042457,737.682999009625,729.6935042484962,734.927001953125,47843900
2026-05-19,731.0765556379026,733.9320852676053,727.8429364442825,730.0317993164062,54255900
2026-05-20,732.0018002736176,738.1307251173267,730.1909663879147,737.5138549804688,45768000
2026-05-21,734.9170485709385,741.1156280791548,733.3151780259534,738.9764404296875,43332200
2026-05-22,742.4787264390759,745.1651298094138,740.7275876279662,741.8817749023438,41762000
2026-05-26,746.2297301040182,748.3390397979183,744.5979816306177,746.8068237304688,41123600
2026-05-27,747.0953563113346,747.5928361692701,744.4487294597059,746.677490234375,42106300
2026-05-28,746.4685193943138,751.3438462445121,745.4536410614309,750.7965698242188,41562600
2026-05-29,752.0900813404212,754.2590862562773,750.8861582097875,752.6671142578125,55075700
2026-06-01,751.5527711685265,756.4480167905853,750.8861651495049,754.7167358398438,43634900
2026-06-02,753.2144012702464,756.5674107365072,752.9357833937803,755.7415771484375,31581900
2026-06-03,754.3287420712209,754.9754294579049,749.7718095132926,750.4384155273438,51402500
2026-06-04,748.3091480570178,754.4878695071194,747.6823186029123,753.2740478515625,49923000
2026-06-05,748.5181345185488,749.0255736853693,731.82274221843,733.83251953125,93989400
2026-06-08,739.6132273185567,741.5832888174093,734.4693026781229,735.4940795898438,49319100
2026-06-09,739.881873688386,743.1354112835509,718.9479438267383,733.3350219726562,87683500
2026-06-10,729.69352181897,734.6583610930755,721.6741489247238,721.7736206054688,60341300
2026-06-11,725.0868662900759,736.2702039965386,720.7587550057447,734.04150390625,86330500
2026-06-12,736.9766163198905,740.6877965432628,731.3252525489901,738.0113525390625,57079500
2026-06-15,748.0604304424444,752.8661028247,747.9709180763429,751.0254516601562,60176400
2026-06-16,750.7468576807364,751.6323864215939,746.100412710964,746.5481567382812,67093100
2026-06-17,747.5032315039188,748.3589429763433,735.4940609532621,737.225341796875,85945200
2026-06-18,745.907751654771,746.3765582049119,742.0173878962117,744.8902587890625,80875700
2026-06-22,745.8479411927095,748.321778689857,741.2892538871644,742.546142578125,46628100
2026-06-23,731.9922892059834,737.7978798883457,730.4860198600484,731.7628784179688,66846800
2026-06-24,733.3489180103626,738.1171068570358,729.0296875445486,731.4237060546875,57439500
2026-06-25,737.0796452204372,737.5385276888334,727.7927091295785,732.4810791015625,53934400
2026-06-26,727.144386135875,734.7056273477464,714.8050317832251,727.1842651367188,71034000
2026-06-29,734.7055914816465,739.7231001504891,730.27658724538,739.1644897460938,58035200
2026-06-30,739.4537599262709,746.1671307285668,739.0547872797607,744.9202270507812,55626000
2026-07-01,743.1545925484338,747.5835968507926,740.541087308444,743.9127197265625,47100900
2026-07-02,745.5486859530862,749.4489739445169,738.1969465958291,742.9351806640625,57447800
2026-07-06,746.885320136641,750.5462122974698,745.5585975722108,749.4190673828125,50673300
2026-07-07,748.3616416292718,749.0998597580657,743.364102770238,745.85791015625,43721500
2026-07-08,741.3191472958572,744.3017921335774,737.6782249675691,743.5536499023438,43767400
2026-07-09,745.4987759890873,750.1073272936331,743.7431866839036,749.8480224609375,41441700
2026-07-10,750.187115173852,753.5487626123848,746.2468873823584,753.0799560546875,42191300
2026-07-13,750.6060836597362,752.0425191788765,746.1471851864706,747.3142700195312,44013600
2026-07-14,749.0499474324819,751.4739818301254,746.8055207475287,749.9677124023438,35143100
2026-07-15,752.3717122204262,753.7084197839658,748.3417413555546,752.9403076171875,43844800
2026-07-16,750.8953984161742,752.7009125511715,746.0274814662645,748.8604125976562,46409800
2026-07-17,740.241827732839,745.438883195828,738.9649691671198,741.4487915039062,62651000
2026-07-20,745.2094908804986,746.8753371556621,739.6732506975046,740.2518310546875,50422300
2026-07-21,744.4413918284653,747.1845799829406,742.3366329839115,746.426513671875,34324300
2026-07-22,744.7705725456777,748.1621748950539,744.5211918106933,745.55859375,32836200
2026-07-23,737.5385562389782,740.7206569606348,733.3888874570794,736.3515014648438,55437300
2026-07-24,736.6806667930385,741.8777222786117,735.4636571620507,737.099609375,44782000
2026-07-27,743.0648074406847,743.6833276942111,734.0472217265344,737.25927734375,41461200
2026-07-28,737.3589950224286,740.9500533043114,734.156924420905,739.0248413085938,47322200
2026-07-29,738.1370526174048,740.8403618199718,727.2939826612791,727.6531372070312,70697200
2026-07-30,734.2267392747757,740.6109103701467,732.7703947650456,739.852783203125,66811300
2026-07-31,742.835410914187,747.0449895804718,735.8527500027326,745.1796264648438,62445900
2026-08-03,747.5836183167282,756.7009928898597,746.9451890027125,755.793212890625,59927500
2026-08-04,758.7458651152236,771.494176400126,758.6361522059436,769.4193725585938,69154800
2026-08-05,773.928165423025,774.9256883846499,767.6039039413469,767.8831787109375,44689100
2026-08-06,768.3021872511085,769.9081846177485,765.5589990885744,766.65625,38416900
2026-08-07,769.1101628301597,772.0029428489042,767.703621378493,771.3446044921875,43586300
2026-08-10,770.6861849056471,773.1301282404592,769.7086319253093,771.1151733398438,39249500
2026-08-11,772.6115040483734,772.6912620504304,767.2946895097219,768.6513061523438,36740600
2026-08-12,772.7910096110111,772.9805414027246,769.369513273419,770.5764770507812,33179100
2026-08-13,772.9506321027081,777.4394855444215,772.1925048911166,775.9531860351562,35634500
2026-08-14,776.6114939657781,776.8708596736758,773.509212209858,774.4169921875,31367900
2026-08-17,774.2573577843602,774.8559080861019,770.5964655970525,770.7560424804688,34356600
2026-08-18,766.7959149360092,767.5939211307613,765.0202948350139,765.5490112304688,43920900
2026-08-19,768.4517358705159,770.5564946026684,766.1973243479778,767.1549682617188,40306000
2026-08-20,764.0627220124634,766.2472997692572,760.1523881029335,760.7109985351562,45520300
2026-08-21,764.1524418077088,765.9479709365374,762.2770937955632,763.8232421875,39188700
2026-08-24,762.8856098637509,763.3244615010249,760.1922857963137,761.5787963867188,32430900
2026-08-25,764.262137078792,764.8806573052586,761.159855395616,764.0127563476562,27422300
2026-08-26,762.8356805789958,765.449185749943,762.0376744224566,764.182373046875,28751600
2026-08-27,766.5964060257239,770.4468300957561,765.2596984507333,769.18994140625,34557100
2026-08-28,769.8483393622295,773.3795487683207,766.4068729286823,767.4442749023438,36744300
2026-08-31,765.4292990280279,766.097622354185,762.8257178677422,765.1499633789062,38810800
2026-09-01,760.1224772031874,762.7758614763637,757.5987149009983,759.89306640625,41126300
2026-09-02,760.5614001563074,764.5315220914426,759.8431519587122,763.2646484375,29566200
2026-09-03,765.99791709853,772.112737807933,765.5490195828438,771.2548217773438,43531600
2026-09-04,770.0977256925568,770.9555808433835,767.0951717806925,768.2822265625,34054200
2026-09-08,767.1649647963771,767.7934091111229,763.2447069992287,764.0626831054688,44746100
2026-09-09,762.1873669257697,762.5763546117217,759.055130192088,760.5115356445312,32812400
2026-09-10,756.1523365872063,758.2271404471661,754.7657651010062,755.9528198242188,42740400
2026-09-11,762.8257171109622,764.4816392943262,761.7084962835214,762.3967895507812,45512700
2026-09-14,757.119891309806,761.6287143614769,756.0525344863368,758.9952392578125,43992400
2026-09-15,758.2371341657202,758.4665449596201,754.2769973083872,755.513916015625,46195000
2026-09-16,757.6187023523285,759.7833101686804,747.7432005092232,752.1821899414062,59217700
2026-09-17,761.2596848801362,761.6786274833105,758.0775841455181,760.7109985351562,49652800
2026-09-18,761.3099975585938,762.0,757.969970703125,761.6900024414062,65308100
2026-09-21,766.2509765625,774.8900146484375,766.030029296875,773.5,49311754
