Date,Open,High,Low,Close,Volume
2019-08-07,256.14598681479276,260.126889506351,254.0204566118475,259.361328125,140572300
2019-08-08,260.847336151514,264.449951171875,260.2979505540792,264.449951171875,87713900
2019-08-09,263.51336291059897,264.1077979113429,260.87445300994574,262.64874267578125,93730000
2019-08-12,261.1535457059839,262.63961885110217,258.5056215627096,259.4513244628906,65527600
2019-08-13,259.1540043011932,264.92719597770594,258.8117516064786,263.48614501953125,94299800
2019-08-14,259.4513407699851,260.054763410015,255.56952518050605,255.6956024169922,135622100
2019-08-15,256.57825401490027,257.2627596852036,254.33563489141036,256.37109375,99556600
2019-08-16,258.01926387137956,260.58610474870034,256.4250893426971,260.15380859375,83018300
2019-08-19,263.1619782082209,263.96354562152703,262.48648800661573,263.2880554199219,53571800
2019-08-20,262.78369081572106,263.3150731411027,261.14452215391043,261.2705993652344,51596400
2019-08-21,263.42316718942703,263.7653924594661,262.7386616778172,263.3961486816406,49524700
2019-08-22,264.09868577575924,264.7291268538394,261.54982049544003,263.3150939941406,51666400
2019-08-23,262.0182141461367,263.6754138307136,255.30833237879608,256.5512390136719,149161500
2019-08-26,258.73078802640924,259.3882751464844,257.2086810185283,259.3882751464844,72423800
2019-08-27,260.7752713086617,261.14454261165514,257.61396813150543,258.3705139160156,66668900
2019-08-28,257.71308250775724,260.35199145283605,256.91148746063425,260.18988037109375,59696700
2019-08-29,262.73863479261985,264.03557800518644,261.73889513529167,263.51318359375,57899400
2019-08-30,264.99029561256964,265.00829878917193,262.46847659995325,263.3961486816406,62901200
2019-09-03,261.703013846112,262.6126556070422,260.5321472688688,261.8561096191406,69101400
2019-09-04,264.01772500798256,264.8463112904694,263.27016680088786,264.82830810546875,46887300
2019-09-05,267.3050851284011,269.142399338986,264.7922529907369,268.2327575683594,83258100
2019-09-06,268.54795139585633,269.07933383116614,267.87246105653117,268.4398498535156,49584300
2019-09-09,269.42159848406766,269.51164187797576,267.63829401515704,268.5749816894531,51260300
2019-09-10,267.81835045130987,268.5749236886284,266.5664561971447,268.5118713378906,57947100
2019-09-11,268.81822356053135,270.50244228741605,268.16975152542153,270.42138671875,68821100
2019-09-12,271.321967859559,272.4117513041566,270.5654219362683,271.3580017089844,72908700
2019-09-13,271.7993097824489,272.15057796681884,270.8085850793493,271.1778564453125,62104800
2019-09-16,270.0519941888065,271.2228604559255,269.7007535487089,270.3402099609375,58191200
2019-09-17,270.14215998584916,271.1148542014016,269.9710335288702,271.0248107910156,41475500
2019-09-18,270.6374764872449,271.29496371666545,268.6110052506445,271.1868896484375,73375800
2019-09-19,271.57409786721047,272.5648223935264,270.8355552670686,271.1687927246094,76560500
2019-09-20,271.7696332635808,272.0501507115491,269.100451345295,269.88763427734375,89565000
2019-09-23,269.22713033550053,270.53912039251946,268.97378376873814,269.8243103027344,43476800
2019-09-24,270.9100771613818,271.2991401437469,266.747931631159,267.70703125,94869400
2019-09-25,267.78841257718466,269.73375474914366,266.31356316285877,269.2904052734375,71854000
2019-09-26,269.29952886168803,269.507618203709,267.3270429198188,268.7294921875,56179700
2019-09-27,269.48042710932464,269.5890278573318,265.7345158777197,267.28173828125,84746600
2019-09-30,267.7974924652988,269.2270847903198,267.75226286244816,268.5213317871094,51662400
2019-10-01,269.3989896786448,270.0504560848609,265.110185278463,265.32733154296875,88242400
2019-10-02,263.75300095877276,263.7620579252307,259.355622841825,260.64044189453125,122539500
2019-10-03,260.4142414543203,262.80296115805885,257.70885927355687,262.77581787109375,85278800
2019-10-04,263.42725373830876,266.5850420764219,263.37293955799163,266.3316955566406,65091200
2019-10-07,265.5353853258112,267.15500779739347,264.9020053879857,265.1824951171875,59610500
2019-10-08,263.33670155445475,264.06959764806624,261.029412552643,261.06561279296875,95708100
2019-10-09,263.0743680413565,264.47681708385716,262.45004489012706,263.54486083984375,62359400
2019-10-10,263.4634191387641,266.20500117894466,263.3005594403848,265.32733154296875,55296300
2019-10-11,268.06897647988654,270.30386601879087,267.9513739674856,268.0780334472656,98720400
2019-10-14,267.76124398211886,268.4308242275137,267.4355246297877,267.77935791015625,40394800
2019-10-15,268.82000612496955,271.1725259577309,268.7023759914254,270.4305725097656,46754500
2019-10-16,269.9690115035742,270.68382140216397,269.561862279844,269.99615478515625,48928200
2019-10-17,271.154339092206,271.66103213680316,270.1047527533405,270.79241943359375,45736600
2019-10-18,270.2585525385415,270.90096193087385,268.75655989311184,269.6070861816406,64304000
2019-10-21,270.91909208308124,271.633874396673,270.48477194824056,271.434814453125,39048600
2019-10-22,271.968722907503,272.258269740881,270.4577004188405,270.5481872558594,48594700
2019-10-23,270.29476731931624,271.38958319579564,270.0866504119283,271.3352966308594,34352200
2019-10-24,272.2673544380943,272.4121278695281,270.9553641994625,271.77874755859375,35453100
2019-10-25,271.2086653826225,273.4345254538607,271.15437880651467,272.8916320800781,45205400
2019-10-28,274.10402913693105,274.92741221048794,274.0768858537456,274.42974853515625,42147000
2019-10-29,274.15832464822154,275.27125452053383,274.0316375807567,274.34832763671875,44284900
2019-10-30,274.5473822708717,275.56076834015374,273.2444494353092,275.1898193359375,49643900
2019-10-31,275.180806729654,275.180806729654,273.00926085789666,274.4569396972656,69053800
2019-11-01,275.89554738047116,277.0446497636023,275.7326600812259,276.9994201660156,71141500
2019-11-04,278.5466553353853,278.68237174713806,277.74135860448837,278.1123352050781,60606900
2019-11-05,278.31144163213037,278.61004540055967,277.51520173325594,277.80474853515625,42933200
2019-11-06,277.80469846330715,278.1394748121064,276.9270288619723,277.8680419921875,46487100
2019-11-07,279.1981662183995,280.1753521514452,278.3747830389513,278.84527587890625,54272300
2019-11-08,278.50139799497526,279.5871845138949,277.80470200649904,279.53289794921875,49032100
2019-11-11,278.1576150386581,279.171001145757,278.0218710031677,278.99908447265625,35797300
2019-11-12,279.36089401492023,280.4828528179802,278.81800092506586,279.58709716796875,46484600
2019-11-13,278.60091337809416,280.0757626644481,278.37471017743115,279.6776428222656,53917700
2019-11-14,279.39719979877964,280.16629633222396,278.7638196858961,280.0848388671875,51219900
2019-11-15,281.41487922509714,282.1568323800713,280.7272402441399,282.1116027832031,62023600
2019-11-18,281.8763526775857,282.554962331027,281.42394624195816,282.3197021484375,49228000
2019-11-19,282.91689092495204,282.92594789001487,281.59587182260094,282.23828125,67804700
2019-11-20,281.6502452957048,282.16599543485967,279.64155893352347,281.18878173828125,79406200
2019-11-21,281.2972436610781,281.4058167709472,279.9400245623278,280.7362365722656,54664700
2019-11-22,281.47819526115194,281.6139116511986,280.35623628650774,281.3605651855469,44850200
2019-11-25,282.2834928438309,283.5411682128906,282.2834928438309,283.5411682128906,48647200
2019-11-26,283.5774759909728,284.3646589671821,283.2607858845415,284.1836853027344,37569000
2019-11-27,284.66322888151734,285.450439453125,284.44608257911733,285.450439453125,44444600
2019-11-29,284.88942079536815,285.13373798853377,284.1655814077503,284.39178466796875,36592700
2019-12-02,284.6451648847005,284.708508432103,281.5507193819938,281.9759826660156,75767800
2019-12-03,279.27051273112295,280.16629633222396,277.89520698160726,280.0848388671875,73941700
2019-12-04,281.1255015422181,282.4103209568149,280.78166807240166,281.8131408691406,49080000
2019-12-05,282.5097327325432,282.52781904939724,281.0167694048144,282.3197021484375,40709000
2019-12-06,284.2197973703587,285.2965268305146,284.2107404061352,284.8984069824219,48927000
2019-12-09,284.5093785762691,285.17893130524726,283.9302850497049,284.002685546875,34838500
2019-12-10,283.94837758133656,284.6088732952171,283.03450775915456,283.68597412109375,52649800
2019-12-11,284.1383512229646,284.7445879245337,283.6045150056367,284.4912414550781,53429100
2019-12-12,284.5003834172899,287.7215159236564,284.2651507821318,286.9433898925781,96389600
2019-12-13,286.70805752730325,288.3367373053921,285.9389610442639,287.115234375,81503900
2019-12-16,288.8343915151686,289.67586093311127,287.051908896003,289.0877380371094,82749700
2019-12-17,289.4678131479023,289.7663893151713,289.0696931830743,289.151123046875,61097700
2019-12-18,289.54019666119984,289.76639993984145,289.11493339284556,289.1692199707031,48133000
2019-12-19,289.35919234435806,290.42689269211144,289.10584580362206,290.3544921875,85310500
2019-12-20,291.3819230502159,292.754916750099,290.4090343656645,291.62744140625,147142100
2019-12-23,292.409389830018,292.4639432977859,291.92748236576335,292.0729675292969,52990000
2019-12-24,292.300245092851,292.345697060627,291.7819594676257,292.08203125,20270000
2019-12-26,292.4640683702415,293.6461254237874,292.45499462070484,293.63702392578125,30911200
2019-12-27,294.3643330916827,294.4188865662466,293.0368189631918,293.5641784667969,42528800
2019-12-30,293.64599037883215,293.7823740438549,291.4637407446412,291.9456481933594,49729100
2019-12-31,291.44551040796875,292.90033397291086,291.09998668959423,292.6548156738281,57077300
2020-01-02,294.18241827406945,295.4099266184102,293.26405545190016,295.3917236328125,59151200
2020-01-03,292.01851312055277,294.2734922975742,291.9639596342792,293.15509033203125,77709700
2020-01-06,291.4092714821987,294.35529824023683,291.29106302220333,294.2734680175781,55653900
2020-01-07,293.7097413868115,294.18257528946225,293.0005182813039,293.4460754394531,40496400
2020-01-08,293.63692440584015,296.2192238536559,293.39143377910256,295.0099182128906,68296000
2020-01-09,296.56466372143524,297.08294931294756,295.9827231804138,297.01019287109375,48473300
2020-01-10,297.59222743504785,297.7467863630279,295.69187408088,296.15557861328125,53029300
2020-01-13,296.77384567647033,298.20136500493834,296.34649170275594,298.1922912597656,47086800
2020-01-14,297.7558766573116,298.80152187526085,297.183037449198,297.7377014160156,62832800
2020-01-15,297.6466548416363,299.1651054834045,297.56482466469515,298.4104309082031,72056600
2020-01-16,299.78349174098173,300.8927917480469,299.5561763932098,300.8927917480469,54050300
2020-01-17,301.60196935424034,302.03839699759,300.82909173787345,301.82928466796875,95846000
2020-01-21,300.874673693324,302.0385274925153,300.80194497082726,301.2383728027344,77742400
2020-01-22,302.09311028613615,302.73870609758535,301.12022131746005,301.2747802734375,48914900
2020-01-23,300.62911709140155,302.02938749135257,299.51981701453644,301.6202087402344,51963000
2020-01-24,302.27492953861935,302.3567597530786,297.6558650559744,298.93792724609375,87578400
2020-01-27,293.71870316935264,295.6190561282533,293.3822808977061,294.14605712890625,84062500
2020-01-28,295.5645211349526,298.1013683192747,294.23700720360983,297.2284851074219,63834000
2020-01-29,298.5833415914443,298.81065700129847,296.7829935559523,296.9830322265625,53888900
2020-01-30,294.92805295887075,298.155948000126,294.1824796021824,297.9468078613281,75491800
2020-01-31,297.3284797488705,297.4830663972043,291.6274207229464,292.53668212890625,113845600
2020-02-03,294.00974793263214,296.5647708437156,293.8915394832608,294.7098693847656,69083000
2020-02-04,298.3014390790439,300.06540868055777,297.9831919914277,299.20159912109375,62573200
2020-02-05,302.1203687719825,302.8659700100723,300.66557228107905,302.6568298339844,65951100
2020-02-06,303.611485421549,303.866077510334,302.6021908116986,303.6751403808594,50359700
2020-02-07,302.6203476646141,303.6841678293923,301.5110477864947,302.0566101074219,64139400
2020-02-10,301.1747400472922,304.3753309991963,301.1383618124799,304.3116760253906,42070000
2020-02-11,305.6572883777854,306.4392397930032,304.3115716359892,304.8389587402344,54864500
2020-02-12,306.2665508261337,307.0121519449544,305.9028517615865,306.80303955078125,43992700
2020-02-13,305.384583005048,307.4395230692545,305.11181562858764,306.4757080078125,54501900
2020-02-14,306.8848140935639,307.08485270504895,305.69368391786554,306.9666442871094,64582200
2020-02-18,305.97565102151555,307.0303978801557,304.7935942108236,306.1756896972656,57226200
2020-02-19,307.1394741196409,308.31240156841585,306.857605252249,307.6395568847656,48814700
2020-02-20,307.0939068095637,307.91226418959036,303.402308100626,306.3756103515625,74163400
2020-02-21,305.0299414355744,305.3390870004765,302.40216251122024,303.22052001953125,113788200
2020-02-24,293.81879296639795,303.2932828550101,292.0911738086347,293.16412353515625,161088400
2020-02-25,294.5461478579809,295.15533747281677,283.40769541596455,284.28057861328125,218913200
2020-02-26,285.67170741329534,289.2450976481431,282.50749586116564,283.2348937988281,194773800
2020-02-27,277.7430167478903,283.28951758192875,270.514404296875,270.514404296875,284353500
2020-02-28,262.5037337575844,270.8598468580594,259.6304648801433,269.37774658203125,384975800
2020-03-02,271.1508997939303,281.1073256272958,267.74116872064934,281.0436706542969,238703600
2020-03-03,281.41647571156864,285.36266787315276,270.56899107802036,272.9967041015625,300139100
2020-03-04,278.343143597917,284.68979925998445,275.8062960824147,284.4715576171875,176613400
2020-03-05,277.3065850334191,280.4798988206558,272.78755422327566,275.0152282714844,186366800
2020-03-06,266.550048117172,271.669195665043,263.895019628656,270.4689636230469,228667200
2020-03-09,250.31967519710847,258.4030231010972,248.63756365214644,249.34678649902344,309417300
2020-03-10,258.8121992811534,262.3401104916032,248.6830131414344,262.24920654296875,276444100
2020-03-11,255.22978606727403,256.35726176546393,246.3008289616689,249.4650421142578,255316300
2020-03-12,232.77095094586227,242.46368215490747,225.20588838049142,225.5968780517578,392220700
2020-03-13,239.21764465584525,246.8463632341434,225.96970960296665,244.88235473632812,329566100
2020-03-16,219.29567026756763,233.58926139863348,215.82229873657448,218.08636474609375,297240000
2020-03-17,222.80541986754847,232.92551813203102,215.55861886674538,229.86129760742188,262070500
2020-03-18,214.81300234794617,225.83324590166254,207.3297850292438,218.2227325439453,327597100
2020-03-19,217.54078281186924,224.9330821910598,211.1486764895506,218.6864471435547,289322000
2020-03-20,221.8199425120468,223.59428478802053,208.98798960588374,209.2623748779297,347158800
2020-03-23,208.70444775234532,210.0672050409845,199.62238105359475,203.91189575195312,326025200
2020-03-24,214.40242305268706,223.25583646686758,213.83537051261308,222.38694763183594,235494500
2020-03-25,223.96007962163839,234.45979059408683,219.27729064392412,225.71612548828125,299430300
2020-03-26,228.2130736603869,240.35905717065114,227.7832066302322,238.8957061767578,257632800
2020-03-27,231.64279788754072,238.53893683565772,229.6123667847552,231.7799835205078,224341200
2020-03-30,233.8652897641229,240.0205984059561,231.88059185006412,239.3072052001953,171369500
2020-03-31,238.31031171628476,240.8437663965274,234.34091545507368,235.74026489257812,194881100
2020-04-01,226.80451761479742,235.65793147048535,223.07291481173678,225.1307830810547,189554600
2020-04-02,224.25279236456615,231.1031990211072,223.70402184860143,230.32579040527344,177660400
2020-04-03,229.34721004496652,231.6886194013545,224.2802853692772,226.99667358398438,135561200
2020-04-06,235.82260837748493,244.20042402682725,226.9783475040951,242.24314880371094,188061200
2020-04-07,250.79468057924873,251.54466592390668,242.27055425611888,242.49005126953125,201427200
2020-04-08,245.0784922897039,252.43195263834002,242.5999110047815,250.6301727294922,153774500
2020-04-09,253.87698064060288,257.18788640634193,251.94717036549818,254.44406127929688,189999200
2020-04-13,253.47449486500906,253.81289538631447,248.23378055613196,252.12086486816406,114839100
2020-04-14,256.9866545266391,260.5719034927361,251.9837459245979,259.55670166015625,134143400
2020-04-15,253.86784815593566,259.69389891968154,251.938010010102,254.0416259765625,121775000
2020-04-16,255.31290064670407,256.11776041430784,252.2123930324465,255.26718139648438,131798300
2020-04-17,261.01082356638705,262.7668552155527,258.28528180287844,262.1632385253906,146684800
2020-04-20,258.477384853948,262.3004679707895,257.3249976139845,257.54449462890625,100109300
2020-04-21,253.09956197216107,254.2976965983367,248.79173683274226,249.7246551513672,126385700
2020-04-22,254.581225173408,257.0049315792852,253.26418699217092,255.26718139648438,92951600
2020-04-23,256.53847189577414,259.69388168018037,254.94706239318492,255.24887084960938,104709700
2020-04-24,256.7579275278854,259.47431454865233,254.71834153135325,258.806640625,85063200
2020-04-27,260.77305162758813,263.6540615008413,260.3157475870202,262.5382385253906,77896600
2020-04-28,266.16934385989936,266.5168995404028,261.0292487828998,261.3310852050781,105270000
2020-04-29,266.6357062557457,269.6996490647606,265.6113496189512,268.1722412109375,118745600
2020-04-30,266.80036532536803,268.27289912485736,263.94679204552654,265.6754150390625,122901700
2020-05-01,260.9468927193291,265.84005272314266,257.48051943539275,258.64208984375,125180000
2020-05-04,256.7671117660128,259.6572771920801,255.2946058776954,259.35546875,80873200
2020-05-05,262.16335494813103,264.55046938143977,259.48353122781396,261.75177001953125,79569900
2020-05-06,263.44375944285997,263.82787926465915,259.54751949484415,259.9773864746094,73632600
2020-05-07,263.17862280620426,265.0352771347312,262.6115699440393,263.1145935058594,75250400
2020-05-08,266.2332909565574,267.9344766802259,265.1083128503956,267.468017578125,76452400
2020-05-11,265.54730090616414,268.8947697566106,265.12658901363613,267.5228576660156,79514200
2020-05-12,268.70274053027424,269.11429745742555,262.0535213092714,262.19073486328125,95870800
2020-05-13,261.6328252672218,262.6663370220257,255.13910132073806,257.5536804199219,144721100
2020-05-14,255.1299336943153,260.7638948742726,249.67884947076664,260.6358642578125,121977900
2020-05-15,258.25792384810507,261.87976465743145,257.3158784788834,261.83404541015625,111146300
2020-05-18,268.0259508942396,271.4100127656581,267.70586031884966,269.8094482421875,119703800
2020-05-19,269.2148881042302,270.9160456986361,267.01983434205823,267.0381164550781,95189300
2020-05-20,270.5593529321453,272.43428822067204,270.3307009256605,271.5745544433594,85861700
2020-05-21,271.4465815641365,272.2514412639975,268.6112904984,269.6996765136719,78293900
2020-05-22,269.4161787745879,270.38566135817075,268.18145196368334,270.2118835449219,63958200
2020-05-26,276.1476546483194,276.385461718517,270.2301383166859,273.541015625,88951400
2020-05-27,276.32145242701677,277.6476456136954,271.5197588989895,277.6110534667969,104817400
2020-05-28,278.6353508202171,280.6383447830718,276.4311419598092,277.09881591796875,90405200
2020-05-29,276.63240179778086,278.91892240887853,273.89773207862925,278.3335876464844,119090800
2020-06-01,277.6933091449905,280.06214079412035,277.18113083769884,279.45849609375,55758300
2020-06-02,280.3731419784623,281.8182386135936,279.04697679082,281.7724914550781,74267200
2020-06-03,283.74802731711804,286.47356968873544,283.47365603310084,285.5223693847656,92567600
2020-06-04,284.5437173559386,286.2723400914508,282.68706399832803,284.7723693847656,75794400
2020-06-05,290.1412345834649,293.83623244605394,290.07720529627494,292.071044921875,150524700
2020-06-08,292.8757764564875,295.7933782251572,292.3361610829709,295.601318359375,73641200
2020-06-09,292.9490702019485,295.6746133830512,292.0893360411857,293.3972473144531,77479200
2020-06-10,293.9733738449627,294.86054489707874,291.04661650084495,291.760009765625,95000800
2020-06-11,284.86377874625066,285.49486045239485,274.3915346695875,274.9402770996094,209243600
2020-06-12,281.91887228767274,282.68713996158436,273.10206220090726,278.2330017089844,194678900
2020-06-15,272.5714739400508,281.95536122127413,271.4007767828933,280.83038330078125,135782700
2020-06-16,288.5406401343892,288.6869808136118,281.3975514551438,286.2358093261719,137627500
2020-06-17,287.2510539767532,287.5437353503911,284.3151410483271,285.0468444824219,83398900
2020-06-18,283.53770864356693,285.63214141110257,283.0804045248097,285.15655517578125,80828700
2020-06-19,288.6069871864401,288.79989229703216,281.5886165097205,283.5269470214844,135549600
2020-06-22,282.92975500160884,285.740769602764,281.7906591077808,285.34576416015625,74649400
2020-06-23,287.9822576249924,288.91008594994315,286.25522305494576,286.659423828125,68471200
2020-06-24,284.6292467086996,285.2447431567849,277.5190362259304,279.34710693359375,132813500
2020-06-25,278.7775875200807,282.60829987594445,276.7657787916315,282.3418884277344,89468000
2020-06-26,281.24878963611724,281.4600853989014,275.05720983175684,275.63592529296875,127961000
2020-06-29,276.8851316946332,279.82474000470745,274.6069121259045,279.68695068359375,79773300
2020-06-30,279.2552015830545,284.95993198050036,279.0990496919848,283.2696228027344,113394800
2020-07-01,284.3812825777224,286.51251830095595,283.9219659839804,285.25396728515625,72396500
2020-07-02,288.6712011809494,290.01242543532555,286.1633512394865,286.82476806640625,69344200
2020-07-06,290.62796070760163,291.83136787282604,289.8838701103089,291.25262451171875,61713800
2020-07-07,289.71844493786637,291.68430474186584,287.87198386046487,288.2486267089844,82910000
2020-07-08,289.0110175343776,290.5635090253282,287.25645376442134,290.4532775878906,54638600
2020-07-09,291.0596644429372,291.29851798418645,285.40088203041387,288.7998352050781,83354200
2020-07-10,288.73557224712687,292.01509919724424,287.3117021320966,291.7486877441406,57550400
2020-07-13,294.082050619167,296.4521119385348,288.5702514225846,289.22247314453125,102997500
2020-07-14,287.80768781432056,293.74207676938335,286.6134762105575,292.9704284667969,93657000
2020-07-15,296.176480597415,296.75522389579646,293.2919594068963,295.66204833984375,87196500
2020-07-16,293.7697517071062,295.1385063570404,293.1266971814592,294.6883850097656,54622500
2020-07-17,295.6896482450568,296.32350737296974,293.723759811365,295.54266357421875,62774900
2020-07-20,295.27616772327247,298.6751206832208,294.5320773134892,297.9310302734375,56308800
2020-07-21,299.88780591530656,300.3287318894932,297.582027715605,298.5649719238281,57292200
2020-07-22,298.20664479704493,300.57673367466816,298.096413320775,300.2643737792969,57792900
2020-07-23,299.9061432651097,300.6043133781374,295.32217315904694,296.6817321777344,75738000
2020-07-24,294.8352766153247,295.7906347636458,293.27358928008266,294.7709655761719,73766600
2020-07-27,295.45987888682316,297.0950441878384,294.66984008236017,296.9205017089844,48293000
2020-07-28,296.19487323057496,297.30643950213306,294.7434452210572,295.03741455078125,57495000
2020-07-29,295.910055607234,299.2263352942239,295.8733024378187,298.66595458984375,48454200
2020-07-30,295.70792971724495,298.0137073048075,293.63183839287296,297.6003112792969,61861700
2020-07-31,299.38244795338665,300.0530600436379,295.1842889920088,299.9519958496094,84986800
2020-08-03,301.6055948819654,302.7998065744939,301.063604773236,302.037353515625,53077900
2020-08-04,301.18303648166886,303.20404052734375,301.18303648166886,303.20404052734375,41917900
2020-08-05,304.49930864404297,305.344463414178,304.2328972007619,305.08721923828125,42697700
2020-08-06,304.5085050498795,307.2460137006027,304.1869778632997,307.1265869140625,43679400
2020-08-07,306.16203189273534,307.631850428163,305.2617613816024,307.3470764160156,57308300
2020-08-10,307.7971437576196,308.4493652808026,305.86800901982497,308.2656555175781,44282100
2020-08-11,309.4415500274836,310.0754090778702,304.99536940766205,305.7210693359375,69601100
2020-08-12,308.14631518865264,310.7552300476463,308.1187573147163,309.98358154296875,53774400
2020-08-13,309.2210868443049,310.7276586457943,308.5045541186952,309.4231872558594,41816100
2020-08-14,309.0373370596852,309.96516537922156,308.31160912555913,309.4323425292969,47260400
2020-08-17,310.4428715922836,310.8103192248424,309.4415648789166,310.4153137207031,35481000
2020-08-18,310.8102697584453,311.50843977331124,309.2210246583516,311.08587646484375,38733900
2020-08-19,311.46254034452477,311.97697263612196,309.2302686469379,309.7906494140625,68054200
2020-08-20,308.072676376415,311.23277538988094,307.9440823648222,310.7550964355469,42207800
2020-08-21,310.4245090715658,312.0780374355691,310.0845912760767,311.8575744628906,55106600
2020-08-24,314.28280728221034,315.09120903872747,311.8300721706247,315.0177307128906,48588700
2020-08-25,315.5780049913605,316.20266872609784,314.4205183977049,316.1199951171875,38463400
2020-08-26,316.7079196553296,319.55565950622474,316.1659295535639,319.2892761230469,50790200
2020-08-27,320.1528325405538,321.42971797916806,318.33392889941973,319.9874572753906,58034100
2020-08-28,321.0071247417891,322.18297388597506,319.82208029637775,322.0543518066406,48588900
2020-08-31,321.84305088658607,322.715735344681,320.65800656366764,320.8876647949219,66099200
2020-09-01,321.7145179417289,324.0111008904695,320.8234426362391,323.9100646972656,54908700
2020-09-02,325.8115446408763,329.55955455684506,324.67242077563617,328.5950012207031,69540000
2020-09-03,326.9138756495679,327.38238738527826,314.7144322316651,317.28662109375,148011100
2020-09-04,317.96646795020814,319.52812734335566,307.6226506452831,314.6961364746094,139156300
2020-09-08,309.3129638670282,314.7604798192922,305.7946111946916,306.0977478027344,114465300
2020-09-09,310.0846375080544,314.59513005964124,309.221120023708,312.14239501953125,91462300
2020-09-10,314.0071344529514,314.6593560242993,305.76699543534016,306.7223815917969,90569500
2020-09-11,308.4953737805765,309.5517962366656,304.0675555187705,306.8785705566406,84680200
2020-09-14,310.0294874826099,312.68435069692356,307.0255672262538,310.9205627441406,65605700
2020-09-15,313.36423156983113,314.19099605102923,310.92985858401045,312.4915466308594,52920900
2020-09-16,313.7223455643582,315.1462154132683,310.97561399935194,311.251220703125,82096000
2020-09-17,306.41931121168403,310.2224664049493,305.8956835196613,308.5137939453125,91523300
2020-09-18,309.3151891223313,309.42586185068205,302.4900987895025,304.9618835449219,105877900
2020-09-21,300.3964860710057,301.71538308915785,296.73491293099994,301.56781005859375,99450800
2020-09-22,303.04348986243315,305.19246039063853,300.54400878415186,304.6390686035156,63612100
2020-09-23,305.19248294549067,305.46919293283975,297.0761632901137,297.57421875,93112200
2020-09-24,296.26450432799584,301.4109832200537,294.9548113676943,298.36737060546875,76681300
2020-09-25,297.5188397783968,303.97501178267646,296.6518940041928,303.1910705566406,71069400
2020-09-28,307.3322255987747,308.9370364423363,306.3453468665424,308.22686767578125,64584600
2020-09-29,308.0240116252658,308.7618487014727,305.8565765122229,306.5483093261719,51304000
2020-09-30,307.2123525503483,312.00837765160077,307.01867525700635,308.8725280761719,104081100
2020-10-01,311.4549648105674,312.4233793586627,308.9831799827863,310.85546875,88698700
2020-10-02,305.9303537431645,310.827819440157,305.4599664586662,307.9040832519531,89431100
2020-10-05,309.95157659995147,313.54858090194296,309.9054723466813,313.3641357421875,45713100
2020-10-06,313.5024469624945,315.58687691174333,308.402072950753,308.9093322753906,90128900
2020-10-07,311.85152550936397,315.08884337216455,311.82385732877054,314.28643798828125,56999600
2020-10-08,316.21406610772175,317.1363763322467,315.30095984570346,317.0718078613281,45242500
2020-10-09,318.7135321923036,320.3644754439447,318.09560007830606,319.9033203125,59528600
2020-10-12,322.43044687423406,326.5162746526731,321.9416235525097,325.0498046875,80388500
2020-10-13,324.9114587531888,325.08669995512446,321.96928675859624,322.9284973144531,73255500
2020-10-14,323.50033584861643,324.5886552411015,320.1708091953333,320.8994140625,57727900
2020-10-15,317.0072741197945,320.98242937125696,316.4723465155033,320.5028381347656,60357700
2020-10-16,321.84935479813737,323.50029791303143,320.1338713616603,320.3091125488281,89501900
2020-10-19,321.5635185712875,322.19068289440474,314.5447498669606,315.43939208984375,68425600
2020-10-20,316.77662276612375,319.9309357295135,316.02034986675716,316.7028503417969,60051900
2020-10-21,316.6567571723614,318.81498786798693,315.7990154182925,316.1033935546875,63575000
2020-10-22,316.31556530320415,318.418431878702,314.18503054171345,317.8373718261719,55399300
2020-10-23,319.0547227201215,319.1100590737951,316.4722657264527,318.9163818359375,49143900
2020-10-26,315.55004001693953,316.33400943251553,309.5457907177374,313.0229187011719,91473000
2020-10-27,313.36415234517256,313.69617053832854,311.73164512212657,311.94378662109375,65994100
2020-10-28,306.29923020856904,311.9714324418126,300.793037060004,301.2818603515625,127094300
2020-10-29,301.512373539404,307.4981565925176,299.8337625393213,304.3438720703125,90597700
2020-10-30,302.77601447703177,304.07647533605143,297.5372988957393,301.17120361328125,120287300
2020-11-02,304.5468444824219,306.5390097792582,301.81678597834804,304.5468444824219,86068300
2020-11-03,307.76568671307086,311.9714188889306,304.62983772534005,309.92388916015625,93294200
2020-11-04,314.3787116216634,320.9086850612525,313.2073875383157,316.85052490234375,126959700
2020-11-05,322.107657910906,324.8284847044749,321.75717547412864,323.02996826171875,82039700
2020-11-06,322.74400475930975,324.20127065202445,320.6411386081411,322.9561462402344,74973000
2020-11-09,335.6932553819829,336.071405953707,326.5531576293563,327.0143127441406,172304200
2020-11-10,326.0273805377353,327.5860868216353,323.2789145185533,326.53466796875,85552000
2020-11-11,328.71146839607,329.78135199216104,327.4755756592107,328.96051025390625,58649000
2020-11-12,327.9551277906034,329.00657518311715,323.9707681551481,325.7692565917969,67546200
2020-11-13,327.669173455097,331.01716438135384,327.1526819336186,330.2793273925781,62892200
2020-11-16,332.93550786719294,334.5956547777361,331.65348332612245,334.4019775390625,74541100
2020-11-17,332.0040195958482,333.8025358299785,330.5006493949441,332.603515625,66111000
2020-11-18,332.8710709694806,333.4152307624178,328.56386874355627,328.60076904296875,70591300
2020-11-19,327.9735317794911,330.3530798490243,326.63617065322336,329.9841613769531,59940900
2020-11-20,329.7259129229104,329.9288223028838,327.65071486954946,327.7244873046875,70417300
2020-11-23,329.52307778759223,330.9434437674279,327.30030621646875,329.6890869140625,63230600
2020-11-24,332.22539331938475,335.54571610904793,331.3768835849959,335.0015563964844,62415900
2020-11-25,334.918533340122,334.9462015223956,333.3967270217236,334.48504638671875,45330900
2020-11-27,335.5734335097883,335.8870156877651,334.4113133262943,335.4166564941406,28514100
2020-11-30,334.6418093714301,334.90928722000234,331.2661786885653,333.931640625,83872700
2020-12-01,337.16899213449574,339.11505340908474,336.5787000163199,337.5840148925781,74231400
2020-12-02,336.4772371080401,338.45096643579234,335.90540924809943,338.294189453125,45927000
2020-12-03,338.1927332221173,339.5854307786495,337.10441382598,338.20196533203125,62882000
2020-12-04,338.7829809388243,341.1164245605469,338.69074429179847,341.1164245605469,50749900
2020-12-07,340.3508978397775,340.90428958580924,339.1519058456032,340.41546630859375,48944300
2020-12-08,339.1519192516688,341.9741863066491,339.105814998791,341.4115905761719,42458900
2020-12-09,342.0663961179011,342.22317308272335,337.51941379129926,338.3494873046875,74098300
2020-12-10,336.9844740552152,339.28101745162724,336.1175002134625,338.23883056640625,57735400
2020-12-11,336.5509346336922,338.2479817633102,335.03836077439604,337.8421630859375,57698600
2020-12-14,340.0004557165168,341.0703108111561,336.1544096839779,336.32965087890625,69216200
2020-12-15,338.8567558775116,340.8766174316406,337.49175481944405,340.8766174316406,63865300
2020-12-16,341.08877636600363,342.32466869787885,340.2125703879291,341.4115905761719,58420500
2020-12-17,343.0439969588717,343.52358804467536,342.2231275166286,343.3206787109375,64119500
2020-12-18,343.6079012926033,343.77461802271546,339.949235092986,341.9499206542969,136542300
2020-12-21,338.05044054116735,350.5454322565791,335.3272876322013,340.7272644042969,96386700
2020-12-22,341.051501373403,341.16264587198805,339.0323009380207,340.1530456542969,47949000
2020-12-23,341.1162723357877,342.35743274971173,340.1344584521365,340.4586486816406,46201400
2020-12-24,340.9310482842166,341.8109892466204,340.3475397301883,341.783203125,26457900
2020-12-28,344.32102448513956,345.1083354553599,343.7004584764433,344.7193298339844,39000400
2020-12-29,346.23841072844647,346.4143989143609,343.4782002616362,344.0617370605469,53680500
2020-12-30,344.87689416495385,345.5808470308338,344.16369810171034,344.5527038574219,49455300
2020-12-31,344.3581702862446,347.02575115427703,343.8487486102848,346.30328369140625,78520700
2021-01-04,347.62786295472756,347.7575503953375,337.9115939735837,341.5887756347656,110210800
2021-01-05,340.94951162161084,345.02496868564185,340.90318258528833,343.9412536621094,66426200
2021-01-06,342.4407940338875,349.1745889500728,341.89431484994884,345.99755859375,107997700
2021-01-07,348.3594891696927,351.87919612243684,348.1835009953903,351.1382141113281,68766800
2021-01-08,352.5183216455743,353.3519335138123,349.28574719059816,353.138916015625,71677200
2021-01-11,349.9804746734245,352.5090967320955,349.86005871507695,350.7585144042969,51034700
2021-01-12,350.94375332137713,351.8421806908139,348.60033453721564,350.83258056640625,52547700
2021-01-13,350.7585330833306,352.7684620951219,349.98049331102504,351.77740478515625,45303600
2021-01-14,352.51834010082484,353.01851855461456,350.2120072157381,350.5454406738281,49989100
2021-01-15,348.9337700181384,349.7303243022452,346.13653029489757,347.989013671875,107160000
2021-01-19,350.43436384879664,351.2587327237774,348.9616425912402,350.72149658203125,51233300
2021-01-20,352.99988113766415,356.4084713078781,352.61087554068865,355.5748596191406,61836100
2021-01-21,356.1307303912218,356.55682200681423,354.98219950859266,355.899169921875,47840100
2021-01-22,354.0559284746663,355.79726758341997,353.676165944212,354.63946533203125,52860500
2021-01-25,355.3711907354322,356.3900340645269,350.5454507834374,356.0380859375,70402000
2021-01-26,356.98289873234944,357.3904474350038,355.2508308793983,355.4823913574219,42665300
2021-01-27,352.1756209612476,352.268250784751,344.57118450473314,346.7941589355469,123351100
2021-01-28,348.6003576792307,353.7595313987344,348.1650511599813,349.7767028808594,94198100
2021-01-29,347.92419387265943,348.8874932095309,341.1070398783729,342.7742919921875,126765100
2021-02-01,346.155134700123,349.50812595911594,343.06149005048155,348.4800109863281,75817600
2021-02-02,351.64761731879656,354.9543066103931,348.56324523222656,353.407470703125,64450700
2021-02-03,354.2318734911407,355.3989470635839,352.4164476969592,353.6853942871094,52427100
2021-02-04,354.7136116064699,357.75168409192344,353.7966411152287,357.70538330078125,47142600
2021-02-05,359.5670979432602,359.8171730670878,357.6590419911168,359.11322021484375,48669800
2021-02-08,360.558136499525,361.7529963401308,359.7060098700413,361.7066955566406,38365200
2021-02-09,360.872951126553,362.0585674281345,360.4654308561949,361.46575927734375,35551100
2021-02-10,363.197890590525,363.34609265440474,358.9186584626159,361.308349609375,59154400
2021-02-11,362.3828137358075,362.79963383055735,359.4744293353658,361.89190673828125,42913300
2021-02-12,361.09531279474186,363.920338519712,361.0211976334396,363.6795349121094,50593300
2021-02-16,364.90221935362916,365.09675048774824,362.6514585158837,363.3646545410156,50972400
2021-02-17,361.623240019323,363.69801205535305,360.6136118506184,363.44793701171875,52290600
2021-02-18,360.8545263633819,362.6421661884554,359.14097344228867,361.90118408203125,59712800
2021-02-19,363.1516568082577,363.43878952666716,360.8175092048532,361.2621154785156,83241000
2021-02-22,358.5110930037713,360.88226938109636,358.21468888994264,358.4833068847656,67414200
2021-02-23,356.2881475310484,360.2617324705037,352.157117326697,358.9186706542969,107284100
2021-02-24,357.83496090759934,363.2998098164091,356.85314691923423,362.87371826171875,72433900
2021-02-25,361.6139919181929,362.9755682214557,352.6942806525989,354.12994384765625,146670500
2021-02-26,356.0009599735621,357.14021903605783,350.33236597810503,352.30523681640625,152701600
2021-03-01,357.1495498565867,362.0864341700933,352.49982648838284,360.8452453613281,105348800
2021-03-02,361.0675208946455,361.2990813033666,357.5292710653906,358.0294494628906,79595300
2021-03-03,357.33490440957667,358.29817572494994,353.185330127984,353.2872314453125,119940200
2021-03-04,353.1018857931817,355.67683676199033,344.45079112435485,348.915283203125,183433000
2021-03-05,352.397907830953,356.38076408471085,345.15471924913305,355.3341064453125,152039600
2021-03-08,356.2881862042194,359.08542635862597,353.28717171626954,353.5650329589844,123149200
2021-03-09,357.39039119381505,361.15093050380403,356.89021272533046,358.613037109375,113633600
2021-03-10,360.94714665159455,362.53101211553303,359.53926937994413,360.8452453613281,109899400
2021-03-11,363.29986414326305,366.46759555552194,362.8459863990173,364.50396728515625,86245000
2021-03-12,363.15153929676364,365.13368155879493,362.3457136531662,364.9947509765625,64653600
2021-03-15,365.24484933515953,367.4307942795085,363.1145048939015,367.17144775390625,73427200
2021-03-16,367.7828178436457,368.48674235114737,365.9395775428918,366.7083740234375,73722500
2021-03-17,365.43015115301284,368.75535559488856,364.2908636411773,367.95880126953125,97959300
2021-03-18,365.3838583264933,367.458630815987,361.92896639831395,362.6051330566406,115349100
2021-03-19,362.3058475032764,363.8763249813413,359.76891580196445,361.93414306640625,113624500
2021-03-22,362.4453063598302,366.1995871570597,362.3895521009953,364.8242492675781,73778600
2021-03-23,364.19231584732245,365.6326813357805,361.172170876682,361.9527587890625,90686600
2021-03-24,363.3467123632342,364.97294445181643,360.0663710560635,360.1128234863281,97588600
2021-03-25,358.6816752192018,362.92844160622286,356.7487667963971,362.1385803222656,116128600
2021-03-26,363.28162946554033,368.3740689250356,362.6869079495488,367.9744873046875,114409100
2021-03-29,366.50620018848747,368.69000297943103,365.02865575356833,367.7886047363281,108107600
2021-03-30,366.52485411067954,367.4820067384965,365.22384572711366,366.81292724609375,76262200
2021-03-31,367.3798004306039,369.85167684984475,367.35192329787424,368.2997741699219,112734200
2021-04-01,370.22331734295256,372.3327906716872,370.01887561856495,372.2770080566406,99682900
2021-04-05,374.92549847279105,378.1593875358287,374.85116890824196,377.6203918457031,91684800
2021-04-06,377.0627523386487,378.4380616237521,376.7281984860348,377.39727783203125,62021000
2021-04-07,377.2299916608795,378.1778421925037,376.77465587008396,377.8340148925781,55836300
2021-04-08,379.0792639385405,379.6832872078952,378.1499886443853,379.6275329589844,57863100
2021-04-09,379.50675096516443,382.5547727954049,379.3859406394559,382.3874816894531,61104600
2021-04-12,381.7928724180384,382.7964775524493,381.1888489712664,382.5270080566406,56704900
2021-04-13,382.42472067416116,384.2832715540899,382.04371434066746,383.66064453125,56551000
2021-04-14,383.6327179168514,384.68280356603617,381.81134623004976,382.350341796875,61659900
2021-04-15,384.47840249341357,386.7272614837685,384.43195006619254,386.457763671875,60229800
2021-04-16,387.7402098886137,388.35353513360724,386.3277213105681,387.74951171875,82037300
2021-04-19,386.82029992723244,387.2663340994452,384.5249878852446,385.84454345703125,78498500
2021-04-20,384.63636975752553,385.7329078820872,381.55116873929074,383.0194396972656,81851800
2021-04-21,382.40615242461456,386.84808797516496,382.2667384186611,386.6436462402344,66793000
2021-04-22,386.47636655189376,387.303406925715,382.05300649472724,383.11236572265625,97582800
2021-04-23,383.66997419307154,388.6694809602353,383.5956446305461,387.2662658691406,73209200
2021-04-26,387.91677659109115,388.6416103646639,387.3313284741211,388.0747375488281,52182400
2021-04-27,388.3720952177508,388.567263487537,386.85737164526927,387.9910888671875,51303100
2021-04-28,388.26049234195517,389.3756339925639,387.41484845610245,387.8794860839844,51238900
2021-04-29,390.5930305834243,390.96473505982385,386.9874376079578,390.3514099121094,78544300
2021-04-30,388.0933284049745,388.93897250611576,386.89455507926465,387.7866516113281,85527000
2021-05-03,389.76600704578584,390.1470133949862,388.1305014883067,388.6230163574219,68128300
2021-05-04,386.6436491697438,387.13616403136706,382.55484279938787,386.2254638671875,101591200
2021-05-05,387.8609452628347,388.0932640974251,385.7886510489646,386.3462219238281,60162200
2021-05-06,386.42058587094186,389.56154133168053,384.4226493874601,389.43145751953125,74321400
2021-05-07,390.1934809738354,392.9162512267745,389.5150996883385,392.2657470703125,67733800
2021-05-10,392.61884104470386,392.8418580569698,388.2605373215281,388.38134765625,81852400
2021-05-11,383.8836181645365,385.9001296111552,381.0586134145165,384.91510009765625,116888000
2021-05-12,382.1460004528248,383.40980160762746,375.4273279147275,376.73760986328125,134811000
2021-05-13,378.2802169243702,383.1867908493856,378.2337361298547,381.26318359375,106394000
2021-05-14,383.98593025886146,387.9632283561021,383.95805312758887,387.1175842285156,82201600
2021-05-17,386.0117253429356,386.94100075093894,384.12526903982337,386.13250732421875,65129200
2021-05-18,386.39271466558824,386.6343353537289,382.6477357955868,382.80572509765625,59810200
2021-05-19,378.1407743642917,381.9786581081242,376.66320145918377,381.8020935058594,106467100
2021-05-20,382.6755962796749,387.1640123182548,382.5548143000937,385.90948486328125,78022200
2021-05-21,387.3869697719797,388.62292173833475,385.1381395432608,385.5934753417969,76578700
2021-05-24,387.82376329020775,390.59301398629543,387.5821426291598,389.52435302734375,51376700
2021-05-25,390.6022772028169,390.9554063568541,388.08394906214374,388.66009521484375,57451400
2021-05-26,389.2455910916205,389.93324582826676,388.2141089866511,389.43145751953125,43088600
2021-05-27,390.4537534189225,390.96484367105006,389.3571866239486,389.635986328125,56707700
2021-05-28,391.19704397355315,391.4572399363522,390.10050587027376,390.33282470703125,58520200
2021-06-01,392.68393734755085,392.8233229944938,389.5522835895408,389.9890441894531,54216600
2021-06-02,390.63953491738175,391.43872658911135,389.6359298618181,390.60235595703125,49097100
2021-06-03,388.2977314392226,390.2863660477926,386.8387622554671,389.15264892578125,58138800
2021-06-04,390.99259643637595,393.0091363874435,389.2176771468902,392.7117614746094,55938800
2021-06-07,392.7025150607527,392.87907966771104,391.4015350825624,392.330810546875,51555000
2021-06-08,393.18565368713985,393.2785868878319,390.5929960509878,392.41436767578125,47134300
2021-06-09,393.2508310227257,393.3251889499002,391.6060234643003,391.82904052734375,48436300
2021-06-10,393.0463062654877,394.5982086261025,391.7360245783089,393.65032958984375,51020100
2021-06-11,394.1986661133654,394.4123813217684,392.91626142600035,394.3008728027344,45570800
2021-06-14,394.41237080126155,395.2858919893771,393.1764469359521,395.1836853027344,42358500
2021-06-15,395.33232234621505,395.3694729406718,393.5852801928474,394.45880126953125,51508500
2021-06-16,394.59826214861766,394.82127919481803,390.2213824615084,392.2564697265625,80386100
2021-06-17,391.84757149634856,393.1020706024834,389.66376862836967,392.1263427734375,90949700
2021-06-18,388.85947347394546,389.54937784816065,386.63125419537954,386.83636474609375,118676300
2021-06-21,388.5890993413175,392.5607725814609,387.7779893870937,392.3742980957031,72822000
2021-06-22,392.3650319575485,395.3018204521082,391.64713072526837,394.4720458984375,57700300
2021-06-23,394.5466142661028,395.3483919707271,393.9126465296074,393.9965515136719,49445400
2021-06-24,396.13158375367453,396.74688700384473,395.879840335682,396.3273620605469,45110300
2021-06-25,397.0732323076562,398.1826902147583,396.74691613756454,397.73516845703125,58129500
2021-06-28,398.2573039797839,398.70479729962966,397.0639410401673,398.5369873046875,53159600
2021-06-29,398.91915273160606,399.5531204304721,398.21991612055984,398.7513427734375,35970500
2021-06-30,398.29450122342985,399.7582434032112,398.26653289619884,399.08697509765625,64827900
2021-07-01,399.84219026940974,401.45510651405067,399.77692134836326,401.2966003417969,53441000
2021-07-02,402.4526865249136,404.7182065985421,401.3805008260889,404.3639221191406,57697700
2021-07-06,404.41994604316864,404.63438891960817,400.905125724613,403.6274719238281,68710400
2021-07-07,404.3079918986779,405.33354476274883,402.303519022366,405.0538330078125,63549500
2021-07-08,399.75834018924974,402.5086829915684,398.5836132571109,401.7535095214844,97595200
2021-07-09,403.25449948236826,406.3404621035636,401.55767811817753,406.0421142578125,76238600
2021-07-12,405.95820582921755,407.74826443657537,405.529348587086,407.49652099609375,52889600
2021-07-13,406.7133908705391,408.2051016773012,405.8463441001398,406.1073913574219,52911300
2021-07-14,407.7948684980379,408.2796908558834,405.47341158364054,406.71337890625,64130400
2021-07-15,405.3801248896569,406.0513932284904,403.4315887906017,405.3241882324219,55126400
2021-07-16,406.4989460325066,406.54555043309637,401.7534629006535,402.14501953125,75874700
2021-07-19,397.34351115564345,402.21019878648735,393.4091389448692,396.2060852050781,147987000
2021-07-20,396.86807940233047,403.15190560272424,396.0756054886236,401.8839416503906,99608200
2021-07-21,403.0773163550678,405.2775959293525,401.83734914667167,405.1377258300781,64724400
2021-07-22,405.31487664645783,406.2285561812566,404.33595664289896,405.98614501953125,47878500
2021-07-23,407.9067170456665,410.49855331355985,407.2261448569842,410.1629333496094,63766600
2021-07-26,409.57557855601476,411.1791625832427,409.5289741551596,411.1698303222656,43719200
2021-07-27,410.1349768235407,410.16294515467484,406.48028699392114,409.2958984375,67397100
2021-07-28,409.9204951499821,410.49852624000596,407.7109118436593,409.1280212402344,52472400
2021-07-29,410.0510501972417,411.8970168587412,410.0417179366842,410.8248596191406,47435300
2021-07-30,408.27037783028055,410.27485092545965,408.13983997332065,408.82977294921875,68951200
2021-08-02,410.535883503272,411.08594634074757,407.6177308698033,407.9720153808594,58783300
2021-08-03,408.7644786802241,411.4122517302362,406.5828634584257,411.2910461425781,58053900
2021-08-04,410.0138466398428,411.263146413609,409.03492641810703,409.26800537109375,46732200
2021-08-05,410.4239672459952,411.9436461991985,410.10698336189347,411.8597412109375,38969700
2021-08-06,412.17675592861804,412.9598976629853,411.89704416147674,412.54034423828125,46930000
2021-08-09,412.51236355148603,412.8293474498061,411.44020627292963,412.2047119140625,41222600
2021-08-10,412.6521993404,413.42603723143196,411.9716271529787,412.71746826171875,43339300
2021-08-11,413.78025102412187,413.8361876751202,412.6614611001366,413.7429504394531,44034300
2021-08-12,413.5937692609341,415.1227802332894,412.6987544087312,414.98291015625,38909400
2021-08-13,415.43047911757316,415.75679524781077,414.94568527825686,415.7381591796875,39470300
2021-08-16,414.44228007699377,416.8476419659867,412.8946326638833,416.7171325683594,73740000
2021-08-17,414.17191970261024,414.84318814832017,411.0113842575715,413.9854736328125,92673900
2021-08-18,412.9785282041807,414.53550784290934,409.2119935015114,409.4543762207031,89351900
2021-08-19,406.74133861748237,411.28173973529556,406.6014969603048,410.0883483886719,92812200
2021-08-20,410.4332861309736,413.67772604605483,409.948463834136,413.3514099121094,72008700
2021-08-23,415.02955857787043,417.8917739029661,413.42597482930967,416.9874267578125,54973000
2021-08-24,417.64947509765625,418.18090188764904,417.1367128313938,417.64947509765625,38744700
2021-08-25,417.8359438685796,419.03861064787276,417.4629948233235,418.5258483886719,40529700
2021-08-26,418.2461560731721,418.4792350112977,415.96199955075224,416.05523681640625,57829600
2021-08-27,416.8569028569734,420.1479754421771,416.8009662029935,419.7750549316406,77235100
2021-08-30,420.4462756924888,422.40414371644755,420.20386458464395,421.6210021972656,48357400
2021-08-31,421.5278867191652,421.8635067020357,420.3997927296068,420.9964599609375,59300200
2021-09-01,421.92881443747484,422.44157672025335,420.9871664233345,421.2202453613281,48721400
2021-09-02,422.63728833645627,423.3178604728421,421.32272000796826,422.5160827636719,42501000
2021-09-03,421.3880801796311,422.92639546669517,420.98716278621146,422.4136047363281,47170500
2021-09-07,422.0685927572297,422.161830008836,420.23192986344264,420.9031982421875,51671500
2021-09-08,420.3718058247561,421.09901087419547,418.47917779201987,420.39044189453125,56181900
2021-09-09,420.1946484083509,421.9380740118784,418.34865329472603,418.591064453125,57970400
2021-09-10,420.51159139066226,420.93111629475897,415.169413329075,415.2906188964844,89948200
2021-09-13,418.2740200886309,418.53506727838766,414.0506037564788,416.3534240722656,83738600
2021-09-14,417.7892579298286,417.9943684978522,413.2209172260456,414.10662841796875,78197100
2021-09-15,414.52613294221675,418.0596168232787,413.4260074279271,417.56549072265625,78792200
2021-09-16,417.04340609771833,418.01299380157405,413.9667476565997,416.903564453125,77786700
2021-09-17,416.13472017341735,416.55558909091354,412.4870182961472,412.8424377441406,118425000
2021-09-20,406.74432982392835,408.31563107334745,401.1137908654286,405.95867919921875,166445500
2021-09-21,408.2875666376567,409.5782885516768,405.05142823770416,405.5751953125,92526100
2021-09-22,407.83862947573203,411.5611435713708,405.68744521806696,409.5315246582031,102350100
2021-09-23,411.39280997305156,416.1067425610066,411.15898434825647,414.5073547363281,76396000
2021-09-24,412.8799566078013,415.9009940953473,412.6648267475049,415.1901550292969,62094800
2021-09-27,414.1612437208706,415.32100953578424,413.31011513170654,414.00225830078125,61371100
2021-09-28,411.2431812029925,411.57054280469146,404.9298889795922,405.659423828125,130436300
2021-09-29,407.0342471994263,408.7645623202573,405.78094542874345,406.3421325683594,82329200
2021-09-30,407.81055870084094,408.5120355292715,401.0389781842043,401.3757019042969,140506000
2021-10-01,403.0965943208825,407.81985950445574,399.5892107063991,406.1456604003906,129240100
2021-10-04,404.9858938081727,405.8837760194499,398.7754728675334,400.9079895019531,128570000
2021-10-05,402.40448811569496,407.3148256262935,401.6095039247003,405.0794677734375,90682500
2021-10-06,401.49724350728303,406.96876815418193,399.8791886529931,406.76300048828125,113032200
2021-10-07,410.0272942635366,413.10441906944726,409.8495844974605,410.2798156738281,72437500
2021-10-08,411.04673863158837,411.4302160683865,408.90488798924395,409.5315246582031,74557400
2021-10-11,408.8768487322521,411.77629222213716,406.5011723645591,406.566650390625,65233300
2021-10-12,407.48321348221907,407.8853866681187,404.78017581687527,405.5658264160156,71181200
2021-10-13,406.58527857778154,407.8385803077712,403.6203860978582,407.0248718261719,72974000
2021-10-14,410.6725909235282,414.0209897091665,410.20493969427326,413.871337890625,70236800
2021-10-15,415.975750769938,417.388066556168,415.3584477483374,417.0232849121094,66260200
2021-10-18,415.24619873026535,418.5945686911891,414.5914756470946,418.25787353515625,62213200
2021-10-19,419.87601973520236,421.55019069451413,419.26805026281613,421.4847412109375,46996800
2021-10-20,421.94295086059634,423.439440319079,421.83071914626356,423.14013671875,49571600
2021-10-21,422.5416389277919,424.4683599711614,422.11140773039466,424.243896484375,41305400
2021-10-22,423.8135918943795,425.2539656192229,421.86814686856104,423.8042297363281,58845100
2021-10-25,424.88926337758664,426.4044490205088,423.1215563085675,426.07708740234375,45214500
2021-10-26,427.6203353375782,428.826855070524,426.0864254618151,426.4605407714844,56075100
2021-10-27,426.91878511269175,427.58284181405264,424.496326817205,424.5711669921875,72438000
2021-10-28,425.9928060452543,428.7425972745419,425.9834724309799,428.66778564453125,51437900
2021-10-29,426.3763620737021,429.8276307113878,426.0864205712987,429.5376892089844,70162400
2021-11-01,430.5196789876019,430.893822778383,428.55556680181957,430.2765197753906,48433600
2021-11-02,430.4449035360186,432.3248706330071,430.3139474896051,432.0162048339844,48908400
2021-11-03,431.4550612665384,435.0559818458261,431.0154679198227,434.65380859375,52509800
2021-11-04,435.2523210060828,436.7862306774894,434.90626367716334,436.7020568847656,52847100
2021-11-05,438.91873147438207,440.20009126070624,436.71143139873345,438.2172546386719,66390600
2021-11-08,439.3116013484249,439.8073105381087,437.908647580282,438.5914001464844,50405200
2021-11-09,438.9561516297501,439.1899772416883,435.7387089260269,437.14166259765625,51149100
2021-11-10,435.45815451293214,437.14171625142313,432.1472039925876,433.6249694824219,69429700
2021-11-11,435.1120049244367,435.18684509775545,433.74647146457994,433.7651672363281,34848500
2021-11-12,435.02789318029676,437.59061289028136,434.08322852376944,437.0387878417969,53466700
2021-11-15,438.32015203819657,438.4791374698599,436.06606971793025,437.18841552734375,46980500
2021-11-16,436.92653290815355,440.0504396595338,436.8517212713006,438.9187316894531,48857500
2021-11-17,438.65685496204304,438.83456471339144,437.23520549442225,437.8525085449219,47858300
2021-11-18,438.88131251708705,439.6015136712342,436.16894112064045,439.3396301269531,50625600
2021-11-19,439.2273759676528,440.4713442276694,438.1892039343977,438.5539855957031,57315600
2021-11-22,440.42460812441726,442.90315404190204,437.11362928083673,437.31939697265625,72762000
2021-11-23,436.9919864914119,438.7503595623578,434.4012091306797,437.89923095703125,73206500
2021-11-24,435.9070933030563,439.1900143055321,435.09338467174774,439.06842041015625,61858800
2021-11-26,432.4277829370123,433.88685264976294,428.153443379823,429.27581787109375,112669600
2021-11-29,434.0457642896097,436.3746579851634,431.85716023659006,434.5414733886719,86268800
2021-11-30,432.10980741288563,434.00847057645785,425.8432684855171,426.0864562988281,148559600
2021-12-01,431.77301163649753,434.6069767536424,421.1573237370427,421.3537292480469,131939200
2021-12-02,421.5689512061459,429.3693714655688,421.17611155512066,427.8074035644531,127637800
2021-12-03,429.46279691605116,430.5196646058951,419.875947732394,424.0848083496094,137331600
2021-12-06,426.6194228943874,430.97793483557314,424.2156892444289,429.1073303222656,98977500
2021-12-07,434.36381305031244,438.5446161321875,428.976461819127,437.9834289550781,95484700
2021-12-08,438.376262173592,439.592143920361,436.6272226459906,439.1431884765625,72238800
2021-12-09,437.8618472439546,439.24610518022257,435.9819086816433,436.1783142089844,61272600
2021-12-10,438.871953514165,440.43389253118346,436.32792985552976,440.28424072265625,77159800
2021-12-13,439.7698539667308,440.1159113005939,436.10345586445044,436.3840637207031,87724700
2021-12-14,433.12928398974293,435.6078302076232,430.473027991791,433.3818054199219,97264100
2021-12-15,433.43791595601033,440.3965405988758,430.93128345420837,440.15338134765625,116899300
2021-12-16,441.9958662441794,442.2764455495963,434.72854825907325,436.2718200683594,116568600
2021-12-17,433.2054531879676,436.19955239682724,429.9297889238789,431.6286315917969,135511600
2021-12-20,426.5697072198734,427.4331925902882,423.4348251006853,427.03900146484375,107134800
2021-12-21,430.4459816424699,434.7634937029002,428.28723993397614,434.6227111816406,69806300
2021-12-22,434.3693066437573,439.08100980710736,434.1721824687357,438.9683837890625,58890200
2021-12-23,439.96334315913737,443.1920897716103,439.86011217679714,441.6997375488281,56439700
2021-12-27,443.0699825475692,447.9975710329418,443.0230645907993,447.9506530761719,56808600
2021-12-28,448.3824616482978,449.4055195900255,446.8244014321464,447.58465576171875,47274600
2021-12-29,447.6879323342068,449.17088949249677,446.69303086170095,448.1572265625,54503000
2021-12-30,448.5795345178264,449.5838309519996,446.45834427104364,446.9182434082031,55329000
2021-12-31,446.43022358419387,447.57527399414477,445.5197916430219,445.7919616699219,65237400
2022-01-03,447.04960339482227,448.5044324704969,444.750079206989,448.3730163574219,72668200
2022-01-04,449.79032507237594,450.50366140781244,446.3738496168056,448.2228698730469,71178700
2022-01-05,447.8568326219161,448.62648196413437,439.5221632658069,439.61602783203125,104538900
2022-01-06,439.15611548728646,441.9061724699496,436.8471675300687,439.2030334472656,86858900
2022-01-07,439.21246416672096,440.3856996959157,436.11510518357954,437.4666748046875,85111600
2022-01-10,434.2848710913376,437.13815924974546,428.55947603097115,436.92230224609375,119362000
2022-01-11,436.65944664953486,440.995720027767,433.67471407606854,440.90185546875,74303100
2022-01-12,442.628843747025,444.1399857731622,440.1415905324824,442.0938415527344,67605400
2022-01-13,443.1920625646944,443.8396908575435,434.9794139965531,436.0024719238281,91173100
2022-01-14,432.8676309216029,436.5281203286654,431.6568437411503,436.18084716796875,95890900
2022-01-18,431.5066502940451,431.71314090139424,427.3487102823898,428.45623779296875,109709100
2022-01-19,429.9954301530262,431.38452240085,423.7350340593044,424.0072326660156,109357600
2022-01-20,425.8844802762519,430.5680271579056,417.2025377031272,419.3143615722656,122379700
2022-01-21,418.1974651021742,420.5439362137734,411.0548207873205,411.0829772949219,202271200
2022-01-24,405.4983919140663,413.3356116835618,394.92050974188936,412.8287658691406,251783900
2022-01-25,406.4651304888225,412.7161332894427,400.9180690579554,407.7885437011719,167997300
2022-01-26,413.65470828881433,416.77082885836546,402.5230342303155,406.7654724121094,186391100
2022-01-27,411.34574456850135,414.4712312098772,403.0767833933203,404.7568359375,149878300
2022-01-28,406.10844039096463,414.85609154872685,401.5469143096676,414.8091735839844,164457400
2022-01-31,414.1427300497246,422.62757707476004,412.800555532894,422.2803039550781,152251400
2022-02-01,423.0030224285111,425.77186972605006,419.49271090214194,425.1336364746094,123155400
2022-02-02,427.5269726075797,429.98606938188885,425.2274198046737,429.26336669921875,117361000
2022-02-03,423.2564492415284,425.15238749253155,418.33822656188164,419.173583984375,118024400
2022-02-04,418.9389039958587,424.97402004258834,416.5736430884237,421.14459228515625,118454400
2022-02-07,421.90488421960123,423.293976730891,418.46964721095105,419.7930603027344,84472900
2022-02-08,419.295621029324,424.16689728857614,417.87834332944396,423.2470703125,81012000
2022-02-09,427.2642403570165,429.7608891004601,427.06714480037397,429.4417724609375,92589900
2022-02-10,423.6224701723359,429.6012734878491,419.7367292271085,421.7265319824219,140103700
2022-02-11,421.81105342594435,423.87593090171083,411.9840308668378,413.4106750488281,153214600
2022-02-14,412.9038345326054,414.4806562198295,408.6050834849175,412.05908203125,123006300
2022-02-15,416.4798044209463,418.8731931731084,415.96356366027453,418.7042541503906,88482700
2022-02-16,416.66754036033973,420.5439150243388,414.79975861551924,419.173583984375,84863600
2022-02-17,416.00115999955716,419.1454369302685,409.6187702110395,410.2194519042969,102259100
2022-02-18,410.4728026773066,411.7211411385126,405.30120069692,407.5632019042969,132642900
2022-02-22,405.36698523466555,408.75527583891903,399.70726930226397,403.189453125,124391800
2022-02-23,406.0895951215039,406.65275379941437,395.4741643201364,396.0373229980469,132578000
2022-02-24,385.778687226872,402.4292689503762,385.4220476090477,401.99749755859375,213942900
2022-02-25,403.22694222886923,410.9515349471028,401.58441255553527,410.8670654296875,121804500
2022-02-28,405.49831437664733,411.2894169660434,404.2500045029786,409.8158264160156,145615000
2022-03-01,408.32347338837735,410.32267110583143,400.88044619372215,403.57421875,137785900
2022-03-02,405.8174178662053,412.7160475859228,405.06655868510256,410.9984436035156,117726500
2022-03-03,413.4199905086059,414.0206721272684,407.15959393144027,408.9523010253906,105501700
2022-03-04,405.2355714996603,406.7560802365222,401.60323870750193,405.6297912597656,113978200
2022-03-07,405.04780577504613,405.75174706324987,393.60641107929933,393.672119140625,137896600
2022-03-08,393.85050819594045,400.9743915896494,389.6268598772116,390.6874694824219,164772700
2022-03-09,399.03152381738494,403.1331509298736,396.85399164926844,401.162109375,116990800
2022-03-10,396.57240437767916,400.2422888653408,394.62015289257846,399.35064697265625,93972700
2022-03-11,401.82845214023683,402.4385288577548,393.76598140373204,394.2728271484375,95636300
2022-03-14,395.04251079882187,398.4777193572372,390.2557039226716,391.3913879394531,95729200
2022-03-15,393.99124132149103,400.62706816648796,392.72416989957503,399.99822998046875,106219100
2022-03-16,403.48976588827804,408.92417189713063,398.7123259052682,408.86785888671875,144954800
2022-03-17,406.96253340051334,413.9831848144531,406.587103776138,413.9831848144531,102676900
2022-03-18,412.3787985896776,418.83750296780573,411.6444265360067,418.51739501953125,106345500
2022-03-21,418.34795760108,420.34394183547073,414.9020489062175,418.3950500488281,88349800
2022-03-22,419.7791328769629,424.2230347401064,419.7791328769629,423.29095458984375,74650400
2022-03-23,420.76766221116077,422.25522626407883,417.754837158317,417.8395690917969,79426100
2022-03-24,419.8543513228499,424.1476078293655,418.7433833523975,424.13818359375,64736900
2022-03-25,424.76900301684685,426.48254741421493,422.1986864207948,426.2095031738281,77101300
2022-03-28,425.61638352750333,429.2411804199219,423.73337514000565,429.2411804199219,68529800
2022-03-29,433.11070836365906,435.0408090198134,430.43684015134215,434.55120849609375,86581500
2022-03-30,433.41200225218296,434.22171073456144,429.7683859125433,431.8679504394531,79666900
2022-03-31,431.1053791315065,431.9244832020018,424.7690454159792,425.2209777832031,121699900
2022-04-01,426.7932886594718,426.9345085502842,422.86723203273846,426.4261169433594,89048800
2022-04-04,426.6237972828837,430.1826819640368,425.80469323655575,430.0791015625,59601000
2022-04-05,428.59154184820875,431.0488540116193,423.5074249292268,424.6466369628906,74214500
2022-04-06,420.7488628977492,422.66951094806757,417.52890560703577,420.4004821777344,106898000
2022-04-07,419.5248225851807,424.32649940320846,417.5853263725242,422.518798828125,78097200
2022-04-08,421.7656951059346,424.27010006715244,419.8544424687462,421.38909912109375,79272700
2022-04-11,418.131430249241,418.9693828064198,413.6875578619317,414.1865539550781,89770500
2022-04-12,417.16163958908623,419.67546827237953,411.1077748954318,412.65185546875,84363600
2022-04-13,412.40712386848077,418.13145732147433,412.22823575440935,417.3782653808594,74070400
2022-04-14,417.6041663493815,418.7151631152427,412.0775414258065,412.1811218261719,97869500
2022-04-18,411.2584680800119,414.02649286644555,410.1286514899628,412.3506164550781,66002500
2022-04-19,412.2469673182449,419.7225120961973,412.07750347771895,419.0069885253906,77821000
2022-04-20,420.77712586227426,421.38909792746114,417.53834868343984,418.6963806152344,65224400
2022-04-21,422.30230774795746,423.68632009037725,411.53149725254485,412.4353332519531,85417300
2022-04-22,411.3526468930056,412.45419083312686,400.55359142974106,401.1184997558594,132471800
2022-04-25,398.8871230668873,403.6134641154083,394.33964139419555,403.4440002441406,119647700
2022-04-26,400.9206423437203,401.1183788743518,391.7315826889835,391.75982666015625,103996300
2022-04-27,392.83329776454593,398.18106474434353,390.7337612819631,392.8615417480469,122030000
2022-04-28,397.58784935923745,404.5079115448034,393.1721919995158,402.7849426269531,105449100
2022-04-29,398.81181190653876,400.95844060924014,387.1559838147255,387.8997802734375,145491100
2022-05-02,387.96565155346553,391.5904485536996,381.328029550651,390.23468017578125,158312500
2022-05-03,390.73370329446914,394.42438400889665,389.1801982351646,392.0235595703125,100028200
2022-05-04,392.6825316045225,404.52666970154934,389.50966726982307,403.9617614746094,144247900
2022-05-05,399.71553462868525,400.13922294595034,385.4894221644525,389.6037902832031,172929100
2022-05-06,387.0523380071947,390.53588590849546,381.99646562982656,387.2782897949219,151770800
2022-05-09,381.40337111087143,382.63673935937004,373.30642894835574,374.8787536621094,155586100
2022-05-10,380.829020441603,382.32600865511546,371.72469101869683,375.7449035644531,132497200
2022-05-11,374.78456583577383,380.4053467898081,369.03196050848914,369.7757568359375,142361000
2022-05-12,366.5935320489902,372.647397923669,362.62038267397736,369.3898010253906,125090800
2022-05-13,373.50412408755506,379.59565742635624,372.46846371843355,378.2210693359375,104174400
2022-05-16,376.58291071803427,380.3395037850034,374.34212582460293,376.68646240234375,78622400
2022-05-17,382.74975778186996,384.67043467849845,379.0308041498714,384.43505859375,83029700
2022-05-18,379.8969587790726,380.17939855656863,367.7044674442447,368.9378356933594,117674500
2022-05-19,365.88736256542336,371.0844842086102,364.4656820097794,366.67822265625,98510700
2022-05-20,370.24655877361363,373.8054438090952,358.2800473984459,366.83831787109375,131432200
2022-05-23,369.851096171746,374.46448991142154,367.5444280343373,373.7018737792969,76414900
2022-05-24,369.59693477146396,372.03542752036105,364.3245048157043,370.8491516113281,91448800
2022-05-25,369.36150985252755,376.08386362206704,368.966094179277,374.1255187988281,91472900
2022-05-26,375.34953113826674,383.2299175155968,375.1423990434027,381.6011047363281,82168300
2022-05-27,384.04902332628,391.082061612425,383.8513154679152,390.9690856933594,84768700
2022-05-31,389.3590270440363,392.0988075494602,386.0449428026529,388.7752990722656,95937000
2022-06-01,390.8843163808003,391.89170405110434,383.1263021350257,385.6307067871094,86585800
2022-06-02,385.47063713429924,393.02148998349895,383.229852686857,392.97442626953125,79609600
2022-06-03,388.27626921202693,389.82034966443405,385.55533741518093,386.52508544921875,71874300
2022-06-06,390.517176236762,392.2401165686381,386.53460246104265,387.70208740234375,57508900
2022-06-07,384.22785213796186,391.8728612940174,383.7664955630781,391.4209289550781,59272400
2022-06-08,389.7168432014017,391.4963000067229,386.3745146420819,387.1653747558594,64350000
2022-06-09,385.3953983656172,387.65500312470635,377.95751953125,377.95751953125,86289800
2022-06-10,371.78124073607813,372.6285889009698,366.95131884403355,366.9983825683594,132893900
2022-06-13,357.6303263600916,359.4756662902733,351.46345746861897,353.06402587890625,170004900
2022-06-14,354.80584530354247,355.8320813809722,348.9120201197082,352.0001525878906,104011800
2022-06-15,355.2860394664343,361.4434854707774,350.352566259201,357.0184326171875,125666800
2022-06-16,348.8367975365555,349.2416375247615,342.7829025276834,345.20257568359375,134473300
2022-06-17,345.61575893672597,349.2751150795737,342.45755440518343,345.9466857910156,111113900
2022-06-21,351.6484860292675,356.035921374524,351.57282417390246,354.6553955078125,76811900
2022-06-22,350.44759870939254,358.1067313139649,350.0315450667165,354.0124206542969,90059400
2022-06-23,356.1399405915164,358.2107149131913,352.594048691356,357.4826354980469,79292100
2022-06-24,360.6408676942553,368.85788413601364,360.6125017111181,368.8484191894531,98050300
2022-06-27,369.7656112640716,370.05873603154885,366.3521130366236,367.43951416015625,66009600
2022-06-28,368.99025938902804,371.7607760766396,359.8182072157404,359.9316711425781,86548900
2022-06-29,360.480183208969,361.4635566555144,357.8231299719536,359.63861083984375,65676000
2022-06-30,355.7616996920369,359.9411371004125,352.2820045953657,356.71673583984375,112508300
2022-07-01,356.0643267434046,360.9245770809683,353.4545407189356,360.4895935058594,74839700
2022-07-05,355.42134927768956,361.1893400506747,352.60353638031745,361.17041015625,81438000
2022-07-06,361.31217177600075,364.8675284701395,358.93880785464154,362.39013671875,70426200
2022-07-07,364.15839292566767,368.61202540572873,362.4090803527021,367.8177490234375,64525900
2022-07-08,366.191374892305,369.37797430776754,364.66901900062675,367.51519775390625,72397800
2022-07-11,364.84865422697527,365.81312646509326,362.62655612996804,363.31683349609375,58366900
2022-07-12,362.76841613095786,365.14180928001315,358.36205049936086,360.1018981933594,62219200
2022-07-13,354.68376178018957,361.1325642695577,354.2677081449695,358.2107238769531,84224600
2022-07-14,353.27487695591316,358.4187870987838,350.84478066367626,357.3408508300781,89704800
2022-07-15,361.72822647198586,364.28128008136326,359.82764811140055,364.1678161621094,79060400
2022-07-18,367.2409659059459,367.91231341217645,359.94115471730987,361.16094970703125,63203600
2022-07-19,365.0661316858812,371.48656848607965,364.413714078224,370.9192199707031,78506000
2022-07-20,371.10833981504896,374.6920628374867,369.74671494258035,373.28314208984375,71843800
2022-07-21,372.70632110715457,377.1315870823754,370.3140272958178,377.0843200683594,64903900
2022-07-22,377.2073085647602,378.3987087577949,371.3731210571291,373.58575439453125,72197300
2022-07-25,374.20980770925064,374.89062013717165,371.8080487473427,374.03961181640625,53631500
2022-07-26,372.4037671603326,372.61179398374196,368.7255101067166,369.6143493652344,52946400
2022-07-27,372.89547598359957,380.9517617542331,372.602351195438,379.2119140625,82342100
2022-07-28,380.0155679818675,384.6582965028211,376.479112587322,383.9680480957031,73966600
2022-07-29,385.3958846128279,390.54925902982006,384.62997427396704,389.56585693359375,87003700
2022-08-01,386.880471670519,390.90861443486426,386.17129323209457,388.41229248046875,69997500
2022-08-02,386.85206507545166,390.520885762128,384.67726296854556,385.8497619628906,63435400
2022-08-03,387.96779427266733,393.05497119116666,387.68413449735795,391.8919372558594,67820600
2022-08-04,391.81635523733325,392.4971676933185,389.9914096457841,391.62725830078125,45656600
2022-08-05,387.36267776862576,391.608282965117,387.3059458085889,390.9653015136719,56814900
2022-08-08,392.64847494128367,394.8894742630945,389.41460845921597,390.511474609375,53886100
2022-08-09,389.78339679657284,390.2845484240548,387.89225422395475,388.96075439453125,44931800
2022-08-10,395.9863295063462,397.2723214201462,394.03845502715103,397.1304626464844,68665700
2022-08-11,399.9671764150068,401.8205168538203,396.3929182209303,397.1304626464844,59489700
2022-08-12,399.05943196261893,403.9574840933842,398.11386071622206,403.8534851074219,61694500
2022-08-15,401.6502565276743,406.0377206189218,401.59352456585145,405.51763916015625,54048300
2022-08-16,404.44920466821014,408.2314897011034,403.6454633274114,406.3119812011719,59289000
2022-08-17,402.7282650065522,406.12286241940274,401.43283697746534,403.427978515625,63563400
2022-08-18,403.62658918713464,405.2813391175966,402.34062594946187,404.6005554199219,49023200
2022-08-19,401.8488709739081,402.1136297635589,398.29351392155985,399.1634521484375,68016900
2022-08-22,394.3504638590042,394.52068860875744,389.9535634784905,390.85186767578125,77695600
2022-08-23,390.426424797038,392.80928319022877,389.3579244993357,389.9063720703125,49105200
2022-08-24,389.67939265365226,392.51610668513507,388.9986089883818,391.1545104980469,49177800
2022-08-25,392.63902771668177,396.7239027658137,391.55162646435804,396.6766357421875,50942300
2022-08-26,396.5631405668187,397.102094248587,383.1927492346699,383.2494812011719,103087000
2022-08-29,380.30871286100455,383.7505767039351,379.36314174882557,380.7153015136719,65370800
2022-08-30,381.8689548878579,382.1053477002366,374.44621480785787,376.5359191894531,85652400
2022-08-31,378.16230081283413,379.4009968343616,373.53847243354284,373.67083740234375,76029700
2022-09-01,371.5054577952036,375.1837145120207,368.8105742839667,374.84332275390625,78740100
2022-09-02,378.493270301563,379.70360038409405,369.08482453543763,370.890869140625,99632100
2022-09-06,371.7324544703169,372.66856083501824,367.2788216710287,369.491455078125,76637400
2022-09-07,369.1794089387667,376.89527448554435,368.96194600017765,376.1293640136719,70964200
2022-09-08,373.86940805077325,379.0416547769603,372.6685141668355,378.5877990722656,80821700
2022-09-09,380.8193186091283,385.32971149707004,380.5545598393792,384.46923828125,76706900
2022-09-12,386.53060660794216,389.32005328167793,386.2280168884876,388.6014099121094,69256300
2022-09-13,379.95888974243803,381.1597837204144,370.5883038747845,371.7040710449219,122947100
2022-09-14,372.9994466237355,374.6352950749649,369.8317775514849,373.12237548828125,85023700
2022-09-15,371.5716492033494,374.4083627921359,367.6191685285438,368.88623046875,87633800
2022-09-16,364.7238110432356,366.72714802798475,362.7963887663263,366.072021484375,103084800
2022-09-19,362.9388650171461,368.9109191894531,362.86289235187127,368.9109191894531,73278500
2022-09-20,365.5973646765914,366.6037852771278,361.93248003220094,364.6763916015625,77274900
2022-09-21,366.59425728558,369.63252654265,358.3055291317483,358.3150329589844,106746600
2022-09-22,357.54590716854085,359.1789716401422,354.5646322346763,355.3052062988281,89472600
2022-09-23,351.8491550778172,351.887141405295,344.92764635528243,349.35211181640625,122346900
2022-09-26,347.8900418227232,351.4979616366179,344.68087714847763,345.89617919921875,92581200
2022-09-27,349.41858073488055,351.6782893189801,342.62998013123286,345.01312255859375,108294100
2022-09-28,345.9626120741058,353.48228367645163,344.2725823827886,351.8017578125,110802200
2022-09-29,348.2697731293536,348.5545981921768,341.5191583646997,344.4529724121094,112952300
2022-09-30,343.5130058772176,347.41528324882285,338.9936171691522,339.12652587890625,153711200
2022-10-03,342.8294068400838,349.9218411560904,341.05392954790506,348.07989501953125,89756500
2022-10-04,353.57721811383504,358.8941746443229,348.04190536505,358.8656921386719,103602800
2022-10-05,354.517213813191,360.2803868520497,352.2005400048697,358.0301818847656,88065700
2022-10-06,356.6344579970455,359.57777574073987,353.8430566051313,354.3367919921875,82333500
2022-10-07,350.32060050692866,354.4222552620788,342.69647392447916,344.4529724121094,107789500
2022-10-10,345.56382461416007,345.8011884953058,339.5917702265936,341.8229675292969,76042800
2022-10-11,340.13296143778496,344.68086182889056,337.73083995304165,339.6582336425781,92482800
2022-10-12,340.0665108338142,341.6331067135325,338.2910045967103,338.5378723144531,76991800
2022-10-13,331.5593747401117,348.9344292266556,330.5149678078465,347.4722595214844,147254500
2022-10-14,349.9217782616768,351.5453678678568,338.91759358407694,339.5537414550781,123737000
2022-10-17,345.61129877486803,349.38063819195844,339.22145295922246,348.2792663574219,93168200
2022-10-18,356.16925149824414,356.4730842166548,348.94387997178285,352.3714294433594,97162900
2022-10-19,350.3396136218043,353.05507171298586,347.0734840300101,349.8743896484375,79746900
2022-10-20,349.4280591595853,353.83354599069514,346.18090904052775,346.94049072265625,88283100
2022-10-21,346.6652440334436,355.855967817592,345.1651168479461,355.37176513671875,131038400
2022-10-24,356.8908256086108,360.85003863790973,354.2513116223034,359.7201843261719,85436900
2022-10-25,359.64433986395073,365.7778156948287,359.5304098137005,365.4645080566406,78846300
2022-10-26,362.33119162480466,367.9899381098493,362.07484907907593,362.7109680175781,104087300
2022-10-27,363.7078921191661,365.54033411277726,360.15690917044486,360.7740783691406,81971800
2022-10-28,360.6696356798568,369.8318749398546,360.4892368270884,369.3571472167969,100302000
2022-10-31,366.90759418543263,368.7685188952542,365.78724362365824,366.689208984375,96631300
2022-11-01,370.42058959281826,370.65795347224923,363.9168135013934,365.0846252441406,85407600
2022-11-02,364.49591366436715,368.986848031428,355.817906580174,355.9223327636719,126990400
2022-11-03,352.69418764648026,355.28621123903116,350.1496542075025,352.2574462890625,87100100
2022-11-04,357.9446548099911,359.7201316182618,351.2984675854024,357.3275146484375,103505200
2022-11-07,358.61883592099326,361.3342937720169,356.5490298438672,360.7456359863281,68286900
2022-11-08,361.84701770864893,365.65434401980673,358.62837822141654,362.6920471191406,84641100
2022-11-09,360.72664884786775,361.8755109531058,354.72608267328593,355.2198181152344,78495500
2022-11-10,368.43626204892917,375.07297690141894,366.148099376745,374.74066162109375,141455800
2022-11-11,375.59513065911824,379.1650929237687,373.7151981734616,378.3675537109375,93839900
2022-11-14,376.61103437675337,379.9531074146063,374.87351452909996,375.14886474609375,71903500
2022-11-15,380.8740965559295,381.9754684954277,374.55071897532395,378.3485412597656,93194500
2022-11-16,376.72498240572435,377.6744379820254,374.83557508091235,375.46221923828125,68508500
2022-11-17,370.7244135980539,374.98748880867356,370.420609836842,374.3133544921875,74496300
2022-11-18,377.63640863793864,377.7028774747301,373.1739853225882,376.0128479003906,92922500
2022-11-21,374.69315056273854,375.81350115294237,372.8132181507224,374.6456604003906,51243200
2022-11-22,376.58254674649424,379.84867604647417,375.1773421488015,379.687255859375,60429000
2022-11-23,379.3548727958851,382.5640365089202,379.12701278433445,382.079833984375,68261600
2022-11-25,381.51974849658694,382.54517681766396,381.2444272220214,381.9944763183594,30545400
2022-11-28,378.91824880487053,380.55131366861434,375.13940491752146,375.89898681640625,67881600
2022-11-29,376.0318273628986,377.2186467005862,373.4208248199859,375.2532958984375,52310000
2022-11-30,375.50011084303225,387.073974609375,373.59172517191445,387.073974609375,144566700
2022-12-01,388.10894326432475,389.2767840474977,384.29214230054805,386.7892150878906,76398200
2022-12-02,381.918429921581,387.24486074159796,381.81400373691196,386.3428955078125,85342700
2022-12-05,383.5325548004845,384.4630026318405,378.04470325554814,379.3929138183594,77289800
2022-12-06,379.23149246844036,379.77266003087607,371.84473054042496,373.92401123046875,77972200
2022-12-07,373.07902147703123,375.642562745206,372.1580485447694,373.28790283203125,65927900
2022-12-08,375.16787185342383,377.27563531293924,373.3923656741001,376.2122497558594,60737900
2022-12-09,374.977955065578,377.52248883512004,373.2784216185342,373.40185546875,81447700
2022-12-12,374.18982796815243,378.78521728515625,373.5252266190553,378.78521728515625,75405800
2022-12-13,389.4856883640399,389.7420309522311,378.8992639208041,381.6526794433594,123782500
2022-12-14,381.31081297545614,385.00420881267286,376.27871036892407,379.2125244140625,108111300
2022-12-15,374.37028116191146,375.27227545068706,368.28429708214924,369.93634033203125,117705900
2022-12-16,367.39063871161915,368.7259745587609,363.4418577702044,365.56884765625,119858000
2022-12-19,365.759638812042,366.09348006584634,360.8093339319744,362.4689636230469,79878100
2022-12-20,361.7154089937889,364.5768550701663,360.39913914135377,362.96490478515625,74427200
2022-12-21,365.5497098013311,369.51758489971746,365.01557556771496,368.39208984375,78167400
2022-12-22,365.3589123235551,368.372971944282,357.46132338098784,363.13653564453125,100120900
2022-12-23,362.1160465590039,365.36856088727086,360.5708701156697,365.2254943847656,59857300
2022-12-27,365.111034770745,365.4543943707275,362.11604019958503,363.78521728515625,51638200
2022-12-28,363.7183696822059,365.6832559480354,359.03516224980564,359.2640686035156,70911500
2022-12-29,362.0969531215619,366.59896307537,361.57233717485457,365.7309875488281,66970900
2022-12-30,363.0603608203926,364.91073618698925,360.95240752085664,364.7676696777344,84022200
2023-01-03,366.61799691898324,368.5828541871979,360.3800364563273,363.2319641113281,74850700
2023-01-04,365.48293416385536,368.05824707832414,362.4498085414863,366.0361633300781,85934100
2023-01-05,364.09041452635574,364.2048677167,361.26712910136496,361.8584899902344,76970500
2023-01-06,364.9392756207187,371.27262349109685,361.88708397790117,370.1566467285156,104189600
2023-01-09,372.3408937056104,375.5171151232303,369.76560972422254,369.9468078613281,73978100
2023-01-10,369.3649760616946,372.607942270048,368.4302265858901,372.5411682128906,65358100
2023-01-11,374.1150503530879,377.3294038131555,373.3043013861297,377.2530822753906,68881100
2023-01-12,378.3500623717412,380.0859847127251,374.29634590554093,378.62664794921875,90157700
2023-01-13,375.44083490462947,380.6677540792538,375.1737677414377,380.095458984375,63903900
2023-01-17,380.07639986503904,381.74557694149377,378.7219690868492,379.399169921875,62677300
2023-01-18,380.58192119114887,381.6406423942581,373.20891710602956,373.4092102050781,99632300
2023-01-19,371.3775455516614,373.01810918357603,369.37455652309,370.6908264160156,86958900
2023-01-20,372.08341391228544,377.74908002985853,370.44285016934947,377.5964660644531,91806400
2023-01-23,378.3976232018816,384.05374118740224,377.4438078609924,382.1270446777344,84178800
2023-01-24,380.4579061003212,382.6230566629975,379.2751842732551,381.7169494628906,59524900
2023-01-25,377.66317340531896,382.1937960050659,375.3835409042795,381.8599548339844,84800300
2023-01-26,384.5115864864833,386.21892411230044,381.55475308151983,386.0567626953125,72287400
2023-01-27,385.01709018056243,389.3092590605459,384.80724964877123,386.94378662109375,68346200
2023-01-30,384.19682153424986,386.41922765929314,381.79321726738084,382.0888977050781,74202000
2023-01-31,382.60399077183433,387.7545883082666,382.260602078399,387.7069091796875,86811800
2023-02-01,386.49550726473996,394.5648060301805,383.7676093537023,391.82733154296875,101459200
2023-02-02,395.69982017672226,398.9904947612399,393.8112844222463,397.5311584472656,101654500
2023-02-03,392.58087711398565,397.71240862486854,392.1039694138387,393.3057861328125,94736800
2023-02-06,390.8640289856019,392.294752115139,389.2520785976726,390.90216064453125,60295300
2023-02-07,389.98646755802383,397.2545356824887,388.74651927787886,396.01458740234375,90990700
2023-02-08,394.0497376684334,395.3850733282182,390.99751692481027,391.68426513671875,76227500
2023-02-09,395.2706317979571,395.42324575045114,387.067813777245,388.2886962890625,78694900
2023-02-10,387.1154846300712,389.57634453776467,386.30476486771545,389.19482421875,70769700
2023-02-13,389.8433527563614,393.89706738805586,389.385510977855,393.7635192871094,64913500
2023-02-14,392.24703262517374,395.8810669412816,389.6431352333331,393.5823974609375,88389300
2023-02-15,391.39821014033924,394.9368576206739,390.5588478132416,394.8605651855469,61555700
2023-02-16,389.91022227936105,393.8399372390062,389.2902480643342,389.42376708984375,76431500
2023-02-17,387.3063374384063,388.6893816203568,385.3891588805078,388.450927734375,89257800
2023-02-21,384.44485161266954,385.49405442565177,380.4006834333242,380.658203125,82655900
2023-02-22,381.06832644021057,382.60398440393413,378.68378788820354,380.13360595703125,83742300
2023-02-23,383.01409817857655,383.62455398812614,377.94934088551855,382.1556701660156,96242400
2023-02-24,377.1577400402733,378.9032096079787,375.45994960459336,378.0733947753906,108194400
2023-02-27,381.4021728412389,382.7566035647617,378.4262733452024,379.36102294921875,80444700
2023-02-28,378.88415609227326,380.83946629909735,377.85401901216034,377.9589538574219,96438600
2023-03-01,377.1481633851746,378.3690459735666,375.2119192229247,376.50909423828125,99706800
2023-03-02,374.54423904245056,380.27667913690243,374.2103978176706,379.43731689453125,85127800
2023-03-03,381.2495104460485,385.7706148212673,380.6009230194376,385.5226135253906,90120000
2023-03-06,386.3429340367841,388.6321143894144,385.35098693265746,385.78973388671875,72795900
2023-03-07,385.74202541995913,385.9804792628776,379.2656108960152,379.87603759765625,108310600
2023-03-08,379.9905117430244,381.2495258844479,378.2736266459541,380.49603271484375,74746600
2023-03-09,381.2781550603871,382.93781363415775,372.4935234600931,373.4759521484375,111945300
2023-03-10,372.9322526934048,375.00204480111273,366.57032063826443,368.0868835449219,189253000
2023-03-13,364.17619289753725,372.35994392227457,363.0697637308956,367.5622253417969,157790000
2023-03-14,372.46485827708165,375.27862493164645,369.1741839934809,373.6380615234375,149752400
2023-03-15,368.06788061068585,371.50159315536877,365.98854067961,371.3013000488281,172996900
2023-03-16,368.95487198316505,378.1591845711939,368.4493509964938,377.8157958984375,143254200
2023-03-17,376.4906939277479,377.620484528316,372.01936339877824,373.3981018066406,140553400
2023-03-20,374.17369470613346,377.4003451216976,373.4747707102602,376.9886169433594,93055800
2023-03-21,380.33963500083723,382.41732640991324,378.75025527455585,381.9385986328125,91524200
2023-03-22,381.7662983699507,385.36631171212144,375.3896402926609,375.42791748046875,111746600
2023-03-23,378.2811390116393,382.30246432046795,373.74280870365055,376.4428405761719,119351300
2023-03-24,375.169400500622,378.9992229180059,372.8332064884797,378.9130554199219,107682400
2023-03-27,381.18223941875726,381.94822147173227,378.7311552876925,379.62158203125,74010400
2023-03-28,378.9322213165427,379.62159057011246,376.9407263724681,378.76947021484375,62871700
2023-03-29,382.9151805733512,384.5141441543579,381.7183611687493,384.2747802734375,77497900
2023-03-30,386.8982032553057,387.14715104431514,384.66734471738545,386.5248107910156,69840000
2023-03-31,387.44403279107553,392.2696177717363,387.33869746852054,391.9728088378906,112062600
2023-04-03,391.45576785501316,393.8685456943349,391.0632075126421,393.4664306640625,67391100
2023-04-04,394.10789340859714,394.3951476376342,389.9142329500153,391.2834167480469,66601500
2023-04-05,390.555750574138,391.3121487439596,388.612116709327,390.2589416503906,65200200
2023-04-06,389.46416430945885,392.05888975958385,388.4205413178358,391.7812194824219,63743300
2023-04-10,389.3109829901425,392.2599624153201,388.69822663870286,392.183349609375,63681000
2023-04-11,392.80582215030137,393.6866651152167,391.52283489671987,392.2887878417969,59297900
2023-04-12,394.3472150182869,394.63446921650785,390.1056939195026,390.6897277832031,86420400
2023-04-13,391.7717484718132,396.2334959063615,390.6323737577498,395.8792419433594,85814800
2023-04-14,395.24719411906096,397.4301914433544,392.61419155067443,394.9120788574219,78161500
2023-04-17,394.82595033401935,396.34830119021314,393.6004083681965,396.32916259765625,66436400
2023-04-18,397.89938650253947,398.0334443121423,395.2185225027445,396.5876770019531,63560000
2023-04-19,394.6823936174116,397.4207029205089,394.62494861239765,396.5207214355469,55227300
2023-04-20,393.7153034242172,396.0993877029547,392.81529283564134,394.3568115234375,75840400
2023-04-21,394.6536546185458,395.122798546293,392.719604685716,394.6632385253906,73457400
2023-04-24,394.462104556598,395.4961729182456,393.1312565298119,395.07489013671875,64332100
2023-04-25,393.11207770668204,393.6674182755135,388.7460828379071,388.80352783203125,97766700
2023-04-26,389.41631802993527,390.48866355864703,386.6013964074548,387.1567077636719,80447000
2023-04-27,389.68441963730396,395.1323442051522,389.4354718372607,394.8642578125,92968400
2023-04-28,393.9833919074716,398.24408097637763,393.9259469095326,398.2344970703125,89433100
2023-05-01,397.79415208370165,399.852676156497,397.60264924097265,397.83245849609375,62122300
2023-05-02,397.1239085646286,397.1717988833843,390.46960867294274,393.3611145019531,103998500
2023-05-03,393.85900113849453,396.262224530026,390.4217383465775,390.6611022949219,91531800
2023-05-04,389.617390281609,389.9429216709352,386.56310465857086,387.89398193359375,94901900
2023-05-05,391.51315430513483,396.1185131848387,391.2546518243353,395.07489013671875,87891800
2023-05-08,395.4004621354889,395.6589646428425,393.7823597445963,395.18023681640625,50046800
2023-05-09,393.63876845358556,394.557917748492,393.2174856060807,393.447265625,49220100
2023-05-10,396.2717922718493,396.9037165760063,391.47492959256664,395.2856140136719,96142900
2023-05-11,394.4238259021145,394.8833858662675,392.5280533923099,394.5961608886719,70157100
2023-05-12,395.83132277822824,396.04196418738917,391.6663849084535,394.07916259765625,70481500
2023-05-15,394.68238356588824,395.84089676313823,392.77705610324665,395.43878173828125,54289400
2023-05-16,394.33769327560117,395.25687179173696,392.7866197060623,392.79620361328125,57705500
2023-05-17,394.80682372550075,398.1674730228259,393.1695828258179,397.5643005371094,87287000
2023-05-18,397.24833527836256,401.81541733647197,397.02813918363745,401.3941345214844,97177200
2023-05-19,402.29410167469877,402.8206905269098,399.59407007568564,400.8100280761719,103793300
2023-05-22,400.8292573658007,402.5048047952054,399.59413136502695,400.9728698730469,60745400
2023-05-23,399.33559189738094,400.9058331974647,396.0802485128697,396.4728088378906,86383500
2023-05-24,394.8738657064858,395.2568421165078,392.44192021304394,393.6004333496094,89213700
2023-05-25,397.09513966858555,398.4547395231807,394.86428090134467,397.00897216796875,90961600
2023-05-26,397.6599829933487,402.8685432906365,397.58339940922235,402.15045166015625,93830000
2023-05-30,404.0750097467597,404.6015986704079,400.9249724539097,402.3037109375,72216000
2023-05-31,400.4845749210063,401.38458562978974,398.5122184875182,400.0728759765625,110811800
2023-06-01,400.3026119453019,404.9271388982078,399.05793134165066,403.8739318847656,88865000
2023-06-02,406.4399660164613,410.49956904772046,405.9133770414703,409.7144775390625,91426200
2023-06-05,410.0591119636998,411.34209905139056,408.23036813311154,408.9293212890625,65460200
2023-06-06,408.5176374533879,410.3463521322916,407.86654536905576,409.81976318359375,64022200
2023-06-07,410.2123152273252,411.3421059208301,407.9814271228122,408.4027099609375,85373300
2023-06-08,408.46970190729934,411.32293010381545,407.7037491177831,410.8729248046875,61952800
2023-06-09,411.66758293531126,413.6112165464448,410.6239598849218,411.6101379394531,85742800
2023-06-12,412.586760311463,415.42082057078096,411.8686686457449,415.3442077636719,76104300
2023-06-13,416.79956309947863,418.72402891389044,416.1389164228339,418.0825500488281,95899700
2023-06-14,418.4177237476961,420.3804962400345,415.14321240552647,418.5804748535156,100612100
2023-06-15,417.7666315386717,425.0145781797127,417.6709093443267,423.7698974609375,110303100
2023-06-16,425.7475555946183,426.3145491951236,421.85546845226753,422.32635498046875,114165800
2023-06-20,420.3948375467811,421.2789524290957,418.0691749032241,420.1353454589844,76160400
2023-06-21,419.15510212154635,419.9527293765365,417.3964332987813,417.982666015625,76982300
2023-06-22,417.03123579350665,419.59712182011833,416.69487567418776,419.4914245605469,70637200
2023-06-23,416.0509861285015,418.09794671553647,415.60892874801584,416.320068359375,92074500
2023-06-26,415.75303627413876,417.665440905074,414.378796055203,414.6190490722656,72823600
2023-06-27,415.49359948325997,419.77970536315974,415.04192260990584,419.1646728515625,72813700
2023-06-28,418.08837741440095,420.3852108229733,417.4733448104481,419.37615966796875,75636000
2023-06-29,418.962851943863,421.1924071877769,418.55924326128763,421.0290222167969,67882300
2023-06-30,424.22920819454237,426.97768888145606,423.9120577597363,425.9974670410156,104964000
2023-07-03,425.6515034890419,426.76625174608176,425.37280176090064,426.4875793457031,32793400
2023-07-05,424.68089648543395,426.58371116207974,424.67127697873804,425.85333251953125,58418400
2023-07-06,422.2879821858995,422.9414634252197,420.0199782059898,422.51861572265625,80658300
2023-07-07,421.52883222243753,425.3825009520906,421.21168173809605,421.4519348144531,86134200
2023-07-10,421.0963071478734,422.6915908752238,420.52931348483696,422.51861572265625,62443500
2023-07-11,423.2777972154116,425.6995371839706,422.30716559567895,425.20941162109375,64463800
2023-07-12,428.9862448970164,430.03374466313784,427.56393630005715,428.6306457519531,91924500
2023-07-13,430.43733958982216,432.82066029903234,430.0049017154937,432.0326232910156,72425200
2023-07-14,432.9168679457163,433.7625342056591,431.0044333646652,431.7636413574219,69815800
2023-07-17,431.6194336230175,434.3102561737573,431.57136541418197,433.26275634765625,52680200
2023-07-18,432.9359492015601,437.125947862345,432.5034820273018,436.4820861816406,80668200
2023-07-19,437.2701641275052,438.6347850080483,436.4052296979119,437.4527587890625,65891700
2023-07-20,436.4629408876448,437.35667523001575,433.8393669208048,434.5505065917969,70591600
2023-07-21,436.26110720174216,436.4629408876448,434.54091641230104,434.5505065917969,71275600
2023-07-24,435.6940732292396,437.298976422026,434.6657831913127,436.4917297363281,54023400
2023-07-25,436.22271303443887,438.9327454121648,436.1746448231181,437.6834411621094,55191200
2023-07-26,436.7512409467643,439.1729812727202,435.70374110756154,437.7507019042969,71052900
2023-07-27,441.12376602896836,441.52740401742074,433.945004429069,434.8483581542969,92194400
2023-07-28,438.10622153007387,439.93213874075076,434.84837627989594,439.1056823730469,80011800
2023-07-31,439.5765831414508,440.29734227377537,438.2695913310648,439.9417724609375,62040400
2023-08-01,438.4809971458083,439.42279959796593,437.7314088521361,438.6828308105469,55291500
2023-08-02,435.578736374447,435.8381990846735,431.83079503236485,432.58038330078125,93933400
2023-08-03,430.5719307015857,433.21471435225743,429.92803959884134,431.3407287597656,64276100
2023-08-04,433.14742331097347,435.2424228845315,428.87090725675444,429.3898620605469,100128900
2023-08-07,431.21576252551705,433.29155233174345,430.5238325901082,433.1377868652344,58357500
2023-08-08,430.610350839472,433.1282275391779,427.90990879603123,431.2542419433594,71361300
2023-08-09,431.5232733825344,431.6866583480253,427.61194699451505,428.37115478515625,78789600
2023-08-10,430.7160393980688,434.08920144153984,427.36211636743525,428.5249328613281,93005500
2023-08-11,426.66056157281855,429.2841352767268,426.0647387376173,428.2750549316406,68690900
2023-08-14,427.3621343832933,430.63916015625,427.0546034425639,430.63916015625,47867400
2023-08-15,428.87093856214887,429.2265377401817,425.0557186470054,425.62274169921875,75707500
2023-08-16,425.20942158349953,426.86236363092155,422.3936630630157,422.4993896484375,80107200
2023-08-17,423.96015411160533,424.2196168527754,418.76107448676936,419.280029296875,95711300
2023-08-18,416.4738084450364,420.51007098994324,416.12785816689336,419.4817810058594,98852000
2023-08-21,420.49093085043074,422.9511200549091,418.3478921365852,422.2111511230469,68719000
2023-08-22,423.9794015102556,423.9794015102556,420.51016116793335,421.0675354003906,64994200
2023-08-23,422.12460773274086,426.37229454971487,421.98046176867535,425.7572326660156,68441000
2023-08-24,427.35254280721006,427.861878130185,419.82780041318796,419.8566589355469,88517300
2023-08-25,421.576814401286,424.09466161039535,418.0402966316632,422.8165283203125,102325100
2023-08-28,424.9980575834004,426.11283533772524,422.81657028498825,425.497802734375,61595400
2023-08-29,425.3920554264297,431.92695615148733,425.2094607575032,431.64825439453125,83081900
2023-08-30,431.9845378270409,434.0603273832458,431.2829884695482,433.4260559082031,69053900
2023-08-31,434.0411436980902,435.17513102782067,432.6092449398333,432.7918395996094,66084600
2023-09-01,435.5019359140747,435.98244204092543,432.14798320577563,433.59912109375,58944100
2023-09-05,433.15705635053166,433.474177484678,431.65787960630774,431.7251281738281,55166200
2023-09-06,430.91787558724553,431.0236021823755,426.5068329962555,428.8228759765625,70758500
2023-09-07,425.8341358343982,428.17900813567496,425.4881854921281,427.5063171386719,70355400
2023-09-08,427.5543540855631,429.67818299559536,427.1987842372508,428.1501770019531,61659700
2023-09-11,430.7640781970579,431.2734134651807,429.0630972437641,430.9659118652344,60180100
2023-09-12,429.5243994362143,431.042785754672,428.02522280308654,428.601806640625,67565400
2023-09-13,428.82283025526624,430.2547289321733,427.72726235885176,429.1015319824219,60199300
2023-09-14,431.5617375492493,433.4933520471616,430.26436526823954,432.8014221191406,83430800
2023-09-15,431.22275924982887,431.5506524245771,427.15298130374185,427.5869445800781,111848900
2023-09-18,427.2782463880771,429.12991097005937,426.80569887908393,427.8376159667969,55752200
2023-09-19,426.9214475367596,427.50974802962753,424.27899561562054,426.95037841796875,66514600
2023-09-20,428.20413300123477,428.61881878957314,422.8227534657827,423.0252990722656,82562600
2023-09-21,420.18995642926694,420.45033436985153,415.87907838119946,416.03338623046875,104095800
2023-09-22,417.055696495469,418.64695406116914,414.68324615845955,415.09796142578125,100829700
2023-09-25,413.89246826227424,416.88209127104136,413.45847553843805,416.8435363769531,70874500
2023-09-26,413.81523500166236,414.5192590302796,409.8901119465823,410.7195129394531,96168400
2023-09-27,411.88640908082164,412.445778671282,407.2572916755206,410.8834228515625,104705800
2023-09-28,410.333802865898,414.93399013925836,409.745502299644,413.26556396484375,92258300
2023-09-29,416.30341993440965,416.47700522910236,410.7484550545368,412.2625732421875,115111300
2023-10-02,411.4331625829839,413.34268907348576,409.350050801858,412.0986022949219,83798600
2023-10-03,409.92872106622235,412.15648738227026,405.2224344904491,406.5822448730469,103760600
2023-10-04,407.0451710291783,410.28554771633696,405.5889145488821,409.54296875,87453000
2023-10-05,409.25361095296023,410.2276663727646,406.1771957071079,409.3886413574219,70142700
2023-10-06,406.94867698763136,415.7826020550856,405.62745107392624,414.24920654296875,113273300
2023-10-09,412.3590425619845,417.47039142005065,411.8093557252524,416.9013977050781,80374400
2023-10-10,417.5282094394434,421.6558488736504,417.1328010827686,419.0712585449219,78607300
2023-10-11,420.13214698196236,421.0386578835823,417.7596966141307,420.7879333496094,62451700
2023-10-12,421.39548619007036,421.7715876841516,415.8791053042313,418.22259521484375,81154200
2023-10-13,419.71738853134207,420.9132670312688,414.57713879227015,416.13946533203125,95143100
2023-10-16,418.3769399083744,421.57876204965237,418.13583937540864,420.5179138183594,75433200
2023-10-17,417.40284337508905,422.54312271495667,417.0556727686725,420.4985656738281,75324700
2023-10-18,418.733716385894,419.68846496991176,413.8152601862858,414.8953857421875,93559800
2023-10-19,415.60905485320427,417.41248188933355,410.57487522165394,411.24993896484375,121323000
2023-10-20,410.8159967559263,411.3560595506144,406.09040315558224,406.1965026855469,123919900
2023-10-23,404.6727145608842,409.3404462034215,402.9271492717955,405.4924621582031,92035100
2023-10-24,407.60452747929617,409.69729291312706,405.7625160007192,408.5496520996094,78564200
2023-10-25,406.8715656507854,406.9004965329498,402.1749032838704,402.68603515625,94223200
2023-10-26,401.6252356371067,402.4738846980561,396.9478799231693,397.8640441894531,115156800
2023-10-27,399.4456375835296,399.84104590641886,394.64290537878924,396.0605773925781,107367700
2023-10-30,398.83807208389743,401.84700148905324,397.54577698969393,400.7958068847656,86562700
2023-10-31,401.3648771149318,403.6312280389458,399.4650037145309,403.31298828125,79665200
2023-11-01,404.27737373849845,408.42429101289605,403.74693492260894,407.61419677734375,98068100
2023-11-02,411.39458907062107,415.5801196181461,411.37531162600504,415.4258117675781,94938900
2023-11-03,417.72107011423,420.75893033677426,417.59569315312746,419.21588134765625,100167800
2023-11-06,419.96818924465083,420.6239756178728,418.2419012219719,420.18035888671875,67831700
2023-11-07,420.1802801725134,422.01263795735434,419.04229295606825,421.3761291503906,64256100
2023-11-08,421.97409276953505,422.4948781019278,419.38950241519393,421.6847839355469,61746000
2023-11-09,422.822781049031,422.86136537152765,417.9718399454001,418.39617919921875,83174400
2023-11-10,420.4600141525394,425.23378661631307,418.38652621092507,424.9251708984375,89462200
2023-11-13,423.5943238724324,425.6195446365516,422.8131605648516,424.5201416015625,52236100
2023-11-14,430.431891252709,434.0387451768695,430.2100682059501,432.756103515625,97176900
2023-11-15,434.08698805976627,435.3117974864374,432.82362374197305,433.67230224609375,77327600
2023-11-16,433.22867282179436,434.52096798557363,432.1678247228073,434.2027282714844,66665800
2023-11-17,434.2123895584984,435.3504063975986,433.2962252275612,434.7428283691406,83133200
2023-11-20,434.49209437852244,438.9283501028601,434.48244093914565,438.0893249511719,69936200
2023-11-21,437.0476983171483,437.9638920043512,435.87112668099957,437.1344909667969,49244600
2023-11-22,438.783649698811,440.1338066653199,437.73245500948576,438.82220458984375,59394900
2023-11-24,438.8704609965596,439.285146826889,438.5425678215631,439.0922546386719,29737400
2023-11-27,438.46541503211625,439.275509275739,437.9156987639097,438.3014831542969,50506000
2023-11-28,437.91566497815336,440.02770779834395,437.3563247451927,438.73541259765625,62115000
2023-11-29,440.8763777024274,442.0047410159344,438.0314094012158,438.4267883300781,63146000
2023-11-30,439.26581233862987,440.500245661758,437.201978031331,440.1530456542969,79752700
2023-12-01,439.5454526141989,443.2873367739081,438.95718156980473,442.7569274902344,89183400
2023-12-04,439.3815141945957,442.77619830797585,438.1663583752288,440.4327087402344,72430900
2023-12-05,439.05368258007826,441.3007263857532,438.67755165712543,440.3459777832031,69793500
2023-12-06,442.4773193670441,442.5062502524176,438.1375099737289,438.5715026855469,69124700
2023-12-07,440.6449205313009,442.56407108973934,440.04699600140833,441.9179382324219,66995400
2023-12-08,441.17532857795476,444.3482193835821,440.9342280791031,443.81781005859375,83194400
2023-12-11,443.3259545711253,445.7176821092958,443.1137849553907,445.5440673828125,65002200
2023-12-12,445.19696605648693,447.6754866279034,444.20363302627965,447.57904052734375,68327600
2023-12-13,447.95509399152206,454.0019136162734,447.59826994583597,453.75115966796875,93278000
2023-12-14,455.6799755722313,456.8662007070536,452.54566886194607,455.2074279785156,119026000
2023-12-15,454.6128802736885,455.784559299069,452.61815952788186,454.45794677734375,141553700
2023-12-18,456.05563220988086,457.9922563619539,455.00017559306576,457.0142517089844,70375300
2023-12-19,457.5565059029809,459.87078595804843,457.47905393883144,459.7933044433594,55761800
2023-12-20,458.94123674603316,460.81976475641625,452.9958152728692,453.421875,102921000
2023-12-21,456.3945788621247,457.99231764179564,453.98349092636033,457.72119140625,86667500
2023-12-22,458.8443284649097,460.31618167604864,456.7528004658334,458.6409912109375,67160400
2023-12-26,459.0477166286851,461.4781598644946,458.97023511368405,460.57763671875,55387000
2023-12-27,460.374329818143,461.5556718202345,459.84176995718065,461.4104309082031,68000300
2023-12-28,461.76869846768426,462.41745105376606,461.16834966842947,461.584716796875,77158100
2023-12-29,461.39101424995863,461.9139110481109,458.3020963459827,460.2484130859375,122283100
2024-01-02,457.19826599724024,458.66042679258095,455.58117171261154,457.6727294921875,123623700
2024-01-03,455.5230751447963,456.2590018309508,453.3347097921151,453.93505859375,103585900
2024-01-04,453.46056814569334,456.03628201144517,452.2501779578706,452.472900390625,84232200
2024-01-05,452.6761936894624,455.53272607542186,451.6497852739501,453.09259033203125,86118900
2024-01-08,453.58644474883687,459.7061845131588,453.4605594436324,459.5609436035156,74879100
2024-01-09,456.91742225203353,459.88045489034096,456.4139106022468,458.8637390136719,65931400
2024-01-10,459.1348885576282,462.32064377730035,458.85406976244286,461.4588317871094,67310600
2024-01-11,462.45619075983615,462.96939501130794,457.29510006298005,461.2554931640625,77940700
2024-01-12,462.69825780727723,463.43418447136196,460.1709773696293,461.57501220703125,58026400
2024-01-16,460.2000527294099,461.5072505223364,458.0697541289019,459.8804931640625,85014900
2024-01-17,456.868988843808,457.80825269443005,454.98076856609674,457.3240966796875,68843900
2024-01-18,458.98962663985805,461.9429667160371,457.4500139514087,461.3910217285156,91856200
2024-01-19,462.514291382207,467.42364106257526,461.4394790826515,467.142822265625,110834500
2024-01-22,468.6727761250073,469.8444255597238,467.4817415348223,468.1305236816406,75844900
2024-01-23,468.67274693324026,469.737866598163,467.5882421140563,469.49578857421875,49945300
2024-01-24,472.3523626504235,473.28193407003323,469.5152150522186,470.0090637207031,81765000
2024-01-25,472.129646862115,472.8365254024004,470.009070342345,472.5653991699219,72525000
2024-01-26,472.13928542085506,473.6208017271318,471.122569553023,471.9649963378906,76641600
2024-01-29,472.27489403038163,475.8479682163698,471.7326415921786,475.70269775390625,61322800
2024-01-30,475.01512677475074,476.04153511864797,474.5793745596558,475.3346862792969,58618400
2024-01-31,473.1367160125659,473.58213136319495,467.5592281243461,467.57861328125,126011100
2024-02-01,469.27313995314404,473.7273819238251,468.4694242895628,473.6983337402344,91891600
2024-02-02,474.1340709086256,480.33126318424115,473.79515572273505,478.6851501464844,99228200
2024-02-05,478.0556906983339,478.7141358274664,474.69564656369516,476.9421081542969,75757100
2024-02-06,477.88139839933996,478.6560658444282,476.45797836644056,478.32684326171875,55918600
2024-02-07,480.56361115879434,482.73262076498764,479.6630584646698,482.3162536621094,70556500
2024-02-08,482.3162670291635,482.9069232309363,481.5028884042988,482.529296875,52343600
2024-02-09,483.0328525667237,485.7538074749057,482.6939373878326,485.3180847167969,63979400
2024-02-12,485.28896212192205,487.5451161916344,484.3884094588291,485.10498046875,56502300
2024-02-13,478.8593972990049,481.3382739920692,475.1701304413372,478.42364501953125,113099200
2024-02-14,481.0477679790003,483.2555183461787,478.73348791641325,482.7713623046875,68387800
2024-02-15,483.46854592163555,486.2863376159792,482.99405290883,486.10235595703125,61683000
2024-02-16,485.8021854224716,486.9350940149201,482.94565294822615,483.68157958984375,75532900
2024-02-20,481.9483091532552,482.6164468795506,478.78193916164605,481.01873779296875,71736700
2024-02-21,479.721149514895,481.6093402061132,477.92007380806905,481.45440673828125,59293400
2024-02-22,488.0389355717621,492.37695437493585,487.08028660722704,491.4183349609375,76402500
2024-02-23,493.1322803007743,493.9650440524054,491.03105964418,491.7572937011719,61321800
2024-02-26,492.1930670722987,492.6288193715667,489.8303829996231,489.9562683105469,50386700
2024-02-27,490.6437622032437,491.089177503547,488.75554175218684,490.866455078125,48854500
2024-02-28,489.3171291941457,490.79864549092105,488.9588584535033,490.2176818847656,56506600
2024-02-29,491.9703784764342,493.58744327560555,489.33656815361434,491.98004150390625,83924800
2024-03-01,492.85157338938507,497.0249672193404,492.44486924730603,496.5989074707031,76844800
2024-03-04,495.80488009764395,497.90610083671146,495.7758023657051,496.0662841796875,49799300
2024-03-05,494.07152244829007,494.5169672600257,488.9104323126882,491.1084899902344,72855600
2024-03-06,494.3717142498123,495.84356750478094,492.3092343684573,493.5970764160156,68382400
2024-03-07,496.8797308469733,499.5425893667193,493.6552347093042,498.4967956542969,58652100
2024-03-08,499.12617653924883,501.7986682913954,494.9333685962926,495.5046691894531,86532500
2024-03-11,494.3039754152461,495.6596064560232,492.38670680365675,495.07861328125,62557200
2024-03-12,497.17992269457994,500.98538263864816,494.67196803265733,500.4044189453125,73114400
2024-03-13,500.7238851600706,500.89817425614416,498.1869120376378,499.6199951171875,55104100
2024-03-14,500.58821318372543,500.7431761962755,495.6014419747479,498.63226318359375,110171800
2024-03-15,495.57751113868864,497.0247990949515,493.5474544938414,495.2084045410156,107646300
2024-03-18,499.25883960128044,500.69637526560086,497.74358168127196,498.1515197753906,88893300
2024-03-19,497.46199154104403,501.20155305830843,496.4615026199407,500.9198913574219,60755300
2024-03-20,500.9781564477384,505.68903869341005,500.30794271303097,505.55303955078125,69594600
2024-03-21,508.37959846754006,509.0789209741204,506.9420033961542,507.2237243652344,60256100
2024-03-22,507.13620745255224,507.621867774784,506.028887689534,506.2620544433594,79070800
2024-03-25,504.8925121146531,506.0095546868827,504.7079588014511,504.8634033203125,48512100
2024-03-26,506.28145712240774,506.62145492992863,503.5326622935472,503.9308776855469,65463700
2024-03-27,506.7477118115157,508.20469276971767,504.59134916532923,508.1658020019531,82999800
2024-03-28,508.2047247122474,509.5645381212143,507.78706392547616,508.0687255859375,96294900
2024-04-01,508.8069933985052,509.34120798380326,506.0289708424648,507.1848449707031,62477500
2024-04-02,503.37719402358005,504.0959618045382,501.6676602284869,503.96002197265625,74230300
2024-04-03,502.87204622290017,506.0094519100871,502.8234920523855,504.5135803222656,59155800
2024-04-04,508.50578090533,508.84571940239897,498.05436173454603,498.35546875,96858100
2024-04-05,499.70559240907556,505.5140703375904,499.26848630383614,503.56170654296875,74546500
2024-04-08,504.26122598133765,505.26165559503625,503.03735226606693,503.843505859375,48401800
2024-04-09,505.57248200895594,505.81531221165,499.59883530879597,504.42633056640625,68049200
2024-04-10,498.75370676862974,501.3568389879978,497.4036161258989,499.3753662109375,82652800
2024-04-11,500.8905721872355,504.58157840612773,497.3938419345378,503.14404296875,70099000
2024-04-12,499.61822644383983,501.0266533234711,494.47993161292834,496.1991882324219,92561100
2024-04-15,500.3564559239092,500.5215638494566,489.13768362770764,489.9827575683594,92101400
2024-04-16,490.45861586737846,491.97387360026755,487.80690001364667,489.08905029296875,73484000
2024-04-17,491.5368440989878,491.7019816659058,484.8055985468662,486.194580078125,75910300
2024-04-18,487.58356199441425,489.6718955124249,484.26163225086344,485.194091796875,74548100
2024-04-19,485.1163881622374,486.1071245547147,479.6964023315547,480.9591369628906,102212600
2024-04-22,483.552617207762,487.9721446001498,481.22145323365453,485.388427734375,67961000
2024-04-23,487.3893089914972,491.5756989172583,485.2038373746558,491.1483154296875,64633600
2024-04-24,492.03223509825074,492.81900253172324,488.7006120510912,490.91522216796875,55928100
2024-04-25,484.8638724968989,489.8078914311426,483.222338099903,489.0502624511719,69122400
2024-04-26,491.8282759764292,495.2570370959967,491.19692340676465,493.6835021972656,64306100
2024-04-29,495.4609621651781,496.1020373711397,492.70241499072074,495.43182373046875,46415400
2024-04-30,493.9748340493992,494.94615471248864,487.58355712890625,487.58355712890625,77483600
2024-05-01,487.00079486473084,493.6154866987963,485.5340910693037,486.0003356933594,80242800
2024-05-02,489.69131460230034,491.3814327412964,485.22323354848663,490.54608154296875,62550200
2024-05-03,496.5003104757314,497.8504308833997,493.9748706361785,496.6265869140625,72756700
2024-05-06,499.0159955422608,501.7939584375333,498.57888938265427,501.755126953125,47264700
2024-05-07,502.7166843877577,503.69772767350116,501.63853275647114,502.3087463378906,52561300
2024-05-08,500.48271898197925,502.8915753738944,500.3661652394486,502.35736083984375,42047200
2024-05-09,502.54186786336425,505.2907218217569,501.8910996467172,505.2518310546875,43643700
2024-05-10,506.84480145398453,507.6510141541504,504.68849817209366,505.90264892578125,52233200
2024-05-13,507.57334496613424,507.6801760152973,504.8342134653113,505.97064208984375,36716400
2024-05-14,506.16491953750125,508.80694268932734,505.6307050054446,508.2921142578125,57535900
2024-05-15,510.7495145476232,514.8776269913382,510.1181324599974,514.5862426757812,59504900
2024-05-16,514.683461995483,516.2764423102767,513.3818660590745,513.527587890625,50244800
2024-05-17,513.644148566722,514.3338076754613,512.1968900639675,514.2658081054688,59187600
2024-05-20,514.3822777046638,516.3151962899514,513.9937257353356,514.8582153320312,37764200
2024-05-21,514.1006064390205,516.2763551432357,513.8966077662355,516.1209106445312,33437000
2024-05-22,515.4313778215733,516.1404229953789,512.468802117107,514.6348876953125,48390000
2024-05-23,517.6750993626108,517.7819304108156,509.67136703027006,510.8758544921875,57211200
2024-05-24,512.7115556042107,515.062194143986,511.7694030777515,514.2559814453125,41291100
2024-05-28,515.0622463447778,515.2953538271266,511.992839734623,514.6154174804688,36269600
2024-05-29,510.6038721974795,512.1871297238472,510.30276514376794,511.0118103027344,45190300
2024-05-30,509.4770816501863,510.1375725201251,506.3785666769026,507.621826171875,46377600
2024-05-31,508.5738001358681,512.3716377541396,503.49375287353905,512.245361328125,90785800
2024-06-03,513.848128094292,514.1297897725609,507.61220612199116,512.6630859375,46835700
2024-06-04,511.36156404562087,513.9744193400643,509.90458286176136,513.2362060546875,34632700
2024-06-05,515.5478835476441,519.3554439193825,513.566351467224,519.3359985351562,47610400
2024-06-06,519.6371847519142,520.0645682770622,517.4031587596616,519.3263549804688,30808500
2024-06-07,518.355070483331,521.492477213605,517.2671958494329,518.695068359375,43224500
2024-06-10,517.8887511155715,520.6181598447974,517.2962597313128,520.297607421875,35686100
2024-06-11,518.7532508345464,521.608936050015,516.791164059003,521.5506591796875,36383400
2024-06-12,526.0964430443454,528.5150221365492,524.8045698950608,525.8341674804688,63251300
2024-06-13,527.5729418210138,527.747772459327,524.1150419766954,526.8930053710938,44760900
2024-06-14,525.3679678522572,527.2426097707814,524.3674790309985,527.2135009765625,40089900
2024-06-17,526.5334956885656,532.7985255135613,526.0769441713737,531.4094848632812,55839500
2024-06-18,531.4677705153928,532.8859199795279,531.0501097581155,532.7596435546875,41376400
2024-06-20,533.6824639158926,534.3429548976981,529.5446281232266,531.3124389648438,70328200
2024-06-21,530.4929219620788,531.7109897848462,529.148170327666,530.60009765625,64338600
2024-06-24,530.4246524328222,532.9777175877437,528.75831439887,528.875244140625,45528700
2024-06-25,530.0934194702492,531.272530660959,528.5830271026286,530.9119873046875,37936200
2024-06-26,529.8010709636176,532.2859175813455,529.1579572826417,531.5745849609375,38550600
2024-06-27,531.4381433443106,532.9875518697215,530.6975485510812,532.41259765625,35041500
2024-06-28,533.1824029810238,536.2227551968151,529.0799883321372,530.3175048828125,76144500
2024-07-01,531.6915058832783,531.9351194589271,528.6609672764391,531.408935546875,40297800
2024-07-02,529.8107580224772,534.985107421875,529.7620472078919,534.985107421875,40434800
2024-07-03,534.6733620352073,537.7331629819162,534.6344052723863,537.3726196289062,32789900
2024-07-05,537.6745738489498,540.8707524649171,537.041154874647,540.4712524414062,41488400
2024-07-08,541.250918262468,542.0402238948535,540.0328503436032,541.0950317382812,36110500
2024-07-09,542.0499170234392,542.9463982576794,541.3288304126829,541.6211547851562,27289700
2024-07-10,542.8392819787523,547.3217481165079,542.5469575742852,546.980712890625,38701200
2024-07-11,547.097658299037,547.9649369537367,541.6309836132551,542.2643432617188,53054200
2024-07-12,543.3848727911708,549.2705544498172,542.917153831161,545.6845703125,53084400
2024-07-15,547.6725298408394,550.4107438001307,545.3338159394242,547.185302734375,40584300
2024-07-16,548.4910822924977,550.722561208659,547.7407334557406,550.4302368164062,36475300
2024-07-17,544.5249949514538,546.191333044454,542.3909378748594,542.7125244140625,57119000
2024-07-18,544.2424632762184,545.2266716040288,536.3688561297039,538.5418701171875,56270400
2024-07-19,538.3080081974957,539.9256355832753,533.9132099479913,534.9656372070312,65509100
2024-07-22,538.8732666357521,541.0852970880696,536.9438660153718,540.4811401367188,43346700
2024-07-23,540.3738360482369,542.5176472841652,539.1460736583557,539.63330078125,34439600
2024-07-24,534.8390224206132,535.1411009025868,526.4879411580819,527.4039306640625,74515300
2024-07-25,527.5208430163394,533.474804346627,523.7205067049787,524.6559448242188,61158300
2024-07-26,528.4271261891337,533.2116708123141,527.6572691986129,530.5319213867188,53763800
2024-07-29,532.0714496185427,533.0751064195227,528.8557034902234,530.8436279296875,39515800
2024-07-30,532.305359200303,533.3577863863941,524.7630932312389,528.1541748046875,46853600
2024-07-31,534.9559286681133,539.3604813512061,533.5917282671721,536.7391967773438,65663400
2024-08-01,538.4542082657176,540.6954412129795,525.6498647611072,529.138427734375,76428700
2024-08-02,522.063852889589,523.2721666167066,515.0964813658185,519.2866821289062,82789100
2024-08-05,498.56978906774395,510.20477524600585,497.234761759116,504.16314697265625,146267400
2024-08-06,505.9561065265441,516.2171383151375,504.64061708101707,508.8113098144531,84826300
2024-08-07,514.9698250199898,518.0101770927619,504.8160280713854,505.4104309082031,70698300
2024-08-08,510.52636582888704,517.7178438799879,508.50929760994603,517.09423828125,63276600
2024-08-09,516.2755714297688,520.8555180126824,515.0575036936727,519.3743286132812,45619600
2024-08-12,520.5632672781688,522.044397411093,517.3865366569688,519.6472778320312,42542100
2024-08-13,522.8239831490899,528.4270952564345,522.5803695792055,528.1931762695312,52333100
2024-08-14,528.9824644571885,531.0386081211183,526.3222233938623,529.8594970703125,42446900
2024-08-15,535.4625975238755,539.22397656437,534.8584406614526,538.94140625,60846800
2024-08-16,537.3335929699142,540.8416642629177,537.1777064456791,540.1497802734375,44430700
2024-08-19,540.5589895349276,545.3143310546875,539.7112190916396,545.3143310546875,39121800
2024-08-20,544.8663118741417,546.5131425226288,543.0927973699258,544.4277954101562,33732300
2024-08-21,545.4702606482219,547.7504502285475,540.5589732888145,546.2985229492188,41514600
2024-08-22,548.18892980085,548.7930866218962,540.8025506157201,542.0108642578125,56121500
2024-08-23,545.236462053231,548.7055171032431,543.053634385247,547.77001953125,50639400
2024-08-26,548.7931322733509,549.504464836925,544.7686315002069,546.4641723632812,35788600
2024-08-27,545.1974719043471,547.7018267996916,544.0573769322793,547.214599609375,32693900
2024-08-28,546.8734758569603,547.3022380940843,540.8610504788411,544.0377807617188,41066000
2024-08-29,545.9964384879656,549.2803444323956,542.9463920388357,544.0864868164062,38715200
2024-08-30,546.4448203697416,549.7871918701893,542.9075460914414,549.2804565429688,62700100
2024-09-03,546.1522480402451,546.483588595878,535.4722694199106,537.9766235351562,60600100
2024-09-04,536.144708671945,540.2666308743978,535.4236220855641,536.8755493164062,47224900
2024-09-05,536.817154296066,539.6527901961324,533.1239343608661,535.56982421875,44264300
2024-09-06,535.8913798019039,537.5089477091443,525.659610039857,526.5560913085938,68493800
2024-09-09,530.7366093479087,533.7184374137535,528.8169032647078,532.4515991210938,40445800
2024-09-10,534.3517437427556,535.1216007015946,529.4989803786028,534.770751953125,36394600
2024-09-11,534.683107736862,541.1729474655668,526.1663863296421,540.2569580078125,75248600
2024-09-12,540.831888043875,545.1097566752126,538.619857760852,544.8076782226562,51819600
2024-09-13,545.4117823691347,548.646977454259,545.1584147606665,547.6530151367188,39310500
2024-09-16,547.389917673041,548.7249152296453,545.5969551700833,548.4618530273438,36656100
2024-09-17,550.6640241107275,552.1062567166426,546.4641290442629,548.6859130859375,49321000
2024-09-18,549.3388444863224,554.1624050516696,546.5032087102647,547.0586547851562,59044900
2024-09-19,556.4231830771506,558.2454079377469,553.5680389935643,556.3939208984375,75315500
2024-09-20,555.0312814396932,556.4680940708006,552.4214655718796,555.4320068359375,77503100
2024-09-23,556.4975550473902,557.4652143001452,555.2854753286341,556.820068359375,44116900
2024-09-24,557.6117584874984,558.471913246618,554.7967173955426,558.4132690429688,46805700
2024-09-25,558.2569249779147,558.9900073797687,556.0771860686909,557.1817016601562,38428600
2024-09-26,561.4238456875147,561.7464186568862,557.0449191197562,559.3907470703125,48336000
2024-09-27,560.4560792948731,561.2673140644259,557.553042442306,558.579345703125,42100900
2024-09-30,557.5531842584909,561.4238811603136,555.266000370726,560.81787109375,63557400
2024-10-01,560.4660310099997,561.1111173600859,553.2329264823798,555.7938232421875,72668800
2024-10-02,554.9042355240985,557.0448382675937,552.519272009238,556.0282592773438,38097800
2024-10-03,554.5621954422553,556.9471593905891,552.7343813129046,555.0118408203125,40846500
2024-10-04,559.4396258955153,560.4268531332793,555.2854920412735,560.055419921875,42939100
2024-10-07,558.4132383947003,559.0583842578297,553.8485957624074,554.9921875,49964700
2024-10-08,557.55305938903,560.8373134452193,556.6831803969445,560.2410278320312,37398700
2024-10-09,560.2313175326061,564.6787318135322,559.6350914993983,564.12158203125,37912200
2024-10-10,562.7824121586557,564.5515817185018,561.5312564004668,563.13427734375,44138100
2024-10-11,563.0561277259117,567.2396131412746,562.9192713637127,566.5065307617188,42268000
2024-10-14,568.1095385598273,572.0682314590191,567.6306009114653,571.1396484375,36217200
2024-10-15,571.4035871421002,571.7065921692961,565.4900076351577,566.7020874023438,54203600
2024-10-16,566.7021663884991,569.6833568441793,565.9006556368219,569.165283203125,30725400
2024-10-17,572.6936844531912,572.8989689898087,569.0282726746998,569.2139892578125,34393700
2024-10-18,570.8952748825009,572.1855071059618,569.4388940141822,571.403564453125,37416800
2024-10-21,570.6802188403536,571.6576620923939,567.5035282712228,570.4652099609375,36439000
2024-10-22,567.9434768669773,571.3156685359546,567.2886064919155,570.1622924804688,34183800
2024-10-23,568.1486509721636,568.5885123492586,561.4629131521561,564.952392578125,49314600
2024-10-24,566.8974316514852,566.9756438040564,563.5643769207462,566.1741333007812,34979900
2024-10-25,568.3930757936422,571.2765455255891,565.0404523577657,565.978759765625,47268200
2024-10-28,569.4388580651755,569.5659304498093,567.4253275234959,567.7283325195312,30174700
2024-10-29,566.7703610094676,569.7613345267463,565.3824085036434,568.6470947265625,42899700
2024-10-30,568.1779762445088,570.1622147162088,566.2230897069062,566.9268798828125,41435800
2024-10-31,562.5772452055423,562.6456733933426,555.617853906816,555.8133544921875,60182500
2024-11-01,558.4328924373011,562.5674583510357,557.7486702212007,558.1591796875,45667500
2024-11-04,558.2960015952809,559.5862337823984,555.0802349340614,556.9569091796875,38217000
2024-11-05,557.8658243253694,563.7304824941052,557.6508154952087,563.69140625,39478300
2024-11-06,575.9094848869298,578.5778854519942,572.1854290723838,577.7079467773438,68182000
2024-11-07,579.7020264980958,583.1915058614667,579.6238143381844,582.1749267578125,47233200
2024-11-08,582.7222620683345,586.1140207981344,582.7222620683345,584.6967163085938,46444900
2024-11-11,586.2802096893201,586.6320749270757,583.5335966542183,585.25390625,37586800
2024-11-12,585.1756086538937,585.7718346072201,580.9628314181381,583.435791015625,43006100
2024-11-13,583.8952319310844,585.7132619411553,581.5396200997641,583.7192993164062,47388600
2024-11-14,583.846300313338,584.3252378711322,579.2816578918741,579.9658203125,38904100
2024-11-15,576.4177743775998,576.886987680586,570.689971552463,572.537353515625,75988800
2024-11-18,572.9967218779136,576.1929802203847,572.1366267509276,574.8832397460938,37001700
2024-11-19,571.5208063697094,577.7079785622685,570.8561521859538,576.9846801757812,49412000
2024-11-20,577.0629483995475,577.463673880748,571.4426497345274,577.1802368164062,50032600
2024-11-21,580.0148784351488,581.6960522761343,574.1990788649406,580.2787475585938,46750300
2024-11-22,580.2689646034843,582.7028485393122,579.7705186323628,582.0772705078125,38226400
2024-11-25,585.9967380709614,587.3064784870423,581.7741764917598,584.0516357421875,42441400
2024-11-26,585.2929516850081,587.7659115133398,584.5794372696156,587.1012573242188,45621300
2024-11-27,586.9156250460375,587.2967825924234,583.8073625128942,585.3223876953125,34000200
2024-11-29,586.13348818314,589.7402555167076,585.8598351444666,588.9583129882812,30177400
2024-12-02,589.3688312028335,590.6884151690585,588.8801096579482,590.0139770507812,31746000
2024-12-03,589.7794898104154,590.5320805361104,588.7531863419945,590.2877197265625,26906600
2024-12-04,591.9689462717889,594.1974858067216,591.3042920365143,593.953125,42787600
2024-12-05,593.9530901421784,594.7546007001943,592.6237817496434,592.9756469726562,28762200
2024-12-06,593.738143242676,595.3313805479372,593.3276337729875,594.0997924804688,31241500
2024-12-09,593.9825191407734,594.1486677967985,590.4539631589937,591.0404052734375,34742700
2024-12-10,591.7147337183083,592.135027098725,588.5478275712469,589.2026977539062,37234500
2024-12-11,592.1155929499696,594.7057817338718,591.841880207483,593.7576904296875,28677700
2024-12-12,592.8974892997352,593.4643633790662,590.6982421875,590.6982421875,31543800
2024-12-13,592.7215967057723,593.4351111707817,589.2125492712078,590.5809936523438,35904700
2024-12-16,592.3306854487994,594.0705632929197,591.5585266593175,593.1028442382812,43695200
2024-12-17,590.5613981975558,591.5192734247074,589.2907339933267,590.6591186523438,55773500
2024-12-18,590.3560537155035,592.7312332463192,572.6741417666346,573.0553588867188,108248700
2024-12-19,578.0208781053541,579.6238994978684,572.6351557670356,572.8795166015625,85919500
2024-12-20,570.561034960996,584.27166262691,569.7175591199479,579.7603149414062,125716700
2024-12-23,579.5053432293004,583.8303494697157,576.337534899556,583.2321166992188,57635800
2024-12-24,584.5756905048978,589.7539893082886,583.997031715741,589.7147216796875,33160100
2024-12-26,587.9493315050056,590.8718961830699,586.5567076471659,589.75390625,41219100
2024-12-27,586.0270602786909,586.262486434216,579.3777229702238,583.5458374023438,64969300
2024-12-30,576.5631199685903,580.338917958557,573.150128529516,576.88671875,56578800
2024-12-31,578.5442507029012,579.2602265875062,573.1600354308964,574.7880859375,57052700
2025-01-02,578.0342139844852,579.740679758371,569.3154835989945,573.375732421875,50204000
2025-01-03,576.2100381173573,581.1823013188991,575.1311959956543,580.5448608398438,37888500
2025-01-06,584.7816606701658,588.145567536734,582.1630605707853,583.88916015625,47679400
2025-01-07,585.9094391002772,586.2330977215739,575.4744864171694,577.288818359375,60393100
2025-01-08,577.3574447409104,579.2012273003362,573.9248797422833,578.1322021484375,47304700
2025-01-10,574.5917674597674,574.6604259424307,567.4029789022777,569.3056030273438,73105000
2025-01-13,564.6766400021115,570.5414039943755,564.2646890570356,570.1883544921875,47910100
2025-01-14,573.101074063849,573.7287574980859,567.2068596443902,570.972900390625,48420600
2025-01-15,578.956200668333,582.4966328725299,577.8479674517419,581.3590087890625,56900200
2025-01-16,582.7220679112103,582.8985926554029,579.5445027973688,580.2408447265625,43319700
2025-01-17,585.4584175885924,587.8121409710091,584.1343920679883,586.0664672851562,58070600
2025-01-21,589.0968201243991,591.4407861448484,587.1353543049476,591.4309692382812,42532900
2025-01-22,594.2456759945876,596.1090924921224,593.6964679520279,594.7556762695312,48196000
2025-01-23,594.1280457618639,598.001953125,593.8534716457165,598.001953125,41152100
2025-01-24,598.0606782414739,599.0120202031255,595.1086628774257,596.256103515625,34604700
2025-01-27,583.3496990163546,588.1356800712656,583.1829911938827,587.8218383789062,70361100
2025-01-28,589.0478589949998,593.7063408187366,585.742793521421,592.8727416992188,44433300
2025-01-29,592.0880784150642,592.4902124528912,587.6747800612517,590.2149047851562,37177400
2025-01-30,592.3234809305729,594.9125703683252,589.1458559611356,593.3826293945312,39281300
2025-01-31,595.7952876097377,598.2079122989969,589.4695478929073,590.2247314453125,66566900
2025-02-03,581.2509726905776,588.7241528776601,579.1129820721995,586.2527465820312,65857200
2025-02-04,586.3115788306599,590.695426254437,585.7721876960313,590.1854858398438,33457800
2025-02-05,589.0673886644034,592.7255030106178,587.0470814039787,592.578369140625,30653100
2025-02-06,594.3143418590737,594.7655005585997,591.0190935628144,594.6380004882812,35771500
2025-02-07,595.1970270806008,596.4131263461926,588.4887874469584,589.1949462890625,50788500
2025-02-10,592.3920797831685,593.8337283102429,591.1268961231351,593.1962280273438,26048700
2025-02-11,590.9405676549386,594.1867909987916,590.8228845015021,593.6473999023438,30056700
2025-02-12,587.6551022307518,592.9019987358204,586.9783942084163,591.7349243164062,45076100
2025-02-13,592.8335121773658,598.1883363356536,591.5782049635822,597.9823608398438,40921300
2025-02-14,598.1882471856823,599.2180047928703,597.3350143232245,597.952880859375,26910400
2025-02-18,599.1101412981178,599.7083740234375,596.6583089558027,599.7083740234375,26749000
2025-02-19,598.3256014161959,601.4148744301086,597.8156011046507,601.1206665039062,31011100
2025-02-20,599.7574359511714,599.8947529370754,595.3245635051746,598.6198120117188,36554000
2025-02-21,598.4040443652323,598.5413613568134,587.9200057904889,588.3809814453125,76519800
2025-02-24,590.420875386549,591.4114252530362,584.997393388531,585.7035522460938,50737200
2025-02-25,585.6446767168586,586.3704094872951,578.200887648266,582.7907104492188,58266500
2025-02-26,584.4481329600031,588.0278318848362,580.4565429896904,583.0848999023438,43321600
2025-02-27,585.3504072406853,586.4979078319449,573.3855137517263,573.7777709960938,74196700
2025-02-28,574.2779596736045,583.2614467800305,571.2180777869312,582.7318725585938,88744100
2025-03-03,584.6933921520208,585.8310759519914,568.7270900553181,572.5225219726562,74249200
2025-03-04,568.5407303426414,574.1112864169365,561.2244408531591,565.74560546875,109648200
2025-03-05,565.5788471805596,573.611051865237,562.038415848593,571.8261108398438,71230500
2025-03-06,564.3921877543482,568.9918277562862,559.1354734261878,561.6755981445312,80094900
2025-03-07,559.9004915315724,566.2654391000913,554.7320094861279,564.82373046875,81158800
2025-03-10,556.6541826711317,558.56656383442,544.885388513382,549.7792358398438,99326600
2025-03-11,548.6220982014372,553.1530801539794,541.3842834233875,545.2091064453125,88102100
2025-03-12,551.3385793423611,552.2604706321457,543.0219837811946,548.1021728515625,69588200
2025-03-13,547.7295658893665,548.337615563181,539.0893105175023,540.7957763671875,74079400
2025-03-14,545.3953858640715,552.9666753566005,540.8644044287432,551.96630859375,62660300
2025-03-17,551.9466761244148,558.7333912461695,551.5151512314662,556.2227172851562,49008700
2025-03-18,553.9180777242262,554.1338701465727,548.2886789538667,550.2109375,66041400
2025-03-19,551.9859849662871,559.9495323368723,550.8090933649922,556.203125,66556000
2025-03-20,552.4762478943836,559.5767440833547,551.7602722164517,554.5946044921875,62958200
2025-03-21,550.1543252489805,555.6727731535583,548.9247213465745,554.777587890625,83763000
2025-03-24,561.4864414688424,565.7655000443008,560.8962554773906,564.7129516601562,58766800
2025-03-25,565.9129505962637,567.0048245728844,564.3292350043083,566.0703735351562,38355700
2025-03-26,565.8047238585734,566.926137079624,557.9352585138073,559.3124389648438,51848300
2025-03-27,557.925492752828,561.5848258877031,555.7220517439531,557.8271484375,42164200
2025-03-28,556.3023301483869,557.0302460332103,546.0129833491962,546.5933227539062,71662700
2025-03-31,540.8585640195936,551.5610423029548,537.9468400615768,550.2625732421875,95328200
2025-04-01,548.3542481941281,553.7546597137996,544.6457430717568,551.8167724609375,54609600
2025-04-02,545.993387136237,558.1615443859063,545.7573127576624,555.3088989257812,76014500
2025-04-03,536.2155597389653,539.02887941269,527.9428100585938,527.9428100585938,125986000
2025-04-04,515.1253487932553,517.2894637749819,496.8190194100305,497.0354309082031,217965100
2025-04-07,481.20796639726615,514.6335008889374,473.9385334512268,496.1501159667969,256611400
2025-04-08,513.3449138965836,516.4140007584771,481.17849041906084,488.3790588378906,165816600
2025-04-09,485.3886419991045,539.6682739257812,485.00499114058437,539.6682739257812,241867300
2025-04-10,523.4866290700438,524.7949444304113,501.0094937975821,516.0205078125,162331200
2025-04-11,514.47613358467,527.6771446389012,511.58410272380377,525.227783203125,97866300
2025-04-14,535.172792794898,535.3990807406135,525.149059337469,530.3232421875,68034000
2025-04-15,530.8642755383438,534.3661851955569,528.0509561027874,528.837890625,56892900
2025-04-16,523.0046778330362,529.1133721339063,511.80051174858437,517.0828857421875,83484800
2025-04-17,519.0305887702018,522.5029590498531,515.3614098145464,517.8206176757812,79868100
2025-04-21,512.6562995153043,513.1875268574667,500.16354114488826,505.4951171875,69368100
2025-04-22,511.6529994400941,520.6635112296127,510.71848838241135,518.64697265625,75948100
2025-04-23,531.6119173418257,536.5303334599773,525.1688042348989,526.6836547851562,90590700
2025-04-24,527.9624225863133,538.4976913582739,526.7131857388315,537.769775390625,64150400
2025-04-25,537.7304480905381,542.0586181694788,534.8187241892716,541.6553344726562,61119600
2025-04-28,542.3931048050576,544.5178341418862,536.127047500035,541.8618774414062,47613800
2025-04-29,539.9535089190233,546.3868353532918,539.5993973829874,545.2752685546875,47775100
2025-04-30,538.6354556420874,547.4394329210733,532.6841838633078,545.49169921875,93101500
2025-05-01,551.2265048528457,554.8661444027258,548.7574506167018,549.3574829101562,63186100
2025-05-02,555.5153624660799,559.105829955879,553.203731094349,557.5122680664062,60717300
2025-05-05,553.3907039776933,557.4041485271615,552.5349043366007,554.3153686523438,38659200
2025-05-06,548.8263903141681,554.1579367361115,547.8722463773032,549.6821899414062,48264700
2025-05-07,551.0101522781708,554.6202527049248,546.9671688153295,551.9938354492188,55588000
2025-05-08,556.0170826268422,561.0043636579312,552.5348657113146,555.8400268554688,65130800
2025-05-09,557.2368724786456,558.2402486138279,553.5775995797053,555.1318359375,37603400
2025-05-12,571.9821994255728,573.4872634297448,567.6244903747194,573.4774169921875,78993600
2025-05-13,573.890562385163,579.4680890959,573.3299158219985,577.2646484375,67947200
2025-05-14,578.2188228927168,579.3697154326957,575.9858428026291,578.00244140625,66283500
2025-05-15,576.0055507079343,581.3272505737436,575.553034807254,580.8256225585938,71268100
2025-05-16,581.6027001482121,584.7996705930015,579.664873035907,584.5045776367188,76052100
2025-05-19,578.5041197159628,585.8227258062999,578.5041197159628,585.1439819335938,68168500
2025-05-20,583.4126480536456,584.3569454237166,579.9795435318993,583.176513671875,60614500
2025-05-21,578.8385171464103,582.910979810613,572.3265394745135,573.3495483398438,95197700
2025-05-22,573.1528300863163,577.0482371941405,571.9232260794693,573.5758666992188,70860400
2025-05-23,566.5817119553482,572.3166006242293,566.2079076143013,569.66064453125,76029000
2025-05-27,576.5071456404713,581.6616353353045,568.9917925553825,581.5042724609375,72588500
2025-05-28,581.9076603733905,583.0979387188073,577.4122207207761,578.14013671875,68445500
2025-05-29,583.3830758060808,583.5208058445248,576.507140791797,580.4221801757812,69973300
2025-05-30,579.320555390729,581.4846704969287,573.7233954302501,579.7730712890625,90601200
2025-06-02,578.1695751189003,583.1174697772985,575.5136188023458,583.038818359375,61630500
2025-06-03,582.6748967264019,587.3375451970118,582.1928415555221,586.3637084960938,63606200
2025-06-04,587.2195213026215,588.1933580255613,585.77347583579,586.206298828125,57314200
2025-06-05,587.8786382444381,589.2262795230108,581.4059855081334,583.3733520507812,92278700
2025-06-06,588.8917438854173,591.0263796061765,587.1211261759919,589.3639526367188,66588700
2025-06-09,589.9344062766999,591.4394702547755,588.7244952632093,589.8950805664062,53016400
2025-06-10,590.4263662035312,593.6233369539606,589.3148593018128,593.23974609375,66247000
2025-06-11,594.3315085062023,595.1873080200999,589.4918043518763,591.5476684570312,73658200
2025-06-12,590.2197163908625,593.898681640625,589.7377212700143,593.898681640625,64129000
2025-06-13,588.7343748466453,592.0296894370186,585.7636324727854,587.2588500976562,89506000
2025-06-16,590.6034249017806,594.5873299052357,590.4263090889528,592.84619140625,79984100
2025-06-17,590.4165373080118,591.9313878788944,587.0228181324287,587.7802734375,82209400
2025-06-18,588.675394655937,591.4100028153547,586.7375074721152,587.6917114257812,76605000
2025-06-20,590.3564623402502,591.421997724495,584.9104595060545,586.3114624023438,94051400
2025-06-23,587.0613164924151,592.4875691139825,583.9535897573912,592.1028442382812,87426000
2025-06-24,596.2266992885851,599.699459496435,595.3189919942236,598.6438598632812,67735300
2025-06-25,599.7586945360007,600.4493204937829,597.4204779573378,598.9793090820312,62114800
2025-06-26,600.8242007377552,604.0996909412141,600.2125189749694,603.6655883789062,78548400
2025-06-27,604.6620460106875,608.1249909093486,602.6395460052738,606.664794921875,86258400
2025-06-30,609.1016386885779,610.9169326524568,606.7929889413094,609.5653076171875,92502500
2025-07-01,608.0953617899536,610.5322734636828,607.2666588703396,609.3681030273438,70030100
2025-07-02,608.9635746030316,612.1699961712587,608.3420172970813,612.1305541992188,66510400
2025-07-03,614.1037538406599,617.8824153010514,614.0840027457131,616.9550170898438,51065800
2025-07-07,615.0015403770067,615.6625999062851,609.5851637565357,612.3574829101562,74814500
2025-07-08,613.0184402574613,613.7682592313246,611.2130216520668,612.0220336914062,59024600
2025-07-09,614.4194576258184,616.3432624074327,612.5843521193799,615.692138671875,66113300
2025-07-10,615.8301939872533,618.4643754376677,614.6561481365566,617.428466796875,57529000
2025-07-11,614.389851486408,616.4814202079069,613.196114561925,615.258056640625,63670200
2025-07-14,614.8042291186631,616.7774117864018,613.4624793566222,616.43212890625,51898500
2025-07-15,619.1057784945341,619.4411858079188,613.7189684346675,613.7979125976562,74317300
2025-07-16,615.3763700559891,616.3530856848711,609.7626638597798,615.8499145507812,88987500
2025-07-17,616.0275671883336,619.9739319743786,615.8104858123922,619.6187133789062,68885700
2025-07-18,620.8618249379944,621.0295285799061,618.0599396747441,619.1649169921875,65621600
2025-07-21,620.3389892578125,623.0718060276608,619.9147622533486,620.3389892578125,63375000
2025-07-22,620.6645066309135,621.2860639110608,617.7935527028395,620.427734375,60046300
2025-07-23,623.0816882564411,625.7060546875,621.2860849659141,625.7060546875,70511000
2025-07-24,626.0907872079496,627.6200518287297,625.488980993582,625.9132080078125,71307100
2025-07-25,626.5742531786653,629.0308557161836,626.3276053702117,628.5572509765625,56865400
2025-07-28,628.9321516432593,629.4846403177779,627.0181622678288,628.3994140625,54917100
2025-07-29,629.7904764849706,630.1061928990167,625.8342963044605,626.741943359375,60556300
2025-07-30,627.393143596463,629.129553977157,623.0718687407492,625.9527587890625,80418900
2025-07-31,630.8857242490737,631.2704491095576,622.312243037441,623.6046752929688,103385200
2025-08-01,617.9020886786027,617.9415908673775,610.9860743719428,613.3834838867188,140103600
2025-08-04,617.2805351933534,622.7561046288977,617.191775701563,622.706787109375,73218000
2025-08-05,623.3184070376644,624.1274190145356,618.6320990296246,619.5496215820312,68051400
2025-08-06,620.6151401423151,624.9462896680084,619.7074931606843,624.295166015625,64357500
2025-08-07,627.7087670325432,628.4388348760696,620.6743670535704,623.7722778320312,74205800
2025-08-08,625.5580704635792,629.099959687417,625.2423540250035,628.63623046875,64051600
2025-08-11,628.912516593768,630.3825280073482,626.1500127592028,627.3931274414062,58742300
2025-08-12,629.7312404986845,634.2300937128912,628.251353780633,634.072265625,64730800
2025-08-13,636.2625497647373,637.5254154950222,634.0624705008762,636.2428588867188,60092800
2025-08-14,634.1709312549185,636.9630011917295,633.7270133914775,636.302001953125,59327500
2025-08-15,637.328112699525,637.4268079608856,633.9046697471923,634.8123168945312,68592500
2025-08-18,634.2399697526556,635.3646981112688,633.5690949992928,634.674072265625,43804900
2025-08-19,634.4965103700933,635.4732259966958,629.9187128752989,631.2308959960938,69750700
2025-08-20,630.8265133126017,631.0829764734092,624.4629872631401,629.5537719726562,88890300
2025-08-21,627.7482676486437,629.4155489420286,625.3113561107211,627.0280151367188,54805800
2025-08-22,629.2084743239826,637.831272612948,628.7053031285401,636.6572265625,84083200
2025-08-25,635.4041800322128,636.6374190424261,633.7368384817344,633.855224609375,51274300
2025-08-26,633.5888838455812,636.85449832521,632.9673265691392,636.5091552734375,51581600
2025-08-27,635.9271580330511,638.6896016147832,635.7791452521487,637.9595336914062,48341100
2025-08-28,638.5612839961418,640.7712386679527,636.6867968305069,640.21875,61519500
2025-08-29,638.7881073194712,639.1532014239915,634.5162112345507,636.4005737304688,74522200
2025-09-02,628.9518765829083,631.9017745733,626.406454480519,631.6847534179688,81983500
2025-09-03,634.05255551225,635.5719445130327,631.8722274787872,635.1082153320312,70820900
2025-09-04,635.7790859642552,640.4457033002755,634.8813144651941,640.4160766601562,65219200
2025-09-05,642.7444163544111,643.4646688785257,634.7037341963564,638.561279296875,85178900
2025-09-08,639.922799046398,641.1264716601992,638.5514227841185,640.1300048828125,63133100
2025-09-09,640.268114410177,642.1327863823664,638.54157966928,641.6099243164062,66133900
2025-09-10,644.8557277247635,645.7732503039375,641.9058297062181,643.4646606445312,78034500
2025-09-11,645.4082598463015,649.502637640468,644.8262047273438,648.81201171875,69934400
2025-09-12,648.7823644090812,650.2721267910674,648.0917987261137,648.5949096679688,72780100
2025-09-15,650.7951046545995,652.1762963553084,650.4991393056443,652.0480346679688,63772400
2025-09-16,652.6005288851532,652.9064300011956,650.3708830930857,651.1502685546875,61169000
2025-09-17,651.1600740883537,652.8471065185831,645.5266166017295,650.3411865234375,101952200
2025-09-18,653.0148488941834,655.9746224265324,651.4165760040546,653.3798828125,90459200
2025-09-19,655.2605944120114,657.4568701129051,653.321492861841,656.615966796875,97945600
2025-09-22,655.131983947701,660.1676217378205,655.1022751701781,659.7224731445312,69452200
2025-09-23,659.6037107504653,660.2171487108257,654.9143129749383,656.1312255859375,81708900
2025-09-24,657.4173995788382,657.5163080809864,652.6290324775867,654.0437622070312,68082200
2025-09-25,650.9175557518951,652.3718368923554,647.4252038153534,651.0263671875,89622100
2025-09-26,652.4707616041429,655.3002210405111,650.8581544995363,654.756103515625,69179200
2025-09-29,657.2689261670223,658.1791500054463,654.7956099654933,656.59619140625,73499000
2025-09-30,655.8542079251938,659.5345338964465,654.5482897020846,659.0695190429688,86288000
2025-10-01,656.0916952927918,662.2255322042525,655.9828838603935,661.3153686523438,72545400
2025-10-02,663.2939389771905,663.4126533220159,659.6631277666079,662.0770263671875,56896000
2025-10-03,662.838842966907,665.5001336306916,661.0283585893458,662.0671997070312,70494400
2025-10-06,664.451431246289,665.3319462864663,662.314512664693,664.4415283203125,54623300
2025-10-07,665.3616291701808,665.8068381763353,660.5436138980969,661.9781494140625,72020100
2025-10-08,663.0960778489103,666.0245059882836,662.2749199573431,665.925537109375,60702200
2025-10-09,666.3411584665431,666.7467557943302,662.0672604073742,663.9963989257812,66501900
2025-10-10,664.9560020556908,666.7565834688588,645.8719162752307,646.0499877929688,159422600
2025-10-13,653.5985682812151,658.030731623523,652.7279561413051,655.9630126953125,79560500
2025-10-14,650.1556923521978,658.7232938317348,646.1983862715207,655.1616821289062,88779600
2025-10-15,659.70272543157,663.076302337462,651.8969246006144,658.0703125,81702600
2025-10-16,659.7027147054259,661.5725563129243,650.0963324960569,653.5886840820312,110563300
2025-10-17,652.46076337718,658.6539563270334,651.1152939599514,657.298583984375,96500900
2025-10-20,660.197387427611,665.0352086527322,660.1479331778372,664.1348876953125,60493400
2025-10-21,664.2733620876278,665.8068060270512,662.8289237149189,664.1249389648438,56249000
2025-10-22,664.8274246920023,664.8274246920023,656.2202718491607,660.6722412109375,80564000
2025-10-23,660.9887422368442,665.5297769315139,660.672150546298,664.5899047851562,65604500
2025-10-24,669.2397551553117,671.2282504877203,668.4384031904034,670.0213012695312,74356500
2025-10-27,675.442806418656,678.2228112394536,674.8393317954225,677.926025390625,63339800
2025-10-28,679.7167206093349,681.5568533012904,677.520444889974,679.7266235351562,61738100
2025-10-29,681.3689223981395,682.338503435176,675.5813864900747,680.0531616210938,85657100
2025-10-30,676.600418646911,678.6186229721906,672.5738525390625,672.5738525390625,76335800
2025-10-31,677.7282029402567,677.7678146457715,671.9901213244605,674.780029296875,87164100
2025-11-03,678.3514127088982,678.480029971011,672.6825917853487,676.0463256835938,57315000
2025-11-04,668.8934850512616,672.702428076588,667.3798469971412,668.0327758789062,78427000
2025-11-05,667.7755543304748,673.5927987432043,666.9742023136038,670.3478393554688,74402400
2025-11-06,669.2496813312496,670.150002278421,661.5824008089137,663.1554565429688,85035300
2025-11-07,660.7809522833221,663.9171603670279,654.1525138805237,663.8082885742188,100592400
2025-11-10,670.0113821047929,674.898656794851,667.8250094695628,674.1665649414062,75842900
2025-11-11,672.6925881240425,676.2739453424548,671.4855783543771,675.7100219726562,58953400
2025-11-12,677.4809224347684,677.6491514285055,673.6819422079296,676.0859985351562,62312500
2025-11-13,673.2367288900627,673.5928719621189,663.3632690735044,664.8670043945312,103457800
2025-11-14,658.2780414721369,668.4482860302248,656.1905771441307,664.7581176757812,96846700
2025-11-17,662.551894702408,666.5191031831638,655.1022380100518,658.5648803710938,90456100
2025-11-18,655.0330664835586,658.0208519047019,648.8596786437042,653.03466796875,114467500
2025-11-19,653.7272041810384,660.2171837101976,651.7188423695233,655.5574340820312,94703000
2025-11-20,665.7276649913678,668.3494043558474,644.9320631333248,645.5652465820312,165293500
2025-11-21,648.0583498819193,657.4569521849606,643.9031662606766,651.9959106445312,123956200
2025-11-24,655.6167144034767,662.9080451404715,654.5284795169995,661.5922241210938,80437900
2025-11-25,661.4933747936815,668.9924864834618,657.3876457131933,667.815185546875,81077100
2025-11-26,670.3973686817876,674.4239350690651,669.4970476879164,672.4254760742188,71879600
2025-11-28,673.5928002628821,676.3728052050843,673.2366572287348,676.0958251953125,49212000
2025-12-01,671.5647168500374,675.7000943604489,671.4954567492206,673.0091552734375,61201200
2025-12-02,674.6414676887413,676.5212120744054,672.0791460292079,674.2556762695312,62953800
2025-12-03,673.3058831691028,677.5995259804546,672.4352710962247,676.5904541015625,57238500
2025-12-04,677.9854045442221,678.05466464181,674.0677104452674,677.0851440429688,61970300
2025-12-05,678.1535936302283,681.0424704296607,677.2731389541586,678.3712768554688,79241000
2025-12-08,679.2617413091358,679.3111955598065,674.2953027143022,676.3333129882812,55231500
2025-12-09,675.8584445640498,678.0745263345831,675.3044241214166,675.7495727539062,58310100
2025-12-10,675.2747265375898,681.616283144729,674.0380683519487,680.2312622070312,85671300
2025-12-11,677.8271327535609,681.8932499368323,674.8888018222121,681.8140869140625,86173700
2025-12-12,680.8247713558317,681.5272148787925,671.9208332382598,674.4832153320312,113160300
2025-12-15,678.4207075198718,678.4405133715769,671.999988545765,673.4641723632812,90811000
2025-12-16,671.9802885924641,673.8105790364921,667.7756505337214,671.6241455078125,122030600
2025-12-17,672.6331360665856,673.1772535061897,664.0358872930294,664.2337646484375,110625200
2025-12-18,670.3676386439364,673.47413846835,667.6965052957117,669.2496948242188,108650100
2025-12-19,671.3463691548195,675.8114935895343,671.2272434527378,675.3153686523438,103599500
2025-12-22,678.639344063116,680.0483218496023,675.3153313921905,679.5224609375,69556700
2025-12-23,678.6195066727895,682.8663651395233,678.5699062922599,682.6282348632812,64840000
2025-12-24,682.6183200290311,685.4760045408373,682.4694583215327,685.0294799804688,39445600
2025-12-26,685.287420330769,686.2994739503212,683.9280429419551,684.9599609375,41613300
2025-12-29,682.2114479341877,683.8586166189733,680.7528697076866,682.51904296875,62559500
2025-12-30,682.1221392108215,683.2235219572843,681.2588867271484,681.685546875,47160700
2025-12-31,681.8145855439083,682.0328514439952,676.4266760541103,676.635009765625,74144800
2026-01-02,680.3956585252009,681.5466416904673,674.5512924418268,677.8753051757812,89377200
2026-01-05,681.2192280630002,684.0868448237256,681.0604947255163,682.3900756835938,71927200
2026-01-06,682.5984906991714,686.9544824498945,682.4496895461597,686.4484252929688,69273800
2026-01-07,686.8254142672773,688.5817158514149,683.9776620917838,684.2356567382812,75588300
2026-01-08,683.4815439165204,685.2675815209567,682.1618346683338,684.1661987304688,64019200
2026-01-09,685.2775150455628,689.9212370510019,683.8387406584166,688.6908569335938,80125500
2026-01-12,685.3271398200249,690.6952455853734,685.2775394384523,689.7723999023438,63976000
2026-01-13,690.0998903120652,690.6952766040527,685.9919610896558,688.3932495117188,78309700
2026-01-14,685.6445758579941,686.3589666067269,680.7229953056234,685.009521484375,94676700
2026-01-15,689.1870202593807,690.0602050162862,685.8927433241695,686.8750610351562,77862000
2026-01-16,688.2839991969948,688.869453251486,684.7515921796883,686.2994995117188,79289200
2026-01-20,676.2083446056304,679.4629532027941,671.3264922720098,672.3286743164062,111623300
2026-01-21,674.3826370735425,683.402154325963,672.8743979165272,680.0880737304688,127844500
2026-01-22,684.5035112839386,685.7736201181282,681.5962265907631,683.6402587890625,77112200
2026-01-23,682.8167804315336,685.6050001770944,681.8344021762991,683.8883666992188,63059600
2026-01-26,685.138576123168,688.7503800429489,684.5729864520383,687.3612060546875,60473800
2026-01-27,688.8000086063018,691.1318321418594,688.1947507195304,690.099853515625,55506100
2026-01-28,691.6477064811113,692.4316225777728,688.5618241580821,690.0303344726562,61172200
2026-01-29,690.9928952881424,691.657685737667,679.5224893166136,688.6610717773438,97486200
2026-01-30,686.4285189892349,688.8298072906449,681.7947290319643,686.6071166992188,101835100
2026-02-02,684.2356737126761,691.5286859406688,684.0768798206813,690.0204467773438,79286500
2026-02-03,690.8142565672537,691.5584439188771,678.7286612443456,684.18603515625,107904600
2026-02-04,684.9996810996682,686.0911923060062,676.4762885369656,680.8719482421875,105204600
2026-02-05,675.6625626456348,678.3912495205631,670.5524520913757,672.3682861328125,113610800
2026-02-06,676.1786564838608,686.944543957853,675.5733380016845,685.2676391601562,89127600
2026-02-09,684.0769172088077,690.4769412520913,683.0053309088385,688.5718383789062,73885200
2026-02-10,689.5640655604284,691.1417089533321,686.2995246985826,686.7559814453125,65185700
2026-02-11,690.9928885783248,691.7370759669038,683.8387453470867,686.5972290039062,76353900
2026-02-12,688.859502308346,689.9608850687785,675.0970022106213,675.9900512695312,118829000
2026-02-13,676.4068370573647,680.961290747747,672.2691719299015,676.4663696289062,96267500
2026-02-17,674.8688419019007,679.6316291710169,670.5426469985775,677.5578002929688,81354700
2026-02-18,678.7188252184603,683.8090722697287,677.5380453641048,680.97119140625,73570300
2026-02-19,678.5401770095443,680.8620077880265,676.2678860499572,679.1751708984375,58649400
2026-02-20,677.0319102464942,684.7119142291095,676.4464562003476,684.0867919921875,100034000
2026-02-23,682.4992209190492,684.6523861034582,675.0970153480879,677.1013793945312,90558100
2026-02-24,676.6151751251432,683.0151380016027,674.7298762460771,682.0228881835938,73798700
2026-02-25,684.8310015582731,688.3038760705598,684.7516046120257,687.7780151367188,56369500
2026-02-26,687.9070203801248,687.9268241953206,679.046175727848,683.9578247070312,71671000
2026-02-27,677.795973699009,681.5367144347911,676.35719931042,680.6734619140625,83308900
2026-03-02,673.4400139353526,683.2831159083878,672.765291276125,681.0604858398438,87477200
2026-03-03,669.8281362739899,677.3196100252792,664.4699632194659,675.0573120117188,105003100
2026-03-04,676.3472549970834,681.7649608594664,674.3528231531807,679.8201293945312,79182200
2026-03-05,676.7937758642711,680.2170498641997,670.3738880206191,676.0297241210938,106606500
2026-03-06,668.1909311447467,670.8700177972564,664.5692556037578,667.1689453125,100687000
2026-03-09,661.2253729422058,674.650481531912,657.2563736570586,673.0133056640625,102667700
2026-03-10,672.4674947413112,678.0637980596332,669.5304741395607,671.9317016601562,81505300
2026-03-11,672.3286912573745,674.8093159596237,668.1215614523004,671.08837890625,68441700
2026-03-12,665.9583993556241,666.4446526664856,660.7094193200438,660.89794921875,108882200
2026-03-13,664.0831110227487,667.1293254881115,656.2343803863124,657.1571655273438,97200200
2026-03-16,663.1999840519829,666.8613885560293,661.9497395049242,663.844970703125,82023100
2026-03-17,667.1788836379297,669.2129836950214,664.5097291491037,665.5912475585938,87128000
2026-03-18,663.1801174312507,664.5295627375546,656.0657027257738,656.3038330078125,82062600
2026-03-19,651.8783782687178,657.8418097710767,650.0923405870744,654.6864624023438,111272500
2026-03-20,653.2009461223761,653.3800315656541,641.4703334037762,645.3009643554688,163617500
2026-03-23,654.7531040433624,659.2801583045331,650.6439158314106,652.07666015625,134802700
2026-03-24,648.0371459178807,653.7183875512989,646.604401549905,649.8877563476562,96457500
2026-03-25,655.3501116680137,657.5589538580906,650.9424473291369,653.5094604492188,90653800
2026-03-26,648.7734634761676,651.5493793651953,641.5699644768796,641.838623046875,96494400
2026-03-27,639.2616275919053,639.420794428861,629.9189411370072,630.89404296875,103649400
2026-03-30,636.8836547011163,637.1423539459004,626.108284608157,628.78466796875,99275900
2026-03-31,635.7195686416,648.2560368761451,634.7643854444117,647.0621337890625,152534100
2026-04-01,650.6041659517412,655.2008748639518,649.7086779392242,651.9373779296875,97841500
2026-04-02,643.1618697673937,654.8825248659317,641.858474913505,652.5244750976562,68358700
2026-04-06,652.554231190157,656.3947609217337,652.2159789115307,655.6087646484375,39105800
2026-04-07,653.3402849463747,656.285326673986,647.7784337275787,655.8972778320312,69980400
2026-04-08,672.980811715349,673.6673363432215,668.0756676404139,672.6027221679688,93606100
2026-04-09,671.4386399182858,677.7267318686964,670.3740257373166,676.4830322265625,57134400
2026-04-10,677.885949822129,678.5923930707559,675.0304203424645,676.0353393554688,42253500
2026-04-13,673.9955829678383,682.840788741459,673.1698101905051,682.6417846679688,54185800
2026-04-14,684.2238203737314,691.0791070995066,684.193942434314,690.959716796875,63480500
2026-04-15,691.7557051691649,696.7504224001667,690.7010502942645,696.412109375,58240400
2026-04-16,697.5264615426626,699.2378238459212,695.0092450197437,698.1234130859375,49972400
2026-04-17,702.5808909886877,708.7993894133457,702.2028014262665,706.5607299804688,70661900
2026-04-20,705.20752199003,706.3317705126415,702.5808139687996,705.1477661132812,43546800
2026-04-21,706.7000123508461,707.6949720613851,699.098505587723,700.53125,58941400
2026-04-22,705.5756906371417,707.8640857857167,704.6503246823615,707.6253051757812,42518500
2026-04-23,705.9239069650033,708.7694771316526,698.7403270820959,704.8792114257812,56174000
2026-04-24,707.1675680011435,710.8687887329964,705.4363479344694,710.3414916992188,45182000
2026-04-27,709.5754490929214,712.0230720129201,708.7098389427747,711.5653686523438,33135900
2026-04-28,708.2322548988411,709.2869098023077,705.6752010599358,708.1029052734375,43117400
2026-04-29,707.4163145996059,708.6102783309316,704.7995658491443,707.993408203125,41859200
2026-04-30,711.0280636665188,716.1620290590424,706.8691393587039,715.0377197265625,67240900
2026-05-01,717.6146516977453,721.216400793299,716.8385540170647,717.0177001953125,43049800
2026-05-04,716.4406056700121,718.4802608161392,711.3861936216806,714.3909912109375,51950600
2026-05-05,718.1320898558575,721.3855668152729,717.8534719876392,720.1220092773438,36933200
2026-05-06,724.489821452625,730.8874657022126,724.1515691652952,730.1312866210938,53288900
2026-05-07,731.3451201928577,732.4196936796947,726.0718458933673,727.8926391601562,51724600
2026-05-08,731.2257166531052,734.359863963193,730.8675457398152,733.9021606445312,47227100
2026-05-11,732.7380586745534,737.0561496205491,732.7380586745534,735.5736694335938,44024000
2026-05-12,733.1758744234386,735.1160580011854,728.1413807257971,734.4593505859375,54185300
2026-05-13,734.7478704606156,740.1604537310201,731.7629913201908,738.5685424804688,44200200
2026-05-14,739.9018102364839,745.7521781705404,739.8122371427646,744.3989868164062,45307600
2026-05-15,738.0511867146383,739.712813256131,734.2405345152865,735.4443969726562,60410800
2026-05-18,736.1010471042457,737.682999009625,729.6935042484962,734.927001953125,47843900
2026-05-19,731.0764945153984,733.9320239063612,727.8428755921286,730.03173828125,54255900
2026-05-20,732.0018002736176,738.1307251173267,730.1909663879147,737.5138549804688,45768000
2026-05-21,734.9170485709385,741.1156280791548,733.3151780259534,738.9764404296875,43332200
2026-05-22,742.4787264390759,745.1651298094138,740.7275876279662,741.8817749023438,41762000
2026-05-26,746.2297301040182,748.3390397979183,744.5979816306177,746.8068237304688,41123600
2026-05-27,747.0952952420212,747.5927750592914,744.4486686067338,746.6774291992188,42106300
2026-05-28,746.4685193943138,751.3438462445121,745.4536410614309,750.7965698242188,41562600
2026-05-29,752.0900813404212,754.2590862562773,750.8861582097875,752.6671142578125,55075700
2026-06-01,751.5527103892452,756.4479556154175,750.886104424133,754.7166748046875,43634900
2026-06-02,753.2144012702464,756.5674107365072,752.9357833937803,755.7415771484375,31581900
2026-06-03,754.3287420712209,754.9754294579049,749.7718095132926,750.4384155273438,51402500
2026-06-04,748.3091480570178,754.4878695071194,747.6823186029123,753.2740478515625,49923000
2026-06-05,748.5181345185488,749.0255736853693,731.82274221843,733.83251953125,93989400
2026-06-08,739.6132273185567,741.5832888174093,734.4693026781229,735.4940795898438,49319100
2026-06-09,739.881935268434,743.1354731343894,718.9480036644643,733.3350830078125,87683500
2026-06-10,729.69352181897,734.6583610930755,721.6741489247238,721.7736206054688,60341300
2026-06-11,725.0868662900759,736.2702039965386,720.7587550057447,734.04150390625,86330500
2026-06-12,736.9766163198905,740.6877965432628,731.3252525489901,738.0113525390625,57079500
2026-06-15,748.0604304424444,752.8661028247,747.9709180763429,751.0254516601562,60176400
2026-06-16,750.7468576807364,751.6323864215939,746.100412710964,746.5481567382812,67093100
2026-06-17,747.5032315039188,748.3589429763433,735.4940609532621,737.225341796875,85945200
2026-06-18,745.907751654771,746.3765582049119,742.0173878962117,744.8902587890625,80875700
2026-06-22,745.8479411927095,748.321778689857,741.2892538871644,742.546142578125,46628100
2026-06-23,731.9922892059834,737.7978798883457,730.4860198600484,731.7628784179688,66846800
2026-06-24,733.3489180103626,738.1171068570358,729.0296875445486,731.4237060546875,57439500
2026-06-25,737.0796452204372,737.5385276888334,727.7927091295785,732.4810791015625,53934400
2026-06-26,727.144386135875,734.7056273477464,714.8050317832251,727.1842651367188,71034000
2026-06-29,734.7055914816465,739.7231001504891,730.27658724538,739.1644897460938,58035200
2026-06-30,739.4537599262709,746.1671307285668,739.0547872797607,744.9202270507812,55626000
2026-07-01,743.1545925484338,747.5835968507926,740.541087308444,743.9127197265625,47100900
2026-07-02,745.5486859530862,749.4489739445169,738.1969465958291,742.9351806640625,57447800
2026-07-06,746.885320136641,750.5462122974698,745.5585975722108,749.4190673828125,50673300
2026-07-07,748.3616416292718,749.0998597580657,743.364102770238,745.85791015625,43721500
2026-07-08,741.3191472958572,744.3017921335774,737.6782249675691,743.5536499023438,43767400
2026-07-09,745.4987759890873,750.1073272936331,743.7431866839036,749.8480224609375,41441700
2026-07-10,750.187115173852,753.5487626123848,746.2468873823584,753.0799560546875,42191300
2026-07-13,750.6060836597362,752.0425191788765,746.1471851864706,747.3142700195312,44013600
2026-07-14,749.0499474324819,751.4739818301254,746.8055207475287,749.9677124023438,35143100
2026-07-15,752.3717122204262,753.7084197839658,748.3417413555546,752.9403076171875,43844800
2026-07-16,750.8953984161742,752.7009125511715,746.0274814662645,748.8604125976562,46409800
2026-07-17,740.241827732839,745.438883195828,738.9649691671198,741.4487915039062,62651000
2026-07-20,745.2094908804986,746.8753371556621,739.6732506975046,740.2518310546875,50422300
2026-07-21,744.4413918284653,747.1845799829406,742.3366329839115,746.426513671875,34324300
2026-07-22,744.7705725456777,748.1621748950539,744.5211918106933,745.55859375,32836200
2026-07-23,737.5385562389782,740.7206569606348,733.3888874570794,736.3515014648438,55437300
2026-07-24,736.6806667930385,741.8777222786117,735.4636571620507,737.099609375,44782000
2026-07-27,743.0648074406847,743.6833276942111,734.0472217265344,737.25927734375,41461200
2026-07-28,737.3589950224286,740.9500533043114,734.156924420905,739.0248413085938,47322200
2026-07-29,738.1370526174048,740.8403618199718,727.2939826612791,727.6531372070312,70697200
2026-07-30,734.2267392747757,740.6109103701467,732.7703947650456,739.852783203125,66811300
2026-07-31,742.835410914187,747.0449895804718,735.8527500027326,745.1796264648438,62445900
2026-08-03,747.5836183167282,756.7009928898597,746.9451890027125,755.793212890625,59927500
2026-08-04,758.7458651152236,771.494176400126,758.6361522059436,769.4193725585938,69154800
2026-08-05,773.928165423025,774.9256883846499,767.6039039413469,767.8831787109375,44689100
2026-08-06,768.3021872511085,769.9081846177485,765.5589990885744,766.65625,38416900
2026-08-07,769.1101628301597,772.0029428489042,767.703621378493,771.3446044921875,43586300
2026-08-10,770.6861849056471,773.1301282404592,769.7086319253093,771.1151733398438,39249500
2026-08-11,772.6115040483734,772.6912620504304,767.2946895097219,768.6513061523438,36740600
2026-08-12,772.7910096110111,772.9805414027246,769.369513273419,770.5764770507812,33179100
2026-08-13,772.9506321027081,777.4394855444215,772.1925048911166,775.9531860351562,35634500
2026-08-14,776.6114939657781,776.8708596736758,773.509212209858,774.4169921875,31367900
2026-08-17,774.2573577843602,774.8559080861019,770.5964655970525,770.7560424804688,34356600
2026-08-18,766.7959149360092,767.5939211307613,765.0202948350139,765.5490112304688,43920900
2026-08-19,768.4517358705159,770.5564946026684,766.1973243479778,767.1549682617188,40306000
2026-08-20,764.0627220124634,766.2472997692572,760.1523881029335,760.7109985351562,45520300
2026-08-21,764.1524418077088,765.9479709365374,762.2770937955632,763.8232421875,39188700
2026-08-24,762.8856098637509,763.3244615010249,760.1922857963137,761.5787963867188,32430900
2026-08-25,764.262137078792,764.8806573052586,761.159855395616,764.0127563476562,27422300
2026-08-26,762.8356805789958,765.449185749943,762.0376744224566,764.182373046875,28751600
2026-08-27,766.5964060257239,770.4468300957561,765.2596984507333,769.18994140625,34557100
2026-08-28,769.8483393622295,773.3795487683207,766.4068729286823,767.4442749023438,36744300
2026-08-31,765.4292990280279,766.097622354185,762.8257178677422,765.1499633789062,38810800
2026-09-01,760.1224772031874,762.7758614763637,757.5987149009983,759.89306640625,41126300
2026-09-02,760.5614001563074,764.5315220914426,759.8431519587122,763.2646484375,29566200
2026-09-03,765.99791709853,772.112737807933,765.5490195828438,771.2548217773438,43531600
2026-09-04,770.0977256925568,770.9555808433835,767.0951717806925,768.2822265625,34054200
2026-09-08,767.1649647963771,767.7934091111229,763.2447069992287,764.0626831054688,44746100
2026-09-09,762.1873669257697,762.5763546117217,759.055130192088,760.5115356445312,32812400
2026-09-10,756.1523365872063,758.2271404471661,754.7657651010062,755.9528198242188,42740400
2026-09-11,762.8257171109622,764.4816392943262,761.7084962835214,762.3967895507812,45512700
2026-09-14,757.119891309806,761.6287143614769,756.0525344863368,758.9952392578125,43992400
2026-09-15,758.2371341657202,758.4665449596201,754.2769973083872,755.513916015625,46195000
2026-09-16,757.6187023523285,759.7833101686804,747.7432005092232,752.1821899414062,59217700
2026-09-17,761.2596848801362,761.6786274833105,758.0775841455181,760.7109985351562,49652800
2026-09-18,761.3099975585938,762.0,757.969970703125,761.6900024414062,65308100
