Date,Open,High,Low,Close,Volume
2014-08-12,157.91438835490695,158.35482381395659,157.36791683631614,157.84913635253906,73632000
2014-08-13,158.46903325782057,159.09707297616865,158.1998858240771,158.91763305664062,69047000
2014-08-14,159.17865831624115,159.66802978515625,159.03183816368167,159.66802978515625,57371000
2014-08-15,160.24713015101713,160.39393785480368,158.48536303228084,159.63540649414062,139951000
2014-08-18,160.51628605858102,161.04644156979296,160.42656609331675,160.97303771972656,75424000
2014-08-19,161.36460189857144,161.93554170333366,161.0383541374371,161.81320190429688,59135000
2014-08-20,161.59289945311446,162.44116313357,161.56027967104228,162.2454071044922,72763000
2014-08-21,162.3840939130326,162.93056559713935,162.2535898687696,162.718505859375,67791000
2014-08-22,162.58799222162904,162.87346824591603,162.09862075284414,162.4656524658203,76107000
2014-08-25,163.24050806497303,163.607539796175,162.4330282998883,163.28944396972656,63855000
2014-08-26,163.39544677734375,163.7951106606717,163.35466271650654,163.39544677734375,47298000
2014-08-27,163.47706897456325,163.5912693695964,163.0774173741595,163.33026123046875,47874000
2014-08-28,162.79192437790732,163.3465603931991,162.6288005306633,163.2405242919922,58330000
2014-08-29,163.49337212832702,163.72174800917517,162.97953261919477,163.7054443359375,65907000
2014-09-02,163.91749875048535,163.94196670509572,163.01214709324708,163.62387084960938,72426000
2014-09-03,164.25189369341865,164.276361645492,163.30575806141465,163.5341339111328,57462000
2014-09-04,163.81146217153196,164.41503408977792,162.84902277153205,163.29762268066406,85236000
2014-09-05,163.26498152429306,164.09692926981626,162.64510596725574,164.03167724609375,102177000
2014-09-08,163.87670387383338,164.11324401354153,163.1263242756316,163.6075439453125,64146000
2014-09-09,163.46078255852947,163.57497052006573,162.23733477968912,162.57174682617188,88591000
2014-09-10,162.66142492327884,163.28946482076373,162.12311745670107,163.18344116210938,67251000
2014-09-11,162.53090269515923,163.39547014815804,162.40855049514727,163.37100219726562,66774400
2014-09-12,163.20781981056072,163.22412347493875,161.95174070291537,162.41665649414062,117409300
2014-09-15,162.44116217334317,162.57166619195692,161.80497063953632,162.29434204101562,76401000
2014-09-16,161.9926404814978,163.8114960026517,161.90292048114202,163.5178680419922,116201000
2014-09-17,163.75436848578198,164.49658382245588,162.92242072498516,163.73805236816406,151266000
2014-09-18,164.2356132369977,164.6352772835579,164.02355345780114,164.61080932617188,94990000
2014-09-19,165.13442900686675,165.4458093575083,164.1265034531096,164.4624786376953,121649000
2014-09-22,164.17566490678607,164.2002472346494,162.84815668352988,163.19232177734375,125553000
2014-09-23,162.6022521064056,163.28239206489687,162.20892252327735,162.25808715820312,111393000
2014-09-24,162.28270076957378,163.63479100937406,161.85659884890134,163.52825927734375,107276000
2014-09-25,163.10217590060518,163.1103783453839,160.83232436026083,160.88967895507812,150300000
2014-09-26,161.1846839122393,162.56954671628225,160.95524051906705,162.1680145263672,103547000
2014-09-29,160.7749640313389,162.15982685476516,160.65205239175026,161.87301635742188,95112000
2014-09-30,161.99591021567474,162.4957716294319,161.1109090649051,161.44688415527344,131302000
2014-10-01,161.1846738205826,161.24204091714753,158.89842997328216,159.2589874267578,177798000
2014-10-02,159.11968573425557,159.84080070839985,157.62011369151168,159.28358459472656,157285000
2014-10-03,160.34884300398676,161.3813507495612,159.857183961847,161.0371856689453,121569000
2014-10-06,161.70914342495,161.922206956224,160.26692588459017,160.84872436523438,104778000
2014-10-07,160.02106449840716,160.3816219517862,158.33301142461104,158.36578369140625,147913000
2014-10-08,158.45595717564856,161.36498725139458,157.6283228457938,161.1355438232422,186461000
2014-10-09,160.88153035760044,161.10278386012922,157.80861367031716,157.93972778320312,210705000
2014-10-10,157.89868363284594,158.68534295681224,156.09590913638834,156.13687133789062,221909000
2014-10-13,156.0713439923961,156.63674997335028,153.48189738323353,153.57203674316406,230939000
2014-10-14,154.39970859556257,155.5469382299219,153.26887134984912,153.80970764160156,215847000
2014-10-15,151.7282816084033,153.8014743047838,149.0732780646754,152.7689666748047,380715000
2014-10-16,150.00748696080387,153.71137907817888,149.86818291594687,152.63790893554688,270391000
2014-10-17,154.39959232770667,155.4894540329691,153.7440348165471,154.44056701660156,214625000
2014-10-20,154.16200876789924,156.0631124081985,154.11284412688548,155.94020080566406,130011000
2014-10-21,157.07105738488724,159.13606025850163,156.90717104653953,159.029541015625,154949000
2014-10-22,159.30817264229537,159.71789480072704,157.83317037119576,157.8987274169922,151822000
2014-10-23,159.4802881647448,160.77501200422336,159.1852876379809,159.73431396484375,154944000
2014-10-24,159.99650165661532,161.01261710317735,159.37372848185478,160.96343994140625,117927000
2014-10-27,160.38981996964324,160.9798208314797,159.81621149389306,160.7421875,82954000
2014-10-28,161.2829938635102,162.59409692208604,161.20923439163383,162.58590698242188,106736000
2014-10-29,162.70064533239935,163.1677220156245,161.26661800953158,162.340087890625,142557000
2014-10-30,161.90578107010916,163.8478597573474,161.7582746171517,163.3807830810547,113330000
2014-10-31,165.3474748255763,165.38025960064965,164.51984055903193,165.2491455078125,146903000
2014-11-03,165.46214500736863,165.89644936389092,164.96228362484166,165.3392333984375,93600000
2014-11-04,164.89674181917516,165.19994465539864,163.93799366984507,164.76564025878906,93343000
2014-11-05,165.97026760912044,166.01124233093645,165.07707619068734,165.80638122558594,91709000
2014-11-06,165.8472892474016,166.56020160611078,165.2327061785214,166.47006225585938,107089000
2014-11-07,166.48650467878446,166.83887224612195,166.02761785002446,166.6258087158203,89540000
2014-11-10,166.6585485514635,167.1993721659655,166.45368752217072,167.15020751953125,66319000
2014-11-11,167.21571187580082,167.42057284056168,166.87973689269998,167.3140411376953,54499400
2014-11-12,166.63398861886643,167.3632934809965,166.60120384768834,167.13385009765625,90120300
2014-11-13,167.297713819382,167.84673987696982,166.51924440948062,167.32229614257812,85357900
2014-11-14,167.2485595667138,167.56814229184863,166.93716678191166,167.36328125,80417500
2014-11-17,167.04370088605964,167.64189163567,166.87980204728342,167.4698028564453,80441000
2014-11-18,167.52718396323064,168.73995794851413,167.52718396323064,168.436767578125,76068100
2014-11-19,168.24003723862714,168.43670829014704,167.41240334129395,168.16629028320312,82373000
2014-11-20,167.37969224228925,168.5678965088488,167.31413519626523,168.46136474609375,72840300
2014-11-21,170.14937325750884,170.31325957756687,168.78909304395012,169.36270141601562,142327300
2014-11-24,169.76423520853706,169.94451391350262,169.55118424072546,169.83798217773438,65880800
2014-11-25,170.06747347396438,170.27233455974977,169.46109266242578,169.71511840820312,79108300
2014-11-26,169.86261878889064,170.24775864497818,169.6495677529879,170.14942932128906,62167800
2014-11-28,170.0264488749897,170.33782910859898,169.55116982990594,169.78880310058594,57890100
2014-12-01,169.13330005779574,169.24802176069073,168.29747586687284,168.60885620117188,103968400
2014-12-02,168.6497971889028,169.90354572827698,168.62521486489354,169.6986846923828,74507200
2014-12-03,169.87080941830797,170.5673295855354,169.70692305565024,170.35427856445312,68952000
2014-12-04,170.06738393607097,170.66558699430394,169.37905405112207,170.1657257080078,91316600
2014-12-05,170.3378652233559,170.8295367545753,170.07564957610492,170.44439697265625,91025500
2014-12-08,170.0510714013622,170.54273044085798,168.7481455629405,169.3053741455078,108588200
2014-12-09,167.46979040238645,169.29715978829483,167.09285311017462,169.1906280517578,125180100
2014-12-10,168.73175829411525,168.78911288620185,166.28980557440164,166.47828674316406,159856400
2014-12-11,167.06827046706843,168.96118437551786,166.92896646771555,167.32229614257812,159012800
2014-12-12,166.05214540483456,167.01909590681004,164.58534602505827,164.6181182861328,202330200
2014-12-15,165.51134827045897,165.96204511457663,162.8891291370386,163.48731994628906,189965800
2014-12-16,162.72520400186747,165.85547382964904,162.13520327450223,162.17617797851562,259543800
2014-12-17,162.6105510954629,165.80637930033063,162.48762693144218,165.35568237304688,253910100
2014-12-18,167.77299584682268,174.5170175424843,167.10104565775663,169.4446563720703,257633900
2014-12-19,170.0914523327618,170.8330299608426,169.41580612698328,170.16561889648438,245084600
2014-12-22,170.35515287325197,170.9484100341797,170.11620800944846,170.9484100341797,148318900
2014-12-23,171.52515693368989,171.57459292707966,170.89069901547305,171.17909240722656,122167900
2014-12-24,171.40157886013054,171.66524170077506,171.15438630327048,171.19558715820312,42963400
2014-12-26,171.64057618182179,172.08552543476117,171.59114016988175,171.74769592285156,57326700
2014-12-29,171.56637960947597,172.18435475092608,171.50046075232626,171.97836303710938,79643900
2014-12-30,171.5581929363901,171.69001811519686,170.9814059165581,171.05557250976562,73540800
2014-12-31,171.37686785757063,171.54165871129243,169.23454904097866,169.35813903808594,130333800
2015-01-02,170.05029571624917,170.4622791732047,168.23755844745486,169.26751708984375,121465900
2015-01-05,168.2293336136723,168.39412449200552,165.90575331187634,166.2106170654297,169632600
2015-01-06,166.51544561016888,167.03454871125808,163.85403639825103,164.64505004882812,209151400
2015-01-07,165.96346233975933,167.0346221525055,165.51852560943698,166.69679260253906,125346700
2015-01-08,168.09750328662557,169.8690398817738,168.0810329989834,169.65480041503906,147217800
2015-01-09,170.06675072748448,170.08323358464872,167.68548706306586,168.29522705078125,158567300
2015-01-12,168.42708807890264,168.5836438117954,166.37540583732635,166.97689819335938,144396100
2015-01-13,168.1881196100647,169.30871509700975,165.21359859806074,166.50723266601562,214553300
2015-01-14,164.5050085458786,165.69977076877643,163.61513523893473,165.50201416015625,192991100
2015-01-15,166.13645505534498,166.44955393727855,163.8705460123544,163.98590087890625,176613900
2015-01-16,163.77988329733623,166.2929845356332,163.59860959668953,166.1364288330078,211879600
2015-01-20,166.77089890804422,167.0345743562975,164.9334562042021,166.49075317382812,130991100
2015-01-21,166.0293380046406,167.80910960815234,165.56791853100518,167.33120727539062,122942700
2015-01-22,168.08099434477484,169.95138995385025,166.71320642071078,169.81956481933594,174356000
2015-01-23,169.56410441912143,169.81954466137304,168.75662056035247,168.88845825195312,117516800
2015-01-26,168.67428432824417,169.37464871062735,167.96567222959058,169.2840118408203,92009700
2015-01-27,167.24056477719182,168.1881216948727,166.2270889979633,167.05105590820312,134044600
2015-01-28,168.22932283050397,168.3281948366188,164.71922831331804,164.9087371826172,168514300
2015-01-29,165.1065029059678,166.68851795505324,163.70574902054628,166.43309020996094,173585400
2015-01-30,165.26301548511046,166.58135472872752,164.07650136494078,164.3401641845703,197729700
2015-02-02,164.83456751474483,166.4660183242982,163.0300781381961,166.37538146972656,163107000
2015-02-03,167.26527603406157,168.7896197856342,166.89449345395215,168.7813720703125,124212900
2015-02-04,168.0233627649167,169.22636021453454,167.68553325004746,168.1387176513672,134306700
2015-02-05,168.79791126134816,169.98442597186474,168.72375723512613,169.8361053466797,97953200
2015-02-06,170.19859606236224,170.75890007641658,168.8472908873023,169.36639404296875,125672000
2015-02-09,168.72367698706,169.44052404507613,168.20457390491867,168.6083221435547,87219000
2015-02-10,169.63828844574928,170.65999922902105,168.64951822966802,170.40457153320312,96164200
2015-02-11,170.23980087623477,170.9319300513803,169.5971077032086,170.5034637451172,91087800
2015-02-12,171.29444271671267,172.20081114732452,170.53639483508027,172.14312744140625,97545900
2015-02-13,172.26676666191346,172.90121212565114,172.0113263605628,172.85177612304688,93670400
2015-02-17,172.53868091400219,173.29674160106663,172.29150087771853,173.1237030029297,76968200
2015-02-18,172.7529322401473,173.21435176988413,172.4892567530181,173.14019775390625,80652900
2015-02-19,172.54691643643517,173.3791185028344,172.40684356819395,173.01657104492188,91462500
2015-02-20,172.60460433909398,174.12894832436666,171.9866290865897,174.05479431152344,140896400
2015-02-23,173.80761570283403,174.03009033203125,173.42858531874762,174.03009033203125,74411100
2015-02-24,173.9559053504225,174.72220118209611,173.6592767337647,174.52444458007812,72472300
2015-02-25,174.4008471530005,174.87874949135494,174.03829968440488,174.37612915039062,73061700
2015-02-26,174.28550563543217,174.442061379114,173.56864578661225,174.17015075683594,72697900
2015-02-27,174.07126168817862,174.33493715975217,173.52745303035053,173.57688903808594,108076000
2015-03-02,173.675708943172,174.7303853675397,173.62627295026957,174.67271423339844,87491400
2015-03-03,174.24428028315134,174.72218259095698,173.09896680206552,173.9558868408203,110325800
2015-03-04,173.36262229593285,173.43678886860448,172.25850972111044,173.22254943847656,114497200
2015-03-05,173.5438887354121,173.6922093018008,172.90944333224982,173.4120635986328,76873000
2015-03-06,172.55514418880782,172.98361049096536,170.6435475463317,170.97312927246094,188128000
2015-03-09,171.17089197093955,172.03604717614132,171.01433624497355,171.68174743652344,89818900
2015-03-10,170.3222002786125,170.40458942344534,168.85552765684014,168.896728515625,157121300
2015-03-11,169.15214898215018,169.32518755252903,168.41881898909006,168.501220703125,110145700
2015-03-12,169.1274308715226,170.70944571261202,169.0779948722286,170.64353942871094,93993500
2015-03-13,170.37162249544068,171.327414449138,168.56713315220063,169.5970916748047,162410900
2015-03-16,170.32222285394192,171.9536739816204,169.6218458799786,171.863037109375,136099200
2015-03-17,171.129667776224,171.731160023628,170.54464581255363,171.35214233398438,94510400
2015-03-18,170.88247940984445,174.07947471554192,170.2480214339462,173.4120635986328,228808500
2015-03-19,173.00010882563075,173.4203274499487,172.2338130133591,172.62107849121094,117917300
2015-03-20,173.56545687267092,174.64966991678014,173.38337394309482,174.14480590820312,177715100
2015-03-23,174.15302924625576,174.72410621804497,173.805419921875,173.805419921875,71784500
2015-03-24,173.68136154045482,174.13655632689824,172.76267480369341,172.82888793945312,77805300
2015-03-25,173.0357187365326,173.26745828942722,170.25483147293886,170.29620361328125,159521700
2015-03-26,169.63408764432745,170.8010572410851,168.93885639849546,169.89065551757812,153067200
2015-03-27,169.7748144147788,170.45347671388734,169.58444698150385,170.27967834472656,118939000
2015-03-30,171.30595823876573,172.65502362744044,171.2894144315767,172.35707092285156,96180400
2015-03-31,171.53765469925668,172.2328859210729,170.79277943949455,170.8507080078125,126768700
2015-04-01,170.8176285089476,170.84245684536316,169.26165207299155,170.24655151367188,137303600
2015-04-02,170.1803187364033,171.3059161629543,169.9982358711629,170.85899353027344,86900900
2015-04-06,169.9734482092837,172.5225963037585,169.8410346083079,172.00946044921875,114368200
2015-04-07,172.03421937779117,172.7790945195781,171.52108373028707,171.55418395996094,81236300
2015-04-08,171.77770943669464,172.57224150514753,171.38871530546015,172.1335906982422,89351900
2015-04-09,171.96807643480446,173.12677437884773,171.47976891759052,172.89503479003906,85548900
2015-04-10,173.14332799781496,173.87993152787084,172.94470128427375,173.8385467529297,72722900
2015-04-13,173.69785396671355,174.32687225591252,173.0026351902037,173.0522918701172,74436600
2015-04-14,172.85360865386662,173.56538363399332,172.23287510011156,173.38330078125,75099900
2015-04-15,173.8467585084086,174.6661186164809,173.7639889931758,174.1612548828125,99529300
2015-04-16,173.830237098469,174.6164971361567,173.6315977992064,174.11163330078125,68934900
2015-04-17,172.92816835734396,173.16817987845485,171.33080675525449,172.10879516601562,191113200
2015-04-20,173.02745832216522,174.0123578736731,172.94470140108723,173.68130493164062,92189500
2015-04-21,174.3599079815753,174.5171624956865,173.17638211870613,173.47433471679688,72559800
2015-04-22,173.81369485395206,174.50892614369104,172.89500854176768,174.32684326171875,78264600
2015-04-23,173.92957348475434,175.41106495177615,173.81370370204252,174.7655029296875,102585900
2015-04-24,175.1793202979641,175.43588819302647,174.72411308308304,175.17103576660156,61327400
2015-04-27,175.73387326822882,175.8580149729737,174.25238157101384,174.4427490234375,79358100
2015-04-28,174.41790446824817,175.04691009525052,173.25092203668677,174.99725341796875,86863500
2015-04-29,174.1116825690308,174.87311448837966,173.47440498267443,174.2772216796875,125684900
2015-04-30,173.70607673311895,174.0950707592707,171.8355915957451,172.53082275390625,161304900
2015-05-01,173.30885448866758,174.44273670365686,173.20954113188554,174.40135192871094,103399700
2015-05-04,174.8234210654885,175.4772675801301,174.71583582080524,174.89791870117188,70927200
2015-05-05,174.657922674561,175.01381659021314,172.75433665603813,172.89503479003906,113326200
2015-05-06,173.44126660647066,173.7474911842089,171.12385831549628,172.18324279785156,135060200
2015-05-07,172.0839636979741,173.29233107273606,171.7529107171728,172.87022399902344,88244900
2015-05-08,174.53373016233192,175.34481848701967,174.4509606352007,175.14617919921875,155877300
2015-05-11,175.10492408163674,175.36976401349875,174.23589398144023,174.3103790283203,75708100
2015-05-12,173.4826852745384,174.32688679003272,172.66331210107083,173.78890991210938,119727600
2015-05-13,174.1944286578797,174.81516235263751,173.59025139772936,173.82199096679688,94667900
2015-05-14,174.83173533709504,175.72559345762346,174.5586109700841,175.63455200195312,95934000
2015-05-15,175.82489013671875,175.96558825870497,175.34485456407552,175.82489013671875,76510100
2015-05-18,175.65936438184937,176.61942290212738,175.59315127202686,176.3711395263672,74549700
2015-05-19,176.48698235205978,176.76010665253426,176.03177518460228,176.31317138671875,72114600
2015-05-20,176.4125267125117,176.9339471037886,175.87456251401304,176.18907165527344,76857500
2015-05-21,176.04834506739874,176.90909017165316,175.88280599105198,176.70217895507812,64764600
2015-05-22,176.32149299834063,176.73531551654153,176.21390773123392,176.28012084960938,57433500
2015-05-26,175.79177471205736,176.21388170073925,173.97095842671845,174.38478088378906,124308600
2015-05-27,174.83998698806207,176.27180914423877,174.43443643635138,176.04006958007812,93214000
2015-05-28,175.73384804161094,175.94903117523288,175.15449912119854,175.84144592285156,74974600
2015-05-29,175.77521603787758,175.81658817699767,174.48409210164976,174.74893188476562,124919600
2015-06-01,175.41108300665405,175.74213595451732,174.31858554675645,175.1048583984375,93338800
2015-06-02,174.6496187981613,175.61796175173745,174.02888516416186,174.93101501464844,91531000
2015-06-03,175.46074436711126,176.0152650154497,174.90622371877285,175.39453125,87820900
2015-06-04,174.69101312012216,175.34484702699578,173.59851580268213,173.91302490234375,151882800
2015-06-05,173.76406708564122,174.2854874824622,172.96125041673238,173.61509704589844,121704700
2015-06-08,173.50749553760943,173.656478203108,172.4729392980871,172.54742431640625,89063300
2015-06-09,172.52255249023438,173.0605291764976,171.8935470015442,172.52255249023438,105034700
2015-06-10,173.28402474351776,174.9724275682748,173.22609616215163,174.59170532226562,134551300
2015-06-11,175.03035617419903,175.53522011524936,174.79861659098182,175.15451049804688,73876400
2015-06-12,174.33514109075904,175.03035985503084,173.54059633954816,173.813720703125,135382400
2015-06-15,172.67982304425556,173.3502133600791,171.9763198618792,173.06881713867188,124384200
2015-06-16,172.9198318415462,174.09509863781517,172.74603349581696,174.0123291015625,85308200
2015-06-17,174.29371643066406,174.89790623101047,173.2757168567306,174.29371643066406,126708600
2015-06-18,174.88966878237264,176.5697871782919,174.3268762253908,176.10630798339844,165867900
2015-06-19,175.86507165665026,175.93991896540587,174.9502289153498,175.32447814941406,130478700
2015-06-22,176.2393847741394,176.80491489900174,176.01483007618953,176.22274780273438,70696000
2015-06-23,176.43066056771565,176.68016437061112,175.95661476347576,176.3474884033203,68476800
2015-06-24,176.08130482184498,176.4555540630857,175.0417165460171,175.06666564941406,92307300
2015-06-25,175.565700125007,175.6904456611954,174.45957650641196,174.534423828125,97107400
2015-06-26,174.8920332382615,175.1332248579162,173.95225393732872,174.50115966796875,104174800
2015-06-29,173.02911037205925,174.50948336281797,170.7669648083695,170.84181213378906,202621300
2015-06-30,172.37210923589186,172.4220201506252,170.7254043778412,171.199462890625,182925100
2015-07-01,172.7629665159609,173.01247028648763,171.78991323216673,172.57168579101562,135979900
2015-07-02,173.0457436802041,173.2120752966029,171.997830385343,172.41366577148438,104373700
2015-07-06,171.13288898053196,172.69642131727892,170.93328343762698,171.9229736328125,117975400
2015-07-07,172.12262698231274,173.12894173452543,169.75235967684756,173.0041961669922,173820200
2015-07-08,171.67348080097753,171.95624582037016,169.86875673209303,170.10162353515625,164020100
2015-07-09,172.1891534343055,172.44698209693087,170.30126945418408,170.4093780517578,144113100
2015-07-10,172.39701898396842,172.97087381460608,170.45091253333575,172.55503845214844,129456900
2015-07-13,173.81090769210834,174.56771857403146,173.76932160863564,174.45960998535156,106069400
2015-07-14,174.4180032755056,175.5241269755584,174.35978022747096,175.21640014648438,81709600
2015-07-15,175.2580453713466,175.71546700924185,174.68419028837744,175.1582489013672,97914100
2015-07-16,176.20608041745504,176.56370544433594,175.96490148001948,176.56370544433594,106683300
2015-07-17,176.5554509207139,176.77169352689194,176.14794020653613,176.71347045898438,89030000
2015-07-20,176.93792569251676,177.29553797038145,176.48882913817494,176.8048553466797,70446800
2015-07-21,176.67182277991859,176.92965138896886,175.80689072759588,176.10629272460938,77965000
2015-07-22,175.424361184696,176.12297448224527,175.3910999278092,175.79029846191406,88667900
2015-07-23,175.9233436718169,176.0231401184757,174.4429704916876,174.8005828857422,90509100
2015-07-24,174.90036359915393,174.9585739534814,172.654855082219,172.98751831054688,117755000
2015-07-27,172.10595940751654,172.61327910909745,171.5404166579117,171.981201171875,132361100
2015-07-28,172.8128479541322,174.2350104248588,171.98950208870576,174.0936279296875,123544800
2015-07-29,174.21842764747723,175.51583230345972,174.07704510832954,175.29129028320312,105791300
2015-07-30,174.7839189942226,175.4991563105311,174.16847810195645,175.33282470703125,91304400
2015-07-31,175.831801097589,175.85675020098594,174.78390068405764,175.06666564941406,103266900
2015-08-03,175.0335033813911,175.09171375880362,173.52816804695647,174.4762725830078,113965700
2015-08-04,174.40141255463104,174.8588341594563,173.65291370331173,174.13528442382812,81820800
2015-08-05,175.02508688859797,175.74032415984416,174.4262830014948,174.7090606689453,85786800
2015-08-06,174.89205626640072,175.00017753705393,172.69644574503167,173.27862548828125,116030800
2015-08-07,173.1205945598454,173.27028921059227,172.0477321350029,172.94593811035156,117858000
2015-08-10,174.0520612842865,175.20808317057939,174.0520612842865,175.1249237060547,80270700
2015-08-11,173.7942272588926,174.21006260904733,172.78790012779152,173.5447235107422,126081400
2015-08-12,172.24734809884168,173.9356388880229,170.79192412952753,173.75267028808594,172123700
2015-08-13,173.59463308337382,174.2766091935983,172.99582912473872,173.5364227294922,89383300
2015-08-14,173.34511374830117,174.2433196055732,173.20373125552976,174.16847229003906,72786500
2015-08-17,173.57799302121936,175.1415252685547,173.1205716096502,175.1415252685547,79072600
2015-08-18,174.86714421428317,175.21644452008294,174.40141047321683,174.63427734375,71692700
2015-08-19,173.89405478493381,174.65919044323707,172.44695562934967,173.25367736816406,172946000
2015-08-20,171.7483639297899,173.22873721085713,169.5777022349207,169.63592529296875,194327900
2015-08-21,167.77294521481267,169.61094324774174,164.27161828918466,164.52943420410156,346588500
2015-08-24,155.92998481904203,164.23836915926898,151.6967702062879,157.6016387939453,507244300
2015-08-25,162.533434014676,162.55007098556018,155.45591939317808,155.74700927734375,369833100
2015-08-26,159.74731938075684,162.00114000948767,156.66181531070703,161.72669982910156,339257000
2015-08-27,163.85579140320547,165.85179633033704,162.35046922286938,165.72705078125,274143900
2015-08-28,165.08666457019112,166.20110046922707,164.60429395188672,165.73536682128906,160414400
2015-08-31,164.76234535825472,165.61065334719189,163.8475021652546,164.3964080810547,163298800
2015-09-01,160.61226520831102,161.9845296798491,158.62457244980104,159.48951721191406,256000400
2015-09-02,161.85972727323147,162.55834021823262,160.03005450076014,162.51675415039062,160269300
2015-09-03,163.22367300950447,164.71237054134085,162.1425113444944,162.63319396972656,152087800
2015-09-04,160.38764440694823,161.2276269565387,159.3563685251445,160.17140197753906,207081000
2015-09-08,162.9576109859179,164.3464999752582,162.31722078929786,164.19679260253906,116025700
2015-09-09,165.76862468873168,165.8933702286587,161.63521992863076,162.0011444091797,149347700
2015-09-10,161.80984341832135,164.02209044473517,161.55202754123692,162.88270568847656,158611100
2015-09-11,162.4918671136917,163.68947525938052,161.784941761217,163.62294006347656,119691200
2015-09-14,163.79753478393275,163.8474329933412,162.53339182100814,163.01576232910156,79452000
2015-09-15,163.51483981556115,165.49422090485072,162.97425872846085,165.05343627929688,113806200
2015-09-16,165.35282639557673,166.6751801766029,165.01183825623033,166.48388671875,99581600
2015-09-17,166.3508260801839,168.7377176329903,165.7353850119794,166.10963439941406,276046600
2015-09-18,163.61247780284123,166.09536955900396,162.98548197154713,163.39511108398438,223657500
2015-09-21,164.22277848965334,165.25940361212471,163.19450872078528,164.239501953125,105726200
2015-09-22,162.08257194942246,162.56745015318327,160.97905339818882,162.10765075683594,153890900
2015-09-23,162.274924463002,162.74307943304234,161.27173341916327,161.84857177734375,92790600
2015-09-24,160.63638589634175,161.7231816211498,159.30715730711387,161.2633819580078,159378800
2015-09-25,162.7180438835271,163.01900255233602,160.35217682855364,161.22161865234375,155054800
2015-09-28,160.3270263658649,160.4357097343446,156.86600959913372,157.17532348632812,178515900
2015-09-29,157.39267977135148,158.62159264192638,156.2724375057759,157.26727294921875,159045600
2015-09-30,159.14828356626737,160.36884126163397,158.37081473254347,160.20164489746094,163452000
2015-10-01,160.5777961199609,160.92055686462473,158.68845348308335,160.61959838867188,131079000
2015-10-02,158.64665856270764,163.04398445078434,158.10325455681826,163.01890563964844,211003300
2015-10-05,164.23950106479637,166.1455676897734,164.13081768721608,165.9198455810547,126320800
2015-10-06,165.78610019265616,166.34621508818907,164.69094922107192,165.35137939453125,110274500
2015-10-07,166.27930784108844,167.05678939157835,165.09219713262496,166.70567321777344,124307300
2015-10-08,166.32113885633336,168.49473012450835,166.02018026160553,168.2104949951172,153055200
2015-10-09,168.35256277089263,168.78727069095308,167.68376467414845,168.31076049804688,107069200
2015-10-12,168.38599994500169,168.67023499541276,167.95964736938504,168.4696044921875,56395600
2015-10-13,167.74232122389955,169.0046813079341,167.24073208824555,167.40792846679688,88038700
2015-10-14,167.34939663882656,167.9262349666992,166.31277147570756,166.60536193847656,99106200
2015-10-15,167.26580186118926,169.17186853737633,166.89796219451011,169.16351318359375,134142200
2015-10-16,169.56479276714617,169.94934315442046,168.8040345903975,169.93263244628906,114580100
2015-10-19,169.28889366911423,170.01620483398438,168.9795797725629,170.01620483398438,76523900
2015-10-20,169.58151988458505,170.40914642421916,169.3307189382881,169.7988739013672,78448500
2015-10-21,170.21681363382163,170.3672864969279,168.57825906118143,168.74546813964844,102038000
2015-10-22,169.69012535632027,171.80518998853404,168.74546043865388,171.59619140625,174911700
2015-10-23,173.2598951238568,173.84508884081438,172.46570273968103,173.4772491455078,144442300
2015-10-26,173.30168900127154,173.36020199199555,172.68304838406166,173.05088806152344,69033000
2015-10-27,172.38204051339181,173.05083857604924,172.03927975229385,172.71644592285156,77905800
2015-10-28,173.05087394998608,174.7061396073188,172.3904438602281,174.68106079101562,135906700
2015-10-29,174.17950613287516,174.94861974946144,174.06246738157438,174.58078002929688,90525500
2015-10-30,174.77300119377614,175.0906831731745,173.66949513082187,173.8283233642578,131076900
2015-11-02,174.15435544360557,176.07713231346827,174.02894863279155,175.88485717773438,86270800
2015-11-03,175.5337631262892,176.94659584766845,175.30804104346925,176.39483642578125,95246100
2015-11-04,176.68744138730514,176.812835458884,175.3247662802512,175.85980224609375,96224500
2015-11-05,175.91825093622796,176.37805029108463,174.7980217853109,175.68417358398438,78408700
2015-11-06,175.34146652871556,175.82634480173434,174.27139473869553,175.59225463867188,110471500
2015-11-09,174.98205105148696,175.13253673284024,173.00910302177581,173.9537811279297,131008700
2015-11-10,173.47718384559877,174.388427386424,173.20967228551413,174.35498046875,75874600
2015-11-11,174.62255849313092,174.67271612880728,173.60264404682746,173.66952514648438,67846000
2015-11-12,172.6328404097794,173.10099522412602,171.22837596673946,171.24508666992188,121315200
2015-11-13,170.8355028713583,171.1030145120716,169.2387501120885,169.3223419189453,153577100
2015-11-16,169.13844464170742,171.95574254570474,169.02139314404795,171.897216796875,117645200
2015-11-17,172.20651025903064,173.0842942719435,171.27855586126068,171.77178955078125,121123700
2015-11-18,172.2482890016951,174.63923361307806,172.2064994846576,174.4971160888672,121342500
2015-11-19,174.38006807423167,174.76463110931041,174.05403076990362,174.3466339111328,88220500
2015-11-20,175.09906387853584,175.65917872165826,174.60583013319498,174.98202514648438,94011500
2015-11-23,175.0405588809586,175.5421480028195,174.32160299231893,174.78140258789062,64931200
2015-11-24,173.77820638607045,175.4167615370843,173.39365598488664,175.01548767089844,98874400
2015-11-25,175.14082931646865,175.34147256760596,174.73118746232842,174.9903564453125,51980100
2015-11-27,175.0823261519101,175.39165279848365,174.6058159088999,175.19100952148438,37317800
2015-11-30,175.34979015052454,175.46682883274647,174.3549549735081,174.46363830566406,112822700
2015-12-01,175.09067912625167,176.24435554581143,174.8147994278238,176.12730407714844,97858400
2015-12-02,176.07713550346458,176.39481745576794,174.0791094084104,174.3299102783203,108441300
2015-12-03,174.58069669657016,174.84820824773743,171.16983831442516,171.8887939453125,166224200
2015-12-04,171.88880183341652,175.53373777369958,171.88880183341652,175.2411346435547,192913900
2015-12-07,174.91518639448736,175.33318378961772,173.21811799075962,174.1795196533203,102027100
2015-12-08,172.6245438339615,174.12932403349623,172.03098200607715,173.00909423828125,103372400
2015-12-09,172.37368627546385,174.45530415415365,170.6933293781942,171.6630859375,162401500
2015-12-10,171.72997570891886,173.41031993494747,171.49589828707198,172.10617065429688,116128900
2015-12-11,169.99948174751887,170.65991177061034,168.46124221736738,168.77056884765625,211173300
2015-12-14,168.92942675677097,169.74869785330552,167.1571096164172,169.623291015625,182385200
2015-12-15,171.12806621577792,172.30682148520253,169.5981947981496,171.40394592285156,154069600
2015-12-16,172.5241572691842,174.2128694997998,171.21165271708713,173.9119110107422,197017000
2015-12-17,174.2212403367473,174.28812142428936,171.24510210057215,171.26182556152344,173092500
2015-12-18,170.52346735712578,170.65801278641152,168.05101383942815,168.21080017089844,251393500
2015-12-21,169.37978684708744,169.77504381115622,168.2697001823364,169.5984344482422,99094300
2015-12-22,170.481434581934,171.43173476122777,169.4975012497569,171.13739013671875,111026200
2015-12-23,172.13811564780246,173.29865811337848,172.0456084537032,173.25660705566406,110987200
2015-12-24,173.00431858744722,173.51731070929043,172.75202506598336,172.97067260742188,48539600
2015-12-28,172.28109485418102,172.61747768253213,171.5074040832276,172.575439453125,65899900
2015-12-29,173.66868210922584,174.74512250927899,173.63504896080372,174.41714477539062,92640700
2015-12-30,174.1732746058439,174.25737672780107,173.03796012033254,173.18092346191406,63317700
2015-12-31,172.50816240776243,173.14729492223373,171.4485321044922,171.4485321044922,114877900
2016-01-04,168.60602961327126,169.06014763161696,167.0081793907052,169.05174255371094,222353500
2016-01-05,169.3713254091288,169.79181034096098,168.23602379249098,169.3376922607422,110845800
2016-01-06,166.7979853204654,168.24445473490096,166.17567573828563,167.20166015625,152112600
2016-01-07,164.26662582004272,166.0410725383736,162.80333380862086,163.190185546875,213436100
2016-01-08,164.14897827044425,164.70402169190498,161.1130752819048,161.3990020751953,209817200
2016-01-11,162.31559887064284,162.65199453635876,159.6329156175855,161.55873107910156,187941300
2016-01-12,162.99680192411364,163.61070639481204,160.74299578460875,162.86224365234375,172330500
2016-01-13,163.52660092153366,163.8714016738215,158.4219201004555,158.80035400390625,221168900
2016-01-14,159.4058037645922,162.52579405915853,157.81637159909005,161.4073028564453,240795600
2016-01-15,157.06796280692814,158.74148481243708,156.01675035836897,157.94256591796875,324846400
2016-01-19,159.75063665218838,159.87677699547342,156.5885818372409,158.1527862548828,195244400
2016-01-20,155.60467084575157,157.68186767584265,152.23238592197683,156.12606811523438,286547800
2016-01-21,156.5969637723933,158.8339332832199,155.27663526582242,157.00062561035156,195772900
2016-01-22,159.5992505927897,160.4233974191434,158.84238289155195,160.22157287597656,168319600
2016-01-25,159.71700140431025,159.9104208877375,157.60617158102588,157.79959106445312,130371700
2016-01-26,158.45554350978819,160.22999047278762,158.11916069010894,159.9524688720703,141036800
2016-01-27,159.43110445188756,161.0962215665761,157.31185632180285,158.21170043945312,185681700
2016-01-28,159.75064189917398,159.95246645505898,157.39592370045483,159.0358123779297,143798800
2016-01-29,159.80108819422082,163.0472322006176,159.68335293314658,162.9126739501953,210529300
2016-02-01,161.91189307971132,163.6358835073526,161.33162194157157,162.85377502441406,136061600
2016-02-02,161.43255607374383,161.44096115151413,159.3973980215029,159.91880798339844,182564900
2016-02-03,160.97005542223505,161.28121018625023,157.34547712119056,160.87754821777344,205054900
2016-02-04,160.38134396695014,162.0969165818912,159.75061666507509,161.1298065185547,139531800
2016-02-05,160.6168586201288,161.18871203825225,157.42957525911237,158.060302734375,180788300
2016-02-08,156.22696174737354,156.52129347506644,153.72928044024542,155.9326171875,191526700
2016-02-09,154.20022395667345,157.21089739840755,154.06566570815127,155.94102478027344,184513100
2016-02-10,156.7652238602392,158.38828983268502,155.68036535289824,155.8065185546875,148214100
2016-02-11,153.34241627195277,154.82253119760546,152.29120411779243,153.77972412109375,219058900
2016-02-12,155.54576218708806,156.96699020863144,154.7047924826064,156.95018005371094,127632400
2016-02-16,158.74991384209693,159.6245170143872,157.79120853515886,159.5992889404297,120250700
2016-02-17,160.75981426882714,162.57631239023576,160.63366108051162,162.20628356933594,136009500
2016-02-18,162.47533167087508,162.53420570504434,161.230700198299,161.54185485839844,102343000
2016-02-19,160.76821050040357,161.6175854600442,160.1627111599252,161.46621704101562,114793000
2016-02-22,163.0388675791757,163.94711681811626,162.97158843197434,163.8041534423828,103640300
2016-02-23,163.14815956732068,163.41727609306477,161.61758819956123,161.73533630371094,111455300
2016-02-24,160.31408647453802,162.7528939045773,159.2124180251303,162.47537231445312,150812200
2016-02-25,162.92106882584167,164.4516399561358,162.164201170932,164.44322204589844,110728300
2016-02-26,165.3094948112864,165.40198920120343,163.90506348514066,164.06484985351562,129833700
2016-02-29,164.0816123998809,165.02349443633847,162.58468723529066,162.77810668945312,125918100
2016-03-01,163.99751126866474,166.68862481548388,163.5265702476255,166.60452270507812,141799700
2016-03-02,166.29340978015458,167.40348348979975,165.88132986710897,167.35302734375,102415000
2016-03-03,167.17640731481302,168.0257951596379,166.6045539198895,168.00897216796875,95172200
2016-03-04,168.20236673015884,169.32927602568247,167.37821991107634,168.55557250976562,129293600
2016-03-07,167.6389426177296,169.0938298345103,167.56325840382064,168.69015502929688,100219000
2016-03-08,167.62212277197764,168.12669700106255,166.6886456911612,166.84841918945312,123974900
2016-03-09,167.65575391387418,168.01736479878008,166.87364526149202,167.67257690429688,94801200
2016-03-10,168.16030168533513,169.09377853690737,165.99059838621642,167.8070831298828,156838700
2016-03-11,169.25359036882483,170.55709622569168,167.79031101667988,170.51504516601562,137964500
2016-03-14,170.01047529591776,170.7505200699857,169.6824975535446,170.29640197753906,73612000
2016-03-15,169.33775237897387,170.32168592891512,169.07705368183383,170.01893615722656,93169100
2016-03-16,169.5395282788217,171.40648238765817,169.49747721954162,171.0028076171875,129303200
2016-03-17,170.91874449403795,172.5922665527953,170.5234875742287,172.0876922607422,134278500
2016-03-18,172.5863958012671,173.10203378785332,172.2736362170376,172.763916015625,138372400
2016-03-21,172.50188702057216,173.23730032986407,172.27365041141124,173.00906372070312,72926700
2016-03-22,172.23985857052247,173.48246167799314,172.07926097361246,172.91610717773438,97471900
2016-03-23,172.53567375544654,172.72164239357073,171.6058305648256,171.77490234375,81052500
2016-03-24,170.75208193230722,171.73264153802145,170.53230666828148,171.69882202148438,84360900
2016-03-28,172.11299145548446,172.32431824559737,171.3522201704235,171.80023193359375,62408200
2016-03-29,171.3945090064799,173.49932889445788,171.09019785277664,173.38943481445312,92922900
2016-03-30,174.38684668487463,174.86866499537047,173.78667300516156,174.15016174316406,86365300
2016-03-31,174.05720835400936,174.47986195329642,173.56692863103262,173.7275390625,94584100
2016-04-01,172.738547229676,175.09694885743517,172.42577476626965,174.91098022460938,114423500
2016-04-04,174.83488420050253,175.03776256550444,174.0402933938666,174.3446044921875,63497000
2016-04-05,173.00901531062104,174.3530506026861,172.34967675608485,172.603271484375,99662200
2016-04-06,172.60326521738432,174.54747419919903,172.42574504451764,174.48829650878906,91839800
2016-04-07,173.4063388926588,173.7613664106227,171.67345634911894,172.40042114257812,113859000
2016-04-08,173.57536557315186,174.0064804708485,172.3327630416087,172.8653106689453,95040600
2016-04-11,173.49931906851236,174.19247722872257,172.36661040990907,172.4595947265625,83757500
2016-04-12,172.62863889668202,174.34461149553252,172.18907553736943,174.06565856933594,115350600
2016-04-13,174.97862148284912,175.9084647273703,174.84336921121576,175.8239288330078,96336400
2016-04-14,175.88309621601945,176.33110805344006,175.4858007528931,175.83236694335938,65212900
2016-04-15,175.83237178485066,175.96762405227008,175.31673380138446,175.63795471191406,75761600
2016-04-18,175.6379162149449,176.90587692276193,174.97857767874913,176.8720703125,82531000
2016-04-19,177.29475331391956,177.6835874391158,176.61850491114927,177.42999267578125,88316100
2016-04-20,177.47225623087934,178.2922053029783,176.99888623015522,177.59906005859375,81100300
2016-04-21,177.61595805683808,177.72585212855617,176.37335534777992,176.64385986328125,85695000
2016-04-22,176.28883236045968,176.91435148041737,175.74783622782223,176.64385986328125,99251700
2016-04-25,176.0437063561041,176.38183703951964,175.4350840243229,176.33956909179688,66166500
2016-04-26,176.70302576233865,177.10878253811143,176.1282230108752,176.60159301757812,75864200
2016-04-27,176.22121334134943,177.35392202438942,175.866185824204,176.965087890625,77329400
2016-04-28,176.21273147612357,177.31162043566903,174.94477077046653,175.3589630126953,97216200
2016-04-29,174.74196187905804,175.08854103865323,173.31339018571504,174.41229248046875,142424100
2016-05-02,174.91099343793363,175.97607604409657,174.47989133746998,175.79856872558594,62188000
2016-05-03,174.57286582903163,174.8095508392934,173.52468014189694,174.2685546875,106422100
2016-05-04,173.27952037985165,174.00648505761527,172.7976891046341,173.29641723632812,92243800
2016-05-05,173.76140838525217,174.11643598897822,172.8400263018891,173.26268005371094,67619200
2016-05-06,172.49343873828653,173.9389201744794,172.34128958624953,173.8966522216797,89315000
2016-05-09,173.769806865732,174.47140048943743,173.59228667889047,174.04029846191406,74374900
2016-05-10,174.74193707613085,176.22122494415262,174.67431094007443,176.20431518554688,77472200
2016-05-11,175.74787107035834,176.28040598098474,174.5559844970703,174.5559844970703,81727000
2016-05-12,175.22372960038683,175.39280136466272,173.60074127058297,174.60665893554688,89586300
2016-05-13,174.31085013034456,174.86029479833752,172.76393599172155,173.08514404296875,96474600
2016-05-16,173.25416543608657,175.26598775531772,173.19498774222131,174.79261779785156,77486800
2016-05-17,174.52220053936128,174.809602007609,172.63715543665376,173.1612548828125,114924900
2016-05-18,172.81461861769614,174.3868906401381,172.12992179956848,173.2119140625,120062100
2016-05-19,172.4933976117022,172.89914148543002,171.41140534951788,172.6117401123047,115430500
2016-05-20,173.22036288247395,174.2178321605185,173.1696465104042,173.7021942138672,104990400
2016-05-23,173.71909700572874,173.99804996000537,173.27954650053434,173.46551513671875,58682600
2016-05-24,174.2770453842593,176.02683809703316,174.2516871911787,175.7140655517578,93537800
2016-05-25,176.39026111291548,177.32010424095265,175.7140127378307,176.90589904785156,76621400
2016-05-26,177.04113988222556,177.26937643499647,176.64384447118013,176.95660400390625,55280700
2016-05-27,177.1172485896185,177.72587091546708,177.06653221219221,177.71742248535156,64211200
2016-05-31,177.98792534270186,178.09781943295886,176.82139699495033,177.37930297851562,109879400
2016-06-01,176.7706258615914,177.92024409359868,176.5762088299738,177.74273681640625,69936200
2016-06-02,177.34549124942043,178.30067981979306,176.87212117943628,178.28378295898438,63044700
2016-06-03,177.7258930288348,178.09783037406095,176.5509161782531,177.75125122070312,101757100
2016-06-06,178.10622799488203,179.01071290804657,177.9456175599564,178.6556854248047,64887000
2016-06-07,178.80785566828771,179.4925525310708,178.7824974806562,178.9346466064453,60974800
2016-06-08,179.06991718535417,179.6447329266397,178.94312623423025,179.51792907714844,66170900
2016-06-09,178.79098043487605,179.39115442090275,178.52048874845266,179.27281188964844,73786900
2016-06-10,177.9033539751604,178.2414716862888,177.03267571719513,177.5736846923828,113829200
2016-06-13,176.97354797252618,177.82730375580104,176.11979218925129,176.20431518554688,117751200
2016-06-14,175.82392043367116,176.44945248631808,174.9109869913078,175.85772705078125,125059300
2016-06-15,175.85774333052848,176.9735552739446,175.42664120604522,175.61260986328125,109124500
2016-06-16,175.61257137659956,176.3057294740903,173.78670472299714,176.13665771484375,149533100
2016-06-17,176.033014798285,176.05850485768823,174.82643777990978,175.480712890625,117055700
2016-06-20,177.43503776949882,178.10629762797106,176.52584907431972,176.61082458496094,82789600
2016-06-21,176.99316366305985,177.51997545201309,176.55131440740573,177.11212158203125,72461700
2016-06-22,177.29056857800433,178.01282148859787,176.6787812330277,176.8232421875,95560500
2016-06-23,178.27619720730036,179.1768803777596,177.81736325901653,179.1259002685547,102731400
2016-06-24,173.02503295662362,179.15988989913535,172.2518000840038,172.6936492919922,333444400
2016-06-27,171.29165475338166,171.30016008275686,168.79352542000262,169.6007537841797,230775800
2016-06-28,171.19820785334176,172.685188546693,170.89231416352035,172.65969848632812,159382400
2016-06-29,174.053189203228,175.8290656655224,173.95122897471458,175.5996551513672,137328600
2016-06-30,176.0670172955163,178.04681447145046,175.51470240011741,177.99583435058594,165021900
2016-07-01,177.99583369464284,178.85404227750905,177.83438800220492,178.3697052001953,106055300
2016-07-05,177.54547340776043,177.6559389679489,176.49184978297694,177.08663940429688,109803700
2016-07-06,176.59382993181467,178.2677463898298,175.93955479184584,178.14878845214844,96021500
2016-07-07,178.32725665335235,178.99002429875736,177.27363268652675,178.03836059570312,85593800
2016-07-08,179.329889804336,180.93582857417718,179.10046627566044,180.6894073486328,133971000
2016-07-11,181.14822974247437,181.89597271757017,180.94429630414587,181.32666015625,73633900
2016-07-12,182.28687916043364,182.94115444391744,181.3522001840282,182.6437530517578,101275600
2016-07-13,183.06002854092966,183.06852090393517,182.13385532118124,182.61817932128906,87324100
2016-07-14,183.87577903313377,184.10520254210473,183.24700692287342,183.6378631591797,91230900
2016-07-15,184.19869509879058,184.3941232431284,182.94963011045272,183.3914794921875,107155400
2016-07-18,183.51040585168255,184.04572303036477,183.25549229205092,183.88427734375,58725900
2016-07-19,183.4679184183314,183.73132434308258,183.22151018837002,183.6973419189453,54345700
2016-07-20,183.6974149256209,184.70005890417826,183.6974149256209,184.46214294433594,58159500
2016-07-21,184.35158650811275,184.5725046420332,183.3234400733596,183.76528930664062,67777300
2016-07-22,183.88425292035626,184.64048816870735,183.62084703105114,184.58950805664062,62787500
2016-07-25,184.3856429616518,184.43662309260773,183.51044947238742,184.08824157714844,55873100
2016-07-26,183.98625149568835,184.53006108015597,183.33197633508968,184.17318725585938,70080500
2016-07-27,184.5470523114183,184.61503012777584,183.21301197560646,183.97775268554688,84083900
2016-07-28,183.7823186331244,184.47908155336592,183.32348456195902,184.190185546875,65035700
2016-07-29,183.926785012325,184.8444531816505,183.64638136291416,184.48757934570312,79519400
2016-08-01,184.54706633314595,184.93792260009536,183.88429878010672,184.3346405029297,73311400
2016-08-02,184.08819970987324,184.24115303340008,182.32082839994354,183.15353393554688,92295500
2016-08-03,183.09405309019246,183.74832822448334,182.79666473129126,183.6888427734375,53993600
2016-08-04,183.79930183539204,184.19866338687842,182.04891527293285,183.88427734375,46585500
2016-08-05,183.8843095158664,185.43076290809694,183.8843095158664,185.38827514648438,71892200
2016-08-08,185.57517459706514,185.67714779806195,185.01438033607144,185.2777862548828,39906500
2016-08-09,185.3458003503163,185.88110465721232,185.0653966822067,185.38827514648438,51251700
2016-08-10,185.49872776314322,185.5751979494322,184.58104663134466,184.92942810058594,57941100
2016-08-11,185.45618346700047,186.03398828440478,185.19277759534364,185.78756713867188,72504300
2016-08-12,185.4817292137405,185.83861601233525,185.22682859394925,185.62619018554688,61313500
2016-08-15,185.99154570606294,186.50986521228654,185.9830533410386,186.16148376464844,49813500
2016-08-16,185.74516462672722,185.81312948774544,185.20135498046875,185.20135498046875,53213600
2016-08-17,185.23534228265956,185.6856840500561,184.40263657611715,185.5497283935547,75134300
2016-08-18,185.52419988498724,186.00003161869705,185.41374728173182,185.96604919433594,52989300
2016-08-19,185.49869421857355,185.87256568230228,185.01437016088227,185.69412231445312,75443000
2016-08-22,185.45619969450132,185.9150466433893,185.09083357357272,185.6856231689453,61368800
2016-08-23,186.29748624743894,186.59488764883562,186.00008484604226,186.0595703125,53399200
2016-08-24,185.9150799012492,186.00854778048802,184.6915051059202,185.1078643798828,71728900
2016-08-25,184.72546365361646,185.39673641740734,184.5725233066918,184.98037719726562,69224800
2016-08-26,185.1672903464272,186.18693143121524,183.74828778390255,184.63197326660156,122506300
2016-08-29,184.75950369989272,185.8046352194913,184.72550830428693,185.54122924804688,70502200
2016-08-30,185.45623923732404,185.73664288466728,184.6830190811947,185.23532104492188,58114500
2016-08-31,184.90390893542113,185.0228668616284,183.93524783189295,184.70848083496094,85269500
2016-09-01,184.7000280581295,185.00592180761885,183.561428588259,184.71702575683594,97844200
2016-09-02,185.5667260919786,185.97458009603784,184.98042866808066,185.5497283935547,79293900
2016-09-06,185.83007004691297,186.18694380202854,185.11632253668182,186.1104736328125,56702100
2016-09-07,185.94908835526408,186.27197979518363,185.4902542255133,186.09353637695312,76554900
2016-09-08,185.7621080066177,186.03401925193893,185.36274646845328,185.66864013671875,74102900
2016-09-09,184.36010787022246,184.41108798872762,181.1992108684818,181.22470092773438,221589100
2016-09-12,180.46850328916744,184.224190733881,180.4005254618106,183.8248291015625,168110900
2016-09-13,182.5502278367942,182.81363374777334,180.56192550994362,181.1822052001953,182828800
2016-09-14,181.23315468366116,182.431239075069,180.56189499060704,181.11419677734375,134185500
2016-09-15,180.95281320717464,183.30648191855082,180.77436981654438,182.9241180419922,134427900
2016-09-16,182.31093525496496,182.49028002347347,181.53380934059015,182.2169952392578,155236400
2016-09-19,182.86606801299845,183.5065646640157,181.92666771246473,182.25119018554688,80250500
2016-09-20,183.10518009313085,183.25889302980107,182.22556576190743,182.2597198486328,69665300
2016-09-21,182.95995104852634,184.48859684581416,182.27675222741283,184.30926513671875,110284400
2016-09-22,185.31697497131336,185.76959142531237,185.06932207477823,185.47068786621094,76678700
2016-09-23,185.077880755407,185.21452314433975,184.36052775991317,184.4544677734375,73630900
2016-09-26,183.62612218361085,183.80545394726772,182.76357836004044,182.9600067138672,89827300
2016-09-27,182.79767256716215,184.18967586233643,182.43044786029841,184.0957489013672,78494800
2016-09-28,184.31786345899306,185.16332375535865,183.36139260075672,185.0095977783203,87411000
2016-09-29,184.8046277507613,185.20600669292523,182.78919777576687,183.33575439453125,128070600
2016-09-30,184.16408772176285,185.4194618994715,183.91643480964768,184.7191925048828,117202900
2016-10-03,184.30925255495555,184.4971195127768,183.64312430241583,184.27508544921875,83512100
2016-10-04,184.3861782802475,184.60821242723569,182.74650842395437,183.33575439453125,119948100
2016-10-05,183.95913841626216,184.57401610052685,183.89081722568446,184.1470184326172,72816000
2016-10-06,183.92494428554687,184.4971195127768,183.38693616405374,184.27508544921875,62927400
2016-10-07,184.5484039938564,184.71920046104418,182.91726971570253,183.64315795898438,89788300
2016-10-10,184.5996856689453,185.06083754345804,184.45450798565543,184.5996856689453,51855000
2016-10-11,184.1726534010862,184.24097459765528,181.54234597238792,182.2682342529297,130367400
2016-10-12,182.4048969321865,183.0283230336126,181.90957797517578,182.50738525390625,73866100
2016-10-13,181.1836120714625,182.40481886709594,180.3723192944624,181.9095001220703,101357000
2016-10-14,182.88312380888053,183.34428865778796,181.9266530569787,182.00350952148438,93346200
2016-10-17,181.97783503529672,182.2340362028837,181.19216101071402,181.3715057373047,58275700
2016-10-18,182.9600018294452,183.01977473875587,182.13162514645416,182.50738525390625,76869700
2016-10-19,182.7720455421123,183.30151836489674,182.4133691430391,182.99407958984375,66519200
2016-10-20,182.64394804615029,183.20758800184637,181.99491638957852,182.65249633789062,73639800
2016-10-21,182.65252332556983,182.8233197834896,181.69603970553706,182.7379150390625,89089100
2016-10-24,183.60901570123647,183.88230049108293,183.16493443320397,183.51507568359375,60146600
2016-10-25,183.33569463099104,183.59189581303832,182.73790056016966,182.90016174316406,66542300
2016-10-26,182.08041862541225,183.11374606660252,181.84128785448132,182.5330352783203,75705500
2016-10-27,183.2503863719514,183.28454046400836,181.96939290931576,182.04624938964844,77220200
2016-10-28,182.02055056559064,182.6952010924593,180.7993435894443,181.50814819335938,140623200
2016-10-31,181.8412330215534,182.0632801638312,181.35446242297428,181.5167236328125,61272500
2016-11-01,181.84120744839947,181.89245811082677,178.9974146530381,180.2015380859375,122781800
2016-11-02,179.89409967459295,180.27840797353477,178.6814279464014,179.11697387695312,103330800
2016-11-03,179.3305204686143,179.54401934448634,178.0239083907524,178.29718017578125,88939300
2016-11-04,178.408207952685,179.2451199171035,177.95559136767739,178.10076904296875,109122100
2016-11-07,178.1007129005113,182.06325035944977,178.1007129005113,182.02908325195312,109794900
2016-11-08,181.6362813584885,183.4125933311949,181.37154487286696,182.8489532470703,106772100
2016-11-09,181.36305151078608,185.40246030620767,181.33743268383324,184.78758239746094,258429000
2016-11-10,185.57321017854778,186.43574087465458,183.7968981143729,185.24868774414062,172113300
2016-11-11,184.53134571272258,185.06081874280605,183.88231383613845,184.8217010498047,100552700
2016-11-14,185.34266383508754,185.54762747001487,184.2239316851872,184.96690368652344,94580000
2016-11-15,185.35118185568197,186.41014099121094,185.14623127076104,186.41014099121094,91652600
2016-11-16,185.79526103549384,186.29057999491258,185.67570218535394,186.05999755859375,65617700
2016-11-17,186.21366086297223,187.0761913465181,186.10263731415426,187.01641845703125,69797200
2016-11-18,187.08477556849542,187.25557203960201,186.4186471785894,186.59799194335938,86265800
2016-11-21,187.17016824377677,188.03269889737496,187.0249905910485,188.007080078125,72402600
2016-11-22,188.31455792748568,188.5536756439477,187.64844242720747,188.3743438720703,67429000
2016-11-23,187.86189841231175,188.52801376045227,187.66548312527937,188.47677612304688,56620200
2016-11-25,188.8184017170154,189.2112323319122,188.74153222198203,189.1770782470703,37872300
2016-11-28,188.8696335841565,189.1429053473451,188.18643462978068,188.28890991210938,76572500
2016-11-29,188.32313117058365,189.1088056331731,188.0242274699405,188.65618896484375,69886700
2016-11-30,189.27097000663528,189.43323118786662,188.14369003024922,188.20347595214844,113291800
2016-12-01,188.502465922017,188.502465922017,187.15315116154036,187.5118408203125,79040500
2016-12-02,187.59714711113205,188.09246595181148,187.24700590861025,187.60568237304688,74840300
2016-12-05,188.43405237374407,189.07454883052898,188.2376371089915,188.7329559326172,67837800
2016-12-06,188.9208811063953,189.36496240460667,188.4426457226001,189.33079528808594,59877400
2016-12-07,189.17709573660701,191.86717647618667,189.0575368822021,191.80740356445312,110738100
2016-12-08,191.78173276231044,192.74673860027067,191.5169832705835,192.27703857421875,99714400
2016-12-09,192.4991198920252,193.45559063795153,192.46495277627835,193.43850708007812,88005800
2016-12-12,193.34460108726188,193.82284957533443,192.79804441754638,193.2165069580078,102016100
2016-12-13,193.87401799993626,195.0012850276725,193.85693444515616,194.50596618652344,110477500
2016-12-14,194.20707871517268,194.9073481010056,192.46492096624655,192.9004669189453,142501800
2016-12-15,193.1395798990274,194.54866692963725,192.90899751969582,193.69467163085938,124972600
2016-12-16,194.14907003741726,194.20920833759524,192.99797473553608,193.31581115722656,156420200
2016-12-19,193.49627408622837,194.15773005848882,193.35024073531872,193.73680114746094,90341100
2016-12-20,194.26935840000766,194.63016203178975,194.03743006095544,194.48411560058594,89838800
2016-12-21,194.3552928572959,194.52709601948894,193.94296264648438,193.94296264648438,67909000
2016-12-22,193.79689753600582,193.91716104060143,193.21275115101358,193.60791015625,56219100
2016-12-23,193.65084782660008,193.89997350830055,193.46187355778628,193.89138793945312,36697800
2016-12-27,194.15770982245942,194.7676129828244,194.1405255748076,194.37246704101562,42672500
2016-12-28,194.63023325805088,194.64740440280875,192.65446366813657,192.76612854003906,64095000
2016-12-29,192.83487044873573,193.1870755653214,192.285092287033,192.72320556640625,48696100
2016-12-30,193.04953921738596,193.13544734077695,191.33148161148063,192.01870727539062,108998300
2017-01-03,193.3158546351365,193.99449479504997,192.31939108978972,193.4876708984375,91366500
2017-01-04,193.81408994305164,194.78479676307333,193.80550437311655,194.63876342773438,78744400
2017-01-05,194.37245076954795,194.63874760102672,193.69381067538663,194.48411560058594,78379000
2017-01-06,194.59583090323432,195.6438472919025,194.05463845938746,195.1799774169922,71559900
2017-01-09,194.92228126898283,195.0597290602939,194.50135232349612,194.5357208251953,46939700
2017-01-10,194.55289196830208,195.38615117997924,194.149147273665,194.5357208251953,63771900
2017-01-11,194.44979359470986,195.08547973632812,193.78833763321774,195.08547973632812,74650000
2017-01-12,194.57007063243853,194.7848278847922,193.2471717253465,194.59584045410156,72113200
2017-01-13,194.76761545137668,195.34316323147314,194.73326006337803,195.04251098632812,62717900
2017-01-17,194.40687106900864,194.81061578953012,193.96877095232824,194.35533142089844,61240800
2017-01-18,194.6044187040439,194.82777462704385,194.0546406830118,194.78482055664062,54793300
2017-01-19,194.8621077286855,194.9995554951565,193.6337027236693,194.06321716308594,66608800
2017-01-20,194.74187661598043,195.26588484357595,194.11478910024897,194.7762451171875,129168600
2017-01-23,194.77621567021853,194.83634087662702,193.51344215049315,194.26937866210938,75061600
2017-01-24,194.48412377975026,195.9272990443544,194.37245894401616,195.5149688720703,95555300
2017-01-25,196.45991131720925,197.207275390625,196.29669372522488,197.207275390625,84437700
2017-01-26,197.06123910305723,197.32754909240646,196.72621833139917,197.00111389160156,59970700
2017-01-27,197.07845500559668,197.2244883800057,196.5114926524248,196.69189453125,59711100
2017-01-30,196.00465496886667,196.03042479151102,194.4927685735131,195.47206115722656,79737300
2017-01-31,194.98238071531566,195.514987559318,194.41543158963867,195.45484924316406,75880800
2017-02-01,195.4548713204092,196.36543998180076,194.9480473458977,195.5321807861328,79117700
2017-02-02,195.53210279993388,195.9444460014856,194.84489034615572,195.6609649658203,69657600
2017-02-03,196.56301895450204,197.19010644438944,196.25376799509664,197.00970458984375,80563200
2017-02-06,196.60593106874376,197.00109011190023,196.32244997190676,196.657470703125,57790100
2017-02-07,197.04408204615962,197.28460912465883,196.47711974352174,196.66610717773438,57931200
2017-02-08,196.6661167832373,197.05267724200968,196.12492427630997,196.923828125,51566200
2017-02-09,196.92379169339242,198.3927237865184,196.92379169339242,198.09207153320312,65955200
2017-02-10,198.43570971957402,199.09716575547398,198.10927448746233,198.87380981445312,66015900
2017-02-13,199.36342945848503,200.21387279157153,199.3376596400043,199.95616149902344,55182100
2017-02-14,199.7757582406565,200.763649337106,199.4321519248641,200.7550506591797,71109000
2017-02-15,200.54029652138877,201.99205747727612,200.48875688400074,201.80307006835938,86785800
2017-02-16,201.82887489338543,202.0092767632744,200.88395079264967,201.6313018798828,84722400
2017-02-17,200.96981946352577,201.94911193847656,200.95263521442376,201.94911193847656,77204100
2017-02-21,202.31850477436353,203.32356708684515,202.30990609578996,203.15176391601562,88946100
2017-02-22,202.74800120272272,203.1946867855585,202.58478361725787,202.97134399414062,62115200
2017-02-23,203.486800553536,203.50397169653866,202.35287594370925,203.10882568359375,74615900
2017-02-24,202.2669145890847,203.40941128808456,202.22396053017573,203.36647033691406,82381600
2017-02-27,203.2805968021621,203.85614458778943,203.03148419049145,203.68434143066406,56515400
2017-02-28,203.3063246059963,203.54685159781374,202.74796118379254,203.134521484375,96961900
2017-03-01,204.78391655920868,206.44184929482503,204.76673230956334,205.97796630859375,149158200
2017-03-02,205.78892746481915,205.79752614136422,204.62924650449665,204.6807861328125,70246000
2017-03-03,204.59488940468017,204.97286417702512,204.21691463233526,204.8096466064453,81974300
2017-03-06,204.01935098250078,204.55194467269408,203.59842212905576,204.1997528076172,55391500
2017-03-07,203.89912523381324,204.25133027186428,203.38370258750723,203.58987426757812,65103700
2017-03-08,203.8819097590685,204.13962104275308,203.07442052046898,203.2118682861328,78168800
2017-03-09,203.3321262127252,203.7960091321492,202.50746585690035,203.46957397460938,90683900
2017-03-10,204.4230831660555,204.4660372273053,203.23761923580528,204.18255615234375,81991700
2017-03-13,204.12245744905488,204.3286291184119,203.79603535725005,204.28567504882812,57256800
2017-03-14,203.74447908258304,203.79603182983627,202.8940488151561,203.5039520263672,59880800
2017-03-15,204.07087362316406,205.6858519140976,203.83893218382514,205.26492309570312,96081800
2017-03-16,205.402367851766,205.4796772945059,204.53475352073914,204.86117553710938,78344000
2017-03-17,205.12262693094203,205.31243651377542,204.50143432617188,204.50143432617188,89002100
2017-03-20,204.50141401919228,204.78612836517027,203.8888575611373,204.277099609375,52537000
2017-03-21,204.88104650841805,205.0018332238527,201.52488723873597,201.654296875,131809300
2017-03-22,201.6888240080955,202.41354433347485,201.06763139640887,202.1288299560547,97569200
2017-03-23,202.12883849513824,203.04336844409934,201.5421638730748,201.91314697265625,100410300
2017-03-24,202.2151368404153,202.78455250092455,200.99001047270323,201.76649475097656,112504900
2017-03-27,200.10132571992898,201.81823491644124,199.82524742676122,201.5594024658203,87454500
2017-03-28,201.2574499256847,203.44887000641816,201.14528612102265,203.026123046875,93483900
2017-03-29,202.74141628747404,203.44887766371772,202.51708866970682,203.21592712402344,61950400
2017-03-30,203.15552999280033,204.0614370101192,202.9829794096838,203.8629913330078,56737900
2017-03-31,203.52650607361866,204.05279389108298,203.33669648930265,203.3884735107422,73733100
2017-04-03,203.44027595415443,203.638708497298,201.8096483358042,203.03477478027344,85546500
2017-04-04,202.74993865186508,203.250344335543,202.37031963909152,203.1640625,56466200
2017-04-05,203.83708588832562,204.81201565937246,202.3531273481406,202.56019592285156,108800600
2017-04-06,202.69827087803006,203.64730569496527,202.25825173889314,203.12965393066406,69135800
2017-04-07,202.87946647896086,203.61282301419865,202.43946045667866,202.922607421875,74412300
2017-04-10,203.06062448619653,203.8371086898843,202.51707764475574,203.04336547851562,67615300
2017-04-11,202.66374260068065,202.90531604474356,201.31782965096872,202.80178833007812,88045300
2017-04-12,202.52571668900205,202.71552628196744,201.68883252859067,201.91314697265625,81864400
2017-04-13,201.57666019979496,202.31001661112745,200.6017303466797,200.6017303466797,92880400
2017-04-17,201.11941448685027,202.37905883789062,200.92098196170755,202.37905883789062,68405400
2017-04-18,201.64572155877082,202.31005523287985,201.09355170574668,201.77513122558594,83225800
2017-04-19,202.33593336497609,202.70691651272165,201.17981664915393,201.40414428710938,68699900
2017-04-20,202.0166717401344,203.48338460340221,201.69745250424853,203.04336547851562,92572200
2017-04-21,202.96573006922685,203.01749393015078,201.99943622593705,202.39630126953125,110389800
2017-04-24,204.63086108102416,204.82930676634282,202.37041806974946,204.6222381591797,119209900
2017-04-25,205.26068118771292,206.15795211813352,205.17439931383385,205.81285095214844,76698300
2017-04-26,205.77828490015946,206.65830978218523,205.64025236484687,205.68338012695312,84702500
2017-04-27,206.00267146917838,206.1579630526786,205.32107885777282,205.8560028076172,57410300
2017-04-28,206.1147640343191,206.14064595760948,205.27788007523097,205.4073028564453,63532800
2017-05-01,205.925048828125,206.3478090434855,205.5109247009928,205.925048828125,66882500
2017-05-02,206.06302654432156,206.1838132567133,205.5971387007431,206.0026397705078,57375700
2017-05-03,206.00263565261935,206.09754043651324,205.07946973976397,205.75242614746094,73137700
2017-05-04,206.05444902415172,206.13209482106194,205.14854189923076,205.99404907226562,61462700
2017-05-05,206.36504769207525,206.8223127209225,205.92502850844568,206.8050537109375,62001300
2017-05-08,206.84813833035005,206.99480696336738,206.34773249518068,206.77049255371094,48385700
2017-05-09,207.02929988870017,207.22773234876666,206.23554371890987,206.58065795898438,51363200
2017-05-10,206.53758187926883,206.9517059326172,206.33051327021153,206.9517059326172,54293800
2017-05-11,206.5030487370718,206.69285831151325,205.4504731569016,206.5289306640625,62358300
2017-05-12,206.27874268775477,206.57208000078649,205.91638250728633,206.183837890625,53912700
2017-05-15,206.60658023464333,207.4434643287316,206.58932122807815,207.3226776123047,61918900
2017-05-16,207.61600511931388,207.64188704556003,206.74461621791102,207.1328582763672,51241800
2017-05-17,207.13289858586077,207.13289858586077,203.39711958174536,203.45751953125,172174100
2017-05-18,203.3798156405783,205.1226065622781,203.12098322016524,204.277099609375,107047700
2017-05-19,204.76026688843976,206.270107466075,204.70850303214038,205.60577392578125,115011400
2017-05-22,206.1148714543292,206.81372324167398,206.0458617327645,206.64979553222656,61010600
2017-05-23,207.02074326215902,207.27095282784222,206.64112403475502,207.10702514648438,48341700
2017-05-24,207.33992207200268,207.69364611080138,207.00343070903068,207.59011840820312,46927700
2017-05-25,208.09920471913722,208.85844318754206,207.89214925667585,208.5823516845703,64071700
2017-05-26,208.39253325515998,208.70312960048525,208.31488746002037,208.53921508789062,46629900
2017-05-30,208.2199559810207,208.608198071749,208.06466441063546,208.35800170898438,35201900
2017-05-31,208.65137562977858,208.6858936502107,207.6160588178628,208.3062744140625,91796000
2017-06-01,208.76355448881984,209.98005808372505,208.4788400411972,209.96279907226562,68962000
2017-06-02,210.01450080915959,210.81688004503397,209.7211635249752,210.6615753173828,88666100
2017-06-05,210.48907338711942,210.77378781630009,210.30788669045262,210.50633239746094,44698800
2017-06-06,209.9454941438962,210.49766390691767,209.75568455366084,209.83334350585938,50375400
2017-06-07,210.16983953088658,210.44591785337207,209.50550590885683,210.2216033935547,54144300
2017-06-08,210.31651135502514,210.79965830020518,209.79884639103685,210.32513427734375,65950700
2017-06-09,210.5925797958981,211.3863230492574,208.74626081933565,210.0059051513672,132256400
2017-06-12,209.7643665171717,210.01456294187545,209.11729181751173,209.96279907226562,86108100
2017-06-13,210.49764272539258,211.04118951225954,210.1525415950174,210.9894256591797,60067000
2017-06-14,211.25691089926207,211.26553382107394,209.90236178312665,210.7220001220703,78602300
2017-06-15,209.37607273992884,210.43728453124618,209.0999944310873,210.31649780273438,66464900
2017-06-16,210.47515280085526,210.52716909236761,209.48680357522417,210.36244201660156,84553100
2017-06-19,211.18611659787084,212.1744660688805,211.09074896343267,212.11378479003906,65123800
2017-06-20,211.75827945203483,211.76694442469216,210.66589759374787,210.6832275390625,56906400
2017-06-21,211.07335999027543,211.18605754202875,210.1630352304678,210.63119506835938,55977600
2017-06-22,210.63987344553215,211.1340414287775,210.36243559398292,210.53582763671875,44148100
2017-06-23,210.59652674301162,211.1167028826192,210.21505630325362,210.78726196289062,66986800
2017-06-26,211.45480339089076,211.8709601407042,210.71788395073696,210.9259490966797,56700500
2017-06-27,210.70921698887196,211.00399800962012,209.20935665635997,209.22669982910156,82247700
2017-06-28,210.24105677624263,211.29876541916607,210.00697024603113,211.099365234375,70042600
2017-06-29,211.2467402358337,211.29875652280958,208.03894132566631,209.24403381347656,106949700
2017-06-30,210.05029877057373,210.42310418408414,209.44342008121606,209.6341552734375,86820700
2017-07-03,210.57050989003255,211.0039966029294,209.98963928222656,209.98963928222656,39153800
2017-07-05,210.3538134314714,210.68325441102513,209.5475210866607,210.47518920898438,54427600
2017-07-06,209.7121713467781,209.83354707981576,208.36836008381368,208.55043029785156,65400800
2017-07-07,209.12269844712193,210.05035327822975,208.55915769515238,209.90296936035156,57972300
2017-07-10,209.90294859248792,210.50116240696096,209.59950258460685,210.12835693359375,36663300
2017-07-11,210.1283694415492,210.28443155542396,208.8105792057673,209.97232055664062,50354600
2017-07-12,210.93467284651766,211.71494377022336,210.93467284651766,211.5502166748047,59610400
2017-07-13,211.55887080924606,212.01836569210465,211.3334492394899,211.90565490722656,39471600
2017-07-14,211.90563280557174,213.24944419577673,211.8102652042291,212.89398193359375,60262700
2017-07-17,212.81601043408605,213.1974809343332,212.69463465936806,212.86802673339844,33531900
2017-07-18,212.46053872127817,213.03274444643432,212.12241956167986,212.98072814941406,42742500
2017-07-19,213.29280851214529,214.142438775647,213.2841303112444,214.13377380371094,51034300
2017-07-20,214.3851901038616,214.50656585569095,213.68294373763698,214.22914123535156,47135200
2017-07-21,213.65693594313413,214.06441451686462,213.43151438296377,214.0384063720703,82340800
2017-07-24,213.96035252957574,214.1250795867933,213.5182008725422,213.9863739013672,46622300
2017-07-25,214.73198488014728,214.83603069330022,214.2811681960246,214.50657653808594,54915600
2017-07-26,214.792650838959,214.8273239527601,214.2551315867777,214.5152130126953,47575400
2017-07-27,214.97470406923577,215.00937718029547,212.99799278580355,214.3157958984375,70766600
2017-07-28,213.83897055329027,214.1944328001912,213.38815393811012,214.06439208984375,50088400
2017-07-31,214.46319976981857,214.5585673703291,213.73494530899112,213.94302368164062,65838700
2017-08-01,214.54128238511666,214.57595550667546,213.89971719006266,214.41990661621094,55050400
2017-08-02,214.54990340675474,214.66261417942312,213.59622739716988,214.52389526367188,47211200
2017-08-03,214.41117504181935,214.43718318375602,213.83030449029465,214.1077423095703,40856000
2017-08-04,214.59329242240065,214.82736575126967,214.11645433383487,214.4979248046875,60191800
2017-08-07,214.5672723285956,214.89671325683594,214.4632265148137,214.89671325683594,31995000
2017-08-08,214.58458698349708,215.7983577120531,213.9950514062568,214.3678436279297,61719400
2017-08-09,213.68292322041066,214.411177661462,213.32746097098197,214.35916137695312,62632600
2017-08-10,213.52687674210125,213.6569306918411,211.2814187702836,211.33343505859375,120479500
2017-08-11,211.55887943410963,212.23511771301636,211.32479288249857,211.64556884765625,74869900
2017-08-14,212.91996932035988,213.96033463333754,212.88529620914446,213.74359130859375,73291900
2017-08-15,214.12511471817118,214.14245789255634,213.41420331597075,213.71763610839844,55242700
2017-08-16,214.2378227507355,214.63663638266544,213.66561706408348,214.09043884277344,56715500
2017-08-17,213.48358403036036,213.7956950555248,210.7526092529297,210.7526092529297,128490400
2017-08-18,210.58782478871694,211.70622783630915,209.98094607981142,210.42311096191406,136748000
2017-08-21,210.36242127252945,210.8479242507227,209.66017494843106,210.58782958984375,65469700
2017-08-22,211.16874181507407,212.94602690749204,211.1513986409579,212.78997802734375,63140100
2017-08-23,211.8276383718895,212.4518603547137,211.68025446330125,212.02703857421875,50203800
2017-08-24,212.4085212195599,212.5645701097356,211.32480427456215,211.5328826904297,50741700
2017-08-25,212.32180639139523,212.93736340158452,211.8796546656305,212.02703857421875,64445900
2017-08-28,212.55589700150568,212.5819051488729,211.61956400938766,212.0357208251953,40565600
2017-08-29,210.72656773509016,212.53853909724913,210.6138569516661,212.27845764160156,51135700
2017-08-30,212.26111158888938,213.55290679326467,212.0790413434407,213.2841339111328,62030800
2017-08-31,213.89968749141116,214.81001224629438,213.31881687594364,214.5672607421875,103803900
2017-09-01,214.94007174878718,215.29553406405793,214.72332837054392,214.87071228027344,62007000
2017-09-05,214.36786495407853,214.59328653283174,212.36515826603326,213.32749938964844,91398800
2017-09-06,214.00376983111823,214.38524034883343,213.47491538227993,214.0557861328125,57916900
2017-09-07,214.35916297193032,214.37650614321683,213.6222303253352,214.0297088623047,58034700
2017-09-08,213.743603452773,214.2377846111686,213.53553831573353,213.77828979492188,63832800
2017-09-11,215.04404029495177,216.13643506251057,215.02671035470883,216.05841064453125,71364800
2017-09-12,216.42257015376887,216.8213705023228,216.24049992232366,216.7866973876953,56896000
2017-09-13,216.5006268937401,216.92544867786958,216.387916103693,216.89076232910156,59228000
2017-09-14,216.56999462499903,217.02082457342183,216.39660256144148,216.8214111328125,95446300
2017-09-15,216.67759754003498,217.2003550835836,216.57304869024819,217.1132354736328,95432400
2017-09-18,217.4792170853588,217.92356308829662,217.1916943912399,217.57505798339844,46235200
2017-09-19,217.81898389418555,217.87997959109146,217.47047883780115,217.7928466796875,47108100
2017-09-20,217.88002864292014,217.98457752444963,216.87805311466042,217.87130737304688,59574100
2017-09-21,217.71446667763573,217.80158630708547,217.11328406757664,217.28753662109375,48211400
2017-09-22,216.99125763069196,217.49659922959373,216.96512041821555,217.3310546875,51214000
2017-09-25,217.0783852528558,217.4269035897625,216.14612695268764,216.88670349121094,57064400
2017-09-26,217.31365618348264,217.55761239750964,216.78217729693458,217.01742553710938,54082000
2017-09-27,217.714464012296,218.24594293551814,216.83446669168862,217.86257934570312,81001400
2017-09-28,217.58377743703832,218.20238931967907,217.49665780352635,218.1239776611328,44778800
2017-09-29,218.1152660598397,218.96912625058613,217.9323055151218,218.8907012939453,85578000
2017-10-02,219.11721709572956,219.8403778076172,218.9429512512324,219.8403778076172,59023000
2017-10-03,219.84036885580198,220.33698926746806,219.76194391112475,220.31085205078125,66810200
2017-10-04,220.16271909384366,220.81617604791793,220.04944896752707,220.5722198486328,55953600
2017-10-05,220.903327417392,221.89658159856938,220.60709674633964,221.87916564941406,63522800
2017-10-06,221.43481355743776,221.91401806716368,221.1734413654219,221.62649536132812,80646000
2017-10-09,221.852987833969,221.9139702340887,220.99912787537113,221.26051330566406,35803100
2017-10-10,221.826990171005,222.21906191578776,221.28678972999734,221.8444061279297,43057400
2017-10-11,221.74846601668025,222.1928253173828,221.58293473218265,222.1928253173828,47674300
2017-10-12,221.87916935636886,222.22767446994501,221.62649184860092,221.8617401123047,47065100
2017-10-13,222.29738052132967,222.41065066702748,221.86174247740652,222.1318359375,54800400
2017-10-16,222.35833391748938,222.6197060584137,222.01853683967224,222.4280242919922,38221700
2017-10-17,222.37574312495846,222.62842057968223,222.15792415104528,222.58485412597656,31561000
2017-10-18,222.9595118893441,223.00307834608037,222.61100682468611,222.8026885986328,40888300
2017-10-19,222.02723007626398,222.89850594049076,221.60902138392723,222.8636474609375,61903800
2017-10-20,223.65659412906825,224.03995775498825,222.84630041162484,224.0137939453125,89176400
2017-10-23,224.3361110218949,224.36224823331216,223.0640291616467,223.14244079589844,63915300
2017-10-24,223.56941964107733,223.76979609744606,223.1773348181456,223.53456115722656,66935900
2017-10-25,223.20345933083723,223.31672945498144,221.30408420217105,222.4280242919922,103715300
2017-10-26,223.03798790743738,223.308068093975,222.59362855942692,222.71560668945312,69798000
2017-10-27,223.45617099962706,224.6933946976007,222.72430230377432,224.5365447998047,85562500
2017-10-30,223.4561475534119,224.44069364702125,223.40387312270985,223.70010375976562,54285700
2017-10-31,224.074736457397,224.3012767069032,223.75236861878045,224.04859924316406,60304800
2017-11-01,224.82408167752484,225.16386551408445,223.97894283684508,224.34486389160156,54202700
2017-11-02,224.27515302350042,224.57138366575603,223.2121952651795,224.43197631835938,56449500
2017-11-03,224.58880179335614,225.2248428365465,224.17930101553856,225.18128967285156,59589700
2017-11-06,225.0506131089256,225.66051703390133,224.9809227179865,225.5298309326172,49652600
2017-11-07,225.63440384661874,225.96549306462873,224.8676765184357,225.37303161621094,57502200
2017-11-08,225.1987143113861,225.8521713274261,224.9198996031262,225.75631713867188,50469600
2017-11-09,224.5539838265763,225.1290292048759,223.36031331434606,224.93734741210938,95085500
2017-11-10,224.55396815576478,225.04188057798726,224.240294976203,224.86761474609375,59984700
2017-11-13,224.18807482410824,225.3033072862376,224.15321633144313,225.07676696777344,50228600
2017-11-14,224.27520135839887,224.65856499905252,223.49975280686448,224.55401611328125,61315200
2017-11-15,223.58684649448855,224.1096174208197,222.72429174904417,223.43002319335938,80811500
2017-11-16,224.3710281577118,225.69538494396602,224.32747498521172,225.32943725585938,67777000
2017-11-17,224.9808942619812,225.30326213412084,224.58880941848312,224.66722106933594,75756800
2017-11-20,224.9112021225821,225.24226467162944,224.66721931396768,225.0505828857422,48075500
2017-11-21,225.8173093322673,226.7060278773804,225.01575029501927,226.52304077148438,69176800
2017-11-22,226.53176008503942,226.66244616724182,226.1571177863148,226.32266235351562,45033400
2017-11-24,226.81061182413293,226.95001919765812,226.67120445060775,226.84544372558594,27856500
2017-11-27,226.88904685114346,227.18527757942599,226.53182040518027,226.7322235107422,52274900
2017-11-28,227.19396878868554,229.0584858527543,227.09811458940757,229.0323486328125,98971700
2017-11-29,229.1630530855019,229.69454538586697,228.4486268201305,228.89295959472656,77512100
2017-11-30,229.80778600995802,231.80298907710585,229.72937435393015,230.89688110351562,127894400
2017-12-01,230.67912345491305,231.15831478786868,227.19401822834777,230.417724609375,164390900
2017-12-04,232.02947823873978,232.45639491279027,230.08652344782726,230.13882446289062,94040600
2017-12-05,229.3111419677734,231.01883555279514,229.1804558802626,229.31114196777344,77994500
2017-12-06,229.40702603478516,229.78169503018262,228.89297623789216,229.35475158691406,75898600
2017-12-07,230.077880859375,230.39152748538592,229.0933346345588,230.077880859375,77218600
2017-12-08,231.02756758669221,231.34121421133287,230.04302136617727,231.33251953125,76563900
2017-12-11,232.02952575683594,232.0905214625432,231.30637832522305,232.02952575683594,83077500
2017-12-12,232.81363763596883,232.90949181624418,232.06435308668742,232.43899536132812,85195800
2017-12-13,232.68298102303947,233.11861905035576,232.32575464993192,232.4128875732422,102905400
2017-12-14,232.70912949653976,232.82239964339814,231.4109366209028,231.4632110595703,100666700
2017-12-15,232.46238447340687,233.85479103966375,232.40984284638893,233.39065551757812,144610300
2017-12-18,234.78308820741816,235.22095296471468,234.67800494169003,234.87066650390625,83653600
2017-12-19,235.11581593467096,235.1595917103328,233.8985393596742,233.96861267089844,82382900
2017-12-20,234.93199612543486,234.98453776922779,233.54835496363935,233.84609985351562,76751500
2017-12-21,234.46784822267168,235.0370938759789,234.08252503819358,234.32772827148438,67032300
2017-12-22,234.34516985314593,234.38020650875674,233.73214864307707,234.266357421875,78720900
2017-12-26,233.863499571522,234.20504682760523,233.72340640122556,233.98611450195312,45244400
2017-12-27,234.15256299541727,234.45907367200337,233.8285473495083,234.1000213623047,57751000
2017-12-28,234.59915095397508,234.6254217657556,234.21382789776843,234.5816192626953,45116100
2017-12-29,235.15963882046495,235.17714378920894,233.5045239818633,233.69715881347656,96007400
2018-01-02,234.5554051831879,235.40486393640256,234.17008203378253,235.3698272705078,86655700
2018-01-03,235.53620614609844,237.007452062863,235.53620614609844,236.8585662841797,90070400
2018-01-04,237.49786222367834,238.33855510004886,236.9198775195659,237.8568878173828,80636400
2018-01-05,238.6450537759201,239.56455905769892,238.15464739561895,239.4419708251953,83524000
2018-01-08,239.34561291783155,240.03744666370142,239.05663395950918,239.87982177734375,57319200
2018-01-09,240.30016031514953,241.04453570686587,240.01992047177401,240.4227752685547,57254000
2018-01-10,239.66966951537498,240.31772758977445,239.00413319524756,240.05499267578125,69574300
2018-01-11,240.60669703743412,241.8064422607422,240.44030628272688,241.8064422607422,62361500
2018-01-12,242.06915723068042,243.54911548070612,241.77138568614413,243.38275146484375,90816100
2018-01-16,244.63497539930265,245.28300650303194,241.85890187159384,242.5507354736328,106555100
2018-01-17,243.4790909737871,245.2480550819238,242.55081976875894,244.86273193359375,113258800
2018-01-18,244.74887089803556,245.16920392065526,243.96069303034096,244.4511260986328,100728000
2018-01-19,245.0291302827362,245.56333923339844,244.4511722674767,245.56333923339844,140920100
2018-01-22,245.35316863403142,247.55999755859378,245.3006002720016,247.55999755859375,91322400
2018-01-23,247.60379712631817,248.3744435081528,247.2797814260351,248.08546447753906,97084700
2018-01-24,248.72466897985188,249.32018531746706,246.81558519125946,247.9890594482422,134816100
2018-01-25,248.84733388077214,248.94365131161933,247.30604118603847,248.0941925048828,84587300
2018-01-26,248.92612985752962,251.01037050667838,248.67216079961221,250.96656799316406,107743100
2018-01-29,250.397411868789,250.83527676278896,249.1451246859856,249.30274963378906,90118300
2018-01-30,247.4811692868912,249.35521657465551,246.27265826550448,246.7455596923828,131796400
2018-01-31,247.59503458235346,248.0941801334713,245.79977290240802,246.8681640625,108364800
2018-02-01,246.14137815853812,247.8840718862473,245.79983071282405,246.58798217773438,90102500
2018-02-02,245.2743321202365,245.40571293902062,241.18468989581447,241.2197265625,173174800
2018-02-05,239.4682487852187,241.56999429566028,230.58833859278695,231.13128662109375,294681800
2018-02-06,227.6371327146444,236.18426134989403,226.55123666595557,235.68508911132812,355026800
2018-02-07,235.13332245849423,238.5136248061814,234.32763972490162,234.40647888183594,167376100
2018-02-08,234.70427332043076,234.8443932483276,225.57916011408363,225.61419677734375,246449500
2018-02-09,228.39025925571744,230.851057188824,221.48951938838374,229.00328063964844,283565300
2018-02-12,231.04371344712894,233.8285537034904,229.14339530591576,232.36607360839844,143736000
2018-02-13,231.16630106964814,233.4869787378475,230.58831643292163,232.94403076171875,81223600
2018-02-14,231.46404036631154,236.4469428934477,231.45527452008523,236.087890625,120735700
2018-02-15,237.82190606873294,239.1092297156834,235.36984702803554,239.1004638671875,111200300
2018-02-16,238.478648913063,241.10583724846651,238.43484640572123,239.1704559326172,160420100
2018-02-20,238.22473335946697,239.66094279990673,236.88486807668974,237.6730194091797,86369700
2018-02-21,238.11088890537022,240.58045295745703,236.39446625700026,236.49078369140625,98883700
2018-02-22,237.41024722618403,239.1179035321851,236.13168977692354,236.79722595214844,110511300
2018-02-23,238.01460036036323,240.57171630859375,237.54169880412547,240.57171630859375,92766400
2018-02-26,241.64007640950928,243.46160905135406,241.05335250888044,243.36526489257812,86491400
2018-02-27,243.54912476314271,244.25849026375877,240.26513905257121,240.32644653320312,99099200
2018-02-28,241.42111094164326,241.86774155496124,237.5766721936537,237.8919219970703,121907800
2018-03-01,237.68176475917994,239.22305734767247,232.9440645992234,234.4328155517578,176855100
2018-03-02,232.76888944879605,236.2017608336842,231.91069164643153,235.6412811279297,139083200
2018-03-05,234.45906116670795,238.97782844938183,234.35395118094502,238.36480712890625,97307400
2018-03-06,239.33692298788952,239.4157621812176,237.48038024819,238.96913146972656,79213200
2018-03-07,236.81471574649382,239.23171030546757,236.6220542423237,238.8814239501953,87063500
2018-03-08,239.55579306900455,240.16004855957954,238.5662411871151,240.03746032714844,66901200
2018-03-09,241.43865858743482,244.21470642089844,241.1233820380445,244.21470642089844,113625300
2018-03-12,244.50365839105308,245.12541878003282,243.5228190170602,243.90814208984375,71924800
2018-03-13,245.06410425032487,245.56327640639196,241.72757748105877,242.3318328857422,91968900
2018-03-14,243.2864228406217,243.47031856209327,240.5366459654681,241.0883331298828,105895100
2018-03-15,241.59623821156944,242.23550358816982,240.32641985438764,240.82559204101562,83433000
2018-03-16,241.35050652833516,242.13304017575965,241.03399415331734,241.0867462158203,100343700
2018-03-19,240.33941484185743,241.26260286497254,236.18061459577604,237.8247833251953,109208400
2018-03-20,238.2203860587031,238.86223848884688,237.55215760168622,238.22918701171875,59757300
2018-03-21,238.18532197276792,240.26910957992783,237.56107115277595,237.77207946777344,78709600
2018-03-22,235.55637094248118,236.40043088874282,231.55582678099475,231.8284149169922,148785900
2018-03-23,232.26802203099732,232.59333538854,226.69363651223378,226.88706970214844,183534800
2018-03-26,230.47437362412663,233.37584467049444,228.08284817522323,233.094482421875,141956100
2018-03-27,234.02649096831001,234.55401162788922,227.5816696445901,229.12913513183594,129941400
2018-03-28,229.26102769532312,230.9227983594075,227.35307176606125,228.45211791992188,146452300
2018-03-29,229.5863506067516,233.22640449908832,228.46092837170607,231.37120056152344,111601600
2018-04-02,230.84361696405603,231.3535893470145,223.9152399272108,226.37710571289062,186286300
2018-04-03,227.60806538774042,229.75340569640937,225.82321544912134,229.2786102294922,119956900
2018-04-04,225.74404334929613,232.43502236814962,225.6121631986823,231.7316436767578,123715300
2018-04-05,233.48128515148545,234.4396767265696,232.3998412284721,233.56044006347656,82652600
2018-04-06,231.60861043926135,233.0944962072635,226.84313433809155,228.3554229736328,179521200
2018-04-09,229.80613304612535,232.8570860135369,228.54883078020066,229.48081970214844,105442900
2018-04-10,232.35598201382675,233.91224887523705,231.22178545810578,233.1297149658203,103529000
2018-04-11,231.65254552602107,233.56050139208276,231.58221838066342,231.90753173828125,91140200
2018-04-12,233.22640173391812,234.75626543924633,233.05054361120307,233.8154754638672,68890500
2018-04-13,235.11679942596865,235.2311045437205,232.12739861051028,233.1297149658203,85079200
2018-04-16,234.75621987041131,235.81131473753118,233.93853610609082,235.04635620117188,63405300
2018-04-17,236.80487742177513,238.15890984627407,236.2949317937387,237.56103515625,64682000
2018-04-18,238.0006530533323,238.53697471543825,237.27967231184803,237.7368927001953,57303900
2018-04-19,237.08623160267544,237.28846575513265,235.38931077612648,236.41802978515625,77655900
2018-04-20,236.34767731833705,236.56748655112685,233.53410840575484,234.41334533691406,99953100
2018-04-23,234.9848494019342,235.53877291125386,233.30550379653852,234.378173828125,65558000
2018-04-24,235.39806959497662,235.6178787870128,229.7269817075723,231.22169494628906,112885500
2018-04-25,231.16023737683744,232.23290775015732,229.3490110331939,231.7932891845703,103840900
2018-04-26,232.81318179438588,234.9760973854648,232.37356327729427,234.1496124267578,67731900
2018-04-27,234.7562511462982,235.0551884709674,233.4373958027797,234.369384765625,57053600
2018-04-30,234.98482615000376,235.53874960451225,232.4965710816841,232.56692504882812,82182300
2018-05-01,232.0042576088842,233.0857287538209,230.45679193785602,232.980224609375,74203400
2018-05-02,232.78673784182317,233.59562065125908,231.02826428648606,231.41513061523438,86368900
2018-05-03,230.58866949186387,231.5558085805169,227.7662998275908,230.90518188476562,136311500
2018-05-04,229.93807120660654,234.57166778485288,229.61275778057427,233.89463806152344,91222100
2018-05-07,234.65950653943278,235.65302151711896,233.97367612298913,234.68588256835938,55304900
2018-05-08,234.31659133121096,235.04634601963107,233.12961636516175,234.68588256835938,67499200
2018-05-09,235.3540977861297,237.27962850508365,234.8353512992768,236.95431518554688,59666100
2018-05-10,237.69294735954202,239.49539946051001,237.58744320381433,239.17005920410156,72063900
2018-05-11,239.29313513979392,240.16357114711954,238.78316267508274,239.89981079101562,59871500
2018-05-14,240.3305962473945,240.9812229270874,239.46893447879592,240.0140838623047,54790600
2018-05-15,238.79193197053002,238.80950704787915,237.42032463628027,238.36111450195312,87036100
2018-05-16,238.39632515328998,239.8206847529032,238.3699222852691,239.36346435546875,53942600
2018-05-17,239.099701855681,240.23392505091894,238.38752206225277,239.1612548828125,56536400
2018-05-18,238.8183712758704,239.17886169838093,238.211695544351,238.56338500976562,64368000
2018-05-21,240.04040602090762,240.89326664333768,239.65353974894924,240.35691833496094,58025900
2018-05-22,240.87571103208705,241.13069722219612,239.36342263255682,239.68873596191406,52966400
2018-05-23,238.4227012850976,240.37460843443773,238.26441823782346,240.34820556640625,64694200
2018-05-24,239.95254971554198,240.22511101264362,238.07977079326324,239.85581970214844,76043800
2018-05-25,239.28436279296875,239.90861359850592,238.78319122426797,239.28436279296875,56374800
2018-05-29,237.66655664241893,238.42271443207736,235.42451297511536,236.53233337402344,115908600
2018-05-30,237.83355915625907,240.1283543707057,237.76323201701084,239.68873596191406,69678400
2018-05-31,239.28434349710054,239.5832808563809,237.62259952460337,238.22047424316406,93519900
2018-06-01,239.51291011838438,240.85814140644496,239.44255614536561,240.5592041015625,71258400
2018-06-04,241.3768808866275,241.95718040231645,241.13949660700942,241.7021942138672,45385200
2018-06-05,241.8340433059834,242.2560865810495,241.0691116710681,241.87802124023438,51135000
2018-06-06,242.48469509947213,244.00575740592097,241.86921868144145,243.90025329589844,62732200
2018-06-07,244.38393488837818,244.67407129222383,242.9683493656107,243.87396240234375,72969400
2018-06-08,243.4167658398162,244.64769225832708,243.24970866528437,244.59494018554688,72139700
2018-06-11,244.81479917772833,245.63248330415357,244.7004940527506,244.92030334472656,58892500
2018-06-12,245.33345854568515,245.59721886927935,244.59490280744205,245.23675537109375,72329000
2018-06-13,245.47414161244484,245.72912781539785,244.25198949499742,244.4542236328125,79070600
2018-06-14,245.31593322081469,245.5972686789798,244.48064730639604,245.0697479248047,77097600
2018-06-15,244.28900830387096,245.0927099931847,243.18502690964945,244.75709533691406,120041600
2018-06-18,243.30864761077996,244.3773209571177,242.8317470763512,244.253662109375,52917600
2018-06-19,241.9926968278556,243.53827062146416,241.57759878803688,243.31747436523438,97531500
2018-06-20,243.99744281465695,244.39488673588423,243.3968836492707,243.7324981689453,53785500
2018-06-21,243.7236994800423,243.74138042789414,241.71003896943648,242.20462036132812,71061400
2018-06-22,243.4587669902237,243.5735853463572,242.4254287376879,242.64622497558594,54898500
2018-06-25,241.4980824541548,241.6570492683329,237.6650632027626,239.34310913085938,137854200
2018-06-26,239.90836656004487,240.72088159957022,239.15765398139763,239.87303161621094,68547400
2018-06-27,240.4559973110877,241.87791246381053,237.735771958451,237.88592529296875,105110700
2018-06-28,237.83288561084004,240.0055130673899,237.12632147068877,239.24598693847656,76650500
2018-06-29,240.3323416611544,241.69245435562905,239.47565097701204,239.59046936035156,97592500
2018-07-02,238.02719794520482,240.2616549168198,237.78872074552748,240.1026611328125,63554800
2018-07-03,240.9946359040203,241.09180024895247,238.83084928113527,239.2547607421875,42187100
2018-07-05,240.3764502388254,241.26844867540132,239.30777708547188,241.2066192626953,56925900
2018-07-06,241.2331503041585,243.61773349878362,240.85336029143753,243.24681091308594,66493700
2018-07-09,244.2447829600739,245.49007695257492,244.20063449439598,245.4370880126953,50550400
2018-07-10,245.88762136519878,246.41753793305713,245.59615512417236,246.32037353515625,51966800
2018-07-11,244.77473167559435,245.56077930884817,244.21832078062482,244.5186004638672,77054700
2018-07-12,245.77275928969894,246.7884168085472,245.17219986409648,246.7354278564453,60124700
2018-07-13,246.5587496627562,247.2299518841817,246.10831672196744,246.92967224121094,48216000
2018-07-16,246.97392559259566,247.11521150814656,246.26736125147258,246.70895385742188,48201000
2018-07-17,245.94052395018647,248.09549747066842,245.88753500727847,247.70689392089844,52315500
2018-07-18,247.78640428546458,248.33397472351447,247.3448117447573,248.22799682617188,44593500
2018-07-19,247.56556373450772,247.94532678294925,246.81485115904692,247.29177856445312,61412100
2018-07-20,247.08871500148035,247.7157959027055,246.85026469918776,247.0092315673828,82337700
2018-07-23,246.80601042829377,247.67151430814565,246.461555408846,247.46839904785156,47047600
2018-07-24,248.87266257780593,249.55270519882606,247.84816493333693,248.7136688232422,68026900
2018-07-25,248.46641780028833,251.15130767798,248.4222693324907,250.8333740234375,78882900
2018-07-26,250.1179757947418,250.92165033968266,250.02081143983833,250.24160766601562,57919500
2018-07-27,250.56841853650917,250.66558290567048,247.6274242314407,248.5459442138672,76768700
2018-07-30,248.62546261400763,248.784429473909,246.7265929609436,247.24769592285156,63742500
2018-07-31,248.00713846330046,249.0757845975121,247.6273754420126,248.4663848876953,68570500
2018-08-01,248.66957085844885,249.1729927860263,247.4066227546677,248.05133056640625,53853300
2018-08-02,246.75301818910185,249.5703529500938,246.54987597886742,249.40257263183594,63426400
2018-08-03,249.52620769182317,250.52421085714974,249.34955994564325,250.47122192382812,53935400
2018-08-06,250.5065095550821,251.69878728231652,250.11790614900409,251.3896942138672,39400900
2018-08-07,252.05219034275223,252.59976075260496,251.9196910252273,252.219970703125,43196600
2018-08-08,252.0521959432252,252.511442469155,251.65475188715615,252.11399841308594,42114600
2018-08-09,252.1757429156357,252.56434636543324,251.63701315044273,251.7694854736328,35717000
2018-08-10,250.338788045859,250.8775179349385,249.3760927197562,250.08265686035156,77076000
2018-08-13,250.35638213479345,250.9657817684434,248.85495727888443,249.14642333984375,65732900
2018-08-14,249.87070203910213,250.97468324483137,249.48209849847217,250.7362060546875,43842000
2018-08-15,249.39377745931876,249.5350902895857,247.43310573744802,248.86386108398438,102925400
2018-08-16,250.29456672199197,251.74300273006867,250.25923178327614,250.87747192382812,69967900
2018-08-17,250.67429326908155,252.20221245261408,250.2680358672331,251.7606201171875,65618500
2018-08-20,252.21126713182124,252.5645359096687,251.76083394227467,252.29959106445312,39807500
2018-08-21,252.81175192152355,253.74792603443402,252.3348243886177,252.8912353515625,67272000
2018-08-22,252.48488142791183,253.2620883843199,252.2199098095026,252.7410125732422,44993300
2018-08-23,252.56449972126603,253.42119053495327,252.0875721155339,252.40553283691406,49204900
2018-08-24,252.97951560301087,254.06584286476027,252.92652665879552,253.92453002929688,57487400
2018-08-27,255.11677931539714,256.03529916548314,254.9578125007662,255.9293212890625,57072400
2018-08-28,256.38862725312487,256.4946321068167,255.59376604279515,256.05303955078125,46943500
2018-08-29,256.26494502760124,257.66036537146607,256.02649479713034,257.4307556152344,61485500
2018-08-30,256.9537398732284,257.3246623264556,255.79677015754535,256.38848876953125,61229500
2018-08-31,255.9823019313726,256.8389923415614,255.4965610292986,256.39739990234375,66140800
2018-09-04,255.98232027580926,256.30909439182176,254.95782250908616,255.95582580566406,57594400
2018-09-05,255.60259767562948,255.80573994733908,254.26016605468752,255.26698303222656,72452400
2018-09-06,255.37300197293223,255.67328171458774,253.474159133028,254.4986572265625,65909900
2018-09-07,253.4564578962428,254.97553727559858,253.2179806806409,254.0040283203125,73524800
2018-09-10,255.01079621296216,255.27576785124796,254.25127014573667,254.44557189941406,50210900
2018-09-11,253.80086264021804,255.7261994222889,253.45643451442245,255.28460693359375,50530500
2018-09-12,255.29343134898912,255.94697956629318,254.5603997230398,255.34642028808594,59810800
2018-09-13,256.4061920251334,257.042086095802,256.1235664486899,256.8565979003906,51034200
2018-09-14,257.0597846781716,257.2452459530958,256.1236108773846,256.90081787109375,55079900
2018-09-17,256.84789512451624,256.8832031223014,255.26698626185495,255.540771484375,68244000
2018-09-18,255.75265618865916,257.51902588302914,255.7261617213501,256.92730712890625,61930400
2018-09-19,256.9803451034907,257.6162393929191,256.8566862640088,257.2011413574219,49080600
2018-09-20,258.45523141530987,259.6033609568986,257.2187510441675,259.285400390625,100360600
2018-09-21,260.0245214391419,260.1398595873573,258.8889280235084,259.0486145019531,105479700
2018-09-24,258.4718322384059,258.613784734562,257.6112638442955,258.18792724609375,53409600
2018-09-25,258.6403962648021,258.74685386707006,257.7088651702878,257.9483947753906,44370000
2018-09-26,258.09037198021355,259.27031328454706,256.75959767511273,257.17657470703125,79739700
2018-09-27,257.64676201637326,258.97753622577073,257.37173751240476,257.8951721191406,59249500
2018-09-28,257.2741607004745,258.4186342232433,257.23869287821276,257.92181396484375,70091400
2018-10-01,259.1550695170986,259.8825662332984,258.1525752517197,258.8179626464844,62078900
2018-10-02,258.6670837402344,259.3768193389714,258.29448202703463,258.6670837402344,47258200
2018-10-03,259.7139072679814,260.1308843039914,258.45412274194115,258.8089904785156,64694600
2018-10-04,258.32991396912035,258.38314277789755,255.20703986393897,256.7862243652344,111545900
2018-10-05,257.0079653493612,257.5225194161626,253.92944021567766,255.34893798828125,105951700
2018-10-08,254.665789963365,255.70380566276515,253.29066757173945,255.34893798828125,87742200
2018-10-09,254.9675107173781,256.2716436096142,254.4174345678273,254.9763641357422,74339000
2018-10-10,254.47068495382157,254.541674754797,246.53041344296443,246.90301513671875,214731000
2018-10-11,245.8206752119577,247.43535491100366,239.85880384790093,241.46463012695312,274840500
2018-10-12,245.54563049794265,245.82953555740838,241.64203069165737,244.8181610107422,183186500
2018-10-15,244.46329409768276,245.7852153367795,243.3543152148686,243.4430389404297,102263700
2018-10-16,245.39487379264088,249.13878790727642,244.92466778871497,248.7661590576172,118255800
2018-10-17,248.80160534585232,249.43149770167693,246.2465139465882,248.81048583984375,110626000
2018-10-18,247.87892571901244,248.47335024410975,243.9487115121267,245.21737670898438,134557500
2018-10-19,245.86507610708338,247.79024842316747,244.3923487966821,245.0843505859375,139901600
2018-10-22,245.74969267143155,246.069065557759,243.45189193476455,243.9842071533203,82415800
2018-10-23,240.3822586323735,243.86000103241318,238.30622646615907,242.7421417236328,146352700
2018-10-24,242.4937072564188,242.87521650709292,234.83734103185068,235.38739013671875,177806700
2018-10-25,237.21494370639343,241.14515705075235,236.19468889139034,239.61032104492188,138061500
2018-10-26,235.91977846424555,240.42665739856065,232.6992989796881,235.3963165283203,201574600
2018-10-29,238.47480394347747,239.76123025482744,230.53453152674683,234.0921173095703,160749100
2018-10-30,233.92357565427733,237.8715241329853,233.43560871330504,237.56100463867188,157116000
2018-10-31,240.11613784853043,242.40508576342833,239.645931815576,240.09840393066406,128296300
2018-11-01,240.95887406762216,242.84857792177237,239.87650987802155,242.6533966064453,99495000
2018-11-02,243.7534859391745,244.17934345039046,239.17561922362194,241.21615600585938,122634100
2018-11-05,241.70416230807044,243.09704625212134,240.73713599252275,242.5469970703125,65622500
2018-11-06,242.48494430471425,244.24154989824382,242.4228349762377,244.0818634033203,60085900
2018-11-07,246.2465347987273,249.38717049916133,245.82067717122945,249.3073272705078,102752100
2018-11-08,248.50884399519248,249.4936313104688,247.71926511867957,248.8548583984375,65584900
2018-11-09,247.55070880501097,247.7370096822464,245.02223145809336,246.4239959716797,98812600
2018-11-12,245.91828536947241,246.15781505930968,241.30492242495654,241.8195037841797,99673600
2018-11-13,242.28086306618678,244.26814482136584,240.64844918519208,241.3670654296875,98176600
2018-11-14,243.23007953386727,243.62929561444977,238.16427249708286,239.7168426513672,125335900
2018-11-15,238.4570117264155,242.6800108694117,236.8867077867412,242.21865844726562,135101400
2018-11-16,241.12751063205505,243.7535651175612,240.6129292545172,242.84864807128906,126668000
2018-11-19,242.2452926725976,242.53807820671295,237.82713892753733,238.74093627929688,103061700
2018-11-20,235.42292874067286,236.8779222326315,233.46226138475237,234.3228302001953,136021300
2018-11-21,235.8664462498529,237.01091983703193,235.11236240158553,235.1212158203125,75563700
2018-11-23,233.48885503701393,234.9438483995958,233.39127788631157,233.55096435546875,42807900
2018-11-26,235.795501037842,237.54325266330042,235.40513834461535,237.3214569091797,79981400
2018-11-27,236.29233909687386,238.11993408203125,235.68906109830675,238.11993408203125,75502400
2018-11-28,239.1845527032355,243.6027069091797,238.05781291603475,243.6027069091797,127629600
2018-11-29,242.8308320751664,244.4632454166376,241.69523900828753,243.0703887939453,82346400
2018-11-30,242.9195732355842,245.11091631207717,242.60020035383283,244.55198669433594,98204200
2018-12-03,248.65964070422206,248.76609832822683,246.20215363452692,247.79019165039062,103176300
2018-12-04,246.9651842740236,247.39104195901646,239.45074144985517,239.76126098632812,177986000
2018-12-06,235.91971868896132,239.51279906111833,232.83231205737232,239.3974609375,204185400
2018-12-07,239.06034846057895,240.62179936686118,233.00089985327392,233.83485412597656,161018900
2018-12-10,233.65741861541554,235.24548401261418,229.44329871185786,234.27845764160156,151445900
2018-12-11,237.46342014543708,237.64972100638724,232.86781841081208,234.3316650390625,121504400
2018-12-12,237.2947970890766,238.6521857615364,235.4317076960782,235.5115509033203,97976700
2018-12-13,236.45201779242177,237.3125864377424,234.3227838778724,235.4317626953125,96662700
2018-12-14,233.293641283114,234.2429336202688,230.53451506399446,231.08456420898438,116961100
2018-12-17,230.1352228421727,231.24420139005775,224.92746391325193,226.55101013183594,165492300
2018-12-18,228.18348000060263,228.8488672551829,224.70571070380527,226.30264282226562,134515100
2018-12-19,226.38249365580683,230.13527410736953,221.21909542606414,222.91360473632812,214992800
2018-12-20,221.6715124901372,223.23294946825146,217.0492837799574,219.2849884033203,252053400
2018-12-21,220.18184659021884,222.83216813756005,214.14945865139123,214.79196166992188,255345600
2018-12-24,213.31068523832312,214.91694316664362,209.05411874876637,209.1165771484375,147311600
2018-12-26,210.57110150476595,219.68212890625,208.5989713794765,219.68212890625,218485400
2018-12-27,216.46069713767926,221.5650056323348,213.23926322091438,221.3686981201172,186267300
2018-12-28,222.7161726307013,224.34026776675762,219.92306940648027,221.08314514160156,153100200
2018-12-31,222.698295014504,223.2604885336004,220.8332580470889,223.01954650878906,144299400
2019-01-02,219.5036763783565,224.1707495507205,219.4769065496838,223.25160217285156,126925200
2019-01-03,221.5115029254637,221.8149170216202,217.44232542908554,217.92420959472656,144140700
2019-01-04,220.94035994976915,225.8662121607663,220.56556877081383,225.2237091064453,142628800
2019-01-07,225.49141469210105,228.40051582840488,224.59905087670086,226.99951171875,103139100
2019-01-08,229.1768824554094,229.6141320120839,226.66040995079652,229.1322479248047,102512600
2019-01-09,229.83723728481584,231.04193396167105,228.61470313427708,230.20310974121094,95006600
2019-01-10,228.67717821153101,231.26502803517397,227.99897294347033,231.01516723632812,96823900
2019-01-11,229.94429610309322,231.1311552005087,229.36426508304245,231.10438537597656,73858100
2019-01-14,229.2125586590983,230.4975647437102,228.81101127814628,229.69444274902344,70908200
2019-01-15,230.0692251323306,232.63923705127664,230.06029278047396,232.326904296875,85208300
2019-01-16,232.7552380236273,233.77254582759014,232.55001177856187,232.8891143798828,77636700
2019-01-17,232.02350340495772,235.5126488760363,231.97886887854872,234.6559600830078,96118400
2019-01-18,236.4585701004151,238.24329770473705,234.69167996833485,237.7792510986328,127900300
2019-01-22,236.31574853008118,236.52990709177476,232.9604524887355,234.5666961669922,115531200
2019-01-23,235.5929951823012,236.2890379149848,232.60357075666337,235.0575714111328,86030300
2019-01-24,234.8790489415957,235.76250754955237,233.87067357291346,235.1824493408203,59204100
2019-01-25,237.02077150031676,237.99347215348422,235.2806781682309,237.1724853515625,96883400
2019-01-28,235.03970281433,235.43231781289492,233.61191535787162,235.369873046875,85613700
2019-01-29,235.51268570154357,236.0748520668469,234.22767954385318,235.0575714111328,66136300
2019-01-30,236.56571738104384,239.61758721108868,235.80720248467705,238.7787628173828,92473700
2019-01-31,238.7162274696689,241.35761645588957,238.50204165856266,240.875732421875,104012100
2019-02-01,241.07208499004838,242.00908335806707,240.20649097931005,240.9917755126953,85782500
2019-02-04,241.0363925076302,242.74974312510167,240.36711960331522,242.68727111816406,60744800
2019-02-05,243.11565683764925,244.00802086150412,242.61593516291362,243.70462036132812,79552800
2019-02-06,243.42793531214494,243.91872452251008,242.65158314207002,243.38330078125,58347800
2019-02-07,241.77708214565385,242.32141106395105,239.41232320927514,241.06320190429688,95482000
2019-02-08,239.82278385087898,241.45579770825748,239.00179712931825,241.35765075683594,75788900
2019-02-11,242.00905655513216,242.26782243146113,240.9649789996095,241.49147033691406,68021400
2019-02-12,243.0977895056119,244.9717319393332,243.0263851421111,244.59695434570312,72270200
2019-02-13,245.42684598053933,246.2299680559357,245.00743385198552,245.39114379882812,65277200
2019-02-14,244.3114084428324,245.97121960048418,243.4993539561301,244.84683227539062,83234400
2019-02-15,246.61362701514128,247.55062527003284,246.40840078649993,247.51492309570312,97088700
2019-02-19,246.72080978719674,248.59475241056225,246.71187743265884,247.94334411621094,59120800
2019-02-20,247.90767605259137,248.8982143950501,247.4079543198743,248.44309997558594,76610800
2019-02-21,247.80933943491897,248.16627936617073,246.6046433382695,247.55947875976562,64214700
2019-02-22,248.175306220895,249.2907610737079,247.54173548967697,249.09446716308594,78114600
2019-02-25,250.51329725249707,251.03085626968215,249.35320798266986,249.4335174560547,69030700
2019-02-26,249.0855146154646,250.12956502269301,248.8802611353853,249.25506591796875,56844100
2019-02-27,248.54131910331083,249.49615553265764,247.61327974904464,249.1481475830078,56921600
2019-02-28,248.9337443878462,249.37102107392283,248.36264583994105,248.6838836669922,69268300
2019-03-01,250.25454706983453,250.64718938450127,248.8089218352826,250.23670959472656,78880500
2019-03-04,251.28959631985492,251.530524689123,247.04193685054804,249.32638549804688,106494600
2019-03-05,249.45142766714278,249.64774882660245,248.44305204049925,248.9873809814453,59114600
2019-03-06,249.1033413882174,249.1122737404231,247.15799490205438,247.47923278808594,75039800
2019-03-07,247.03310884791438,247.17589035279158,244.57020277894787,245.40902709960938,94885100
2019-03-08,243.5617990820547,245.08773368851894,243.09777966921686,244.91818237304688,85795800
2019-03-11,245.63207714734213,248.63040655157224,245.60530732168948,248.46978759765625,65098900
2019-03-12,249.02307410669908,249.92437038317783,248.83568530809956,249.4067840576172,79667500
2019-03-13,250.29021263711815,251.985698439076,250.12956645350215,251.05763244628906,80639200
2019-03-14,251.08434613153523,251.50375812012385,250.4597079403621,250.89695739746094,67518400
2019-03-15,251.4464597806335,252.9432562369782,251.25821824683422,252.1365966796875,81309000
2019-03-18,252.35165750836913,253.34655843745105,252.12758392601302,253.05076599121094,62199800
2019-03-19,254.10850296161564,254.8703315258877,252.2262787409761,253.1136016845703,90268100
2019-03-20,252.89836193406913,254.09939281885747,251.24918397199883,252.3516082763672,84609200
2019-03-21,251.53607866734464,255.60523563223617,251.4912475347911,255.20191955566406,79550400
2019-03-22,253.84849671028795,254.36833541817302,250.22745973759913,250.2902069091797,122659300
2019-03-25,249.94965341580806,251.13276877053153,248.84722863990814,250.10203552246094,85575200
2019-03-26,251.84977067913186,252.91636327100957,250.56807617048426,251.96629333496094,68125900
2019-03-27,251.95730960273139,252.53992285404814,249.1070999307263,250.6487274169922,72224700
2019-03-28,251.2760868382542,252.0468867282997,250.12883134541607,251.59873962402344,56238500
2019-03-29,253.1046395045264,253.50795565376936,251.98427127984064,253.185302734375,82186800
2019-04-01,255.1750459210547,256.48362818526266,254.90614116907568,256.1878356933594,77617900
2019-04-02,256.37610167557364,256.5463998289137,255.5246109088733,256.3133544921875,40070400
2019-04-03,257.52333435925203,257.9177061153034,256.1161454730113,256.7166748046875,68243200
2019-04-04,257.03937579809605,257.6488495887163,256.34923877219444,257.39788818359375,48997500
2019-04-05,258.0610604303663,258.69742170866954,257.77423969689164,258.6436462402344,58621700
2019-04-08,258.22240554553275,258.9484017747412,257.5681008285221,258.8408508300781,53566300
2019-04-09,257.8818272500247,258.20448010644867,256.9676168040888,257.51434326171875,66142300
2019-04-10,257.9265791751795,258.48230457074334,257.51429149061323,258.3926696777344,52601500
2019-04-11,258.8768043335908,258.8857760340984,257.7564358799641,258.32110595703125,55093100
2019-04-12,259.9254067353859,260.34666624730795,258.36586304784964,260.0688171386719,69727800
2019-04-15,260.14039654775854,260.23900312434256,259.1006920865838,259.8984069824219,49596700
2019-04-16,260.77689745716583,260.8306729393059,259.47725948239383,260.0688171386719,52153200
2019-04-17,261.18022253460333,261.20711027659587,259.0201494187386,259.4324645996094,58268300
2019-04-18,260.0149866851149,260.21217252885253,258.72432068114665,259.9432678222656,68708500
2019-04-22,259.18148687000274,260.3197710128511,259.091851951437,260.1673889160156,40160100
2019-04-23,260.5348552038877,262.73975916905067,260.30183725475945,262.5067138671875,52246600
2019-04-24,262.4261171496475,262.75774179234065,261.78078391020006,261.9241943359375,50392900
2019-04-25,261.825595092061,262.41715285764775,260.5797597219598,261.7628479003906,57770900
2019-04-26,261.807637361224,263.0534725329662,261.0368098429491,262.9817810058594,50916400
2019-04-29,263.07132913895236,263.91384790637727,262.98169424508666,263.39398193359375,57197700
2019-04-30,263.0535293443266,263.81538532897343,261.64636741813706,263.528564453125,81111700
2019-05-01,264.15585763921524,264.36201517554906,261.53866624356385,261.5476379394531,71671900
2019-05-02,261.4311183473855,262.3453560513314,259.4951193512274,260.98297119140625,65030200
2019-05-03,262.4529364877734,263.8152941480737,261.09055147473833,263.5374450683594,56543700
2019-05-06,259.2531642106628,262.89211741292036,258.9394556892126,262.45294189453125,107198100
2019-05-07,260.059750981305,260.65130842271634,256.16983752056484,258.0699768066406,144729900
2019-05-08,257.7115478515625,259.41450187392644,257.11999021906496,257.7115478515625,91568300
2019-05-09,255.6500378691589,257.53223405255756,253.92016904937915,256.9317321777344,103471100
2019-05-10,255.99965274623816,258.9753573069999,253.0239481854764,258.22247314453125,112429300
2019-05-13,253.13147501120494,254.09048922555,250.89968336832376,251.7332305908203,127290500
2019-05-14,252.74606346082595,255.53355342659626,252.62059646112044,254.0098419189453,77003200
2019-05-15,252.38755306053397,256.1340573290502,252.1813954882787,255.49769592285156,73956400
2019-05-16,256.1968305524886,259.2173388055751,256.1251390237881,257.86395263671875,76749600
2019-05-17,255.56941814436465,258.67058934984783,255.55147474922455,256.1968078613281,100353000
2019-05-20,254.60140213727013,256.3043561408425,253.75888315659202,254.50282287597656,62877600
2019-05-21,256.1878317468838,257.1737611168127,255.93687039387783,256.7973327636719,46847100
2019-05-22,255.8472185127596,256.9586146903073,255.53351003765886,256.008544921875,49482500
2019-05-23,253.7946728977069,253.83947666731174,251.47327416596514,252.88046264648438,98733800
2019-05-24,254.31461298639218,254.7269281832901,252.83573241383797,253.4541778564453,55268100
2019-05-28,253.73203211000154,254.68210218684243,251.07900778331788,251.096923828125,70029400
2019-05-29,249.98549156030757,250.38880765637472,248.0136328037473,249.41184997558594,104972900
2019-05-30,250.16467856637118,250.9982530188687,248.9995069657973,250.09298706054688,62523800
2019-05-31,247.55652073533304,248.38109625419122,246.69605842948016,246.7229461669922,86862800
2019-06-03,246.75879961480473,247.8701958753177,244.76902502898528,246.09555053710938,96428000
2019-06-04,248.3811022651635,251.5719081732355,247.93295506062827,251.43746948242188,77231900
2019-06-05,253.05088474061253,253.6424425579614,251.24935089291995,253.6155548095703,71169700
2019-06-06,253.91123206198466,255.93683867710504,253.26589904097955,255.26461791992188,69430400
2019-06-07,256.27749459148833,258.89468671754076,256.10719643845385,257.8191223144531,74272200
2019-06-10,259.36070955978926,260.6603473979614,258.9125623539002,259.002197265625,60799100
2019-06-11,260.8127359235809,261.18021996235245,258.2941504883736,258.9394836425781,58641300
2019-06-12,258.70637335671375,259.2620713893022,257.9714055414129,258.4822998046875,47096300
2019-06-13,259.3876847466163,259.90755099824395,258.6885759638449,259.54901123046875,48945200
2019-06-14,259.2621154785156,259.8626173825372,258.50025980152225,259.2621154785156,52324700
2019-06-17,259.4952175357084,260.12263473256604,259.19048063666787,259.36077880859375,39205700
2019-06-18,261.1711774824396,263.12509225444643,260.8126379238055,262.076416015625,85434800
2019-06-19,262.2110022901983,263.196931926033,261.24301605403366,262.6681213378906,78674400
2019-06-20,265.33896606301266,265.5809556714044,262.7307464283125,265.1776123046875,116570000
2019-06-21,264.9092951972342,266.1611896327849,264.57605770329127,264.7922058105469,83309500
2019-06-24,264.9994000671468,265.31460693540845,264.31489432532715,264.468017578125,47582700
2019-06-25,264.52203943497835,264.5490579503013,261.7660409289425,261.8741149902344,82028700
2019-06-26,262.76565886796357,263.2700226295688,261.50474946395036,261.6128234863281,51584900
2019-06-27,262.36946195434285,263.04495231895413,261.99120274219365,262.54058837890625,40355200
2019-06-28,263.5131624488974,264.38679735551335,262.99981089467786,263.8914489746094,59350900
2019-07-01,267.2059494156182,267.42212500712554,265.08940759438184,266.28729248046875,78705600
2019-07-02,266.24226171664947,267.034841473531,265.404660263216,266.9808044433594,61504500
2019-07-03,267.6562712698563,269.1333565933882,267.51216337347967,269.1153259277344,40898900
2019-07-05,267.89051643837115,268.9713121862036,266.60258787034473,268.8091735839844,51677300
2019-07-08,267.5032492589889,268.6290667418327,266.7917249138137,267.3321228027344,45841800
2019-07-09,266.1792403995563,267.962517390623,266.12520336866174,267.6653137207031,41101300
2019-07-10,268.7280047678734,269.88985558425395,268.1966224529746,268.94415283203125,58448500
2019-07-11,269.5836918467792,269.81784313562406,268.5749640265412,269.5746765136719,50826100
2019-07-12,270.06104314152424,270.85362287067034,269.75482415267635,270.78155517578125,40326000
2019-07-15,271.21383481192174,271.21383481192174,270.3672181920815,270.87158203125,33900000
2019-07-16,270.7815196152054,270.98867985359067,269.6917363736322,269.9979553222656,36650100
2019-07-17,269.97090595616555,270.13301700119024,268.16058349609375,268.16058349609375,36036300
2019-07-18,267.66533690419124,269.5206817543314,267.22402528507104,269.14239501953125,51392600
2019-07-19,270.23214960844706,270.2591681205926,267.4761514265193,267.64727783203125,58678600
2019-07-22,268.0434902740456,268.8450851280637,267.53013863886196,268.3046875,43638100
2019-07-23,269.42151612922413,270.22308349609375,268.5929027695212,270.22308349609375,44564500
2019-07-24,269.4666621226533,271.4931335449219,269.3765912289525,271.4931335449219,47213200
2019-07-25,271.0426920080247,271.09672902425126,269.394480555815,270.1960754394531,55394100
2019-07-26,270.8806220571784,272.20458412713305,270.7545173430064,272.0064392089844,45084100
2019-07-29,271.8893034379059,272.0063927994392,270.9616313625273,271.5110168457031,38126500
2019-07-30,270.11498582669395,271.2498179957694,269.73669927508126,270.8445129394531,45849000
2019-07-31,271.0877952542594,271.2769523537297,265.8730292190799,267.8814697265625,104245200
2019-08-01,268.0346112139535,270.9797396278574,264.75621776268565,265.5487976074219,142646600
2019-08-02,264.6570079162819,264.9001744401699,262.0000693836539,263.5491943359375,116749700
2019-08-05,259.4693164915534,259.5773905358963,253.73215692294193,255.62353515625,178745400
2019-08-06,257.5058783257292,259.42427492312476,256.03780853576865,259.2080993652344,120711700
2019-08-07,256.1459566755456,260.12685889869357,254.02042672269945,259.3612976074219,140572300
2019-08-08,260.84739635518525,264.45001220703125,260.29801063095204,264.45001220703125,87713900
2019-08-09,263.51333229255926,264.10776722423486,260.87442269852517,262.6487121582031,93730000
2019-08-12,261.1534842703851,262.6395570659091,258.5055607500272,259.4512634277344,65527600
2019-08-13,259.1540943486517,264.92728803115796,258.8118415350156,263.4862365722656,94299800
2019-08-14,259.4512788383251,260.0547013343165,255.5694641754447,255.69554138183594,135622100
2019-08-15,256.5782845571381,257.2627903089228,254.33566516669413,256.3711242675781,99556600
2019-08-16,258.019294138563,260.5861353169893,256.42511942287445,260.1538391113281,83018300
2019-08-19,263.16206971711466,263.9636374091486,262.4865792806224,263.28814697265625,53571800
2019-08-20,262.78372151003504,263.3151038974845,261.1445526567622,261.2706298828125,51596400
2019-08-21,263.4231366687185,263.76536189910667,262.7386312364168,263.3961181640625,49524700
2019-08-22,264.09868577575924,264.7291268538394,261.54982049544003,263.3150939941406,51666400
2019-08-23,262.0182141461367,263.6754138307136,255.30833237879608,256.5512390136719,149161500
2019-08-26,258.73078802640924,259.3882751464844,257.2086810185283,259.3882751464844,72423800
2019-08-27,260.77533291189644,261.1446043021233,257.614028987942,258.3705749511719,66668900
2019-08-28,257.71305228068184,260.3519609162439,256.91145732757764,260.1898498535156,59696700
2019-08-29,262.73863479261985,264.03557800518644,261.73889513529167,263.51318359375,57899400
2019-08-30,264.9902649102906,265.00826808480707,262.468446189857,263.3961181640625,62901200
2019-09-03,261.7029833463762,262.61262500129374,260.53211690558965,261.8560791015625,69101400
2019-09-04,264.01763373547163,264.8462197315112,263.2700757868123,264.8282165527344,46887300
2019-09-05,267.3051155404354,269.1424299600566,264.7922831168794,268.2327880859375,83258100
2019-09-06,268.5479208659887,269.07930324088835,267.8724306034567,268.4398193359375,49584300
2019-09-09,269.4214760289584,269.5115193819408,267.63817237057947,268.5748596191406,51260300
2019-09-10,267.8183200125535,268.5748931638841,266.56642590067173,268.5118408203125,57947100
2019-09-11,268.8181325505572,270.5023507072399,268.16966073499134,270.4212951660156,68821100
2019-09-12,271.32190683250764,272.4116900319859,270.56536107938297,271.3579406738281,72908700
2019-09-13,271.7993097824489,272.15057796681884,270.8085850793493,271.1778564453125,62104800
2019-09-16,270.0519941888065,271.2228604559255,269.7007535487089,270.3402099609375,58191200
2019-09-17,270.1421295676581,271.11482367368455,269.9710031299481,271.0247802734375,41475500
2019-09-18,270.6374155757433,271.29490265718533,268.6109447952342,271.18682861328125,73375800
2019-09-19,271.57409786721047,272.5648223935264,270.8355552670686,271.1687927246094,76560500
2019-09-20,271.7696025331954,272.0501199494442,269.1004209167277,269.8876037597656,89565000
2019-09-23,269.2271912355727,270.5391815893681,268.97384461150244,269.8243713378906,43476800
2019-09-24,270.91010804409495,271.2991710708117,266.74796203940343,267.7070617675781,94869400
2019-09-25,267.78841257718466,269.73375474914366,266.31356316285877,269.2904052734375,71854000
2019-09-26,269.29952886168803,269.507618203709,267.3270429198188,268.7294921875,56179700
2019-09-27,269.4804578779437,269.5890586383506,265.7345462186397,267.2817687988281,84746600
2019-09-30,267.7974620299853,269.2270541925325,267.7522324322751,268.52130126953125,51662400
2019-10-01,269.3989896786448,270.0504560848609,265.110185278463,265.32733154296875,88242400
2019-10-02,263.75300095877276,263.7620579252307,259.355622841825,260.64044189453125,122539500
2019-10-03,260.414090237743,262.80280855440674,257.7087096279329,262.7756652832031,85278800
2019-10-04,263.42731410785495,266.58510316963753,263.37299991509065,266.3317565917969,65091200
2019-10-07,265.5354464421896,267.1550692865488,264.9020663585836,265.18255615234375,59610500
2019-10-08,263.3367631205743,264.06965938553134,261.02947357933596,261.065673828125,95708100
2019-10-09,263.0743680413565,264.47681708385716,262.45004489012706,263.54486083984375,62359400
2019-10-10,263.4634191387641,266.20500117894466,263.3005594403848,265.32733154296875,55296300
2019-10-11,268.06897647988654,270.30386601879087,267.9513739674856,268.0780334472656,98720400
2019-10-14,267.76121346660506,268.430793635691,267.43549415139466,267.7793273925781,40394800
2019-10-15,268.81988478165454,271.1724035525062,268.7022547012077,270.4304504394531,46754500
2019-10-16,269.9690420180844,270.6838519974688,269.5618927483342,269.9961853027344,48928200
2019-10-17,271.1544307673025,271.6611239832084,270.1048440735803,270.7925109863281,45736600
2019-10-18,270.2586137211803,270.901023258945,268.7566207357212,269.6071472167969,64304000
2019-10-21,270.9190311638909,271.63381331675583,270.484711126712,271.43475341796875,39048600
2019-10-22,271.96866155187655,272.25820831993343,270.4576394040979,270.5481262207031,48594700
2019-10-23,270.29476731931624,271.38958319579564,270.0866504119283,271.3352966308594,34352200
2019-10-24,272.2672015758795,272.41197492603146,270.95521207385355,271.7785949707031,35453100
2019-10-25,271.2086047238799,273.4344642972805,271.1543181599138,272.8915710449219,45205400
2019-10-28,274.1039986555741,274.92738163756786,274.0768553754071,274.4297180175781,42147000
2019-10-29,274.1582941517787,275.27122390029245,274.03160709840614,274.3482971191406,44284900
2019-10-30,274.5473822708717,275.56076834015374,273.2444494353092,275.1898193359375,49643900
2019-10-31,275.18071493545364,275.18071493545364,273.0091697880757,274.45684814453125,69053800
2019-11-01,275.8954561925844,277.0445581959188,275.732568947176,276.99932861328125,71141500
2019-11-04,278.5466553353853,278.68237174713806,277.74135860448837,278.1123352050781,60606900
2019-11-05,278.31144163213037,278.61004540055967,277.51520173325594,277.80474853515625,42933200
2019-11-06,277.80475948454966,278.13953590688425,276.92708969043014,277.86810302734375,46487100
2019-11-07,279.1980745498013,280.17526016200947,278.3746916406929,278.8451843261719,54272300
2019-11-08,278.5013371850439,279.5871234668853,277.8046413486891,279.5328369140625,49032100
2019-11-11,278.1576150386581,279.171001145757,278.0218710031677,278.99908447265625,35797300
2019-11-12,279.36101598647036,280.4829752793879,278.8181226595838,279.58721923828125,46484600
2019-11-13,278.6009741782715,280.07582378648766,278.37477092824327,279.6777038574219,53917700
2019-11-14,279.39713891347145,280.16623527931677,278.76375893861194,280.08477783203125,51219900
2019-11-15,281.4149705517262,282.1569239474839,280.72733134761177,282.1116943359375,62023600
2019-11-18,281.87641361689356,282.55502341704454,281.4240070834595,282.31976318359375,49228000
2019-11-19,282.91689092495204,282.92594789001487,281.59587182260094,282.23828125,67804700
2019-11-20,281.65021472804375,282.165964811224,279.64152858386626,281.1887512207031,79406200
2019-11-21,281.2972742396407,281.40584736131234,279.9400549933533,280.73626708984375,54664700
2019-11-22,281.47822579148874,281.6139421962558,280.35626669515204,281.360595703125,44850200
2019-11-25,282.28352322604525,283.54119873046875,282.28352322604525,283.54119873046875,48647200
2019-11-26,283.57741508601435,284.3645978931575,283.2607250475997,284.1836242675781,37569000
2019-11-27,284.6631984481001,285.4504089355469,284.4460521689153,285.4504089355469,44444600
2019-11-29,284.8893902243896,285.13370739133796,284.1655509144457,284.3917541503906,36592700
2019-12-02,284.64513407824325,284.7084776187902,281.55068891044095,281.9759521484375,75767800
2019-12-03,279.27045187342196,280.16623527931677,277.8951464236083,280.08477783203125,73941700
2019-12-04,281.1253797697638,282.4101986278276,280.7815464488824,281.8130187988281,49080000
2019-12-05,282.50979380878255,282.52788012954665,281.0168301582875,282.31976318359375,40709000
2019-12-06,284.21985826013315,285.296587950962,284.2108012939693,284.8984680175781,48927000
2019-12-09,284.50943972031905,285.1789925931911,283.93034606930155,284.00274658203125,34838500
2019-12-10,283.9483470355303,284.6088426783579,283.03447731165807,283.6859436035156,52649800
2019-12-11,284.1383817026879,284.7446184692884,283.60454542809504,284.49127197265625,53429100
2019-12-12,284.50035315953534,287.7214853233215,284.26512054939514,286.943359375,96389600
2019-12-13,286.7080880016024,288.33676795280417,285.93899143681557,287.1152648925781,81503900
2019-12-16,288.83433053350143,289.6757997737845,287.0518482906718,289.0876770019531,82749700
2019-12-17,289.4678131479023,289.7663893151713,289.0696931830743,289.151123046875,61097700
2019-12-18,289.5401661044706,289.7663693592397,289.11490288099657,289.169189453125,48133000
2019-12-19,289.35919234435806,290.42689269211144,289.10584580362206,290.3544921875,85310500
2019-12-20,291.3819840339873,292.75497802122635,290.4090951458185,291.62750244140625,147142100
2019-12-23,292.4093287245588,292.46388218092653,291.92742136100946,292.0729064941406,52990000
2019-12-24,292.300245092851,292.345697060627,291.7819594676257,292.08203125,20270000
2019-12-26,292.4639163918748,293.64597283116717,292.45484264705334,293.6368713378906,30911200
2019-12-27,294.3642412894072,294.4187947469577,293.036727574923,293.5640869140625,42528800
2019-12-30,293.64599037883215,293.7823740438549,291.4637407446412,291.9456481933594,49729100
2019-12-31,291.44563197386356,292.90045614563235,291.10010811136635,292.6549377441406,57077300
2020-01-02,294.18244866671154,295.40995713786896,293.26408574966416,295.3917541503906,59151200
2020-01-03,292.01842192277303,294.2734003955614,291.9638684535366,293.1549987792969,77709700
2020-01-06,291.4092714821987,294.35529824023683,291.29106302220333,294.2734680175781,55653900
2020-01-07,293.7095581168196,294.1823917244298,293.00033545385537,293.4458923339844,40496400
2020-01-08,293.63695478138766,296.21925449633176,293.3914641292551,295.00994873046875,68296000
2020-01-09,296.56472466503584,297.08301036305517,295.98278400442655,297.01025390625,48473300
2020-01-10,297.59219676942917,297.74675568148257,295.69184361108466,296.1555480957031,53029300
2020-01-13,296.7739064212936,298.20142604195183,296.3465523601067,298.1923522949219,47086800
2020-01-14,297.75578509898844,298.80142999540743,297.1829460670198,297.73760986328125,62832800
2020-01-15,297.6467461600431,299.1651972676741,297.56491595799633,298.4105224609375,72056600
2020-01-16,299.78349174098173,300.8927917480469,299.5561763932098,300.8927917480469,54050300
2020-01-17,301.60209133261856,302.03851915247486,300.82921340367295,301.82940673828125,95846000
2020-01-21,300.874673693324,302.0385274925153,300.80194497082726,301.2383728027344,77742400
2020-01-22,302.09307968566543,302.7386754317191,301.1201908155379,301.2747497558594,48914900
2020-01-23,300.62914750870215,302.02941805033095,299.51984731959936,301.6202392578125,51963000
2020-01-24,302.27492953861935,302.3567597530786,297.6558650559744,298.93792724609375,87578400
2020-01-27,293.7187945890734,295.61914813945754,293.3823722127157,294.1461486816406,84062500
2020-01-28,295.5645514816852,298.10139892647504,294.23703741404154,297.228515625,63834000
2020-01-29,298.5832802273967,298.8105955905337,296.78293256190744,296.98297119140625,53888900
2020-01-30,294.9280227504924,298.1559174611264,294.18244947017035,297.94677734375,75491800
2020-01-31,297.3285728012533,297.4831594979668,291.62751199111693,292.5367736816406,113845600
2020-02-03,294.00974793263214,296.5647708437156,293.8915394832608,294.7098693847656,69083000
2020-02-04,298.30128695022006,300.06525565213843,297.98304002490465,299.2014465332031,62573200
2020-02-05,302.1203078450114,302.8659089327399,300.66551164748887,302.6567687988281,65951100
2020-02-06,303.6115159327302,303.86610804710017,302.6022212214516,303.6751708984375,50359700
2020-02-07,302.6204699627501,303.68429055745065,301.5111696363288,302.0567321777344,64139400
2020-02-10,301.1747098442984,304.3753004752346,301.1383316131343,304.3116455078125,42070000
2020-02-11,305.6572883777854,306.4392397930032,304.3115716359892,304.8389587402344,54864500
2020-02-12,306.2664898977061,307.0120908681975,305.9027909055129,306.802978515625,43992700
2020-02-13,305.3845221871912,307.43946184215287,305.1117548650529,306.47564697265625,54501900
2020-02-14,306.8848140935639,307.08485270504895,305.69368391786554,306.9666442871094,64582200
2020-02-18,305.97555952859676,307.03030607184627,304.7935030713638,306.17559814453125,57226200
2020-02-19,307.13941318370024,308.31234039976835,306.8575443722306,307.6394958496094,48814700
2020-02-20,307.0939373986902,307.9122948602321,303.4023383220383,306.3756408691406,74163400
2020-02-21,305.0300028349485,305.3391484620784,302.40222338164955,303.2205810546875,113788200
2020-02-24,293.81879296639795,303.2932828550101,292.0911738086347,293.16412353515625,161088400
2020-02-25,294.5462427167481,295.1554325277739,283.40778668758634,284.2806701660156,218913200
2020-02-26,285.671768973568,289.2451599784566,282.5075567395727,283.2349548339844,194773800
2020-02-27,277.7430167478903,283.28951758192875,270.514404296875,270.514404296875,284353500
2020-02-28,262.50379323523845,270.85990822902744,259.63052370677684,269.3778076171875,384975800
2020-03-02,271.1508409072188,281.1072645783154,267.7411105744401,281.0436096191406,238703600
2020-03-03,281.41647571156864,285.36266787315276,270.56899107802036,272.9967041015625,300139100
2020-03-04,278.3430838776504,284.6897381780031,275.8062369064446,284.47149658203125,176613400
2020-03-05,277.30652348973354,280.4798365727048,272.78749368251545,275.0151672363281,186366800
2020-03-06,266.5499879663746,271.66913435903734,263.89496007700336,270.4689025878906,228667200
2020-03-09,250.31962924213335,258.4029756621394,248.63751800598203,249.34674072265625,309417300
2020-03-10,258.8121992811534,262.3401104916032,248.6830131414344,262.24920654296875,276444100
2020-03-11,255.22962995331775,256.3571049618754,246.30067830920223,249.4648895263672,255316300
2020-03-12,232.77095094586227,242.46368215490747,225.20588838049142,225.5968780517578,392220700
2020-03-13,239.21757012675997,246.84628632830442,225.9696392013214,244.8822784423828,329566100
2020-03-16,219.29568561096787,233.5892777421095,215.8223138369543,218.0863800048828,297240000
2020-03-17,222.80540507714687,232.92550266983105,215.55860455740523,229.8612823486328,262070500
2020-03-18,214.81301736831665,225.83326169260155,207.32979952636524,218.22274780273438,327597100
2020-03-19,217.54079799071988,224.93309788570622,211.14869122239375,218.68646240234375,289322000
2020-03-20,221.8199425120468,223.59428478802053,208.98798960588374,209.2623748779297,347158800
2020-03-23,208.70443213492814,210.0671893215918,199.6223661157914,203.91188049316406,326025200
2020-03-24,214.4024524745698,223.25586710368103,213.83539985668068,222.38697814941406,235494500
2020-03-25,223.96010990179323,234.45982229383785,219.27732029095014,225.71615600585938,299430300
2020-03-26,228.21304450745478,240.35902646613818,227.78317753221316,238.8956756591797,257632800
2020-03-27,231.64279788754072,238.53893683565772,229.6123667847552,231.7799835205078,224341200
2020-03-30,233.86525994052337,240.02056779740272,231.8805622795626,239.3071746826172,171369500
2020-03-31,238.31032714142557,240.84378198565145,234.34093062328688,235.7402801513672,194881100
2020-04-01,226.8045329870279,235.6579474427776,223.07292993104878,225.13079833984375,189554600
2020-04-02,224.25277750810542,231.1031837108158,223.70400702849605,230.32577514648438,177660400
2020-04-03,229.34713296100213,231.68854153043867,224.2802099883143,226.99659729003906,135561200
2020-04-06,235.82254896003673,244.20036249851938,226.97829031503124,242.2430877685547,188061200
2020-04-07,250.79469636061012,251.5446817524612,242.27056950109602,242.4900665283203,201427200
2020-04-08,245.07837292335702,252.43182969046424,242.5997928456364,250.6300506591797,153774500
2020-04-09,253.87690451669422,257.18780928967254,251.94709482023472,254.44398498535156,189999200
2020-04-13,253.47443350215673,253.8128339415398,248.23372046198787,252.1208038330078,114839100
2020-04-14,256.9866545266391,260.5719034927361,251.9837459245979,259.55670166015625,134143400
2020-04-15,253.8677414174769,259.6937897316661,251.93790408304156,254.04151916503906,121775000
2020-04-16,255.3128853851821,256.1177451046748,252.21237795625973,255.2671661376953,131798300
2020-04-17,261.0108843332455,262.76691639123914,258.2853419351938,262.1632995605469,146684800
2020-04-20,258.4773542258276,262.3004368896552,257.32496712241556,257.5444641113281,100109300
2020-04-21,253.09954650715693,254.29768106012358,248.79172163095677,249.72463989257812,126385700
2020-04-22,254.58120995562248,257.0049162166208,253.26417185311237,255.2671661376953,92951600
2020-04-23,256.53848723165555,259.69389720469235,254.94707763393185,255.24888610839844,104709700
2020-04-24,256.75795780388637,259.47434514496024,254.71837156685336,258.8066711425781,85063200
2020-04-27,260.77305162758813,263.6540615008413,260.3157475870202,262.5382385253906,77896600
2020-04-28,266.1692816947441,266.5168372940742,261.02918781823894,261.3310241699219,105270000
2020-04-29,266.63573659846855,269.6996797561553,265.61137984510384,268.1722717285156,118745600
2020-04-30,266.8003346785692,268.2728683089117,263.94676172651174,265.6753845214844,122901700
2020-05-01,260.9468311402784,265.839989989389,257.4804586743474,258.64202880859375,125180000
2020-05-04,256.7670815529989,259.6572466389891,255.2945758379468,259.3554382324219,80873200
2020-05-05,262.1633243825663,264.5504385375619,259.4835009746892,261.7517395019531,79569900
2020-05-06,263.44375944285997,263.82787926465915,259.54751949484415,259.9773864746094,73632600
2020-05-07,263.1785312311904,265.03518491368027,262.6114785663358,263.114501953125,75250400
2020-05-08,266.2333213332557,267.9345072510261,265.10834309873604,267.4680480957031,76452400
2020-05-11,265.547270613947,268.89473908253206,265.1265587694115,267.5228271484375,79514200
2020-05-12,268.70274053027424,269.11429745742555,262.0535213092714,262.19073486328125,95870800
2020-05-13,261.6327942663051,262.66630589864803,255.1390710892638,257.55364990234375,144721100
2020-05-14,255.1300233129989,260.7639864719799,249.67893717466515,260.6359558105469,121977900
2020-05-15,258.2578335457952,261.8796730887109,257.31578850596856,261.8339538574219,111146300
2020-05-18,268.0259205783891,271.40998206704353,267.70583003920393,269.8094177246094,119703800
2020-05-19,269.2149804032603,270.9161385808999,267.01992588852465,267.0382080078125,95189300
2020-05-20,270.55947454613386,272.43441067742714,270.33082243687204,271.5746765136719,85861700
2020-05-21,271.4464894183946,272.2513488450365,268.6111993151311,269.6995849609375,78293900
2020-05-22,269.41620920229957,270.38569189537526,268.1814822519457,270.2119140625,63958200
2020-05-26,276.14762383993184,276.3854308835985,270.23010816848546,273.5409851074219,88951400
2020-05-27,276.32142205120357,277.6476150920947,271.51972905102286,277.61102294921875,104817400
2020-05-28,278.6354121938182,280.6384065978622,276.4312028479003,277.098876953125,90405200
2020-05-29,276.63243212883435,278.91895299063503,273.89776210984286,278.3336181640625,119090800
2020-06-01,277.6933091449905,280.06214079412035,277.18113083769884,279.45849609375,55758300
2020-06-02,280.3730508804007,281.8181470459952,279.04688612365226,281.77239990234375,74267200
2020-06-03,283.74790600539586,286.4734472117532,283.4735348386815,285.5222473144531,92567600
2020-06-04,284.5436868628639,286.2723094131286,282.6870337042213,284.7723388671875,75794400
2020-06-05,290.1411436356498,293.83614034000306,290.07711436853054,292.0709533691406,150524700
2020-06-08,292.87580669268345,295.79340876256344,292.3361912634575,295.6013488769531,73641200
2020-06-09,292.9489483181037,295.674490365222,292.08921451504034,293.3971252441406,77479200
2020-06-10,293.9734045940547,294.86057573896727,291.0466469438034,291.7600402832031,95000800
2020-06-11,284.86381036530884,285.4948921415013,274.3915651262568,274.9403076171875,209243600
2020-06-12,281.9188104439579,282.68707794933687,273.1020022913101,278.2329406738281,194678900
2020-06-15,272.571533180231,281.95542250093104,271.4008357686363,280.8304443359375,135782700
2020-06-16,288.5405786077651,288.68691925578287,281.3974914516678,286.2357482910156,137627500
2020-06-17,287.25102322318884,287.5437045654918,284.3151106090864,285.04681396484375,83398900
2020-06-18,283.53770864356693,285.63214141110257,283.0804045248097,285.15655517578125,80828700
2020-06-19,288.606893993327,288.7997990416287,281.5885255828859,283.52685546875,135549600
2020-06-22,282.92969448323436,285.74070848311646,281.79059883305774,285.345703125,74649400
2020-06-23,287.9822576249924,288.91008594994315,286.25522305494576,286.659423828125,68471200
2020-06-24,284.6292467086996,285.2447431567849,277.5190362259304,279.34710693359375,132813500
2020-06-25,278.77749712311356,282.60820823682303,276.76568904701736,282.341796875,89468000
2020-06-26,281.24869621906464,281.45999191166675,275.05711847124337,275.6358337402344,127961000
2020-06-29,276.8851316946332,279.82474000470745,274.6069121259045,279.68695068359375,79773300
2020-06-30,279.25523166814565,284.95996268018115,279.09907976025323,283.2696533203125,113394800
2020-07-01,284.3812825777224,286.51251830095595,283.9219659839804,285.25396728515625,72396500
2020-07-02,288.6712318949843,290.012456292064,286.1633816866912,286.8247985839844,69344200
2020-07-06,290.62799115972723,291.8313984510452,289.88390048446837,291.2526550292969,61713800
2020-07-07,289.71847561105767,291.6843356231875,287.87201433816693,288.2486572265625,82910000
2020-07-08,289.01104790041916,290.5635395544882,287.256483946113,290.45330810546875,54638600
2020-07-09,291.05963368656217,291.29848720257166,285.4008518720043,288.7998046875,83354200
2020-07-10,288.7355420447275,292.01506865179886,287.31167207863734,291.7486572265625,57550400
2020-07-13,294.08201958882603,296.45208065811465,288.5702209738263,289.2224426269531,102997500
2020-07-14,287.807747773912,293.74213796529875,286.6135359213563,292.9704895019531,93657000
2020-07-15,296.176480597415,296.75522389579646,293.2919594068963,295.66204833984375,87196500
2020-07-16,293.7695387499873,295.1382924076953,293.126484690498,294.68817138671875,54622500
2020-07-17,295.6896177123011,296.3234767747621,293.723729481606,295.5426330566406,62774900
2020-07-20,295.27619796890855,298.6751512770174,294.53210748290684,297.9310607910156,56308800
2020-07-21,299.8876219985633,300.32854770233666,297.58184521296135,298.5647888183594,57292200
2020-07-22,298.20664479704493,300.57673367466816,298.096413320775,300.2643737792969,57792900
2020-07-23,299.9061124158589,300.6042824570707,295.32214278131715,296.68170166015625,75738000
2020-07-24,294.83533766379713,295.7906960099343,293.2736500051928,294.7710266113281,73766600
2020-07-27,295.4599699891878,297.0951357943914,294.66993094112354,296.92059326171875,48293000
2020-07-28,296.19487323057496,297.30643950213306,294.7434452210572,295.03741455078125,57495000
2020-07-29,295.9100858432154,299.2263658690615,295.8733326700447,298.6659851074219,48454200
2020-07-30,295.70796004076783,298.0137378647775,293.631868503502,297.600341796875,61861700
2020-07-31,299.38256979191243,300.0531821550801,295.1844091220259,299.9521179199219,84986800
2020-08-03,301.60553393405814,302.79974538526255,301.0635439348531,302.03729248046875,53077900
2020-08-04,301.18294553917855,303.2039489746094,301.18294553917855,303.2039489746094,41917900
2020-08-05,304.49933910281294,305.344493957488,304.232927632883,305.0872497558594,42697700
2020-08-06,304.5085050498795,307.2460137006027,304.1869778632997,307.1265869140625,43679400
2020-08-07,306.16197109291363,307.6317893364543,305.26170076056275,307.3470153808594,57308300
2020-08-10,307.7971437576196,308.4493652808026,305.86800901982497,308.2656555175781,44282100
2020-08-11,309.4414573605958,310.07531622116386,304.9952780722494,305.7209777832031,69601100
2020-08-12,308.1462545152505,310.755168860554,308.11869664674026,309.9835205078125,53774400
2020-08-13,309.22102584901387,310.72759735332505,308.50449326474353,309.4231262207031,41816100
2020-08-14,309.03736753830617,309.96519594934904,308.3116395326056,309.432373046875,47260400
2020-08-17,310.442749511134,310.8101969991946,309.44144319152923,310.4151916503906,35481000
2020-08-18,310.81023926790425,311.5084092142796,309.2209943237158,311.0858459472656,38733900
2020-08-19,311.46244829769483,311.97688043726134,309.2301772598134,309.7905578613281,68054200
2020-08-20,308.0727368847193,311.2328365188577,307.9441428478694,310.7551574707031,42207800
2020-08-21,310.42444831688175,312.077976357265,310.0845305879196,311.8575134277344,55106600
2020-08-24,314.28268549668286,315.0910869399419,311.8299513355394,315.0176086425781,48588700
2020-08-25,315.57797452610504,316.2026382005386,314.4204880441908,316.1199645996094,38463400
2020-08-26,316.708010467888,319.55575113534167,316.16602021071253,319.28936767578125,50790200
2020-08-27,320.1527409405033,321.4296260137834,318.3338378197821,319.98736572265625,58034100
2020-08-28,321.00706390510135,322.1829128264426,319.8220196842775,322.0542907714844,48588900
2020-08-31,321.84305088658607,322.715735344681,320.65800656366764,320.8876647949219,66099200
2020-09-01,321.7145179417289,324.0111008904695,320.8234426362391,323.9100646972656,54908700
2020-09-02,325.81160515901706,329.55961577116307,324.6724810821894,328.5950622558594,69540000
2020-09-03,326.9139385366805,327.38245036251664,314.7144927720197,317.28668212890625,148011100
2020-09-04,317.96646795020814,319.52812734335566,307.6226506452831,314.6961364746094,139156300
2020-09-08,309.3129330288969,314.76044843805005,305.79458070733585,306.09771728515625,114465300
2020-09-09,310.0845465588693,314.5950377875089,309.2210293277964,312.1423034667969,91462300
2020-09-10,314.0071656953316,314.6593873315728,305.76702585786137,306.722412109375,90569500
2020-09-11,308.49540445893774,309.551827020083,304.06758575680686,306.87860107421875,84680200
2020-09-14,310.02939619225884,312.68425862482945,307.02547682042814,310.92047119140625,65605700
2020-09-15,313.36401735020615,314.1907812662179,310.9296460285526,312.4913330078125,52920900
2020-09-16,313.7224070840924,315.1462772122179,310.97567498046277,311.25128173828125,82096000
2020-09-17,306.419220280496,310.2223743451593,305.89559274386187,308.5137023925781,91523300
2020-09-18,309.3151581691173,309.42583088639304,302.49006851927624,304.96185302734375,105877900
2020-09-21,300.3965164700501,301.7154136216698,296.73494295950627,301.5678405761719,99450800
2020-09-22,303.04352022017224,305.1924909636533,300.5440388915025,304.63909912109375,63612100
2020-09-23,305.19245164662516,305.46916160559636,297.0761328236134,297.5741882324219,93112200
2020-09-24,296.26444372300983,301.41092156228456,294.954751030624,298.3673095703125,76681300
2020-09-25,297.51889967168074,303.9750729756473,296.65195372295256,303.1911315917969,71069400
2020-09-28,307.33219516977516,308.9370058544443,306.34531653525386,308.2268371582031,64584600
2020-09-29,308.0239196318029,308.7617564876497,305.8564851660792,306.5482177734375,51304000
2020-09-30,307.2123221968008,312.0083468241908,307.0186449225947,308.87249755859375,104081100
2020-10-01,311.4549036577027,312.4233180156539,308.9831193152461,310.85540771484375,88698700
2020-10-02,305.9303234212104,310.82778863279594,305.45993618333404,307.904052734375,89431100
2020-10-05,309.9515464147121,313.5485503664023,309.90544216593185,313.3641052246094,45713100
2020-10-06,313.5024779338328,315.58690808900525,308.4021034182183,308.90936279296875,90128900
2020-10-07,311.85152550936397,315.08884337216455,311.82385732877054,314.28643798828125,56999600
2020-10-08,316.2140965427438,317.13640685603946,315.30099019284074,317.07183837890625,45242500
2020-10-09,318.7135625963804,320.36450600551524,318.09563042343444,319.9033508300781,59528600
2020-10-12,322.43044687423406,326.5162746526731,321.9416235525097,325.0498046875,80388500
2020-10-13,324.91142804821567,325.08666923359056,321.96925633166603,322.928466796875,73255500
2020-10-14,323.50030508369025,324.588624372676,320.1707787470456,320.8993835449219,57727900
2020-10-15,317.00721375031816,320.9823682447695,316.4722862478962,320.5027770996094,60357700
2020-10-16,321.84935479813737,323.50029791303143,320.1338713616603,320.3091125488281,89501900
2020-10-19,321.5634874612231,322.19065172366453,314.54471943593575,315.4393615722656,68425600
2020-10-20,316.7766838154975,319.9309973867883,316.02041077038155,316.7029113769531,60051900
2020-10-21,316.65681831436444,318.8150494267142,315.79907639467757,316.10345458984375,63575000
2020-10-22,316.3154741888246,318.4183401585938,314.1849400410323,317.8372802734375,55399300
2020-10-23,319.0547227201215,319.1100590737951,316.4722657264527,318.9163818359375,49143900
2020-10-26,315.5500707808946,316.33404027290226,309.5458208963196,313.02294921875,91473000
2020-10-27,313.36418300170556,313.69620122734307,311.7316756189508,311.9438171386719,65994100
2020-10-28,306.29923020856904,311.9714324418126,300.793037060004,301.2818603515625,127094300
2020-10-29,301.5125247076755,307.49831076186155,299.83391286599306,304.3440246582031,90597700
2020-10-30,302.77604515722487,304.07650614801975,297.5373290450951,301.1712341308594,120287300
2020-11-02,304.5468444824219,306.5390097792582,301.81678597834804,304.5468444824219,86068300
2020-11-03,307.7657776282638,311.9715110465133,304.62992771419084,309.9239807128906,93294200
2020-11-04,314.37865106265446,320.90862324436983,313.20732720493976,316.8504638671875,126959700
2020-11-05,322.1075666195716,324.8283926420073,321.75708428212755,323.0298767089844,82039700
2020-11-06,322.7440657543736,324.2013319224955,320.64119920578634,322.9562072753906,74973000
2020-11-09,335.6932240544699,336.07137459090427,326.553127154814,327.0142822265625,172304200
2020-11-10,326.02747194823814,327.58617866916313,323.27900515845005,326.5347595214844,85552000
2020-11-11,328.71137691264624,329.7812602109788,327.4754845197472,328.9604187011719,58649000
2020-11-12,327.95503562356157,329.0064827205813,323.9706771078529,325.7691650390625,67546200
2020-11-13,327.6691431786953,331.01713379560016,327.15265170494035,330.279296875,62892200
2020-11-16,332.9355686346887,334.59571584824243,331.65354385962263,334.40203857421875,74541100
2020-11-17,332.0040195958482,333.8025358299785,330.5006493949441,332.603515625,66111000
2020-11-18,332.8709782269809,333.4151378683076,328.5637772011029,328.6006774902344,70591300
2020-11-19,327.9735621111223,330.35311040072077,326.6362008611728,329.98419189453125,59940900
2020-11-20,329.7259129229104,329.9288223028838,327.65071486954946,327.7244873046875,70417300
2020-11-23,329.5229862809576,330.94335186636596,327.3002153270848,329.6889953613281,63230600
2020-11-24,332.2253630547063,335.5456855418986,331.37685339761396,335.00152587890625,62415900
2020-11-25,334.9184416687368,334.9461098434373,333.3966357668758,334.4849548339844,45330900
2020-11-27,335.5733419142613,335.88692400664513,334.4112220479706,335.41656494140625,28514100
2020-11-30,334.6417787889506,334.90925661307836,331.26614841458024,333.9316101074219,83872700
2020-12-01,337.1689006943155,339.114961441133,336.5786087362268,337.58392333984375,74231400
2020-12-02,336.4772067543695,338.4509359040713,335.90537894601357,338.2941589355469,45927000
2020-12-03,338.1926416718821,339.5853388514051,337.10432257035757,338.2018737792969,62882000
2020-12-04,338.7829809388243,341.1164245605469,338.69074429179847,341.1164245605469,50749900
2020-12-07,340.3509283515672,340.9043201472094,339.15193624990565,340.4154968261719,48944300
2020-12-08,339.1519192516688,341.9741863066491,339.105814998791,341.4115905761719,42458900
2020-12-09,342.06648867638006,342.223265683624,337.51950511942715,338.3495788574219,74098300
2020-12-10,336.9844740552152,339.28101745162724,336.1175002134625,338.23883056640625,57735400
2020-12-11,336.5509954355729,338.2480428717824,335.03842130301246,337.84222412109375,57698600
2020-12-14,340.0004557165168,341.0703108111561,336.1544096839779,336.32965087890625,69216200
2020-12-15,338.85687722449745,340.8767395019531,337.49187567761345,340.8767395019531,63865300
2020-12-16,341.08877636600363,342.32466869787885,340.2125703879291,341.4115905761719,58420500
2020-12-17,343.0440579448397,343.52364911590456,342.2231883566635,343.32073974609375,64119500
2020-12-18,343.60793195814915,343.7746487031401,339.94926543201143,341.949951171875,136542300
2020-12-21,338.0505010968188,350.54549505048345,335.32734770004896,340.7273254394531,96386700
2020-12-22,341.051501373403,341.16264587198805,339.0323009380207,340.1530456542969,47949000
2020-12-23,341.116302912313,342.35746343749054,340.13448894065533,340.45867919921875,46201400
2020-12-24,340.9310178427268,341.8109587265613,340.34750934079955,341.7831726074219,26457900
2020-12-28,344.3211159320895,345.10842711140884,343.7005497585794,344.71942138671875,39000400
2020-12-29,346.2384414390911,346.41442964061537,343.47823072745575,344.061767578125,53680500
2020-12-30,344.87689416495385,345.5808470308338,344.16369810171034,344.5527038574219,49455300
2020-12-31,344.35813994007736,347.0257205730323,343.8487183090097,346.3032531738281,78520700
2021-01-04,347.6278008405059,347.75748825794324,337.91153359546706,341.5887145996094,110210800
2021-01-05,340.949602377982,345.0250605268472,340.9032733293273,343.94134521484375,66426200
2021-01-06,342.4408242377529,349.17461974787045,341.8943450056138,345.9975891113281,107997700
2021-01-07,348.35951944577056,351.879226704414,348.18353125617296,351.13824462890625,68766800
2021-01-08,352.5183825734694,353.3519945857857,349.2858075597877,353.13897705078125,71677200
2021-01-11,349.9805051233097,352.50912740198214,349.86008915448537,350.758544921875,51034700
2021-01-12,350.94375332137713,351.8421806908139,348.60033453721564,350.83258056640625,52547700
2021-01-13,350.75850265414215,352.768431491567,349.98046294933357,351.7773742675781,45303600
2021-01-14,352.51827872215756,353.01845708885884,350.21194623863755,350.5453796386719,49989100
2021-01-15,348.9338006185688,349.73035497253096,346.1365606500185,347.9890441894531,107160000
2021-01-19,350.43430286360933,351.25867159512734,348.9615818623468,350.721435546875,51233300
2021-01-20,353.0000326205539,356.40862425349655,352.61102685664434,355.57501220703125,61836100
2021-01-21,356.1307303912218,356.55682200681423,354.98219950859266,355.899169921875,47840100
2021-01-22,354.0559284746663,355.79726758341997,353.676165944212,354.63946533203125,52860500
2021-01-25,355.37122119584785,356.39006461227206,350.5454808302178,356.0381164550781,70402000
2021-01-26,356.9828067931668,357.390355390859,355.2507393863011,355.4822998046875,42665300
2021-01-27,352.1756209612476,352.268250784751,344.57118450473314,346.7941589355469,123351100
2021-01-28,348.60029684934375,353.7594696685846,348.16499040605424,349.7766418457031,94198100
2021-01-29,347.9242558248188,348.8875553332174,341.1071006166545,342.77435302734375,126765100
2021-02-01,346.1550134441998,349.5080035286614,343.0613698782422,348.4798889160156,75817600
2021-02-02,351.64773878123896,354.95442921499745,348.5633656292974,353.4075927734375,64450700
2021-02-03,354.2319040558715,355.3989777290151,352.41647810504685,353.6854248046875,52427100
2021-02-04,354.7135813441343,357.7516535703952,353.7966109311243,357.7053527832031,47142600
2021-02-05,359.56694516251605,359.8170201800863,357.6588900211093,359.1130676269531,48669800
2021-02-08,360.55816692019795,361.75302686161535,359.7060402188195,361.70672607421875,38365200
2021-02-09,360.8730120616109,362.0586285633891,360.46549172244113,361.4658203125,35551100
2021-02-10,363.1979212677015,363.346123344099,358.918688778351,361.3083801269531,59154400
2021-02-11,362.3827526178569,362.79957264230774,359.4743687079311,361.891845703125,42913300
2021-02-12,361.0954036969238,363.9204301330663,361.0212885169638,363.67962646484375,50593300
2021-02-16,364.9021274134926,365.09665849859795,362.65136714284495,363.36456298828125,50972400
2021-02-17,361.623240019323,363.69801205535305,360.6136118506184,363.44793701171875,52290600
2021-02-18,360.854465504746,362.64210502833146,359.1409128726459,361.901123046875,59712800
2021-02-19,363.15162613106077,363.43875882521473,360.8174787248331,361.2620849609375,83241000
2021-02-22,358.5110930037713,360.88226938109636,358.21468888994264,358.4833068847656,67414200
2021-02-23,356.2881475310484,360.2617324705037,352.157117326697,358.9186706542969,107284100
2021-02-24,357.83499100141944,363.2998403698214,356.85317693048404,362.8737487792969,72433900
2021-02-25,361.61402308071797,362.97559950131625,352.69431104645696,354.1299743652344,146670500
2021-02-26,356.00108332440647,357.14034278164434,350.33248736483716,352.30535888671875,152701600
2021-03-01,357.14958006161066,362.0864647926419,352.49985630016823,360.84527587890625,105348800
2021-03-02,361.0675824477177,361.29914289591414,357.52933201527884,358.0295104980469,79595300
2021-03-03,357.33484267513,358.29811382408514,353.18526911043256,353.28717041015625,119940200
2021-03-04,353.10191667693744,355.6768678709619,344.45082125144995,348.9153137207031,183433000
2021-03-05,352.3978775655479,356.3807334772414,345.15468960580324,355.3340759277344,152039600
2021-03-08,356.2881862042194,359.08542635862597,353.28717171626954,353.5650329589844,123149200
2021-03-09,357.39039119381505,361.15093050380403,356.89021272533046,358.613037109375,113633600
2021-03-10,360.9471771777907,362.53104277568065,359.53929978707265,360.84527587890625,109899400
2021-03-11,363.29983372649673,366.46756487354185,362.8459560202513,364.5039367675781,86245000
2021-03-12,363.1516911140904,365.1338342047662,362.3458651336134,364.9949035644531,64653600
2021-03-15,365.24484933515953,367.4307942795085,363.1145048939015,367.17144775390625,73427200
2021-03-16,367.7828178436457,368.48674235114737,365.9395775428918,366.7083740234375,73722500
2021-03-17,365.4301814608711,368.7553861785309,364.2908938545459,367.9588317871094,97959300
2021-03-18,365.3838583264933,367.458630815987,361.92896639831395,362.6051330566406,115349100
2021-03-19,362.30587805219596,363.87635566268045,359.7689461369749,361.9341735839844,113624500
2021-03-22,362.4453063598302,366.1995871570597,362.3895521009953,364.8242492675781,73778600
2021-03-23,364.1923772601294,365.6327429914725,361.1722317802097,361.95281982421875,90686600
2021-03-24,363.34677394649896,364.9730063107096,360.0664320833465,360.1128845214844,97588600
2021-03-25,358.681705445465,362.9284721903629,356.7487968597733,362.13861083984375,116128600
2021-03-26,363.2815390803977,368.3739772728846,362.686817712374,367.9743957519531,114409100
2021-03-29,366.5062610108265,368.6900641641759,365.0287163307063,367.7886657714844,108107600
2021-03-30,366.5248236170681,367.4819761652533,365.22381534174167,366.8128967285156,76262200
2021-03-31,367.379739547907,369.85161555750506,367.35186241979716,368.2997131347656,112734200
2021-04-01,370.2232869937267,372.3327601495362,370.01884528609827,372.2769775390625,99682900
2021-04-05,374.92549847279105,378.1593875358287,374.85116890824196,377.6203918457031,91684800
2021-04-06,377.062782829176,378.43809222549146,376.72822894950895,377.3973083496094,62021000
2021-04-07,377.2301440048359,378.17799491924865,376.77480803015345,377.83416748046875,55836300
2021-04-08,379.07932488554803,379.6833482520154,378.1500494419872,379.6275939941406,57863100
2021-04-09,379.5067812528372,382.55480332633414,379.38597091748704,382.38751220703125,61104600
2021-04-12,381.7928419590288,382.79644701337315,381.1888185604451,382.5269775390625,56704900
2021-04-13,382.42475109343,384.2833021211937,382.04374472962985,383.6606750488281,56551000
2021-04-14,383.63277915671523,384.68286497352676,381.8114071791653,382.35040283203125,61659900
2021-04-15,384.4784328546867,386.7272920226282,384.43198042379737,386.4577941894531,60229800
2021-04-16,387.7401793717676,388.35350456848977,386.3276909048911,387.7494812011719,82037300
2021-04-19,386.82023873772533,387.26627283938177,384.52492705882344,385.844482421875,78498500
2021-04-20,384.63640040393466,385.73293861586444,381.55119913988244,383.01947021484375,81851800
2021-04-21,382.40615242461456,386.84808797516496,382.2667384186611,386.6436462402344,66793000
2021-04-22,386.4763357663494,387.3033760742911,382.0529760615345,383.1123352050781,97582800
2021-04-23,383.6698834905282,388.66938907577,383.59555394557486,387.26617431640625,73209200
2021-04-26,387.9167155807785,388.6415492403517,387.33126755588586,388.0746765136719,52182400
2021-04-27,388.3720341226582,388.5672023617423,386.8573107884589,387.99102783203125,51303100
2021-04-28,388.260553437065,389.375695263148,387.4149094181452,387.8795471191406,51238900
2021-04-29,390.59300004695626,390.9647044942961,386.9874073533742,390.35137939453125,78544300
2021-04-30,388.09326732154926,388.93891128959154,386.89449418451875,387.7865905761719,85527000
2021-05-03,389.76597643845156,390.1469827577325,388.1304710094045,388.62298583984375,68128300
2021-05-04,386.6436491697438,387.13616403136706,382.55484279938787,386.2254638671875,101591200
2021-05-05,387.8609759000612,388.0932947530025,385.7886815225001,386.34625244140625,60162200
2021-05-06,386.4205253076762,389.5614802761364,384.4225891373288,389.431396484375,74321400
2021-05-07,390.1934809738354,392.9162512267745,389.5150996883385,392.2657470703125,67733800
2021-05-10,392.6188718952487,392.84188892503846,388.2605678296134,388.3813781738281,81852400
2021-05-11,383.8836181645365,385.9001296111552,381.0586134145165,384.91510009765625,116888000
2021-05-12,382.14593854145664,383.4097394915113,375.42726709184967,376.737548828125,134811000
2021-05-13,378.28018664555873,383.18676017783554,378.2337058547637,381.2631530761719,106394000
2021-05-14,383.9858999881605,387.9631977718594,383.95802285908553,387.1175537109375,82201600
2021-05-17,386.0116948349033,386.9409701694624,384.1252386808852,386.1324768066406,65129200
2021-05-18,386.39271466558824,386.6343353537289,382.6477357955868,382.80572509765625,59810200
2021-05-19,378.14074413936413,381.97862757643315,376.66317135235914,381.80206298828125,106467100
2021-05-20,382.6755962796749,387.1640123182548,382.5548143000937,385.90948486328125,78022200
2021-05-21,387.38700043150294,388.6229524956767,385.1381700248017,385.593505859375,76578700
2021-05-24,387.8237936745519,390.5930445875986,387.582172994574,389.5243835449219,51376700
2021-05-25,390.6022772028169,390.9554063568541,388.08394906214374,388.66009521484375,57451400
2021-05-26,389.2455300855949,389.9331847144658,388.21404814228856,389.431396484375,43088600
2021-05-27,390.4536005107807,390.9646905627569,389.35703414524056,389.6358337402344,56707700
2021-05-28,391.19710514384474,391.4573011473298,390.10056686910303,390.3328857421875,58520200
2021-06-01,392.68393734755085,392.8233229944938,389.5522835895408,389.9890441894531,54216600
2021-06-02,390.639473876416,391.43866542326464,389.63586897767476,390.602294921875,49097100
2021-06-03,388.2977618897576,390.2863966542775,386.83879259158886,389.1526794433594,58138800
2021-06-04,390.99259643637595,393.0091363874435,389.2176771468902,392.7117614746094,55938800
2021-06-07,392.70254560724396,392.87911022793645,391.4015655278565,392.3308410644531,51555000
2021-06-08,393.18568426469994,393.2786174726193,390.5930264269201,392.4143981933594,47134300
2021-06-09,393.2507697660974,393.32512768168914,391.6059624638834,391.8289794921875,48436300
2021-06-10,393.0463062654877,394.5982086261025,391.7360245783089,393.65032958984375,51020100
2021-06-11,394.19863560369777,394.4123507955599,392.91623101558656,394.30084228515625,45570800
2021-06-14,394.41237080126155,395.2858919893771,393.1764469359521,395.1836853027344,42358500
2021-06-15,395.3323529313738,395.3695035287047,393.585310642845,394.4588317871094,51508500
2021-06-16,394.5982007490782,394.82121776057716,390.2213217430121,392.25640869140625,80386100
2021-06-17,391.84754100046604,393.1020400089684,389.6637383024435,392.1263122558594,90949700
2021-06-18,388.85953482830837,389.5494393113769,386.6313151981734,386.83642578125,118676300
2021-06-21,388.5890993413175,392.5607725814609,387.7779893870937,392.3742980957031,72822000
2021-06-22,392.36500160297555,395.30178987033617,391.64710042623443,394.4720153808594,57700300
2021-06-23,394.54664482628675,395.34842259301394,393.91267704068656,393.99658203125,49445400
2021-06-24,396.13149224616546,396.7467953541989,395.8797488863264,396.3272705078125,45110300
2021-06-25,397.0732018408674,398.1826596628426,396.7468856958135,397.7351379394531,58129500
2021-06-28,398.25724298746064,398.70473623877365,397.0638802306052,398.53692626953125,53159600
2021-06-29,398.91924432286936,399.5532121672935,398.2200075512794,398.7514343261719,35970500
2021-06-30,398.2945621373876,399.75830454102925,398.2665938058792,399.0870361328125,64827900
2021-07-01,399.8421598624358,401.45507598441856,399.7768909463528,401.29656982421875,53441000
2021-07-02,402.4526865249136,404.7182065985421,401.3805008260889,404.3639221191406,57697700
2021-07-06,404.41979315569,404.6342359510612,400.9049741658819,403.6273193359375,68710400
2021-07-07,404.307961437293,405.3335142240967,402.30348871200215,405.0538024902344,63549500
2021-07-08,399.75830982322657,402.50865241662655,398.5835829803211,401.75347900390625,97595200
2021-07-09,403.25446917430344,406.34043156356205,401.5576479376436,406.0420837402344,76238600
2021-07-12,405.95820582921755,407.74826443657537,405.529348587086,407.49652099609375,52889600
2021-07-13,406.7133908705391,408.2051016773012,405.8463441001398,406.1073913574219,52911300
2021-07-14,407.7948073005834,408.27962958567196,405.47335073456526,406.71331787109375,64130400
2021-07-15,405.380216455026,406.0514849454824,403.43167991584454,405.32427978515625,55126400
2021-07-16,406.4989460325066,406.54555043309637,401.7534629006535,402.14501953125,75874700
2021-07-19,397.3435417608313,402.2102297665294,393.40916924701395,396.20611572265625,147987000
2021-07-20,396.8681095390226,403.1519362165868,396.07563556513816,401.88397216796875,99608200
2021-07-21,403.0773163550678,405.2775959293525,401.83734914667167,405.1377258300781,64724400
2021-07-22,405.31487664645783,406.2285561812566,404.33595664289896,405.98614501953125,47878500
2021-07-23,407.90668669595885,410.4985227710104,407.2261145579136,410.16290283203125,63766600
2021-07-26,409.5755481567641,411.17913206497195,409.52894375936796,411.1697998046875,43719200
2021-07-27,410.13491566325905,410.16288399022255,406.4802263786354,409.29583740234375,67397100
2021-07-28,409.9204951499821,410.49852624000596,407.7109118436593,409.1280212402344,52472400
2021-07-29,410.05108065733845,411.8970474559631,410.04174839608766,410.82489013671875,47435300
2021-07-30,408.27034735445915,410.274820300012,408.1398095072434,408.8297424316406,68951200
2021-08-02,410.53576066581815,411.0858233387081,407.61760890549715,407.9718933105469,58783300
2021-08-03,408.7644786802241,411.4122517302362,406.5828634584257,411.2910461425781,58053900
2021-08-04,410.0137549202648,411.2630544145641,409.03483491751217,409.2679138183594,46732200
2021-08-05,410.4239672459952,411.9436461991985,410.10698336189347,411.8597412109375,38969700
2021-08-06,412.1766644565728,412.95980601714183,411.8969527515063,412.5402526855469,46930000
2021-08-09,412.5123024707758,412.8292863221601,411.44014535097375,412.20465087890625,41222600
2021-08-10,412.6521688276481,413.4260066614601,411.97159669055037,412.7174377441406,43339300
2021-08-11,413.78031206478073,413.8362487240308,412.6615219757521,413.7430114746094,44034300
2021-08-12,413.593921338042,415.1229328726098,412.698906156745,414.9830627441406,38909400
2021-08-13,415.4305706025511,415.7568868046491,414.9457766564748,415.7382507324219,39470300
2021-08-16,414.44228007699377,416.8476419659867,412.8946326638833,416.7171325683594,73740000
2021-08-17,414.17185863996565,414.8431269867084,411.0113236608944,413.98541259765625,92673900
2021-08-18,412.9785282041807,414.53550784290934,409.2119935015114,409.4543762207031,89351900
2021-08-19,406.741308348979,411.28170912890874,406.60146670220803,410.08831787109375,92812200
2021-08-20,410.4333467352419,413.67778712939463,409.94852436681583,413.3514709472656,72008700
2021-08-23,415.02964970074015,417.8918656542568,413.42606560010046,416.9875183105469,54973000
2021-08-24,417.64947509765625,418.18090188764904,417.1367128313938,417.64947509765625,38744700
2021-08-25,417.8359743358521,419.03864120283987,417.46302526340173,418.52587890625,40529700
2021-08-26,418.2460333600454,418.4791122297858,415.9618775077955,416.05511474609375,57829600
2021-08-27,416.8569028569734,420.1479754421771,416.8009662029935,419.7750549316406,77235100
2021-08-30,420.4463669901376,422.40423543923686,420.2039558296545,421.62109375,48357400
2021-08-31,421.5279172752659,421.86353728246513,420.3998232039332,420.9964904785156,59300200
2021-09-01,421.9286921618179,422.44145429599706,420.9870444205686,421.2201232910156,48721400
2021-09-02,422.6373188627889,423.3178910483312,421.322750439352,422.51611328125,42501000
2021-09-03,421.38804973614276,422.92636491207014,420.98713237168766,422.41357421875,47170500
2021-09-07,422.0685927572297,422.161830008836,420.23192986344264,420.9031982421875,51671500
2021-09-08,420.3718058247561,421.09901087419547,418.47917779201987,420.39044189453125,56181900
2021-09-09,420.194679042839,421.9381047734719,418.3486837946311,418.5910949707031,57970400
2021-09-10,420.5117149956247,420.93124002303637,415.16953536376036,415.2907409667969,89948200
2021-09-13,418.27405074698356,418.5350979558744,414.05063410526645,416.35345458984375,83738600
2021-09-14,417.7892579298286,417.9943684978522,413.2209172260456,414.10662841796875,78197100
2021-09-15,414.5261632376649,418.05964737696985,413.4260376429731,417.5655212402344,78792200
2021-09-16,417.04343662553293,418.01302440036307,413.9667779592012,416.9035949707031,77786700
2021-09-17,416.13475093436307,416.5556198829702,412.48704878745247,412.84246826171875,118425000
2021-09-20,406.74432982392835,408.31563107334745,401.1137908654286,405.95867919921875,166445500
2021-09-21,408.2875666376567,409.5782885516768,405.05142823770416,405.5751953125,92526100
2021-09-22,407.83859908430554,411.561112902549,405.68741498694294,409.531494140625,102350100
2021-09-23,411.39284026132526,416.1067731963376,411.1590146193151,414.50738525390625,76396000
2021-09-24,412.87986556448413,415.90090238586725,412.6647357516255,415.1900634765625,62094800
2021-09-27,414.16127425016805,415.32104015057223,413.31014559826434,414.0022888183594,61371100
2021-09-28,411.24311932770905,411.57048088015347,404.9298280542011,405.65936279296875,130436300
2021-09-29,407.0342471994263,408.7645623202573,405.78094542874345,406.3421325683594,82329200
2021-09-30,407.81055870084094,408.5120355292715,401.0389781842043,401.3757019042969,140506000
2021-10-01,403.0966548978282,407.819920791209,399.5892707562588,406.1457214355469,129240100
2021-10-04,404.98598629215144,405.8838687084721,398.77556393327893,400.9080810546875,128570000
2021-10-05,402.40448811569496,407.3148256262935,401.6095039247003,405.0794677734375,90682500
2021-10-06,401.4972736297954,406.9687986871979,399.87921865411016,406.7630310058594,113032200
2021-10-07,410.0272637647416,413.10438834176847,409.8495540118839,410.27978515625,72437500
2021-10-08,411.04670800109915,411.4301854093212,408.90485751836167,409.531494140625,74557400
2021-10-11,408.8768487322521,411.77629222213716,406.5011723645591,406.566650390625,65233300
2021-10-12,407.48327480593025,407.8854480523545,404.780236733796,405.5658874511719,71181200
2021-10-13,406.5853090624002,407.83861088635894,403.62041636017756,407.02490234375,72974000
2021-10-14,410.6725606418157,414.0209591805535,410.2049094470439,413.8713073730469,70236800
2021-10-15,415.9757203290179,417.3880360118953,415.3584173525913,417.02325439453125,66260200
2021-10-18,415.24619873026535,418.5945686911891,414.5914756470946,418.25787353515625,62213200
2021-10-19,419.87598933410356,421.5501601721971,419.26801990573733,421.4847106933594,46996800
2021-10-20,421.94295086059634,423.439440319079,421.83071914626356,423.14013671875,49571600
2021-10-21,422.5415781375362,424.468298903712,422.1113470020355,424.24383544921875,41305400
2021-10-22,423.8136834491364,425.254057485138,421.8682380030512,423.8043212890625,58845100
2021-10-25,424.8892329450859,426.4044184794836,423.12152600267797,426.0770568847656,45214500
2021-10-26,427.62024353585866,428.8267630097883,426.086333989396,426.46044921875,56075100
2021-10-27,426.918846485335,427.58290328215884,424.4963878416024,424.57122802734375,72438000
2021-10-28,425.992866699538,428.74265832035,425.98353308393456,428.6678466796875,51437900
2021-10-29,426.3763014877547,429.8275696350324,426.08636002655044,429.5376281738281,70162400
2021-11-01,430.5197400572505,430.89388390110435,428.5556275928569,430.2765808105469,48433600
2021-11-02,430.4449035360186,432.3248706330071,430.3139474896051,432.0162048339844,48908400
2021-11-03,431.4549703875679,435.05589020838045,431.0153771334454,434.6537170410156,52509800
2021-11-04,435.252290589815,436.7862001540291,434.90623328507866,436.7020263671875,52847100
2021-11-05,438.91876204081126,440.20012191636965,436.7114618114456,438.21728515625,66390600
2021-11-08,439.3115707807346,439.8072799359265,437.9086171102104,438.59136962890625,50405200
2021-11-09,438.9561209854995,439.189946581114,435.73867850639124,437.1416320800781,51149100
2021-11-10,435.45806257315104,437.14162395618587,432.1471127518589,433.6248779296875,69429700
2021-11-11,435.1119743121017,435.1868144801551,433.7464409483171,433.76513671875,34848500
2021-11-12,435.0278628031356,437.59058233417034,434.08319821257237,437.03875732421875,53466700
2021-11-15,438.32015203819657,438.4791374698599,436.06606971793025,437.18841552734375,46980500
2021-11-16,436.926563287216,440.0504702557984,436.8517516451615,438.91876220703125,48857500
2021-11-17,438.65688553568276,438.8345952994172,437.23523596897536,437.8525390625,47858300
2021-11-18,438.88134300282934,439.60154420700337,436.16897141797494,439.33966064453125,50625600
2021-11-19,439.2273759676528,440.4713442276694,438.1892039343977,438.5539855957031,57315600
2021-11-22,440.42457739014736,442.9031231346711,437.11359877761777,437.3193664550781,72762000
2021-11-23,436.99201694576334,438.7503901392518,434.4012394044777,437.8992614746094,73206500
2021-11-24,435.9070933030563,439.1900143055321,435.09338467174774,439.06842041015625,61858800
2021-11-26,432.4277829370123,433.88685264976294,428.153443379823,429.27581787109375,112669600
2021-11-29,434.04579477237445,436.37468863148496,431.8571905656505,434.54150390625,86268800
2021-11-30,432.10971456592034,434.0083773215289,425.8431769850362,426.08636474609375,148559600
2021-12-01,431.77304290871774,434.6070082311195,421.15735424039565,421.353759765625,131939200
2021-12-02,421.56886098846877,429.36927957856614,421.176021421513,427.80731201171875,127637800
2021-12-03,429.4628278206349,430.5196955865321,419.8759779470982,424.0848388671875,137331600
2021-12-06,426.61954425695245,430.9780574380259,424.21580992319184,429.1074523925781,98977500
2021-12-07,434.36390384642976,438.5447078022282,428.97655148911326,437.9835205078125,95484700
2021-12-08,438.376262173592,439.592143920361,436.6272226459906,439.1431884765625,72238800
2021-12-09,437.8618166085867,439.24607444800387,435.98187817780683,436.17828369140625,61272600
2021-12-10,438.8719230944773,440.4338620032325,436.32789961217685,440.2842102050781,77159800
2021-12-13,439.7698539667308,440.1159113005939,436.10345586445044,436.3840637207031,87724700
2021-12-14,433.129161990558,435.60770751030805,430.4729067407916,433.3816833496094,97264100
2021-12-15,433.437885904042,440.3965100644385,430.9312535760348,440.1533508300781,116899300
2021-12-16,441.9958662441794,442.2764455495963,434.72854825907325,436.2718200683594,116568600
2021-12-17,433.20542255890297,436.19952155606984,429.9297585264146,431.62860107421875,135511600
2021-12-20,426.5696462517917,427.4331314987916,423.43476458066107,427.0389404296875,107134800
2021-12-21,430.4460118667737,434.76352423036354,428.2872700067012,434.62274169921875,69806300
2021-12-22,434.36939723729256,439.08110138333143,434.1722730211581,438.9684753417969,58890200
2021-12-23,439.96331276152887,443.19205915092374,439.860081786321,441.69970703125,56439700
2021-12-27,443.07004291771364,447.9976320744908,443.02312495455095,447.9507141113281,56808600
2021-12-28,448.38240050434825,449.40545830656606,446.8243405006627,447.5845947265625,47274600
2021-12-29,447.6878408773432,449.1707977326842,446.6929396080829,448.1571350097656,54503000
2021-12-30,448.57959577986344,449.5838923511924,446.458405243392,446.9183044433594,55329000
2021-12-31,446.43016246165064,447.5752127148281,445.5197306451295,445.7919006347656,65237400
2022-01-03,447.0496642498278,448.5044935235423,444.7501397489699,448.3730773925781,72668200
2022-01-04,449.7903556966754,450.5036920806799,446.3738800084919,448.222900390625,71178700
2022-01-05,447.85680153227196,448.6264508210621,439.52213275474475,439.6159973144531,104538900
2022-01-06,439.1561460016045,441.9062031753526,436.8471978839519,439.20306396484375,86858900
2022-01-07,439.212494806085,440.38573041712436,436.11513560687246,437.4667053222656,85111600
2022-01-10,434.28484075797536,437.1381287170904,428.5594460975087,436.9222717285156,119362000
2022-01-11,436.65950709740383,440.9957810759172,433.6747741107534,440.90191650390625,74303100
2022-01-12,442.6289659650615,444.1401084084531,440.1417120637422,442.0939636230469,67605400
2022-01-13,443.1920315438877,443.83965979140663,434.9793835505829,436.00244140625,91173100
2022-01-14,432.8675400643002,436.52802870303964,431.6567531379873,436.1807556152344,95890900
2022-01-18,431.5065888243464,431.71307940228024,427.3486494050049,428.4561767578125,109709100
2022-01-19,429.9954920501737,431.3845844979552,423.735095055278,424.0072937011719,109357600
2022-01-20,425.8844802762519,430.5680271579056,417.2025377031272,419.3143615722656,122379700
2022-01-21,418.1974651021742,420.5439362137734,411.0548207873205,411.0829772949219,202271200
2022-01-24,405.4983319626778,413.3355505734703,394.92045135440037,412.8287048339844,251783900
2022-01-25,406.4650696517462,412.71607151675664,400.9180090511274,407.7884826660156,167997300
2022-01-26,413.6546462199283,416.7707663219055,402.52297383173703,406.7654113769531,186391100
2022-01-27,411.34580659722957,414.47129370991206,403.0768441751336,404.75689697265625,149878300
2022-01-28,406.1084105135008,414.8560610276969,401.54688476779603,414.80914306640625,164457400
2022-01-31,414.14275997921226,422.6276076174351,412.8005853653847,422.28033447265625,152251400
2022-02-01,423.00311352241664,425.77196141622824,419.4928012401003,425.13372802734375,123155400
2022-02-02,427.5269726075797,429.98606938188885,425.2274198046737,429.26336669921875,117361000
2022-02-03,423.2564492415284,425.15238749253155,418.33822656188164,419.173583984375,118024400
2022-02-04,418.9389647113515,424.9740816327315,416.5737034611267,421.1446533203125,118454400
2022-02-07,421.90485354850045,423.2939459588078,418.46961678958075,419.79302978515625,84472900
2022-02-08,419.29559079665904,424.16686670467533,417.87831319896964,423.2470397949219,81012000
2022-02-09,427.2642403570165,429.7608891004601,427.06714480037397,429.4417724609375,92589900
2022-02-10,423.62250082711057,429.6013045752705,419.73675960069767,421.7265625,140103700
2022-02-11,421.81102228825836,423.87589961159756,411.98400045457316,413.41064453125,153214600
2022-02-14,412.9037733723224,414.480594825984,408.6050229613756,412.05902099609375,123006300
2022-02-15,416.4798347763938,418.8732237029998,415.96359397809533,418.70428466796875,88482700
2022-02-16,416.66754036033973,420.5439150243388,414.79975861551924,419.173583984375,84863600
2022-02-17,416.0011290518587,419.1454057486569,409.618739738148,410.21942138671875,102259100
2022-02-18,410.4728334127503,411.72117196742954,405.3012310451236,407.563232421875,132642900
2022-02-22,405.36692386987266,408.7552139612039,399.70720879424357,403.18939208984375,124391800
2022-02-23,406.089688998042,406.65284780613894,395.47425574268425,396.03741455078125,132578000
2022-02-24,385.77862865421275,402.42920784966424,385.4219890905369,401.9974365234375,213942900
2022-02-25,403.22694222886923,410.9515349471028,401.58441255553527,410.8670654296875,121804500
2022-02-28,405.49831437664733,411.2894169660434,404.2500045029786,409.8158264160156,145615000
2022-03-01,408.32347338837735,410.32267110583143,400.88044619372215,403.57421875,137785900
2022-03-02,405.81744799908034,412.716078231037,405.0665887622246,410.99847412109375,117726500
2022-03-03,413.42005221055416,414.020733918867,407.1596546990393,408.9523620605469,105501700
2022-03-04,405.23554101174136,406.7560496342077,401.6032084928617,405.6297607421875,113978200
2022-03-07,405.04777437562143,405.7517156092554,393.6063805668149,393.6720886230469,137896600
2022-03-08,393.85044666663845,400.97432894741854,389.62679900774907,390.6874084472656,164772700
2022-03-09,399.0314934618867,403.1331202623526,396.85396145942144,401.1620788574219,116990800
2022-03-10,396.57234376713836,400.2422276939095,394.620092580412,399.3505859375,93972700
2022-03-11,401.82838993543686,402.4384665585123,393.7659204470378,394.27276611328125,95636300
2022-03-14,395.04251079882187,398.4777193572372,390.2557039226716,391.3913879394531,95729200
2022-03-15,393.99127138077023,400.6270987320428,392.7241998621839,399.9982604980469,106219100
2022-03-16,403.4897960044395,408.9242024189119,398.71235566484523,408.8678894042969,144954800
2022-03-17,406.96253340051334,413.9831848144531,406.587103776138,413.9831848144531,102676900
2022-03-18,412.3788587296018,418.8375640496455,411.6444865688326,418.5174560546875,106345500
2022-03-21,418.34801862936644,420.34400315492985,414.90210943181734,418.3951110839844,88349800
2022-03-22,419.77907234818315,424.2229735705517,419.77907234818315,423.2908935546875,74650400
2022-03-23,420.76766221116077,422.25522626407883,417.754837158317,417.8395690917969,79426100
2022-03-24,419.8543211135019,424.1475773111093,418.7433532229859,424.1381530761719,64736900
2022-03-25,424.7690334312819,426.48257795134367,422.1987166511893,426.20953369140625,77101300
2022-03-28,425.61647430710576,429.24127197265625,423.73346551798176,429.24127197265625,68529800
2022-03-29,433.1107996129039,435.04090067569854,430.43693083724736,434.5513000488281,86581500
2022-03-30,433.41209413224465,434.22180278627525,429.7684770201859,431.8680419921875,79666900
2022-03-31,431.1053481916122,431.92445220332144,424.7690149308357,425.220947265625,121699900
2022-04-01,426.79325811561665,426.9344779963225,422.86720176985517,426.42608642578125,89048800
2022-04-04,426.6237972828837,430.1826819640368,425.80469323655575,430.0791015625,59601000
2022-04-05,428.59154184820875,431.0488540116193,423.5074249292268,424.6466369628906,74214500
2022-04-06,420.7488628977492,422.66951094806757,417.52890560703577,420.4004821777344,106898000
2022-04-07,419.5248225851807,424.32649940320846,417.5853263725242,422.518798828125,78097200
2022-04-08,421.7656645610829,424.2700693409283,419.8544120623101,421.3890686035156,79272700
2022-04-11,418.13146105748064,418.96941367640034,413.68758834274337,414.18658447265625,89770500
2022-04-12,417.1616704401845,419.6754993093874,411.1078052988178,412.6518859863281,84363600
2022-04-13,412.4070334061759,418.1313656035258,412.22814533134397,417.378173828125,74070400
2022-04-14,417.6041354302853,418.7151321138891,412.0775109158974,412.18109130859375,97869500
2022-04-18,411.2584072065128,414.0264315832301,410.1285907836965,412.3505554199219,66002500
2022-04-19,412.24702736869455,419.7225732355812,412.0775635034835,419.0070495605469,77821000
2022-04-20,420.77709519303664,421.3890672136186,417.53831825026737,418.69635009765625,65224400
2022-04-21,422.3023702432998,423.68638279053573,411.5315581539449,412.4353942871094,85417300
2022-04-22,411.35261559680123,412.4541594531157,400.55356095514185,401.11846923828125,132471800
2022-04-25,398.88715323977107,403.61349464580513,394.33967122309576,403.44403076171875,119647700
2022-04-26,400.92073603730137,401.1184726141431,391.7316742351174,391.7599182128906,103996300
2022-04-27,392.83320621839357,398.1809719519438,390.7336702250882,392.8614501953125,122030000
2022-04-28,397.58781923542455,404.5078808966821,393.17216221026155,402.784912109375,105449100
2022-04-29,398.811717778329,400.9583459743796,387.15589243754323,387.8996887207031,145491100
2022-05-02,387.96562121333255,391.5904179300961,381.3279997296009,390.2346496582031,158312500
2022-05-03,390.7336728773015,394.4243533044233,389.18016793893156,392.0235290527344,100028200
2022-05-04,392.6825612700032,404.52670026180385,389.5096966956075,403.9617919921875,144247900
2022-05-05,399.7155972479429,400.1392856315828,385.4894825550537,389.6038513183594,172929100
2022-05-06,387.0523990067409,390.53594745704976,381.996525832566,387.2783508300781,151770800
2022-05-09,381.4034332083206,382.63680165762764,373.306489727517,374.8788146972656,155586100
2022-05-10,380.82908230261177,382.3260707592916,371.72475140081883,375.7449645996094,132497200
2022-05-11,374.78456583577383,380.4053467898081,369.03196050848914,369.7757568359375,142361000
2022-05-12,366.5935926221123,372.6474594970857,362.6204425906065,369.3898620605469,125090800
2022-05-13,373.50415422453636,379.59568805484594,372.4684937718504,378.2210998535156,104174400
2022-05-16,376.5828802088455,380.33947297147097,374.3420954969533,376.6864318847656,78622400
2022-05-17,382.74972739807595,384.6704041422355,379.0307740612988,384.4350280761719,83029700
2022-05-18,379.8969587790726,380.17939855656863,367.7044674442447,368.9378356933594,117674500
2022-05-19,365.8873016619092,371.0844224400129,364.46562134290997,366.67816162109375,98510700
2022-05-20,370.2465279725012,373.80541271191623,358.2800175928373,366.8382873535156,131432200
2022-05-23,369.85112637485844,374.46452049127714,367.5444580490805,373.701904296875,76414900
2022-05-24,369.5968435278684,372.0353356747669,364.32441487373063,370.84906005859375,91448800
2022-05-25,369.3615399815034,376.0838942993882,368.96612427599865,374.12554931640625,91472900
2022-05-26,375.34950112064234,383.2298868677585,375.14236904234315,381.60107421875,82168300
2022-05-27,384.04902332628,391.082061612425,383.8513154679152,390.9690856933594,84768700
2022-05-31,389.359088170834,392.0988691063854,386.04500340916127,388.7753601074219,95937000
2022-06-01,390.8843163808003,391.89170405110434,383.1263021350257,385.6307067871094,86585800
2022-06-02,385.47063713429924,393.02148998349895,383.229852686857,392.97442626953125,79609600
2022-06-03,388.276330523708,389.8204112199368,385.5553982972068,386.525146484375,71874300
2022-06-06,390.51708401926703,392.2400239442846,386.53451118400045,387.7019958496094,57508900
2022-06-07,384.22791205148525,391.87292239964444,383.76655540466106,391.4209899902344,59272400
2022-06-08,389.7168432014017,391.4963000067229,386.3745146420819,387.1653747558594,64350000
2022-06-09,385.3953050112038,387.6549092229484,377.9574279785156,377.9574279785156,86289800
2022-06-10,371.78117890548924,372.6285269294592,366.9512578167044,366.9983215332031,132893900
2022-06-13,357.63041909690946,359.4757595056047,351.4635486063113,353.0641174316406,170004900
2022-06-14,354.80590682519255,355.83214308056677,348.91208061939693,352.0002136230469,104011800
2022-06-15,355.28597872744456,361.44342367912293,350.3525063636279,357.01837158203125,125666800
2022-06-16,348.8367050199727,349.24154490080923,342.78281161668144,345.2024841308594,134473300
2022-06-17,345.61572844834046,349.27508426837926,342.4575241953979,345.9466552734375,111113900
2022-06-21,351.64851628810544,356.03595201089433,351.5728544262298,354.6554260253906,76811900
2022-06-22,350.4476289196659,358.10676218449237,350.03157524112396,354.012451171875,90059400
2022-06-23,356.1400013974263,358.2107760726569,352.5941088918545,357.4826965332031,79292100
2022-06-24,360.6408676942553,368.85788413601364,360.6125017111181,368.8484191894531,98050300
2022-06-27,369.7656112640716,370.05873603154885,366.3521130366236,367.43951416015625,66009600
2022-06-28,368.99025938902804,371.7607760766396,359.8182072157404,359.9316711425781,86548900
2022-06-29,360.4800302640151,361.46340329333367,357.82297815433736,359.6384582519531,65676000
2022-06-30,355.76176056378404,359.94119868727216,352.282064871728,356.716796875,112508300
2022-07-01,356.0642664574983,360.9245159721641,353.45448087489706,360.4895324707031,74839700
2022-07-05,355.42134927768956,361.1893400506747,352.60353638031745,361.17041015625,81438000
2022-07-06,361.31223262960197,364.8675899225477,358.93886830851153,362.39019775390625,70426200
2022-07-07,364.15839292566767,368.61202540572873,362.4090803527021,367.8177490234375,64525900
2022-07-08,366.1912836693519,369.37788229099175,364.66892815691193,367.5151062011719,72397800
2022-07-11,364.84865422697527,365.81312646509326,362.62655612996804,363.31683349609375,58366900
2022-07-12,362.7684468745156,365.1418402247089,358.362080869492,360.1019287109375,62219200
2022-07-13,354.68376178018957,361.1325642695577,354.2677081449695,358.2107238769531,84224600
2022-07-14,353.2748467855768,358.4187564891479,350.84475070087467,357.3408203125,89704800
2022-07-15,361.72834772453945,364.2814021897093,359.8277687268737,364.1679382324219,79060400
2022-07-18,367.2409659059459,367.91231341217645,359.94115471730987,361.16094970703125,63203600
2022-07-19,365.0660716138569,371.4865073575656,364.4136541135557,370.9191589355469,78506000
2022-07-20,371.1083701548272,374.6920934702504,369.7467451710396,373.2831726074219,71843800
2022-07-21,372.70635127041953,377.13161760377886,370.31405726547354,377.0843505859375,64903900
2022-07-22,377.2072777513435,378.3986778470548,371.37309072029717,373.5857238769531,72197300
2022-07-25,374.20980770925064,374.89062013717165,371.8080487473427,374.03961181640625,53631500
2022-07-26,372.40379790822186,372.6118247488071,368.7255405509069,369.6143798828125,52946400
2022-07-27,372.895505992854,380.95179241182774,372.6023811811029,379.2119445800781,82342100
2022-07-28,380.01559818530455,384.65832707525976,376.47914250968347,383.96807861328125,73966600
2022-07-29,385.3959148037413,390.5492896244354,384.630004404881,389.5658874511719,87003700
2022-08-01,386.880471670519,390.90861443486426,386.17129323209457,388.41229248046875,69997500
2022-08-02,386.85206507545166,390.520885762128,384.67726296854556,385.8497619628906,63435400
2022-08-03,387.9678546966585,393.0550324074595,387.6841948771705,391.8919982910156,67820600
2022-08-04,391.81635523733325,392.4971676933185,389.9914096457841,391.62725830078125,45656600
2022-08-05,387.362738241362,391.60834410065166,387.3060062724685,390.9653625488281,56814900
2022-08-08,392.64847494128367,394.8894742630945,389.41460845921597,390.511474609375,53886100
2022-08-09,389.78339679657284,390.2845484240548,387.89225422395475,388.96075439453125,44931800
2022-08-10,395.9863599360031,397.2723519486255,394.0384853071231,397.1304931640625,68665700
2022-08-11,399.9672071505728,401.82054773180664,396.3929486818317,397.1304931640625,59489700
2022-08-12,399.05946211792985,403.9575146188211,398.11389080007996,403.853515625,61694500
2022-08-15,401.65031698074415,406.03778173235645,401.59358501038247,405.5177001953125,54048300
2022-08-16,404.44911353520814,408.23139771585346,403.6453723755134,406.3118896484375,59289000
2022-08-17,402.7282650065522,406.12286241940274,401.43283697746534,403.427978515625,63563400
2022-08-18,403.6264978547886,405.2812474108149,402.34053490810277,404.6004638671875,49023200
2022-08-19,401.848778805242,402.11353753416734,398.2934225683558,399.1633605957031,68016900
2022-08-22,394.3504638590042,394.52068860875744,389.9535634784905,390.85186767578125,77695600
2022-08-23,390.42636368047374,392.8092217006566,389.3578635500323,389.90631103515625,49105200
2022-08-24,389.67933184867115,392.51604543751745,388.9985482896292,391.1544494628906,49177800
2022-08-25,392.6389975097295,396.7238722445992,391.551596341063,396.6766052246094,50942300
2022-08-26,396.5631721445434,397.1021258692278,383.1927797477306,383.24951171875,103087000
2022-08-29,380.30874334599116,383.7506074648165,379.3631721580166,380.71533203125,65370800
2022-08-30,381.8688620384239,382.1052547933249,374.4461237632242,376.53582763671875,85652400
2022-08-31,378.16233169722864,379.40102781992005,373.53850294031076,373.6708679199219,76029700
2022-09-01,371.5055182868605,375.1837756026024,368.8106343368199,374.8433837890625,78740100
2022-09-02,378.493270301563,379.70360038409405,369.08482453543763,370.890869140625,99632100
2022-09-06,371.7324237676469,372.6685300550319,367.2787913361997,369.4914245605469,76637400
2022-09-07,369.1793490313916,376.8952133261025,368.9618861280906,376.1293029785156,70964200
2022-09-08,373.86940805077325,379.0416547769603,372.6685141668355,378.5877990722656,80821700
2022-09-09,380.8193186091283,385.32971149707004,380.5545598393792,384.46923828125,76706900
2022-09-12,386.53060660794216,389.32005328167793,386.2280168884876,388.6014099121094,69256300
2022-09-13,379.95888974243803,381.1597837204144,370.5883038747845,371.7040710449219,122947100
2022-09-14,372.9995076387831,374.6353563576037,369.8318380483669,373.1224365234375,85023700
2022-09-15,371.57161846360935,374.4083318177175,367.6191381157885,368.8861999511719,87633800
2022-09-16,364.7238110432356,366.72714802798475,362.7963887663263,366.072021484375,103084800
2022-09-19,362.9388650171461,368.9109191894531,362.86289235187127,368.9109191894531,73278500
2022-09-20,365.5973340819425,366.6037545982577,361.9324497442443,364.6763610839844,77274900
2022-09-21,366.5941636174288,369.6324320981936,358.3054375814423,358.31494140625,106746600
2022-09-22,357.5459685886099,359.17903334074293,354.564693142615,355.3052673339844,89472600
2022-09-23,351.849185813524,351.8871721443201,344.9276764863623,349.3521423339844,122346900
2022-09-26,347.8900111292315,351.49793062480813,344.6808467381226,345.8961486816406,92581200
2022-09-27,349.41864254939213,351.6783515332495,342.63004074479505,345.01318359375,108294100
2022-09-28,345.9626120741058,353.48228367645163,344.2725823827886,351.8017578125,110802200
2022-09-29,348.2697731293536,348.5545981921768,341.5191583646997,344.4529724121094,112952300
2022-09-30,343.51297496490554,347.4152519853497,338.9935866635343,339.1264953613281,153711200
2022-10-03,342.82928661109776,349.9217184398143,341.0538099415723,348.07977294921875,89756500
2022-10-04,353.57718804598346,358.8941441243227,348.0418757679158,358.86566162109375,103602800
2022-10-05,354.5171533769076,360.28032543329,352.20047996352105,358.0301208496094,88065700
2022-10-06,356.63448871251217,359.5778067097025,353.843087080186,354.3368225097656,82333500
2022-10-07,350.32060050692866,354.4222552620788,342.69647392447916,344.4529724121094,107789500
2022-10-10,345.56382461416007,345.8011884953058,339.5917702265936,341.8229675292969,76042800
2022-10-11,340.13290031732214,344.68079989118917,337.73077926422997,339.6581726074219,92482800
2022-10-12,340.0665108338142,341.6331067135325,338.2910045967103,338.5378723144531,76991800
2022-10-13,331.5593747401117,348.9344292266556,330.5149678078465,347.4722595214844,147254500
2022-10-14,349.921841160499,351.545431058521,338.9176545048849,339.5538024902344,123737000
2022-10-17,345.61126849106756,349.38060757787383,339.221423235325,348.27923583984375,93168200
2022-10-18,356.1692823447375,356.473115089462,348.9439101925136,352.3714599609375,97162900
2022-10-19,350.33955250549025,353.05501012296355,347.0734234834684,349.87432861328125,79746900
2022-10-20,349.4280591595853,353.83354599069514,346.18090904052775,346.94049072265625,88283100
2022-10-21,346.66515472372885,355.8558761401148,345.1650279247019,355.3716735839844,131038400
2022-10-24,356.89079533106695,360.85000802447814,354.251281568688,359.72015380859375,85436900
2022-10-25,359.6443098323772,365.7777851510882,359.53037979164054,365.4644775390625,78846300
2022-10-26,362.3312221104294,367.9899690715865,362.0748795431326,362.71099853515625,104087300
2022-10-27,363.70792288491305,365.54036503352893,360.15693963581714,360.77410888671875,81971800
2022-10-28,360.66969527942797,369.83193605345815,360.48929639684917,369.3572082519531,100302000
2022-10-31,366.90756364967945,368.76848820462624,365.78721318114583,366.6891784667969,96631300
2022-11-01,370.420527665591,370.65789150533925,363.9167526614729,365.0845642089844,85407600
2022-11-02,364.4959449170633,368.9868796691869,355.8179370887984,355.92236328125,126990400
2022-11-03,352.694279312725,355.2863035789503,350.1497452124156,352.2575378417969,87100100
2022-11-04,357.9446853802761,359.72016234018145,351.2984975880694,357.3275451660156,103505200
2022-11-07,358.61880558333354,361.33426320464076,356.5489996813044,360.74560546875,68286900
2022-11-08,361.8469872621732,365.6543132529755,358.628348045763,362.6920166015625,84641100
2022-11-09,360.7266178571878,361.87547986372505,354.7260521981255,355.21978759765625,78495500
2022-11-10,368.43620204058976,375.07291581213747,366.14803974108565,374.7406005859375,141455800
2022-11-11,375.59507007118657,379.16503175995996,373.71513788878525,378.36749267578125,93839900
2022-11-14,376.61109564979853,379.9531692313928,374.87357551945786,375.14892578125,71903500
2022-11-15,380.8740043920615,381.97537606504994,374.5506283415861,378.34844970703125,93194500
2022-11-16,376.7249517855088,377.67440728463805,374.8355446142679,375.4621887207031,68508500
2022-11-17,370.7244438230275,374.98751938121353,370.4206400370466,374.3133850097656,74496300
2022-11-18,377.63640863793864,377.7028774747301,373.1739853225882,376.0128479003906,92922500
2022-11-21,374.693120041292,375.81347054023524,372.81318778240984,374.6456298828125,51243200
2022-11-22,376.58251647845884,379.84864551592176,375.1773119937102,379.6872253417969,60429000
2022-11-23,379.3549636956731,382.5641281776776,379.12710362952333,382.0799255371094,68261600
2022-11-25,381.5197180169349,382.54514625609033,381.2443967643648,381.99444580078125,30545400
2022-11-28,378.9181565167745,380.5512209827744,375.13931354978837,375.8988952636719,67881600
2022-11-29,376.0318273628986,377.2186467005862,373.4208248199859,375.2532958984375,52310000
2022-11-30,375.50011084303225,387.073974609375,373.59172517191445,387.073974609375,144566700
2022-12-01,388.1089126426204,389.27675333365096,384.29211197998836,386.7891845703125,76398200
2022-12-02,381.9183997534954,387.24483015277275,381.8139735770751,386.3428649902344,85342700
2022-12-05,383.5325239499222,384.4629717064349,378.04467284641726,379.39288330078125,77289800
2022-12-06,379.23146151769544,379.7726290359641,371.84470019254604,373.9239807128906,77972200
2022-12-07,373.0790824780339,375.6426241653655,372.1581093951866,373.2879638671875,65927900
2022-12-08,375.16787185342383,377.27563531293924,373.3923656741001,376.2122497558594,60737900
2022-12-09,374.9779857119684,377.5225196894714,373.27845212602426,373.4018859863281,81447700
2022-12-12,374.18991841017703,378.7853088378906,373.5253169004451,378.7853088378906,75405800
2022-12-13,389.4856572201214,389.7419997878151,378.8992336233936,381.65264892578125,123782500
2022-12-14,381.31081297545614,385.00420881267286,376.27871036892407,379.2125244140625,108111300
2022-12-15,374.37025027855924,375.2722444929256,368.28426670085497,369.9363098144531,117705900
2022-12-16,367.39057737229774,368.72591299649264,363.44179709016913,365.56878662109375,119858000
2022-12-19,365.759577222778,366.0934184203677,360.8092731762787,362.4689025878906,79878100
2022-12-20,361.71537858126663,364.5768244170576,360.3991088395016,362.9648742675781,74427200
2022-12-21,365.5497098013311,369.51758489971746,365.01557556771496,368.39208984375,78167400
2022-12-22,365.3589430278992,368.3730029019242,357.4613534216276,363.1365661621094,100120900
2022-12-23,362.1159860434873,365.36849982820587,360.57080985837734,365.2254333496094,59857300
2022-12-27,365.11097351314567,365.45433305552007,362.11597944447993,363.78515625,51638200
2022-12-28,363.71843147410067,365.6833180737436,359.03522324607314,359.2641296386719,70911500
2022-12-29,362.09701355025095,366.5990242553787,361.5723975159929,365.7310485839844,66970900
2022-12-30,363.0603304456531,364.9107056574417,360.952377322475,364.76763916015625,84022200
2023-01-03,366.61802772104494,368.5828851543406,360.38006673429567,363.23199462890625,74850700
2023-01-04,365.48302557821637,368.05833913682085,362.4498991972039,366.0362548828125,85934100
2023-01-05,364.09041452635574,364.2048677167,361.26712910136496,361.8584899902344,76970500
2023-01-06,364.9392756207187,371.27262349109685,361.88708397790117,370.1566467285156,104189600
2023-01-09,372.34092442068106,375.51714610031314,369.76564022685335,369.94683837890625,73978100
2023-01-10,369.3650063190875,372.60797279309605,368.43025676671084,372.54119873046875,65358100
2023-01-11,374.1150503530879,377.3294038131555,373.3043013861297,377.2530822753906,68881100
2023-01-12,378.35000138117096,380.0859234423217,374.2962855684355,378.6265869140625,90157700
2023-01-13,375.4407746169057,380.6676929521993,375.1737074965992,380.09539794921875,63903900
2023-01-17,380.07639986503904,381.74557694149377,378.7219690868492,379.399169921875,62677300
2023-01-18,380.5818900873673,381.6406112039505,373.20888660482075,373.4091796875,99632300
2023-01-19,371.3775149775483,373.0180784744015,369.37452611387545,370.6907958984375,86958900
2023-01-20,372.08338384027553,377.749049499946,370.44282022993093,377.596435546875,91806400
2023-01-23,378.3976534216192,384.05377185885095,377.443838004556,382.1270751953125,84178800
2023-01-24,380.45787568340137,382.6230260729778,379.27515395089165,381.7169189453125,59524900
2023-01-25,377.6632639518551,382.19388763784025,375.38363090426293,381.86004638671875,84800300
2023-01-26,384.5115864864833,386.21892411230044,381.55475308151983,386.0567626953125,72287400
2023-01-27,385.01715091180836,389.3093204688235,384.80731034691763,386.94384765625,68346200
2023-01-30,384.1968522201886,386.41925852273624,381.79324776134285,382.08892822265625,74202000
2023-01-31,382.6039606559222,387.75455778693544,382.2605719895161,387.7068786621094,86811800
2023-02-01,386.4954771624324,394.5647752993934,383.7675794638579,391.8273010253906,101459200
2023-02-02,395.69982017672226,398.9904947612399,393.8112844222463,397.5311584472656,101654500
2023-02-03,392.58087711398565,397.71240862486854,392.1039694138387,393.3057861328125,94736800
2023-02-06,390.86399847100074,392.2947214888418,389.25204820891577,390.9021301269531,60295300
2023-02-07,389.9864375049832,397.254505069358,388.7464893203908,396.0145568847656,90990700
2023-02-08,394.04976837031427,395.38510413414,390.99754738888123,391.6842956542969,76227500
2023-02-09,395.27060073163324,395.4232146721326,387.0677833556222,388.2886657714844,78694900
2023-02-10,387.11542392100563,389.5762834427768,386.30470428579036,389.19476318359375,70769700
2023-02-13,389.84344339763004,393.89715897184107,389.3856015126722,393.76361083984375,64913500
2023-02-14,392.2470630392104,395.88109763709383,389.6431654454688,393.5824279785156,88389300
2023-02-15,391.3981496403728,394.9367965737248,390.55878744301873,394.8605041503906,61555700
2023-02-16,389.9101611679617,393.8398755116949,389.2901870501047,389.4237060546875,76431500
2023-02-17,387.30627658309317,388.6893205477336,385.3890983264304,388.45086669921875,89257800
2023-02-21,384.44488243382534,385.49408533092276,380.4007139302568,380.6582336425781,82655900
2023-02-22,381.06829584759197,382.60395368803114,378.68375748701857,380.1335754394531,83742300
2023-02-23,383.01409817857655,383.62455398812614,377.94934088551855,382.1556701660156,96242400
2023-02-24,377.1577095966057,378.90317902341906,375.45991929796907,378.0733642578125,108194400
2023-02-27,381.4021114776833,382.7565419832926,378.4262124604374,379.3609619140625,80444700
2023-02-28,378.8841254999914,380.83943554893773,377.85398850305495,377.95892333984375,96438600
2023-03-01,377.14822452392906,378.36910731023596,375.2119800477984,376.5091552734375,99706800
2023-03-02,374.5442691664858,380.2767097219892,374.2104279148554,379.4373474121094,85127800
2023-03-03,381.2495104460485,385.7706148212673,380.6009230194376,385.5226135253906,90120000
2023-03-06,386.34290347544555,388.63208364699216,385.35095644978605,385.7897033691406,72795900
2023-03-07,385.74205640878506,385.9805102708599,379.26564136455426,379.8760681152344,108310600
2023-03-08,379.9905117430244,381.2495258844479,378.2736266459541,380.49603271484375,74746600
2023-03-09,381.2781862155012,382.93784492488635,372.4935538973947,373.4759826660156,111945300
2023-03-10,372.9322836127058,375.0020758920174,366.5703510301064,368.0869140625,189253000
2023-03-13,364.17625337042944,372.3600057541109,363.0698240200609,367.5622863769531,157790000
2023-03-14,372.46485827708165,375.27862493164645,369.1741839934809,373.6380615234375,149752400
2023-03-15,368.06778985522413,371.50150155324764,365.9884504368566,371.30120849609375,172996900
2023-03-16,368.9548421813165,378.159154025879,368.44932123547807,377.8157653808594,143254200
2023-03-17,376.4906939277479,377.620484528316,372.01936339877824,373.3981018066406,140553400
2023-03-20,374.17369470613346,377.4003451216976,373.4747707102602,376.9886169433594,93055800
2023-03-21,380.33963500083723,382.41732640991324,378.75025527455585,381.9385986328125,91524200
2023-03-22,381.7662983699507,385.36631171212144,375.3896402926609,375.42791748046875,111746600
2023-03-23,378.28116967824513,382.3024953130758,373.7428390023417,376.44287109375,119351300
2023-03-24,375.1694609327518,378.99928396704195,372.83326654429635,378.9131164550781,107682400
2023-03-27,381.18220877571866,381.9481907671168,378.73112484169525,379.6215515136719,74010400
2023-03-28,378.9322518472337,379.6216211563462,376.94075674270374,378.7695007324219,62871700
2023-03-29,382.9152413925595,384.5142052275328,381.7184217978642,384.27484130859375,77497900
2023-03-30,386.8982643494234,387.14721217774354,384.6674054592339,386.5248718261719,69840000
2023-03-31,387.4440026260915,392.26958723104974,387.3386673117375,391.9727783203125,112062600
2023-04-03,391.4557374933837,393.86851514556844,391.06317718146,393.4664001464844,67391100
2023-04-04,394.1078626707281,394.3951168773612,389.9142025392246,391.28338623046875,66601500
2023-04-05,390.5557200333499,391.31211814402246,388.6120863205277,390.2589111328125,65200200
2023-04-06,389.4642249836437,392.05895083799805,388.4206018294357,391.7812805175781,63743300
2023-04-10,389.3110132842087,392.2599929388598,388.69825688508763,392.1833801269531,63681000
2023-04-11,392.8057304769011,393.68657323624444,391.52274352274435,392.2886962890625,59297900
2023-04-12,394.3473074281028,394.6345616936378,390.1057853353767,390.6898193359375,86420400
2023-04-13,391.7717484718132,396.2334959063615,390.6323737577498,395.8792419433594,85814800
2023-04-14,395.24719411906096,397.4301914433544,392.61419155067443,394.9120788574219,78161500
2023-04-17,394.82601113767913,396.3483622283168,393.6004689831214,396.3292236328125,66436400
2023-04-18,397.89935588402477,398.03341368331184,395.21849209052334,396.587646484375,63560000
2023-04-19,394.68236324131743,397.42067233366515,394.62491824072464,396.52069091796875,55227300
2023-04-20,393.7153034242172,396.0993877029547,392.81529283564134,394.3568115234375,75840400
2023-04-21,394.6536241017087,395.1227679931791,392.71957431843055,394.6632080078125,73457400
2023-04-24,394.46213502684145,395.4962034683657,393.1312868972539,395.0749206542969,64332100
2023-04-25,393.11207770668204,393.6674182755135,388.7460828379071,388.80352783203125,97766700
2023-04-26,389.41631802993527,390.48866355864703,386.6013964074548,387.1567077636719,80447000
2023-04-27,389.6844497545518,395.1323747434497,389.4355019352683,394.8642883300781,92968400
2023-04-28,393.983452291085,398.2441420130027,393.9260072843417,398.23455810546875,89433100
2023-05-01,397.7940605397827,399.85258413885225,397.60255774112403,397.8323669433594,62122300
2023-05-02,397.1239085646286,397.1717988833843,390.46960867294274,393.3611145019531,103998500
2023-05-03,393.8589703711037,396.26219357490066,390.421707847698,390.66107177734375,91531800
2023-05-04,389.617390281609,389.9429216709352,386.56310465857086,387.89398193359375,94901900
2023-05-05,391.51318454758655,396.11854378303155,391.25468204681897,395.0749206542969,87891800
2023-05-08,395.40043160090397,395.6589340882948,393.78232933496844,395.1802062988281,50046800
2023-05-09,393.63879898601755,394.5579483522174,393.217516105836,393.4472961425781,49220100
2023-05-10,396.2717004907046,396.90362464850057,391.47483892243093,395.2855224609375,96142900
2023-05-11,394.4238259021145,394.8833858662675,392.5280533923099,394.5961608886719,70157100
2023-05-12,395.8314147380256,396.04205619612287,391.66647590064974,394.0792541503906,70481500
2023-05-15,394.68235310668433,395.8408662145273,392.7770257910844,395.4387512207031,54289400
2023-05-16,394.33769327560117,395.25687179173696,392.7866197060623,392.79620361328125,57705500
2023-05-17,394.80682372550075,398.1674730228259,393.1695828258179,397.5643005371094,87287000
2023-05-18,397.2483654807399,401.8154478860798,397.02816936927354,401.3941650390625,97177200
2023-05-19,402.29416293584904,402.82075186824875,399.5941309256764,400.8100891113281,103793300
2023-05-22,400.82922685915275,402.50477416103354,399.5941009523831,400.97283935546875,60745400
2023-05-23,399.3356533732494,400.9058949150646,396.08030948759307,396.4728698730469,86383500
2023-05-24,394.87383509017286,395.256811470501,392.44188978529047,393.60040283203125,89213700
2023-05-25,397.0951701927873,398.4547701518932,394.8643112540631,397.0090026855469,90961600
2023-05-26,397.66010370060684,402.8686655789213,397.58352009323403,402.15057373046875,93830000
2023-05-30,404.0750097467597,404.6015986704079,400.9249724539097,402.3037109375,72216000
2023-05-31,400.4845443720238,401.38455501215435,398.51218808898716,400.0728454589844,110811800
2023-06-01,400.3026421930234,404.9271694953685,399.0579614953215,403.87396240234375,88865000
2023-06-02,406.4399357427851,410.4995384716648,405.9133468070171,409.7144470214844,91426200
2023-06-05,410.0591119636998,411.34209905139056,408.23036813311154,408.9293212890625,65460200
2023-06-06,408.51760703277364,410.34632157550055,407.8665149969257,409.8197326660156,64022200
2023-06-07,410.21228457452565,411.3420751836078,407.9813966367141,408.4026794433594,85373300
2023-06-08,408.4698232636145,411.32305230782447,407.7038702465337,410.873046875,61952800
2023-06-09,411.66758293531126,413.6112165464448,410.6239598849218,411.6101379394531,85742800
2023-06-12,412.586760311463,415.42082057078096,411.8686686457449,415.3442077636719,76104300
2023-06-13,416.7995935234062,418.72405947829276,416.13894679853814,418.08258056640625,95899700
2023-06-14,418.41766273627127,420.3804349424088,415.1431518715733,418.5804138183594,100612100
2023-06-15,417.7666014534157,425.0145475724995,417.6708792659641,423.7698669433594,110303100
2023-06-16,425.7476478890072,426.31464161242656,421.8555599029222,422.3264465332031,114165800
2023-06-20,420.39474593750015,421.2788606271551,418.0690838007341,420.13525390625,76160400
2023-06-21,419.15507151836675,419.9526987151209,417.39640282400495,417.9826354980469,76982300
2023-06-22,417.03132680931225,419.59721339592085,416.69496661658377,419.49151611328125,70637200
2023-06-23,416.0509861285015,418.09794671553647,415.60892874801584,416.320068359375,92074500
2023-06-26,415.75312807727073,417.6655331304873,414.37888755488666,414.619140625,72823600
2023-06-27,415.4936902341691,419.7797970502277,415.04201326216105,419.1647644042969,72813700
2023-06-28,418.08837741440095,420.3852108229733,417.4733448104481,419.37615966796875,75636000
2023-06-29,418.962851943863,421.1924071877769,418.55924326128763,421.0290222167969,67882300
2023-06-30,424.22920819454237,426.97768888145606,423.9120577597363,425.9974670410156,104964000
2023-07-03,425.65153394679413,426.7662822836005,425.37283219871017,426.48760986328125,32793400
2023-07-05,424.68086605187517,426.58368059216104,424.6712465458686,425.8533020019531,58418400
2023-07-06,422.28795168497953,422.9414328771002,420.01994786888264,422.5185852050781,80658300
2023-07-07,421.5287711761449,425.38243934770526,421.21162073773354,421.4518737792969,86134200
2023-07-10,421.09627673302543,422.6915603451521,420.5292831109417,422.5185852050781,62443500
2023-07-11,423.27785797330125,425.6995982894802,422.3072262142427,425.20947265625,64463800
2023-07-12,428.9862143541203,430.03371404566207,427.5639058584264,428.630615234375,91924500
2023-07-13,430.43733958982216,432.82066029903234,430.0049017154937,432.0326232910156,72425200
2023-07-14,432.9167761484475,433.7624422290722,431.00434197291605,431.7635498046875,69815800
2023-07-17,431.6194032211896,434.3102255823968,431.5713350157398,433.2627258300781,52680200
2023-07-18,432.93600974084484,437.12600898753516,432.5035425061128,436.4821472167969,80668200
2023-07-19,437.2701946323452,438.6348156080869,436.4052601424123,437.4527893066406,65891700
2023-07-20,436.4629102357604,437.35664451536627,433.8393364531686,434.55047607421875,70591600
2023-07-21,436.2610765640321,436.4629102357604,434.54088589539646,434.55047607421875,71275600
2023-07-24,435.6941036910491,437.29900699604326,434.6658135812287,436.49176025390625,54023400
2023-07-25,436.2226217872533,438.93265359810636,436.1745535859872,437.683349609375,55191200
2023-07-26,436.7512409467643,439.1729812727202,435.70374110756154,437.7507019042969,71052900
2023-07-27,441.12379698695344,441.5274350037331,433.94503488324995,434.848388671875,92194400
2023-07-28,438.1062519781901,439.93216931576706,434.8484065015939,439.105712890625,80011800
2023-07-31,439.5766136336967,440.2973728160184,438.26962173264826,439.9418029785156,62040400
2023-08-01,438.4810581528829,439.42286073607613,437.7314697549184,438.6828918457031,55291500
2023-08-02,435.5787978326574,435.83826057949295,431.83085596175755,432.5804443359375,93933400
2023-08-03,430.5719002384005,433.2146837020939,429.92800918121173,431.3406982421875,64276100
2023-08-04,433.14745409560885,435.2424538180626,428.8709377374494,429.389892578125,100128900
2023-08-07,431.2157929076751,433.2915828601554,430.523862923515,433.1378173828125,58357500
2023-08-08,430.610350839472,433.1282275391779,427.90990879603123,431.2542419433594,71361300
2023-08-09,431.5233041246725,431.6866891018031,427.61197745800644,428.3711853027344,78789600
2023-08-10,430.7160393980688,434.08920144153984,427.36211636743525,428.5249328613281,93005500
2023-08-11,426.66053117028434,429.2841046872446,426.0647083775396,428.2750244140625,68690900
2023-08-14,427.3621646686425,430.6391906738281,427.05463370611966,430.6391906738281,47867400
2023-08-15,428.87093856214887,429.2265377401817,425.0557186470054,425.62274169921875,75707500
2023-08-16,425.20945229682616,426.8623944636419,422.3936935729571,422.4994201660156,80107200
2023-08-17,423.96015411160533,424.2196168527754,418.76107448676936,419.280029296875,95711300
2023-08-18,416.4738690425287,420.510132174717,416.1279187140494,419.4818420410156,98852000
2023-08-21,420.4909004571907,422.95108948384575,418.34786189824484,422.21112060546875,68719000
2023-08-22,423.9794015102556,423.9794015102556,420.51016116793335,421.0675354003906,64994200
2023-08-23,422.12460773274086,426.37229454971487,421.98046176867535,425.7572326660156,68441000
2023-08-24,427.35254280721006,427.861878130185,419.82780041318796,419.8566589355469,88517300
2023-08-25,421.5768448293855,424.09469222022517,418.0403268045078,422.8165588378906,102325100
2023-08-28,424.99802710166506,426.1128047760357,422.8165399597136,425.4977722167969,61595400
2023-08-29,425.3920554264297,431.92695615148733,425.2094607575032,431.64825439453125,83081900
2023-08-30,431.9845378270409,434.0603273832458,431.2829884695482,433.4260559082031,69053900
2023-08-31,434.04117430376084,435.17516171345255,432.6092754445361,432.7918701171875,66084600
2023-09-01,435.5019052625726,435.9824113556043,432.1479527903315,433.5990905761719,58944100
2023-09-05,433.1570257317341,433.4741468434639,431.65784909348326,431.72509765625,55166200
2023-09-06,430.91784492057485,431.0235715081806,426.50680264350075,428.8228454589844,70758500
2023-09-07,425.83410543618885,428.17897757007677,425.4881551186145,427.50628662109375,70355400
2023-09-08,427.5543236104539,429.67815236910445,427.19875378748577,428.150146484375,61659700
2023-09-11,430.76410870034374,431.27344400453364,429.06312762659996,430.9659423828125,60180100
2023-09-12,429.5244911860218,431.04287782881886,428.02531423265805,428.6018981933594,67565400
2023-09-13,428.82283025526624,430.2547289321733,427.72726235885176,429.1015319824219,60199300
2023-09-14,431.56176797941515,433.4933826135289,430.2643956069254,432.80145263671875,83430800
2023-09-15,431.22275924982887,431.5506524245771,427.15298130374185,427.5869445800781,111848900
2023-09-18,427.27827686575546,429.1299415798166,426.8057293230556,427.837646484375,55752200
2023-09-19,426.92150856778005,427.50980914474906,424.2790562688864,426.950439453125,66514600
2023-09-20,428.2041947836062,428.6188806317765,422.8228144717151,423.0253601074219,82562600
2023-09-21,420.1899872517448,420.45036521142913,415.8791088874586,416.0334167480469,104095800
2023-09-22,417.05566583396023,418.64692328267273,414.6832156713709,415.0979309082031,100829700
2023-09-25,413.8924379607471,416.8820607506406,413.458445268684,416.843505859375,70874500
2023-09-26,413.8152657492611,414.5192898301892,409.8901424025337,410.71954345703125,96168400
2023-09-27,411.8864702649676,412.44583993852024,407.257352172029,410.88348388671875,104705800
2023-09-28,410.33377256481566,414.93395949847536,409.7454720420047,413.2655334472656,92258300
2023-09-29,416.3034507511099,416.47703605865223,410.74848546003295,412.2626037597656,115111300
2023-10-02,411.4332235195831,413.34275029290137,409.3501114299314,412.0986633300781,83798600
2023-10-03,409.92872106622235,412.15648738227026,405.2224344904491,406.5822448730469,103760600
2023-10-04,407.0451710291783,410.28554771633696,405.5889145488821,409.54296875,87453000
2023-10-05,409.25364146047264,410.22769695288724,406.17722598529116,409.388671875,70142700
2023-10-06,406.9487669268842,415.78269394671395,405.6275407211765,414.2492980957031,113273300
2023-10-09,412.3590123769111,417.47036086082164,411.80932558041656,416.9013671875,80374400
2023-10-10,417.52817903423306,421.65581816785743,417.1327707063527,419.07122802734375,78607300
2023-10-11,420.13211651194507,421.0386273478204,417.75966631617496,420.78790283203125,62451700
2023-10-12,421.39548619007036,421.7715876841516,415.8791053042313,418.22259521484375,81154200
2023-10-13,419.7174193113071,420.9132978989336,414.5771691952751,416.1394958496094,95143100
2023-10-16,418.3768791839652,421.5787008605216,418.1357786859934,420.5178527832031,75433200
2023-10-17,417.4028736679959,422.543153380918,417.0557030363835,420.49859619140625,75324700
2023-10-18,418.733716385894,419.68846496991176,413.8152601862858,414.8953857421875,93559800
2023-10-19,415.60902401214975,417.41245091445234,410.5748447541702,411.2499084472656,121323000
2023-10-20,410.8159967559263,411.3560595506144,406.09040315558224,406.1965026855469,123919900
2023-10-23,404.67268410500066,409.34041539624207,402.92711894728416,405.492431640625,92035100
2023-10-24,407.6044970323164,409.6972623098232,405.76248569133276,408.54962158203125,78564200
2023-10-25,406.8715348160067,406.9004656959786,402.17487280502843,402.6860046386719,94223200
2023-10-26,401.62529724925633,402.4739464403945,396.9479408177795,397.8641052246094,115156800
2023-10-27,399.4456991403426,399.8411075241665,394.6429661954743,396.0606384277344,107367700
2023-10-30,398.8381328209202,401.84706268429056,397.54583752991965,400.7958679199219,86562700
2023-10-31,401.3648771149318,403.6312280389458,399.4650037145309,403.31298828125,79665200
2023-11-01,404.27731320299,408.4242298564383,403.7468744665271,407.6141357421875,98068100
2023-11-02,411.39458907062107,415.5801196181461,411.37531162600504,415.4258117675781,94938900
2023-11-03,417.72113093175125,420.75899159658866,417.59575395239466,419.2159423828125,100167800
2023-11-06,419.96815874248256,420.62394506807493,418.24187084518337,420.1803283691406,67831700
2023-11-07,420.180249741543,422.01260739367797,419.042262607515,421.3760986328125,64256100
2023-11-08,421.9740622310195,422.4948475257227,419.3894720637267,421.68475341796875,61746000
2023-11-09,422.8228118894829,422.86139621479384,417.9718704320272,418.3962097167969,83174400
2023-11-10,420.4600443494357,425.2338171560556,418.3865562589062,424.9252014160156,89462200
2023-11-13,423.5942934214088,425.61951403994044,422.81313016998365,424.5201110839844,52236100
2023-11-14,430.43192160638574,434.0387757848984,430.2100985439841,432.7561340332031,97176900
2023-11-15,434.08698805976627,435.3117974864374,432.82362374197305,433.67230224609375,77327600
2023-11-16,433.22867282179436,434.52096798557363,432.1678247228073,434.2027282714844,66665800
2023-11-17,434.2123895584984,435.3504063975986,433.2962252275612,434.7428283691406,83133200
2023-11-20,434.4920641115296,438.9283195268349,434.48241067282527,438.08929443359375,69936200
2023-11-21,437.047759340186,437.963953155313,435.87118753975784,437.1345520019531,49244600
2023-11-22,438.78368021370784,440.1338372741124,437.73248545127797,438.8222351074219,59394900
2023-11-24,438.87039999223333,439.28508576492015,438.542506862815,439.0921936035156,29737400
2023-11-27,438.46535397413186,439.2754481049459,437.91563778247536,438.3014221191406,50506000
2023-11-28,437.91563451759527,440.02767719087626,437.3562943235412,438.7353820800781,62115000
2023-11-29,440.87640839051414,442.0047717825631,438.0314398912728,438.42681884765625,63146000
2023-11-30,439.2659037068179,440.5003372867107,437.20206897023724,440.15313720703125,79752700
2023-12-01,439.54548291042204,443.2873673280454,438.9572118254806,442.7569580078125,89183400
2023-12-04,439.38160552881834,442.77629034785133,438.16644945685704,440.43280029296875,72430900
2023-12-05,439.05368258007826,441.3007263857532,438.67755165712543,440.3459777832031,69793500
2023-12-06,442.47725778832285,442.50618866967005,438.1374489989706,438.5714416503906,69124700
2023-12-07,440.6449205313009,442.56407108973934,440.04699600140833,441.9179382324219,66995400
2023-12-08,441.1753589138319,444.3482499376319,440.93425839840177,443.8178405761719,83194400
2023-12-11,443.3259545711253,445.7176821092958,443.1137849553907,445.5440673828125,65002200
2023-12-12,445.1969053461678,447.67542557959507,444.20357245141867,447.5789794921875,68327600
2023-12-13,447.9550638637653,454.00188308183056,447.5982398420778,453.7511291503906,93278000
2023-12-14,455.6799450229731,456.86617007826965,452.545638522815,455.2073974609375,119026000
2023-12-15,454.61281921772417,455.7844980857444,452.6180987398149,454.4578857421875,141553700
2023-12-18,456.0556931170115,457.9923175277246,455.0002363592381,457.0143127441406,70375300
2023-12-19,457.5565362720974,459.8708164807692,457.4790843028072,459.7933349609375,55761800
2023-12-20,458.9411749679152,460.81970272542947,452.9957542950649,453.42181396484375,102921000
2023-12-21,456.39448757473747,457.99222603483094,453.9834001212354,457.7210998535156,86667500
2023-12-22,458.8443895271257,460.31624293413637,456.75286124971245,458.64105224609375,67160400
2023-12-26,459.0477166286851,461.4781598644946,458.97023511368405,460.57763671875,55387000
2023-12-27,460.3742993690924,461.5556412930502,459.8417395433534,461.410400390625,68000300
2023-12-28,461.76869846768426,462.41745105376606,461.16834966842947,461.584716796875,77158100
2023-12-29,461.39101424995863,461.9139110481109,458.3020963459827,460.2484130859375,122283100
2024-01-02,457.1982964831812,458.6604573760186,455.5812020907248,457.6727600097656,123623700
2024-01-03,455.5230751447963,456.2590018309508,453.3347097921151,453.93505859375,103585900
2024-01-04,453.46059872988593,456.0363127693598,452.25020846042696,452.4729309082031,84232200
2024-01-05,452.67622417899463,455.53275675735284,451.6498156943496,453.0926208496094,86118900
2024-01-08,453.58644474883687,459.7061845131588,453.4605594436324,459.5609436035156,74879100
2024-01-09,456.91742225203353,459.88045489034096,456.4139106022468,458.8637390136719,65931400
2024-01-10,459.13482782984977,462.320582628156,458.8540090718071,461.4587707519531,67310600
2024-01-11,462.4561601628175,462.9693643803347,457.2950698074294,461.2554626464844,77940700
2024-01-12,462.69828839912003,463.4342151118614,460.171007794378,461.5750427246094,58026400
2024-01-16,460.2000527294099,461.5072505223364,458.0697541289019,459.8804931640625,85014900
2024-01-17,456.8690498182248,457.8083137942025,454.9808292885089,457.32415771484375,68843900
2024-01-18,458.98962663985805,461.9429667160371,457.4500139514087,461.3910217285156,91856200
2024-01-19,462.5143215974117,467.4236715984988,461.4395092276407,467.1428527832031,110834500
2024-01-22,468.67280667793506,469.84445618903175,467.4817720101061,468.13055419921875,75844900
2024-01-23,468.67274693324026,469.737866598163,467.5882421140563,469.49578857421875,49945300
2024-01-24,472.3523626504235,473.28193407003323,469.5152150522186,470.0090637207031,81765000
2024-01-25,472.129646862115,472.8365254024004,470.009070342345,472.5653991699219,72525000
2024-01-26,472.13928542085506,473.6208017271318,471.122569553023,471.9649963378906,76641600
2024-01-29,472.27486373270614,475.8479376894722,471.73261132928997,475.7026672363281,61322800
2024-01-30,475.0151572718124,476.04156568160744,474.5794050287412,475.334716796875,58618400
2024-01-31,473.1366851322255,473.5821004537836,467.5591976080332,467.5785827636719,126011100
2024-02-01,469.2730794881658,473.7273208849261,468.4693639281419,473.6982727050781,91891600
2024-02-02,474.1340406811921,480.33123256171854,473.7951255169084,478.68511962890625,99228200
2024-02-05,478.05572128716557,478.71416645842936,474.6956769375314,476.942138671875,75757100
2024-02-06,477.88142888849836,478.65609638301095,476.4580087647838,478.3268737792969,55918600
2024-02-07,480.5636415654776,482.73265130891053,479.66308881437243,482.3162841796875,70556500
2024-02-08,482.31623652505846,482.90689268947517,481.5028579516359,482.5292663574219,52343600
2024-02-09,483.03288294060275,485.7538380198827,482.69396774040007,485.318115234375,63979400
2024-02-12,485.28896212192205,487.5451161916344,484.3884094588291,485.10498046875,56502300
2024-02-13,478.85933620825733,481.3382125850776,475.1700698212499,478.423583984375,113099200
2024-02-14,481.0477983876243,483.25554889436194,478.73351817874396,482.7713928222656,68387800
2024-02-15,483.4685762738627,486.28636814510776,482.9940832312684,486.1023864746094,61683000
2024-02-16,485.802216073848,486.9351247377766,482.9456834193714,483.6816101074219,75532900
2024-02-20,481.9482480001481,482.6163856416654,478.78187841031104,481.0186767578125,71736700
2024-02-21,479.7212407380355,481.6094317883095,477.9201646887193,481.4544982910156,59293400
2024-02-22,488.0390264949041,492.3770461062639,487.08037735176976,491.4184265136719,76402500
2024-02-23,493.1323109036816,493.9650747069926,491.03109011668937,491.75732421875,61321800
2024-02-26,492.19303641539864,492.62878868752523,489.83035248988597,489.95623779296875,50386700
2024-02-27,490.6437622032437,491.089177503547,488.75554175218684,490.866455078125,48854500
2024-02-28,489.3171596556616,490.798676044666,488.9588888927158,490.21771240234375,56506600
2024-02-29,491.9703479594554,493.5874126583201,489.3365378000111,491.9800109863281,83924800
2024-03-01,492.8515431020925,497.02493667557957,492.44483898500675,496.598876953125,76844800
2024-03-04,495.80484959614716,497.9060702059494,495.77577186599717,496.0662536621094,49799300
2024-03-05,494.0715531499916,494.5169979894073,488.9104626936786,491.1085205078125,72855600
2024-03-06,494.37174481528393,495.84359816125266,492.3092648064121,493.59710693359375,68382400
2024-03-07,496.8796700098079,499.54252820351775,493.65517426694095,498.4967346191406,58652100
2024-03-08,499.1262072798715,501.7986991966138,494.93339907868494,495.50469970703125,86532500
2024-03-11,494.3039754152461,495.6596064560232,492.38670680365675,495.07861328125,62557200
2024-03-12,497.17986205272086,500.98532153263085,494.6719076966977,500.40435791015625,73114400
2024-03-13,500.72385457506516,500.89814366049285,498.18688160759467,499.6199645996094,55104100
2024-03-14,500.5883050955873,500.7432681365898,495.6015329710001,498.6323547363281,110171800
2024-03-15,495.57748059836405,497.02476846543675,493.54742407862057,495.2083740234375,107646300
2024-03-18,499.25883960128044,500.69637526560086,497.74358168127196,498.1515197753906,88893300
2024-03-19,497.461870313395,501.2014309193572,496.46138163610317,500.9197692871094,60755300
2024-03-20,500.97803548207236,505.68891659025934,500.3078219091941,505.55291748046875,69594600
2024-03-21,508.37953729329536,509.07885971572495,506.941942394898,507.2236633300781,60256100
2024-03-22,507.13620745255224,507.621867774784,506.028887689534,506.2620544433594,79070800
2024-03-25,504.8924815953154,506.00952410002293,504.70792829326916,504.8633728027344,48512100
2024-03-26,506.28142646248074,506.62142424941175,503.5326318000847,503.93084716796875,65463700
2024-03-27,506.7476813791001,508.2046622498039,504.5913188624126,508.165771484375,82999800
2024-03-28,508.20475523799445,509.56456872863964,507.78709442613604,508.0687561035156,96294900
2024-04-01,508.8069627833215,509.3411773364756,506.0289403944362,507.184814453125,62477500
2024-04-02,503.3772245058647,504.0959923303483,501.6676906072498,503.9600524902344,74230300
2024-04-03,502.8721374777498,506.00954373427334,502.8235832984241,504.513671875,59155800
2024-04-04,508.50584318362684,508.8457817223291,498.0544227328248,498.35552978515625,96858100
2024-04-05,499.7056529768442,505.5141316093866,499.26854681862443,503.561767578125,74546500
2024-04-08,504.26113435269997,505.2615637846118,503.0372608598177,503.8434143066406,48401800
2024-04-09,505.57242083511636,505.81525100842816,499.5987748577626,504.42626953125,68049200
2024-04-10,498.7537372482173,501.35686962666665,497.40364652298035,499.3753967285156,82652800
2024-04-11,500.89063294902877,504.5816396156678,497.3939022721514,503.14410400390625,70099000
2024-04-12,499.61822644383983,501.0266533234711,494.47993161292834,496.1991882324219,92561100
2024-04-15,500.3564559239092,500.5215638494566,489.13768362770764,489.9827575683594,92101400
2024-04-16,490.4587076764823,491.97396569301293,487.80699132637494,489.0891418457031,73484000
2024-04-17,491.5368440989878,491.7019816659058,484.8055985468662,486.194580078125,75910300
2024-04-18,487.5836233301547,489.671957110868,484.26169316872057,485.19415283203125,74548100
2024-04-19,485.11641894359934,486.10715539894034,479.6964327690104,480.95916748046875,102212600
2024-04-22,483.55258680560587,487.972113920127,481.2214229780645,485.3883972167969,67961000
2024-04-23,487.3893089914972,491.5756989172583,485.2038373746558,491.1483154296875,64633600
2024-04-24,492.0322045112339,492.81897189579723,488.7005816711836,490.9151916503906,55928100
2024-04-25,484.8638724968989,489.8078914311426,483.222338099903,489.0502624511719,69122400
2024-04-26,491.8282151706386,495.25697586630093,491.19686267902955,493.6834411621094,64306100
2024-04-29,495.46093164580515,496.1020068122778,492.70238464126857,495.4317932128906,46415400
2024-04-30,493.9748340493992,494.94615471248864,487.58355712890625,487.58355712890625,77483600
2024-05-01,487.00079486473084,493.6154866987963,485.5340910693037,486.0003356933594,80242800
2024-05-02,489.69131460230034,491.3814327412964,485.22323354848663,490.54608154296875,62550200
2024-05-03,496.5002799659129,497.8504002906167,493.97484028154764,496.6265563964844,72756700
2024-05-06,499.01596519128117,501.7939279175934,498.57885905826015,501.7550964355469,47264700
2024-05-07,502.71671493011996,503.69775827546636,501.6385632333307,502.30877685546875,52561300
2024-05-08,500.4826581745873,502.89151427383246,500.3661044462176,502.3572998046875,42047200
2024-05-09,502.54186786336425,505.2907218217569,501.8910996467172,505.2518310546875,43643700
2024-05-10,506.8448931772194,507.65110602328485,504.68858950510435,505.9027404785156,52233200
2024-05-13,507.57328373764415,507.68011477392025,504.8341525672422,505.9705810546875,36716400
2024-05-14,506.16491953750125,508.80694268932734,505.6307050054446,508.2921142578125,57535900
2024-05-15,510.7496357077859,514.8777491307729,510.11825347038337,514.5863647460938,59504900
2024-05-16,514.6834008229457,516.2763809484062,513.381805041238,513.5275268554688,50244800
2024-05-17,513.6440876053468,514.3337466322346,512.1968292743588,514.2657470703125,59187600
2024-05-20,514.3822777046638,516.3151962899514,513.9937257353356,514.8582153320312,37764200
2024-05-21,514.1006064390205,516.2763551432357,513.8966077662355,516.1209106445312,33437000
2024-05-22,515.4314389511925,516.1404842090901,512.4688628953678,514.6349487304688,48390000
2024-05-23,517.6750993626108,517.7819304108156,509.67136703027006,510.8758544921875,57211200
2024-05-24,512.7116773079188,515.0623164056714,511.7695245578183,514.256103515625,41291100
2024-05-28,515.0621852566261,515.2952927113275,511.99277901051346,514.6153564453125,36269600
2024-05-29,510.6039331839117,512.1871908993834,510.3028260942359,511.0118713378906,45190300
2024-05-30,509.4771429084137,510.1376338577683,506.3786275625725,507.62188720703125,46377600
2024-05-31,508.57386073354985,512.3716988043419,503.49381286592205,512.2454223632812,90785800
2024-06-03,513.8480057418088,514.1296673530113,507.6120852543447,512.6629638671875,46835700
2024-06-04,511.36150323340104,513.974358217118,509.90452222280885,513.2361450195312,34632700
2024-06-05,515.5478229576875,519.355382881941,513.5662911101476,519.3359375,47610400
2024-06-06,519.637123680227,520.0645071551455,517.4030979505338,519.3262939453125,30808500
2024-06-07,518.3550094881825,521.4924158492759,517.2671349822953,518.6950073242188,43224500
2024-06-10,517.8888118681492,520.6182209175571,517.2963204143864,520.2976684570312,35686100
2024-06-11,518.7532508345464,521.608936050015,516.791164059003,521.5506591796875,36383400
2024-06-12,526.0965041099447,528.5150834828803,524.8046308107085,525.834228515625,63251300
2024-06-13,527.5729418210138,527.747772459327,524.1150419766954,526.8930053710938,44760900
2024-06-14,525.3680286737572,527.2426708093075,524.3675397366727,527.2135620117188,40089900
2024-06-17,526.533556163689,532.7985867082562,526.0770045940598,531.4095458984375,55839500
2024-06-18,531.4677096282388,532.8858589299049,531.0500489188105,532.7595825195312,41376400
2024-06-20,533.6825252233083,534.3430162809884,529.5446889553035,531.3125,70328200
2024-06-21,530.4929219620788,531.7109897848462,529.148170327666,530.60009765625,64338600
2024-06-24,530.4247748607555,532.9778406049528,528.7584364421938,528.8753662109375,45528700
2024-06-25,530.0934194702492,531.272530660959,528.5830271026286,530.9119873046875,37936200
2024-06-26,529.8010709636176,532.2859175813455,529.1579572826417,531.5745849609375,38550600
2024-06-27,531.4380824208646,532.9874907686532,530.6974877125363,532.4125366210938,35041500
2024-06-28,533.1824029810238,536.2227551968151,529.0799883321372,530.3175048828125,76144500
2024-07-01,531.6915058832783,531.9351194589271,528.6609672764391,531.408935546875,40297800
2024-07-02,529.8107580224772,534.985107421875,529.7620472078919,534.985107421875,40434800
2024-07-03,534.6733620352073,537.7331629819162,534.6344052723863,537.3726196289062,32789900
2024-07-05,537.6746345682784,540.8708135451888,537.0412155224441,540.4713134765625,41488400
2024-07-08,541.2508572097279,542.0401627530802,540.0327894282602,541.094970703125,36110500
2024-07-09,542.0499170234392,542.9463982576794,541.3288304126829,541.6211547851562,27289700
2024-07-10,542.83922140572,547.3216870432971,542.546897033872,546.9806518554688,38701200
2024-07-11,547.0975351406863,547.964813600151,541.6308616855196,542.2642211914062,53054200
2024-07-12,543.3849943470381,549.2706773223186,542.9172752823991,545.6846923828125,53084400
2024-07-15,547.6725909303428,550.4108051950651,545.3338767680585,547.1853637695312,40584300
2024-07-16,548.4910214723672,550.7225001410881,547.7406727188134,550.43017578125,36475300
2024-07-17,544.5250561904461,546.1913944708481,542.3909988738491,542.7125854492188,57119000
2024-07-18,544.2425249574461,545.2267333968008,536.3689169185834,538.5419311523438,56270400
2024-07-19,538.3080081974957,539.9256355832753,533.9132099479913,534.9656372070312,65509100
2024-07-22,538.8732666357521,541.0852970880696,536.9438660153718,540.4811401367188,43346700
2024-07-23,540.3738971671513,542.517708645555,539.1461346384042,539.6333618164062,34439600
2024-07-24,534.8390224206132,535.1411009025868,526.4879411580819,527.4039306640625,74515300
2024-07-25,527.5208430163394,533.474804346627,523.7205067049787,524.6559448242188,61158300
2024-07-26,528.4271261891337,533.2116708123141,527.6572691986129,530.5319213867188,53763800
2024-07-29,532.0715107948711,533.0751677112492,528.8557642968128,530.8436889648438,39515800
2024-07-30,532.305359200303,533.3577863863941,524.7630932312389,528.1541748046875,46853600
2024-07-31,534.9559286681133,539.3604813512061,533.5917282671721,536.7391967773438,65663400
2024-08-01,538.4542082657176,540.6954412129795,525.6498647611072,529.138427734375,76428700
2024-08-02,522.0639756127396,523.2722896238993,515.0966024511276,519.2868041992188,82789100
2024-08-05,498.56978906774395,510.20477524600585,497.234761759116,504.16314697265625,146267400
2024-08-06,505.9561065265441,516.2171383151375,504.64061708101707,508.8113098144531,84826300
2024-08-07,514.9697939251986,518.0101458143887,504.8159975896984,505.410400390625,70698300
2024-08-08,510.52624530905064,517.7177216624609,508.5091775662785,517.0941162109375,63276600
2024-08-09,516.2755714297688,520.8555180126824,515.0575036936727,519.3743286132812,45619600
2024-08-12,520.563206135425,522.0443360943832,517.3864758873478,519.647216796875,42542100
2024-08-13,522.8239831490899,528.4270952564345,522.5803695792055,528.1931762695312,52333100
2024-08-14,528.9824644571885,531.0386081211183,526.3222233938623,529.8594970703125,42446900
2024-08-15,535.4625975238755,539.22397656437,534.8584406614526,538.94140625,60846800
2024-08-16,537.3335322529779,540.8416031495808,537.1776457463574,540.1497192382812,44430700
2024-08-19,540.5590500378348,545.3143920898438,539.7112794996588,545.3143920898438,39121800
2024-08-20,544.8660675368706,546.5128974468605,543.0925538279611,544.4275512695312,33732300
2024-08-21,545.4703215908407,547.7505114259203,540.55903368272,546.298583984375,41514600
2024-08-22,548.1889915317105,548.79314842079,540.8026115148097,542.0109252929688,56121500
2024-08-23,545.236462053231,548.7055171032431,543.053634385247,547.77001953125,50639400
2024-08-26,548.7931322733509,549.504464836925,544.7686315002069,546.4641723632812,35788600
2024-08-27,545.1974719043471,547.7018267996916,544.0573769322793,547.214599609375,32693900
2024-08-28,546.8735985635415,547.3023608968704,540.8611718363641,544.0379028320312,41066000
2024-08-29,545.9963772385526,549.2802828145968,542.9463311315743,544.08642578125,38715200
2024-08-30,546.4448203697416,549.7871918701893,542.9075460914414,549.2804565429688,62700100
2024-09-03,546.1524958910724,546.4838365970718,535.4725124240279,537.9768676757812,60600100
2024-09-04,536.1447696240151,540.2666922950722,535.4236829556569,536.8756103515625,47224900
2024-09-05,536.817154296066,539.6527901961324,533.1239343608661,535.56982421875,44264300
2024-09-06,535.8915040363953,537.5090723186329,525.6597319023402,526.5562133789062,68493800
2024-09-09,530.7365485093424,533.718376233379,528.8168426461983,532.4515380859375,40445800
2024-09-10,534.3518657174226,535.1217228519943,529.4991012455458,534.7708740234375,36394600
2024-09-11,534.6830473314077,541.1728863269274,526.1663268863584,540.2568969726562,75248600
2024-09-12,540.831888043875,545.1097566752126,538.619857760852,544.8076782226562,51819600
2024-09-13,545.4117823691347,548.646977454259,545.1584147606665,547.6530151367188,39310500
2024-09-16,547.3899785889079,548.7249762940762,545.5970158864217,548.4619140625,36656100
2024-09-17,550.6641466211254,552.1063795479049,546.4642506202782,548.68603515625,49321000
2024-09-18,549.3388444863224,554.1624050516696,546.5032087102647,547.0586547851562,59044900
2024-09-19,556.4231220387844,558.2453466994866,553.5679782684008,556.3938598632812,75315500
2024-09-20,555.0312814396932,556.4680940708006,552.4214655718796,555.4320068359375,77503100
2024-09-23,556.4974940475859,557.465153194272,555.2854144616904,556.8200073242188,44116900
2024-09-24,557.6117584874984,558.471913246618,554.7967173955426,558.4132690429688,46805700
2024-09-25,558.2569249779147,558.9900073797687,556.0771860686909,557.1817016601562,38428600
2024-09-26,561.4238456875147,561.7464186568862,557.0449191197562,559.3907470703125,48336000
2024-09-27,560.4561405350975,561.2673753932927,557.5531033653197,558.5794067382812,42100900
2024-09-30,557.5531842584909,561.4238811603136,555.266000370726,560.81787109375,63557400
2024-10-01,560.4659694617594,561.1110557410046,553.2328657284514,555.7937622070312,72668800
2024-10-02,554.9042355240985,557.0448382675937,552.519272009238,556.0282592773438,38097800
2024-10-03,554.562134456547,556.9470981426042,552.7343205282026,555.0117797851562,40846500
2024-10-04,559.4395039594219,560.4267309820088,555.28537101062,560.0552978515625,42939100
2024-10-07,558.413299806086,559.0584457401652,553.8486566717974,554.9922485351562,49964700
2024-10-08,557.5531808736639,560.8374356454558,556.6833016920415,560.2411499023438,37398700
2024-10-09,560.231378146855,564.6787929089692,559.6351520491386,564.1216430664062,37912200
2024-10-10,562.7824731556751,564.5516429072721,561.5313172618801,563.1343383789062,44138100
2024-10-11,563.0561277259117,567.2396131412746,562.9192713637127,566.5065307617188,42268000
2024-10-14,568.1094778484854,572.0681703246292,567.6305402513053,571.1395874023438,36217200
2024-10-15,571.4036486836192,571.7066537434494,565.49006853977,566.7021484375,54203600
2024-10-16,566.7020448464575,569.6832346627543,565.9005342666823,569.1651611328125,30725400
2024-10-17,572.6937458614649,572.8990304200946,569.0283336899422,569.2140502929688,34393700
2024-10-18,570.8953358633636,572.1855682246422,569.4389548394798,571.4036254882812,37416800
2024-10-21,570.6802188403536,571.6576620923939,567.5035282712228,570.4652099609375,36439000
2024-10-22,567.9432944740728,571.3154850600835,567.2884243093201,570.162109375,34183800
2024-10-23,568.1486509721636,568.5885123492586,561.4629131521561,564.952392578125,49314600
2024-10-24,566.897492764615,566.9757049256177,563.5644376745634,566.1741943359375,34979900
2024-10-25,568.393014498126,571.2764839191195,565.0403914237966,565.9786987304688,47268200
2024-10-28,569.4389192842264,569.5659916825215,567.4253885260767,567.7283935546875,30174700
2024-10-29,566.7704218431865,569.7613956814984,565.382469188388,568.6471557617188,42899700
2024-10-30,568.1780374143577,570.1622760996802,566.2231506662927,566.9269409179688,41435800
2024-10-31,562.5771834276276,562.6456116079135,555.6177928931281,555.8132934570312,60182500
2024-11-01,558.4328924373011,562.5674583510357,557.7486702212007,558.1591796875,45667500
2024-11-04,558.2959404133777,559.5861724591027,555.0801741045641,556.9568481445312,38217000
2024-11-05,557.8658847297456,563.7305435334926,557.6508758763042,563.6914672851562,39478300
2024-11-06,575.9095457320777,578.57794657906,572.1854895240832,577.7080078125,68182000
2024-11-07,579.7020264980958,583.1915058614667,579.6238143381844,582.1749267578125,47233200
2024-11-08,582.722322897382,586.1140819812399,582.722322897382,584.69677734375,46444900
2024-11-11,586.2802096893201,586.6320749270757,583.5335966542183,585.25390625,37586800
2024-11-12,585.175669871058,585.7718958867575,580.9628921945897,583.4358520507812,43006100
2024-11-13,583.8952929846365,585.7133231848053,581.5396809070076,583.7193603515625,47388600
2024-11-14,583.8464232004079,584.3253608590082,579.2817798181851,579.9659423828125,38904100
2024-11-15,576.4177743775998,576.886987680586,570.689971552463,572.537353515625,75988800
2024-11-18,572.9967827127789,576.1930413945956,572.1366874944769,574.88330078125,37001700
2024-11-19,571.5208668268807,577.7080396739373,570.856212572816,576.9847412109375,49412000
2024-11-20,577.0630094223009,577.4637349458769,571.4427101629503,577.1802978515625,50032600
2024-11-21,580.014817427747,581.6959910919024,574.1990184692589,580.2786865234375,46750300
2024-11-22,580.2688429124006,582.7027263378066,579.7703970458107,582.0771484375,38226400
2024-11-25,585.996860547812,587.3066012376366,581.7742980860696,584.0517578125,42441400
2024-11-26,585.2929516850081,587.7659115133398,584.5794372696156,587.1012573242188,45621300
2024-11-27,586.9155638447446,587.2967213513849,583.807301635719,585.3223266601562,34000200
2024-11-29,586.13348818314,589.7402555167076,585.8598351444666,588.9583129882812,30177400
2024-12-02,589.3688312028335,590.6884151690585,588.8801096579482,590.0139770507812,31746000
2024-12-03,589.7794898104154,590.5320805361104,588.7531863419945,590.2877197265625,26906600
2024-12-04,591.9689462717889,594.1974858067216,591.3042920365143,593.953125,42787600
2024-12-05,593.953212413708,594.7547231367232,592.6239037475208,592.9757690429688,28762200
2024-12-06,593.7380822446739,595.3313193862531,593.3275728171593,594.0997314453125,31241500
2024-12-09,593.982457801793,594.1486064406603,590.4539021843977,591.0403442382812,34742700
2024-12-10,591.7147950136848,592.1350884376395,588.5478885385655,589.2027587890625,37234500
2024-12-11,592.1155320836123,594.7057206012569,591.8418193692619,593.7576293945312,28677700
2024-12-12,592.8975505621333,593.4644247000379,590.6983032226562,590.6983032226562,31543800
2024-12-13,592.7215354493896,593.4350498406591,589.2124883774769,590.5809326171875,35904700
2024-12-16,592.3305635374098,594.0704410234347,591.5584049068509,593.1027221679688,43695200
2024-12-17,590.5613981975558,591.5192734247074,589.2907339933267,590.6591186523438,55773500
2024-12-18,590.3560537155035,592.7312332463192,572.6741417666346,573.0553588867188,108248700
2024-12-19,578.0208781053541,579.6238994978684,572.6351557670356,572.8795166015625,85919500
2024-12-20,570.561095027684,584.2717241370053,569.7176190978377,579.7603759765625,125716700
2024-12-23,579.5052219390004,583.8302272741931,576.3374142722774,583.2319946289062,57635800
2024-12-24,584.5757510081671,589.7540503475091,583.9970921591193,589.7147827148438,33160100
2024-12-26,587.949453201798,590.8720184847898,586.5568290557057,589.7540283203125,41219100
2024-12-27,586.0272441627197,586.2626703921171,579.3779047678183,583.5460205078125,64969300
2024-12-30,576.5631199685903,580.338917958557,573.150128529516,576.88671875,56578800
2024-12-31,578.5441278348751,579.2601035674252,573.1599137063401,574.7879638671875,57052700
2025-01-02,578.0341524534392,579.7406180456738,569.3154229960469,573.3756713867188,50204000
2025-01-03,576.2100986967752,581.1823624210723,575.1312564616488,580.544921875,37888500
2025-01-06,584.7817217986171,588.1456290168214,582.1631214255088,583.8892211914062,47679400
2025-01-07,585.9094391002772,586.2330977215739,575.4744864171694,577.288818359375,60393100
2025-01-08,577.3574447409104,579.2012273003362,573.9248797422833,578.1322021484375,47304700
2025-01-10,574.5918290616524,574.6604875516765,567.4030397334539,569.3056640625,73105000
2025-01-13,564.6766400021115,570.5414039943755,564.2646890570356,570.1883544921875,47910100
2025-01-14,573.1010128011978,573.7286961683375,567.2067990118115,570.9728393554688,48420600
2025-01-15,578.9561398854404,582.4965717179379,577.8479067851994,581.3589477539062,56900200
2025-01-16,582.7220679112103,582.8985926554029,579.5445027973688,580.2408447265625,43319700
2025-01-17,585.4583566167607,587.8120797540519,584.1343312340456,586.06640625,58070600
2025-01-21,589.0968201243991,591.4407861448484,587.1353543049476,591.4309692382812,42532900
2025-01-22,594.2457369774064,596.1091536661693,593.6965288784859,594.7557373046875,48196000
2025-01-23,594.1279851220985,598.0018920898438,593.8534110339756,598.0018920898438,41152100
2025-01-24,598.0608006812332,599.0121428376514,595.1087847128249,596.2562255859375,34604700
2025-01-27,583.3497595871564,588.1357411390088,583.1830517473746,587.8218994140625,70361100
2025-01-28,589.0477983536082,593.7062796977629,585.7427332202798,592.8726806640625,44433300
2025-01-29,592.0879559573353,592.4900899119916,587.6746585162967,590.2147827148438,37177400
2025-01-30,592.3234809305729,594.9125703683252,589.1458559611356,593.3826293945312,39281300
2025-01-31,595.7953492209452,598.2079741596941,589.4696088499699,590.2247924804688,66566900
2025-02-03,581.2509121761593,588.7240915852041,579.1129217803689,586.252685546875,65857200
2025-02-04,586.3115788306599,590.695426254437,585.7721876960313,590.1854858398438,33457800
2025-02-05,589.0674493379312,592.7255640609287,587.0471418694162,592.5784301757812,30653100
2025-02-06,594.3144028610088,594.7655616068429,591.0191542265169,594.6380615234375,35771500
2025-02-07,595.1970887375172,596.4131881290857,588.4888484089631,589.1950073242188,50788500
2025-02-10,592.3922016880001,593.8338505117428,591.1270177676121,593.1963500976562,26048700
2025-02-11,590.940628411795,594.1868520894046,590.8229452462591,593.6474609375,30056700
2025-02-12,587.6552234594287,592.9021210468912,586.9785152974936,591.7350463867188,45076100
2025-02-13,592.8334516677448,598.1882752794738,591.5781445820884,597.9822998046875,40921300
2025-02-14,598.1881861265014,599.2179436285784,597.3349533511362,597.9528198242188,26910400
2025-02-18,599.1101412981178,599.7083740234375,596.6583089558027,599.7083740234375,26749000
2025-02-19,598.3256014161959,601.4148744301086,597.8156011046507,601.1206665039062,31011100
2025-02-20,599.7573748000233,599.8946917719264,595.3245028060013,598.6197509765625,36554000
2025-02-21,598.4041064401217,598.5414234459472,587.9200667778262,588.3810424804688,76519800
2025-02-24,590.420875386549,591.4114252530362,584.997393388531,585.7035522460938,50737200
2025-02-25,585.6446767168586,586.3704094872951,578.200887648266,582.7907104492188,58266500
2025-02-26,584.4481329600031,588.0278318848362,580.4565429896904,583.0848999023438,43321600
2025-02-27,585.3504072406853,586.4979078319449,573.3855137517263,573.7777709960938,74196700
2025-02-28,574.2780198233005,583.2615078706541,571.2181376161361,582.73193359375,88744100
2025-03-03,584.6933298193593,585.8310134980443,568.727029424783,572.5224609375,74249200
2025-03-04,568.5406690059347,574.1112244792533,561.2243803057662,565.7455444335938,109648200
2025-03-05,565.5788471805596,573.611051865237,562.038415848593,571.8261108398438,71230500
2025-03-06,564.3921264239905,568.991765926103,559.1354126670572,561.675537109375,80094900
2025-03-07,559.9004915315724,566.2654391000913,554.7320094861279,564.82373046875,81158800
2025-03-10,556.654306267924,558.566687855828,544.8855094970885,549.7793579101562,99326600
2025-03-11,548.6219753669684,553.1529563050404,541.3841622094388,545.208984375,88102100
2025-03-12,551.3386407379146,552.2605321303586,543.022044250635,548.1022338867188,69588200
2025-03-13,547.7295040716507,548.3375536768395,539.0892496749408,540.7957153320312,74079400
2025-03-14,545.3953255555126,552.966614210826,540.8643446212099,551.9662475585938,62660300
2025-03-17,551.9466761244148,558.7333912461695,551.5151512314662,556.2227172851562,49008700
2025-03-18,553.9179548314441,554.1337472059147,548.2885573100283,550.2108154296875,66041400
2025-03-19,551.9859849662871,559.9495323368723,550.8090933649922,556.203125,66556000
2025-03-20,552.4763086964069,559.5768056668136,551.7603329396793,554.5946655273438,62958200
2025-03-21,550.1543252489805,555.6727731535583,548.9247213465745,554.777587890625,83763000
2025-03-24,561.4863807824129,565.7654388953832,560.8961948547495,564.712890625,58766800
2025-03-25,565.9128895780813,567.0047634369732,564.329174156886,566.0703125,38355700
2025-03-26,565.8047856022024,566.9261989456277,557.9353193986783,559.3125,51848300
2025-03-27,557.9254317069114,561.5847644413973,555.7219909391279,557.8270874023438,42164200
2025-03-28,556.3023922676962,557.0303082338021,546.0130443195492,546.5933837890625,71662700
2025-03-31,540.8585040275307,551.5609811237723,537.9467803924824,550.2625122070312,95328200
2025-04-01,548.3541875419536,553.7545984642982,544.6456828297712,551.8167114257812,54609600
2025-04-02,545.99320710243,558.161360339817,545.7571328016977,555.3087158203125,76014500
2025-04-03,536.2155597389653,539.02887941269,527.9428100585938,527.9428100585938,125986000
2025-04-04,515.1253487932553,517.2894637749819,496.8190194100305,497.0354309082031,217965100
2025-04-07,481.20799599577117,514.6335325434056,473.93856260259804,496.150146484375,256611400
2025-04-08,513.3449138965836,516.4140007584771,481.17849041906084,488.3790588378906,165816600
2025-04-09,485.38869689536773,539.6683349609375,485.0050459934576,539.6683349609375,241867300
2025-04-10,523.4866909882965,524.7950065034121,501.0095530572283,516.0205688476562,162331200
2025-04-11,514.47613358467,527.6771446389012,511.58410272380377,525.227783203125,97866300
2025-04-14,535.1728543881914,535.3991423599505,525.1491197771261,530.3233032226562,68034000
2025-04-15,530.8642755383438,534.3661851955569,528.0509561027874,528.837890625,56892900
2025-04-16,523.0047395671859,529.1134345891107,511.8005721602226,517.0829467773438,83484800
2025-04-17,519.0306499479765,522.5030206369137,515.3614705598376,517.8206787109375,79868100
2025-04-21,512.6562995153043,513.1875268574667,500.16354114488826,505.4951171875,69368100
2025-04-22,511.6529994400941,520.6635112296127,510.71848838241135,518.64697265625,75948100
2025-04-23,531.6118557355538,536.5302712837308,525.1687433752924,526.68359375,90590700
2025-04-24,527.9624225863133,538.4976913582739,526.7131857388315,537.769775390625,64150400
2025-04-25,537.7304480905381,542.0586181694788,534.8187241892716,541.6553344726562,61119600
2025-04-28,542.3929826150705,544.5177114732413,536.1269267216614,541.8617553710938,47613800
2025-04-29,539.9536297979579,546.3869576724497,539.5995181826473,545.275390625,47775100
2025-04-30,538.6353953740775,547.4393716679848,532.6841242611865,545.4916381835938,93101500
2025-05-01,551.2265048528457,554.8661444027258,548.7574506167018,549.3574829101562,63186100
2025-05-02,555.5153016495402,559.1057687462633,553.2036705308814,557.51220703125,60717300
2025-05-05,553.3907039776933,557.4041485271615,552.5349043366007,554.3153686523438,38659200
2025-05-06,548.8263903141681,554.1579367361115,547.8722463773032,549.6821899414062,48264700
2025-05-07,551.0101522781708,554.6202527049248,546.9671688153295,551.9938354492188,55588000
2025-05-08,556.0171436814404,561.0044252601681,552.5349263835409,555.840087890625,65130800
2025-05-09,557.2368112120467,558.2401872369107,553.577538715433,555.1317749023438,37603400
2025-05-12,571.9821994255728,573.4872634297448,567.6244903747194,573.4774169921875,78993600
2025-05-13,573.890562385163,579.4680890959,573.3299158219985,577.2646484375,67947200
2025-05-14,578.2188228927168,579.3697154326957,575.9858428026291,578.00244140625,66283500
2025-05-15,576.0054901792878,581.3271894858746,575.5529743261593,580.8255615234375,71268100
2025-05-16,581.6027608803485,584.799731658972,579.6649335656915,584.504638671875,76052100
2025-05-19,578.5040593733968,585.8226647003453,578.5040593733968,585.1439208984375,68168500
2025-05-20,583.4127091135157,584.3570065824167,579.9796042324612,583.1765747070312,60614500
2025-05-21,578.8385171464103,582.910979810613,572.3265394745135,573.3495483398438,95197700
2025-05-22,573.1528300863163,577.0482371941405,571.9232260794693,573.5758666992188,70860400
2025-05-23,566.5818333658885,572.3167232636762,566.2080289447406,569.6607666015625,76029000
2025-05-27,576.507266661779,581.6617574386509,568.9919119990551,581.50439453125,72588500
2025-05-28,581.9076603733905,583.0979387188073,577.4122207207761,578.14013671875,68445500
2025-05-29,583.383198499108,583.5209285665185,576.5072620387259,580.4223022460938,69973300
2025-05-30,579.320555390729,581.4846704969287,573.7233954302501,579.7730712890625,90601200
2025-06-02,578.1696356443219,583.1175308206884,575.51367904973,583.0388793945312,61630500
2025-06-03,582.6748967264019,587.3375451970118,582.1928415555221,586.3637084960938,63606200
2025-06-04,587.2194601619697,588.1932967835147,585.7734148456988,586.2062377929688,57314200
2025-06-05,587.8786382444381,589.2262795230108,581.4059855081334,583.3733520507812,92278700
2025-06-06,588.8917438854173,591.0263796061765,587.1211261759919,589.3639526367188,66588700
2025-06-09,589.9344062766999,591.4394702547755,588.7244952632093,589.8950805664062,53016400
2025-06-10,590.426305457828,593.6232758793388,589.3147986704665,593.2396850585938,66247000
2025-06-11,594.3315698285918,595.1873694307895,589.491865174911,591.5477294921875,73658200
2025-06-12,590.2197770479303,593.8987426757812,589.7377818775473,593.8987426757812,64129000
2025-06-13,588.7344360351562,592.0297509680191,585.7636933525403,587.2589111328125,89506000
2025-06-16,590.6034249017806,594.5873299052357,590.4263090889528,592.84619140625,79984100
2025-06-17,590.4165373080118,591.9313878788944,587.0228181324287,587.7802734375,82209400
2025-06-18,588.675394655937,591.4100028153547,586.7375074721152,587.6917114257812,76605000
2025-06-20,590.3564623402502,591.421997724495,584.9104595060545,586.3114624023438,94051400
2025-06-23,587.0611954614843,592.4874469643536,583.9534693671619,592.1027221679688,87426000
2025-06-24,596.2266384998721,599.6993983536543,595.3189312980566,598.643798828125,67735300
2025-06-25,599.7586334214261,600.4492593088346,597.4204170810242,598.979248046875,62114800
2025-06-26,600.8242007377552,604.0996909412141,600.2125189749694,603.6655883789062,78548400
2025-06-27,604.6619851770232,608.1249297272853,602.6394853750887,606.6647338867188,86258400
2025-06-30,609.1016996773074,610.9169938229498,606.7930496988761,609.5653686523438,92502500
2025-07-01,608.0953617899536,610.5322734636828,607.2666588703396,609.3681030273438,70030100
2025-07-02,608.9636353224103,612.1700572103479,608.3420779544849,612.130615234375,66510400
2025-07-03,614.1036930875782,617.882354174148,614.0839419945853,616.9549560546875,51065800
2025-07-07,615.0014177796149,615.6624771771144,609.5850422388708,612.3573608398438,74814500
2025-07-08,613.0184402574613,613.7682592313246,611.2130216520668,612.0220336914062,59024600
2025-07-09,614.4194576258184,616.3432624074327,612.5843521193799,615.692138671875,66113300
2025-07-10,615.8302548644143,618.4644365752275,614.6562088976586,617.4285278320312,57529000
2025-07-11,614.389851486408,616.4814202079069,613.196114561925,615.258056640625,63670200
2025-07-14,614.804168244691,616.7773507170579,613.4624186155016,616.4320678710938,51898500
2025-07-15,619.1057784945341,619.4411858079188,613.7189684346675,613.7979125976562,74317300
2025-07-16,615.3763700559891,616.3530856848711,609.7626638597798,615.8499145507812,88987500
2025-07-17,616.0275671883336,619.9739319743786,615.8104858123922,619.6187133789062,68885700
2025-07-18,620.8618249379944,621.0295285799061,618.0599396747441,619.1649169921875,65621600
2025-07-21,620.3389892578125,623.0718060276608,619.9147622533486,620.3389892578125,63375000
2025-07-22,620.6645676893623,621.2861250306559,617.7936134788556,620.4277954101562,60046300
2025-07-23,623.0816274772815,625.7059936523438,621.2860243619085,625.7059936523438,70511000
2025-07-24,626.0907261554769,627.6199906271327,625.4889199997938,625.9131469726562,71307100
2025-07-25,626.5742531786653,629.0308557161836,626.3276053702117,628.5572509765625,56865400
2025-07-28,628.9322127301592,629.4847014583399,627.0182231688269,628.3994750976562,54917100
2025-07-29,629.7905378170077,630.1062542617998,625.8343572512257,626.7420043945312,60556300
2025-07-30,627.3930824208583,629.129492632239,623.0718079865017,625.9526977539062,80418900
2025-07-31,630.8856625012866,631.2703873241156,622.3121821287813,623.6046142578125,103385200
2025-08-01,617.9020886786027,617.9415908673775,610.9860743719428,613.3834838867188,140103600
2025-08-04,617.2805351933534,622.7561046288977,617.191775701563,622.706787109375,73218000
2025-08-05,623.3184684441039,624.1274805006751,618.6321599743907,619.5496826171875,68051400
2025-08-06,620.615200817688,624.9463507668227,619.7075537473198,624.2952270507812,64357500
2025-08-07,627.7087670325432,628.4388348760696,620.6743670535704,623.7722778320312,74205800
2025-08-08,625.5580097272857,629.0998986072367,625.2422933193634,628.6361694335938,64051600
2025-08-11,628.912516593768,630.3825280073482,626.1500127592028,627.3931274414062,58742300
2025-08-12,629.7313011159781,634.2301547632397,628.2514142554742,634.0723266601562,64730800
2025-08-13,636.2626108017824,637.5254766532149,634.0625313268665,636.242919921875,60092800
2025-08-14,634.1709312549185,636.9630011917295,633.7270133914775,636.302001953125,59327500
2025-08-15,637.328112699525,637.4268079608856,633.9046697471923,634.8123168945312,68592500
2025-08-18,634.2399697526556,635.3646981112688,633.5690949992928,634.674072265625,43804900
2025-08-19,634.4965717210093,635.4732874420525,629.9187737835771,631.23095703125,69750700
2025-08-20,630.8264521540534,631.0829152899969,624.4629267215348,629.5537109375,88890300
2025-08-21,627.7483898591755,629.4156714771482,625.3114778468331,627.0281372070312,54805800
2025-08-22,629.2084743239826,637.831272612948,628.7053031285401,636.6572265625,84083200
2025-08-25,635.404241216521,636.6374803454853,633.736899505491,633.8552856445312,51274300
2025-08-26,633.5889446007113,636.8545593934813,632.9673872646679,636.5092163085938,51581600
2025-08-27,635.9271580330511,638.6896016147832,635.7791452521487,637.9595336914062,48341100
2025-08-28,638.5612839961418,640.7712386679527,636.6867968305069,640.21875,61519500
2025-08-29,638.7882298477452,639.1533240222955,634.5163329434167,636.4006958007812,74522200
2025-09-02,628.9519373540064,631.9018356294255,626.4065150056712,631.684814453125,81983500
2025-09-03,634.0526164459553,635.5720055927542,631.8722882029587,635.1082763671875,70820900
2025-09-04,635.7790859642552,640.4457033002755,634.8813144651941,640.4160766601562,65219200
2025-09-05,642.7444163544111,643.4646688785257,634.7037341963564,638.561279296875,85178900
2025-09-08,639.9227380309984,641.1264105300318,638.5513618994769,640.1299438476562,63133100
2025-09-09,640.2680535026645,642.1327252974712,638.5415189260096,641.60986328125,66133900
2025-09-10,644.8557277247635,645.7732503039375,641.9058297062181,643.4646606445312,78034500
2025-09-11,645.4082598463015,649.502637640468,644.8262047273438,648.81201171875,69934400
2025-09-12,648.7823644090812,650.2721267910674,648.0917987261137,648.5949096679688,72780100
2025-09-15,650.7951046545995,652.1762963553084,650.4991393056443,652.0480346679688,63772400
2025-09-16,652.6004065429622,652.9063076016578,650.3707611688836,651.150146484375,61169000
2025-09-17,651.1600740883537,652.8471065185831,645.5266166017295,650.3411865234375,101952200
2025-09-18,653.0148488941834,655.9746224265324,651.4165760040546,653.3798828125,90459200
2025-09-19,655.2606553211801,657.4569312262267,653.3215535907623,656.6160278320312,97945600
2025-09-22,655.1319233372403,660.1675606614807,655.1022145624661,659.722412109375,69452200
2025-09-23,659.6037721086419,660.2172101260659,654.914373896894,656.1312866210938,81708900
2025-09-24,657.4172768788721,657.5161853625601,652.6289106713185,654.0436401367188,68082200
2025-09-25,650.91749472694,652.3717757310584,647.4251431178142,651.0263061523438,89622100
2025-09-26,652.4707007820219,655.3001599546333,650.8580938277397,654.7560424804688,69179200
2025-09-29,657.2689872647139,658.1792111877495,654.7956708332731,656.5962524414062,73499000
2025-09-30,655.8542079251938,659.5345338964465,654.5482897020846,659.0695190429688,86288000
2025-10-01,656.0916952927918,662.2255322042525,655.9828838603935,661.3153686523438,72545400
2025-10-02,663.2939389771905,663.4126533220159,659.6631277666079,662.0770263671875,56896000
2025-10-03,662.838842966907,665.5001336306916,661.0283585893458,662.0671997070312,70494400
2025-10-06,664.451431246289,665.3319462864663,662.314512664693,664.4415283203125,54623300
2025-10-07,665.3616291701808,665.8068381763353,660.5436138980969,661.9781494140625,72020100
2025-10-08,663.0960778489103,666.0245059882836,662.2749199573431,665.925537109375,60702200
2025-10-09,666.3410972158545,666.7466945063586,662.0671995495462,663.996337890625,66501900
2025-10-10,664.9560020556908,666.7565834688588,645.8719162752307,646.0499877929688,159422600
2025-10-13,653.5985682812151,658.030731623523,652.7279561413051,655.9630126953125,79560500
2025-10-14,650.1556923521978,658.7232938317348,646.1983862715207,655.1616821289062,88779600
2025-10-15,659.70272543157,663.076302337462,651.8969246006144,658.0703125,81702600
2025-10-16,659.7027763115389,661.5726180936518,650.0963932050812,653.5887451171875,110563300
2025-10-17,652.4608239631079,658.6540174880462,651.1153544209424,657.2986450195312,96500900
2025-10-20,660.197387427611,665.0352086527322,660.1479331778372,664.1348876953125,60493400
2025-10-21,664.2733620876278,665.8068060270512,662.8289237149189,664.1249389648438,56249000
2025-10-22,664.8274246920023,664.8274246920023,656.2202718491607,660.6722412109375,80564000
2025-10-23,660.988802941274,665.5298380529869,660.6722112216523,664.5899658203125,65604500
2025-10-24,669.2398161192735,671.2283116328227,668.4384640813665,670.0213623046875,74356500
2025-10-27,675.4428672302427,678.2228723013301,674.8393925526769,677.9260864257812,63339800
2025-10-28,679.7167206093349,681.5568533012904,677.520444889974,679.7266235351562,61738100
2025-10-29,681.3689223981395,682.338503435176,675.5813864900747,680.0531616210938,85657100
2025-10-30,676.6003572463494,678.6185613884796,672.5737915039062,672.5737915039062,76335800
2025-10-31,677.7282029402567,677.7678146457715,671.9901213244605,674.780029296875,87164100
2025-11-03,678.3514739521635,678.4800912258883,672.6826525168186,676.04638671875,57315000
2025-11-04,668.8935461650569,672.7024895383894,667.3799079726423,668.0328369140625,78427000
2025-11-05,667.7756151314246,673.592860073814,666.9742630415905,670.347900390625,74402400
2025-11-06,669.2496813312496,670.150002278421,661.5824008089137,663.1554565429688,85035300
2025-11-07,660.781013040124,663.9172214121945,654.1525740278607,663.808349609375,100592400
2025-11-10,670.0115034227329,674.8987789977223,667.8251303916195,674.1666870117188,75842900
2025-11-11,672.6925273614432,676.2738842563608,671.485517700804,675.7099609375,58953400
2025-11-12,677.4808612736824,677.6490902522322,673.6818813898049,676.0859375,62312500
2025-11-13,673.2366670865612,673.5928101259233,663.3632081763918,664.866943359375,103457800
2025-11-14,658.2781019123212,668.448347404196,656.1906373926532,664.7581787109375,96846700
2025-11-17,662.551894702408,666.5191031831638,655.1022380100518,658.5648803710938,90456100
2025-11-18,655.0330052616243,658.0207904035176,648.8596179987588,653.0346069335938,114467500
2025-11-19,653.7272041810384,660.2171837101976,651.7188423695233,655.5574340820312,94703000
2025-11-20,665.7276649913678,668.3494043558474,644.9320631333248,645.5652465820312,165293500
2025-11-21,648.0582892153691,657.4568906385811,643.9031059831046,651.995849609375,123956200
2025-11-24,655.6167748873626,662.9081062970187,654.5285399004904,661.59228515625,80437900
2025-11-25,661.4933143363089,668.9924253407057,657.3875856310649,667.8151245117188,81077100
2025-11-26,670.3973686817876,674.4239350690651,669.4970476879164,672.4254760742188,71879600
2025-11-28,673.5928002628821,676.3728052050843,673.2366572287348,676.0958251953125,49212000
2025-12-01,671.5647168500374,675.7000943604489,671.4954567492206,673.0091552734375,61201200
2025-12-02,674.6415287588202,676.5212733146432,672.0792068673397,674.2557373046875,62953800
2025-12-03,673.3059439079583,677.5995871066391,672.4353317565424,676.5905151367188,57238500
2025-12-04,677.9854656605314,678.0547257643626,674.0677712084201,677.085205078125,61970300
2025-12-05,678.1535936302283,681.0424704296607,677.2731389541586,678.3712768554688,79241000
2025-12-08,679.2617413091358,679.3111955598065,674.2953027143022,676.3333129882812,55231500
2025-12-09,675.8583835190601,678.0744650894321,675.3043631264671,675.74951171875,58310100
2025-12-10,675.2747265375898,681.616283144729,674.0380683519487,680.2312622070312,85671300
2025-12-11,677.82719343181,681.8933109790751,674.8888622374254,681.8141479492188,86173700
2025-12-12,680.8247713558317,681.5272148787925,671.9208332382598,674.4832153320312,113160300
2025-12-15,678.4207075198718,678.4405133715769,671.999988545765,673.4641723632812,90811000
2025-12-16,671.9802275249427,673.8105178026394,667.7755898483048,671.6240844726562,122030600
2025-12-17,672.6331978735437,673.1773153631458,664.035948310003,664.2338256835938,110625200
2025-12-18,670.3675775068244,673.4740770479272,667.6964444022054,669.2496337890625,108650100
2025-12-19,671.3463691548195,675.8114935895343,671.2272434527378,675.3153686523438,103599500
2025-12-22,678.639344063116,680.0483218496023,675.3153313921905,679.5224609375,69556700
2025-12-23,678.6194459960617,682.8663040830753,678.569845619967,682.628173828125,64840000
2025-12-24,682.6183200290311,685.4760045408373,682.4694583215327,685.0294799804688,39445600
2025-12-26,685.2874813951044,686.2995351048382,683.9281038851597,684.9600219726562,41613300
2025-12-29,682.2114479341877,683.8586166189733,680.7528697076866,682.51904296875,62559500
2025-12-30,682.1221392108215,683.2235219572843,681.2588867271484,681.685546875,47160700
2025-12-31,681.8145855439083,682.0328514439952,676.4266760541103,676.635009765625,74144800
2026-01-02,680.3956585252009,681.5466416904673,674.5512924418268,677.8753051757812,89377200
2026-01-05,681.2192280630002,684.0868448237256,681.0604947255163,682.3900756835938,71927200
2026-01-06,682.5984300063299,686.9544213697425,682.4496288665487,686.4483642578125,69273800
2026-01-07,686.8254142672773,688.5817158514149,683.9776620917838,684.2356567382812,75588300
2026-01-08,683.4815439165204,685.2675815209567,682.1618346683338,684.1661987304688,64019200
2026-01-09,685.2775150455628,689.9212370510019,683.8387406584166,688.6908569335938,80125500
2026-01-12,685.3271398200249,690.6952455853734,685.2775394384523,689.7723999023438,63976000
2026-01-13,690.0998291255927,690.6952153647912,685.9919002674054,688.3931884765625,78309700
2026-01-14,685.6446369497345,686.3590277621203,680.7230559588451,685.0095825195312,94676700
2026-01-15,689.1870202593807,690.0602050162862,685.8927433241695,686.8750610351562,77862000
2026-01-16,688.2839991969948,688.869453251486,684.7515921796883,686.2994995117188,79289200
2026-01-20,676.2082832182709,679.4628915199756,671.3264313278333,672.32861328125,111623300
2026-01-21,674.3826370735425,683.402154325963,672.8743979165272,680.0880737304688,127844500
2026-01-22,684.5035723961656,685.7736813437502,681.5962874434288,683.6403198242188,77112200
2026-01-23,682.8167194920136,685.6049389887335,681.8343413244536,683.8883056640625,63059600
2026-01-26,685.1386369609629,688.7504412014587,684.5730472396109,687.3612670898438,60473800
2026-01-27,688.799947686109,691.1317710154308,688.1946898528689,690.0997924804688,55506100
2026-01-28,691.6477064811113,692.4316225777728,688.5618241580821,690.0303344726562,61172200
2026-01-29,690.9928952881424,691.657685737667,679.5224893166136,688.6610717773438,97486200
2026-01-30,686.4285800085149,688.8298685233847,681.7947896393288,686.607177734375,101835100
2026-02-02,684.2356737126761,691.5286859406688,684.0768798206813,690.0204467773438,79286500
2026-02-03,690.8142565672537,691.5584439188771,678.7286612443456,684.18603515625,107904600
2026-02-04,684.9996810996682,686.0911923060062,676.4762885369656,680.8719482421875,105204600
2026-02-05,675.6626239798336,678.3913111024622,670.5525129616972,672.3683471679688,113610800
2026-02-06,676.1785962582386,686.9444827733389,675.5732778299765,685.267578125,89127600
2026-02-09,684.0768565720822,690.4768800480663,683.0052703670985,688.57177734375,73885200
2026-02-10,689.5640042757049,691.1416475283962,686.2994637039938,686.7559204101562,65185700
2026-02-11,690.9928885783248,691.7370759669038,683.8387453470867,686.5972290039062,76353900
2026-02-12,688.8595645054852,689.9609473653614,675.097063165144,675.9901123046875,118829000
2026-02-13,676.4067760275798,680.96122930703,672.2691112734435,676.46630859375,96267500
2026-02-17,674.8688419019007,679.6316291710169,670.5426469985775,677.5578002929688,81354700
2026-02-18,678.7187643851827,683.8090109802145,677.53798463666,680.9711303710938,73570300
2026-02-19,678.5401770095443,680.8620077880265,676.2678860499572,679.1751708984375,58649400
2026-02-20,677.0319706522042,684.71197532004,676.4465165538227,684.0868530273438,100034000
2026-02-23,682.4992209190492,684.6523861034582,675.0970153480879,677.1013793945312,90558100
2026-02-24,676.6151751251432,683.0151380016027,674.7298762460771,682.0228881835938,73798700
2026-02-25,684.8310015582731,688.3038760705598,684.7516046120257,687.7780151367188,56369500
2026-02-26,687.9069589925494,687.926762805978,679.0461151309984,683.957763671875,71671000
2026-02-27,677.795973699009,681.5367144347911,676.35719931042,680.6734619140625,83308900
2026-03-02,673.4399535831263,683.2830546740443,672.765230984366,681.0604248046875,87477200
2026-03-03,669.8281968363514,677.3196712649806,664.4700232973693,675.057373046875,105003100
2026-03-04,676.3473157204403,681.7650220692323,674.3528836974749,679.8201904296875,79182200
2026-03-05,676.7937758642711,680.2170498641997,670.3738880206191,676.0297241210938,106606500
2026-03-06,668.1908700160953,670.869956423512,664.569194806431,667.1688842773438,100687000
2026-03-09,661.2253729422058,674.650481531912,657.2563736570586,673.0133056640625,102667700
2026-03-10,672.4675558251363,678.0638596518006,669.5305349566006,671.9317626953125,81505300
2026-03-11,672.3286912573745,674.8093159596237,668.1215614523004,671.08837890625,68441700
2026-03-12,665.9583993556241,666.4446526664856,660.7094193200438,660.89794921875,108882200
2026-03-13,664.0831110227487,667.1293254881115,656.2343803863124,657.1571655273438,97200200
2026-03-16,663.1999840519829,666.8613885560293,661.9497395049242,663.844970703125,82023100
2026-03-17,667.1788836379297,669.2129836950214,664.5097291491037,665.5912475585938,87128000
2026-03-18,663.1800557566115,664.5295009374192,656.0656417127632,656.3037719726562,82062600
2026-03-19,651.8783174953539,657.8417484417536,650.0922799802194,654.6864013671875,111272500
2026-03-20,653.2010079047443,653.380093364961,641.4703940766159,645.301025390625,163617500
2026-03-23,654.7531040433624,659.2801583045331,650.6439158314106,652.07666015625,134802700
2026-03-24,648.0371459178807,653.7183875512989,646.604401549905,649.8877563476562,96457500
2026-03-25,655.3500504609481,657.5588924447279,650.9423865337293,653.5093994140625,90653800
2026-03-26,648.773401781548,651.5493174066021,641.5699034672713,641.8385620117188,96494400
2026-03-27,639.2615657472361,639.4207325687934,629.9188801961861,630.8939819335938,103649400
2026-03-30,636.8836547011163,637.1423539459004,626.108284608157,628.78466796875,99275900
2026-03-31,635.719508676349,648.255975728372,634.7643255692599,647.0620727539062,152534100
2026-04-01,650.6041659517412,655.2008748639518,649.7086779392242,651.9373779296875,97841500
2026-04-02,643.161809607987,654.8824636102106,641.858414876014,652.5244140625,68358700
2026-04-06,652.5542919409455,656.3948220300638,652.2160396308291,655.6088256835938,39105800
2026-04-07,653.3402849463747,656.285326673986,647.7784337275787,655.8972778320312,69980400
2026-04-08,672.980811715349,673.6673363432215,668.0756676404139,672.6027221679688,93606100
2026-04-09,671.438579338256,677.7266707213284,670.3739652533407,676.4829711914062,57134400
2026-04-10,677.885949822129,678.5923930707559,675.0304203424645,676.0353393554688,42253500
2026-04-13,673.9956432299357,682.8408497944083,673.1698703787699,682.641845703125,54185800
2026-04-14,684.2238203737314,691.0791070995066,684.193942434314,690.959716796875,63480500
2026-04-15,691.7557051691649,696.7504224001667,690.7010502942645,696.412109375,58240400
2026-04-16,697.5264615426626,699.2378238459212,695.0092450197437,698.1234130859375,49972400
2026-04-17,702.5808909886877,708.7993894133457,702.2028014262665,706.5607299804688,70661900
2026-04-20,705.20752199003,706.3317705126415,702.5808139687996,705.1477661132812,43546800
2026-04-21,706.7000123508461,707.6949720613851,699.098505587723,700.53125,58941400
2026-04-22,705.5756906371417,707.8640857857167,704.6503246823615,707.6253051757812,42518500
2026-04-23,705.9239069650033,708.7694771316526,698.7403270820959,704.8792114257812,56174000
2026-04-24,707.1676287635845,710.8688498134599,705.4364085481575,710.341552734375,45182000
2026-04-27,709.5753882284523,712.023010938504,708.7097781525541,711.5653076171875,33135900
2026-04-28,708.2321938525355,709.2868486650957,705.6751402340362,708.1028442382812,43117400
2026-04-29,707.4163145996059,708.6102783309316,704.7995658491443,707.993408203125,41859200
2026-04-30,711.0280636665188,716.1620290590424,706.8691393587039,715.0377197265625,67240900
2026-05-01,717.6146516977453,721.216400793299,716.8385540170647,717.0177001953125,43049800
2026-05-04,716.4406056700121,718.4802608161392,711.3861936216806,714.3909912109375,51950600
2026-05-05,718.1320898558575,721.3855668152729,717.8534719876392,720.1220092773438,36933200
2026-05-06,724.489821452625,730.8874657022126,724.1515691652952,730.1312866210938,53288900
2026-05-07,731.3451201928577,732.4196936796947,726.0718458933673,727.8926391601562,51724600
2026-05-08,731.2257166531052,734.359863963193,730.8675457398152,733.9021606445312,47227100
2026-05-11,732.7380586745534,737.0561496205491,732.7380586745534,735.5736694335938,44024000
2026-05-12,733.1758744234386,735.1160580011854,728.1413807257971,734.4593505859375,54185300
2026-05-13,734.7478704606156,740.1604537310201,731.7629913201908,738.5685424804688,44200200
2026-05-14,739.9018102364839,745.7521781705404,739.8122371427646,744.3989868164062,45307600
2026-05-15,738.0511867146383,739.712813256131,734.2405345152865,735.4443969726562,60410800
2026-05-18,736.1010471042457,737.682999009625,729.6935042484962,734.927001953125,47843900
2026-05-19,731.0765556379026,733.9320852676053,727.8429364442825,730.0317993164062,54255900
2026-05-20,732.0018002736176,738.1307251173267,730.1909663879147,737.5138549804688,45768000
2026-05-21,734.9170485709385,741.1156280791548,733.3151780259534,738.9764404296875,43332200
2026-05-22,742.4787264390759,745.1651298094138,740.7275876279662,741.8817749023438,41762000
2026-05-26,746.2297301040182,748.3390397979183,744.5979816306177,746.8068237304688,41123600
2026-05-27,747.0953563113346,747.5928361692701,744.4487294597059,746.677490234375,42106300
2026-05-28,746.4685193943138,751.3438462445121,745.4536410614309,750.7965698242188,41562600
2026-05-29,752.0900813404212,754.2590862562773,750.8861582097875,752.6671142578125,55075700
2026-06-01,751.5527711685265,756.4480167905853,750.8861651495049,754.7167358398438,43634900
2026-06-02,753.2144012702464,756.5674107365072,752.9357833937803,755.7415771484375,31581900
2026-06-03,754.3287420712209,754.9754294579049,749.7718095132926,750.4384155273438,51402500
2026-06-04,748.3091480570178,754.4878695071194,747.6823186029123,753.2740478515625,49923000
2026-06-05,748.5181345185488,749.0255736853693,731.82274221843,733.83251953125,93989400
2026-06-08,739.6132273185567,741.5832888174093,734.4693026781229,735.4940795898438,49319100
2026-06-09,739.881873688386,743.1354112835509,718.9479438267383,733.3350219726562,87683500
2026-06-10,729.69352181897,734.6583610930755,721.6741489247238,721.7736206054688,60341300
2026-06-11,725.0868662900759,736.2702039965386,720.7587550057447,734.04150390625,86330500
2026-06-12,736.9766163198905,740.6877965432628,731.3252525489901,738.0113525390625,57079500
2026-06-15,748.0604304424444,752.8661028247,747.9709180763429,751.0254516601562,60176400
2026-06-16,750.7468576807364,751.6323864215939,746.100412710964,746.5481567382812,67093100
2026-06-17,747.5032315039188,748.3589429763433,735.4940609532621,737.225341796875,85945200
2026-06-18,745.907751654771,746.3765582049119,742.0173878962117,744.8902587890625,80875700
2026-06-22,745.8479411927095,748.321778689857,741.2892538871644,742.546142578125,46628100
2026-06-23,731.9922892059834,737.7978798883457,730.4860198600484,731.7628784179688,66846800
2026-06-24,733.3489180103626,738.1171068570358,729.0296875445486,731.4237060546875,57439500
2026-06-25,737.0796452204372,737.5385276888334,727.7927091295785,732.4810791015625,53934400
2026-06-26,727.144386135875,734.7056273477464,714.8050317832251,727.1842651367188,71034000
2026-06-29,734.7055914816465,739.7231001504891,730.27658724538,739.1644897460938,58035200
2026-06-30,739.4537599262709,746.1671307285668,739.0547872797607,744.9202270507812,55626000
2026-07-01,743.1545925484338,747.5835968507926,740.541087308444,743.9127197265625,47100900
2026-07-02,745.5486859530862,749.4489739445169,738.1969465958291,742.9351806640625,57447800
2026-07-06,746.885320136641,750.5462122974698,745.5585975722108,749.4190673828125,50673300
2026-07-07,748.3616416292718,749.0998597580657,743.364102770238,745.85791015625,43721500
2026-07-08,741.3191472958572,744.3017921335774,737.6782249675691,743.5536499023438,43767400
2026-07-09,745.4987759890873,750.1073272936331,743.7431866839036,749.8480224609375,41441700
2026-07-10,750.187115173852,753.5487626123848,746.2468873823584,753.0799560546875,42191300
2026-07-13,750.6060836597362,752.0425191788765,746.1471851864706,747.3142700195312,44013600
2026-07-14,749.0499474324819,751.4739818301254,746.8055207475287,749.9677124023438,35143100
2026-07-15,752.3717122204262,753.7084197839658,748.3417413555546,752.9403076171875,43844800
2026-07-16,750.8953984161742,752.7009125511715,746.0274814662645,748.8604125976562,46409800
2026-07-17,740.241827732839,745.438883195828,738.9649691671198,741.4487915039062,62651000
2026-07-20,745.2094908804986,746.8753371556621,739.6732506975046,740.2518310546875,50422300
2026-07-21,744.4413918284653,747.1845799829406,742.3366329839115,746.426513671875,34324300
2026-07-22,744.7705725456777,748.1621748950539,744.5211918106933,745.55859375,32836200
2026-07-23,737.5385562389782,740.7206569606348,733.3888874570794,736.3515014648438,55437300
2026-07-24,736.6806667930385,741.8777222786117,735.4636571620507,737.099609375,44782000
2026-07-27,743.0648074406847,743.6833276942111,734.0472217265344,737.25927734375,41461200
2026-07-28,737.3589950224286,740.9500533043114,734.156924420905,739.0248413085938,47322200
2026-07-29,738.1370526174048,740.8403618199718,727.2939826612791,727.6531372070312,70697200
2026-07-30,734.2267392747757,740.6109103701467,732.7703947650456,739.852783203125,66811300
2026-07-31,742.835410914187,747.0449895804718,735.8527500027326,745.1796264648438,62445900
2026-08-03,747.5836183167282,756.7009928898597,746.9451890027125,755.793212890625,59927500
2026-08-04,758.7458651152236,771.494176400126,758.6361522059436,769.4193725585938,69154800
2026-08-05,773.928165423025,774.9256883846499,767.6039039413469,767.8831787109375,44689100
2026-08-06,768.3021872511085,769.9081846177485,765.5589990885744,766.65625,38416900
2026-08-07,769.1101628301597,772.0029428489042,767.703621378493,771.3446044921875,43586300
2026-08-10,770.6861849056471,773.1301282404592,769.7086319253093,771.1151733398438,39249500
2026-08-11,772.6115040483734,772.6912620504304,767.2946895097219,768.6513061523438,36740600
2026-08-12,772.7910096110111,772.9805414027246,769.369513273419,770.5764770507812,33179100
2026-08-13,772.9506321027081,777.4394855444215,772.1925048911166,775.9531860351562,35634500
2026-08-14,776.6114939657781,776.8708596736758,773.509212209858,774.4169921875,31367900
2026-08-17,774.2573577843602,774.8559080861019,770.5964655970525,770.7560424804688,34356600
2026-08-18,766.7959149360092,767.5939211307613,765.0202948350139,765.5490112304688,43920900
2026-08-19,768.4517358705159,770.5564946026684,766.1973243479778,767.1549682617188,40306000
2026-08-20,764.0627220124634,766.2472997692572,760.1523881029335,760.7109985351562,45520300
2026-08-21,764.1524418077088,765.9479709365374,762.2770937955632,763.8232421875,39188700
2026-08-24,762.8856098637509,763.3244615010249,760.1922857963137,761.5787963867188,32430900
2026-08-25,764.262137078792,764.8806573052586,761.159855395616,764.0127563476562,27422300
2026-08-26,762.8356805789958,765.449185749943,762.0376744224566,764.182373046875,28751600
2026-08-27,766.5964060257239,770.4468300957561,765.2596984507333,769.18994140625,34557100
2026-08-28,769.8483393622295,773.3795487683207,766.4068729286823,767.4442749023438,36744300
2026-08-31,765.4292990280279,766.097622354185,762.8257178677422,765.1499633789062,38810800
2026-09-01,760.1224772031874,762.7758614763637,757.5987149009983,759.89306640625,41126300
2026-09-02,760.5614001563074,764.5315220914426,759.8431519587122,763.2646484375,29566200
2026-09-03,765.99791709853,772.112737807933,765.5490195828438,771.2548217773438,43531600
2026-09-04,770.0977256925568,770.9555808433835,767.0951717806925,768.2822265625,34054200
2026-09-08,767.1649647963771,767.7934091111229,763.2447069992287,764.0626831054688,44746100
2026-09-09,762.1873669257697,762.5763546117217,759.055130192088,760.5115356445312,32812400
2026-09-10,756.1523365872063,758.2271404471661,754.7657651010062,755.9528198242188,42740400
2026-09-11,762.8257171109622,764.4816392943262,761.7084962835214,762.3967895507812,45512700
2026-09-14,757.119891309806,761.6287143614769,756.0525344863368,758.9952392578125,43992400
2026-09-15,758.2371341657202,758.4665449596201,754.2769973083872,755.513916015625,46195000
2026-09-16,757.6187023523285,759.7833101686804,747.7432005092232,752.1821899414062,59217700
2026-09-17,761.2596848801362,761.6786274833105,758.0775841455181,760.7109985351562,49652800
2026-09-18,761.3099975585938,762.0,757.969970703125,761.6900024414062,65308100
2026-09-21,766.2509765625,774.8900146484375,766.030029296875,773.5,49311754
