Date,Open,High,Low,Close,Volume
2016-09-23,185.0778960657672,185.21453846600355,184.36054301093114,184.45448303222656,73630900
2016-09-26,183.62609155492524,183.80542328866972,182.7635478752264,182.95997619628906,89827300
2016-09-27,182.7977180207559,184.18972166205904,182.43049322257983,184.09579467773438,78494800
2016-09-28,184.31786345899306,185.16332375535865,183.36139260075672,185.0095977783203,87411000
2016-09-29,184.8046123697199,185.20599127847757,182.78918256246698,183.3357391357422,128070600
2016-09-30,184.16411814763177,185.41949253274157,183.9164651946017,184.71922302246094,117202900
2016-10-03,184.30925255495555,184.4971195127768,183.64312430241583,184.27508544921875,83512100
2016-10-04,184.38616293403305,184.60819706254165,182.74649321420745,183.3357391357422,119948100
2016-10-05,183.95913841626216,184.57401610052685,183.89081722568446,184.1470184326172,72816000
2016-10-06,183.92494428554687,184.4971195127768,183.38693616405374,184.27508544921875,62927400
2016-10-07,184.54843466186713,184.71923115743763,182.9173001126535,183.6431884765625,89788300
2016-10-10,184.59963989257812,185.06079165273607,184.45446224528888,184.59963989257812,51855000
2016-10-11,184.1726534010862,184.24097459765528,181.54234597238792,182.2682342529297,130367400
2016-10-12,182.4048054308642,183.02823121955575,181.90948672232454,182.50729370117188,73866100
2016-10-13,181.18364246726392,182.40484946776996,180.37234955415937,181.90953063964844,101357000
2016-10-14,182.88310847634645,183.3442732865908,181.92663780463312,182.0034942626953,93346200
2016-10-17,181.97785034509627,182.23405153423744,181.1921762544148,181.37152099609375,58275700
2016-10-18,182.9599100496609,183.01968292898718,182.1315337822155,182.50729370117188,76869700
2016-10-19,182.77207602266222,183.30154893374586,182.41339956377323,182.99411010742188,66519200
2016-10-20,182.64397856230016,183.2076186121692,181.9949467972882,182.65252685546875,73639800
2016-10-21,182.65250807391106,182.82330451756917,181.69602453374557,182.73789978027344,89089100
2016-10-24,183.60900043463656,183.8822852017601,183.1649192035282,183.5150604248047,60146600
2016-10-25,183.3357711066121,183.5919723955297,182.73797678643027,182.90023803710938,66542300
2016-10-26,182.08037296255412,183.11370014460235,181.84124225159334,182.53298950195312,75705500
2016-10-27,183.25032493308078,183.2844790136868,181.9693318999274,182.0461883544922,77220200
2016-10-28,182.02059647118577,182.69524716820135,180.79938918705093,181.50819396972656,140623200
2016-10-31,181.84120244941698,182.06324955436304,181.3544319326764,181.51669311523438,61272500
2016-11-01,181.84122284602958,181.89247351279658,178.9974298098665,180.20155334472656,122781800
2016-11-02,179.89411499958456,180.2784233312652,178.68144316808676,179.1169891357422,103330800
2016-11-03,179.3305051213913,179.54400397899198,178.02389315535012,178.2971649169922,88939300
2016-11-04,178.4081926675561,179.24510456027213,177.95557612132646,178.1007537841797,109122100
2016-11-07,178.10075768897855,182.06329614440926,178.10075768897855,182.0291290283203,109794900
2016-11-08,181.6362510433059,183.41256271954495,181.37151460186897,182.8489227294922,106772100
2016-11-09,181.36299160674898,185.40239906795784,181.33737278825802,184.7875213623047,258429000
2016-11-10,185.5732254640675,186.43575623122027,183.7969132535792,185.2487030029297,172113300
2016-11-11,184.53134571272258,185.06081874280605,183.88231383613845,184.8217010498047,100552700
2016-11-14,185.34264854530025,185.54761216331917,184.2239164876894,184.96688842773438,94580000
2016-11-15,185.35115151146815,186.4101104736328,185.1462009601001,186.4101104736328,91652600
2016-11-16,185.7952153242598,186.29053416181517,185.67565650353498,186.05995178222656,65617700
2016-11-17,186.2136760562638,187.07620661018407,186.10265249838733,187.0164337158203,69797200
2016-11-18,187.08480616568562,187.25560266472553,186.41867766683617,186.5980224609375,86265800
2016-11-21,187.17016824377677,188.03269889737496,187.0249905910485,188.007080078125,72402600
2016-11-22,188.31449691170067,188.55361455068618,187.64838162725047,188.37428283691406,67429000
2016-11-23,187.86188320330223,188.52799849751506,187.6654679321713,188.4767608642578,56620200
2016-11-25,188.81838648715674,189.21121707036835,188.74151699832356,189.17706298828125,37872300
2016-11-28,188.86960297245557,189.1428746913527,188.18640412881157,188.28887939453125,76572500
2016-11-29,188.32307024318024,189.10874445158365,188.02416663924018,188.6561279296875,69886700
2016-11-30,189.27100069730977,189.43326190485206,188.14372053813292,188.20350646972656,113291800
2016-12-01,188.50237388560947,188.50237388560947,187.15305978393636,187.51174926757812,79040500
2016-12-02,187.59717762732174,188.09249654857405,187.24703636784292,187.605712890625,74840300
2016-12-05,188.43408284299034,189.0745794033417,188.23766754647798,188.7329864501953,67837800
2016-12-06,188.92082020338435,189.36490135843587,188.44258497375938,189.3307342529297,59877400
2016-12-07,189.17709573660701,191.86717647618667,189.0575368822021,191.80740356445312,110738100
2016-12-08,191.78176320127528,192.74676919239806,191.51701366752818,192.27706909179688,99714400
2016-12-09,192.49910470733676,193.4555753778149,192.46493759428506,193.43849182128906,88005800
2016-12-12,193.3445858183569,193.822834268661,192.79802919180437,193.21649169921875,102016100
2016-12-13,193.87400279072287,195.0012697300262,193.85691923728294,194.50595092773438,110477500
2016-12-14,194.2070633530282,194.90733268346847,192.46490574191,192.90045166015625,142501800
2016-12-15,193.1395951140877,194.54868225570195,192.90901271659143,193.69468688964844,124972600
2016-12-16,194.14907003741726,194.20920833759524,192.99797473553608,193.31581115722656,156420200
2016-12-19,193.49630456591848,194.157760642372,193.35027119200552,193.73683166503906,90341100
2016-12-20,194.26940412582675,194.63020784253237,194.03747573218476,194.48416137695312,89838800
2016-12-21,194.35530814852572,194.52711132423568,193.94297790527344,193.94297790527344,67909000
2016-12-22,193.7969128096895,193.91717632376344,193.21276637865904,193.60792541503906,56219100
2016-12-23,193.6509087860366,193.90003454615945,193.4619344577355,193.89144897460938,36697800
2016-12-27,194.15777079017948,194.76767414206097,194.1405865371316,194.37252807617188,42672500
2016-12-28,194.63015622632082,194.64732736428263,192.65438741838653,192.76605224609375,64095000
2016-12-29,192.83483991347555,193.1870449742898,192.2850618388298,192.72317504882812,48696100
2016-12-30,193.04960058020293,193.13550873090074,191.331542428195,192.01876831054688,108998300
2017-01-03,193.3158546351365,193.99449479504997,192.31939108978972,193.4876708984375,91366500
2017-01-04,193.81412033132852,194.78482730354813,193.80553476004727,194.6387939453125,78744400
2017-01-05,194.37249651963222,194.63879341379015,193.69385626573714,194.48416137695312,78379000
2017-01-06,194.5958765425992,195.643893177063,194.05468397182426,195.18002319335938,71559900
2017-01-09,194.92226597987312,195.05971376040324,194.50133706740283,194.53570556640625,46939700
2017-01-10,194.55287670816617,195.38613585448502,194.14913204519758,194.53570556640625,63771900
2017-01-11,194.44976317657327,195.08544921875,193.78830731855393,195.08544921875,74650000
2017-01-12,194.57004011890174,194.78479733757604,193.24714141927393,194.59580993652344,72113200
2017-01-13,194.76761545137668,195.34316323147314,194.73326006337803,195.04251098632812,62717900
2017-01-17,194.40684054333778,194.81058520046346,193.96874049544766,194.3553009033203,61240800
2017-01-18,194.6043882147299,194.82774410273595,194.05461027983333,194.7847900390625,54793300
2017-01-19,194.86212305028965,194.9995708275679,193.63371794868652,194.063232421875,66608800
2017-01-20,194.74186135988379,195.26586954642843,194.1147738932784,194.77622985839844,129168600
2017-01-23,194.77623096881686,194.83635617994787,193.51345734990758,194.26939392089844,75061600
2017-01-24,194.48415413642564,195.92732962629242,194.37248928326196,195.51499938964844,95555300
2017-01-25,196.45989611624702,197.20726013183594,196.2966785368915,197.20726013183594,84437700
2017-01-26,197.06123910305723,197.32754909240646,196.72621833139917,197.00111389160156,59970700
2017-01-27,197.07839385048746,197.22442717958108,196.51143167324878,196.69183349609375,59711100
2017-01-30,196.00457846704674,196.03034827963296,194.4926926617917,195.47198486328125,79737300
2017-01-31,194.98241115912435,195.5150180862859,194.41546194492608,195.4548797607422,75880800
2017-02-01,195.45482556214108,196.36539401035787,194.94800170628295,195.53213500976562,79117700
2017-02-02,195.53216379489243,195.9445071250719,194.84495112674284,195.66102600097656,69657600
2017-02-03,196.56300373030965,197.1900911716279,196.25375279485633,197.0096893310547,80563200
2017-02-06,196.60594632353383,197.00110539735095,196.32246520470133,196.65748596191406,57790100
2017-02-07,197.04405146992943,197.28457851110494,196.47708925526968,196.66607666015625,57931200
2017-02-08,196.66608630559708,197.0526467044636,196.12489388253917,196.92379760742188,51566200
2017-02-09,196.92380686219033,198.39273906846634,196.92380686219033,198.0920867919922,65955200
2017-02-10,198.43569449439863,199.0971504795477,198.109259287333,198.87379455566406,66015900
2017-02-13,199.3633838178132,200.213826956206,199.337614005232,199.95611572265625,55182100
2017-02-14,199.7757582406565,200.763649337106,199.4321519248641,200.7550506591797,71109000
2017-02-15,200.54029652138877,201.99205747727612,200.48875688400074,201.80307006835938,86785800
2017-02-16,201.82889016712616,202.00929205066734,200.8839659948817,201.63131713867188,84722400
2017-02-17,200.96983464832184,201.94912719726562,200.95265039792142,201.94912719726562,77204100
2017-02-21,202.31853516676898,203.32359763023166,202.3099364869037,203.15179443359375,88946100
2017-02-22,202.74800120272272,203.1946867855585,202.58478361725787,202.97134399414062,62115200
2017-02-23,203.48676997916627,203.50394111958892,202.35284553971434,203.10879516601562,74615900
2017-02-24,202.2669449416613,203.4094418121065,202.22399087630657,203.3665008544922,82381600
2017-02-27,203.28056634507615,203.8561140444704,203.03145377072948,203.68431091308594,56515400
2017-02-28,203.30638569277366,203.54691275686145,202.7480221028003,203.13458251953125,96961900
2017-03-01,204.78391655920868,206.44184929482503,204.76673230956334,205.97796630859375,149158200
2017-03-02,205.78891212341904,205.79751079932308,204.62923124954983,204.68077087402344,70246000
2017-03-03,204.59490464746935,204.97287944797426,204.2169298469644,204.80966186523438,81974300
2017-03-06,204.0193814731179,204.55197524290716,203.59845255676524,204.1997833251953,55391500
2017-03-07,203.89909466987922,204.25129965513565,203.38367210083368,203.58984375,65103700
2017-03-08,203.88194037727087,204.13965169965755,203.07445101740572,203.21189880371094,78168800
2017-03-09,203.33211096424378,203.79599384887982,202.50745067026264,203.4695587158203,90683900
2017-03-10,204.42312899634726,204.46608306722703,203.23766480032393,204.18260192871094,81991700
2017-03-13,204.12241170926148,204.32858333241956,203.79598969060137,204.28562927246094,57256800
2017-03-14,203.74444852893532,203.79600126845767,202.89401838903945,203.50392150878906,59880800
2017-03-15,204.07093430327186,205.6859130744163,203.83899279496555,205.26498413085938,96081800
2017-03-16,205.402352552667,205.4796619896486,204.53473828626315,204.8611602783203,78344000
2017-03-17,205.12265754122024,205.31246715237873,204.50146484375,204.50146484375,89002100
2017-03-20,204.50144457028145,204.78615895879375,203.8888880207148,204.27713012695312,52537000
2017-03-21,204.88106201136898,205.00184873594333,201.52490248773285,201.65431213378906,131809300
2017-03-22,201.68885445924116,202.41357489403939,201.06766175376634,202.1288604736328,97569200
2017-03-23,202.12883849513824,203.04336844409934,201.5421638730748,201.91314697265625,100410300
2017-03-24,202.2151062549792,202.78452182936317,200.9899800725699,201.76646423339844,112504900
2017-03-27,200.10137116515082,201.81828075159214,199.82529280928264,201.5594482421875,87454500
2017-03-28,201.2574499256847,203.44887000641816,201.14528612102265,203.026123046875,93483900
2017-03-29,202.74140106431437,203.44886238743723,202.51707346339117,203.21591186523438,61950400
2017-03-30,203.15557561031076,204.0614828310463,202.9830249884489,203.863037109375,56737900
2017-03-31,203.52650607361866,204.05279389108298,203.33669648930265,203.3884735107422,73733100
2017-04-03,203.4402453756266,203.63867788894436,201.80961800237137,203.0347442626953,85546500
2017-04-04,202.75004524566697,203.25045119242827,202.3704260333124,203.16416931152344,56466200
2017-04-05,203.83708588832562,204.81201565937246,202.3531273481406,202.56019592285156,108800600
2017-04-06,202.69822519887737,203.64725980194245,202.25820615890115,203.12960815429688,69135800
2017-04-07,202.8794512234158,203.61280770350876,202.4394452342199,202.92259216308594,74412300
2017-04-10,203.06059396602433,203.83707805300594,202.51704720627907,203.0433349609375,67615300
2017-04-11,202.66375784908317,202.90533131132202,201.31784479810486,202.8018035888672,88045300
2017-04-12,202.52571668900205,202.71552628196744,201.68883252859067,201.91314697265625,81864400
2017-04-13,201.5766295339006,202.30998583366744,200.60169982910156,200.60169982910156,92880400
2017-04-17,201.11941448685027,202.37905883789062,200.92098196170755,202.37905883789062,68405400
2017-04-18,201.6456910607653,202.31002463439688,201.09352129125438,201.7751007080078,83225800
2017-04-19,202.33591803559278,202.70690115523192,201.17980140736037,201.4041290283203,68699900
2017-04-20,202.01664137686913,203.48335401968885,201.69742218896215,203.0433349609375,92572200
2017-04-21,202.96573006922685,203.01749393015078,201.99943622593705,202.39630126953125,110389800
2017-04-24,204.6308458215921,204.82929149211256,202.3704029788798,204.62222290039062,119209900
2017-04-25,205.26068118771292,206.15795211813352,205.17439931383385,205.81285095214844,76698300
2017-04-26,205.7783306976484,206.65835577553025,205.64029813161565,205.6834259033203,84702500
2017-04-27,206.00267146917838,206.1579630526786,205.32107885777282,205.8560028076172,57410300
2017-04-28,206.1147946570055,206.14067658414115,205.2779105735806,205.40733337402344,63532800
2017-05-01,205.92501831054688,206.3477784632554,205.51089424478687,205.92501831054688,66882500
2017-05-02,206.06304180758352,206.18382852892205,205.59715392949636,206.00265502929688,57375700
2017-05-03,206.00263565261935,206.09754043651324,205.07946973976397,205.75242614746094,73137700
2017-05-04,206.05441849762545,206.13206428303263,205.1485115069127,205.9940185546875,61462700
2017-05-05,206.36500201310355,206.822266940735,205.92498292687233,206.8050079345703,62001300
2017-05-08,206.84818412390703,206.99485278939494,206.34777817795415,206.77053833007812,48385700
2017-05-09,207.029376348337,207.22780888168813,206.2356198853983,206.5807342529297,51363200
2017-05-10,206.53759710752405,206.95172119140625,206.33052848319932,206.95172119140625,54293800
2017-05-11,206.50307925082552,206.69288885331403,205.45050351512236,206.52896118164062,62358300
2017-05-12,206.27875795356732,206.57209528830768,205.91639774628214,206.18385314941406,53912700
2017-05-15,206.6065954407282,207.44347959641047,206.58933643289276,207.32269287109375,61918900
2017-05-16,207.6159745305521,207.64185645298497,206.7445857575339,207.13282775878906,51241800
2017-05-17,207.13285198256173,207.13285198256173,203.3970738189677,203.4574737548828,172174100
2017-05-18,203.37984602410845,205.1226372061691,203.12101356502765,204.27713012695312,107047700
2017-05-19,204.76029728052126,206.27013808225857,204.7085334165387,205.60580444335938,115011400
2017-05-22,206.1148105771657,206.81366215810078,206.04580087598345,206.6497344970703,61010600
2017-05-23,207.02072800972687,207.27093755697564,206.64110881029163,207.1070098876953,48341700
2017-05-24,207.33992207200268,207.69364611080138,207.00343070903068,207.59011840820312,46927700
2017-05-25,208.09917427224806,208.85841262956913,207.89211884008088,208.5823211669922,64071700
2017-05-26,208.39250275904723,208.70309905891992,208.31485697527032,208.5391845703125,46629900
2017-05-30,208.21991023498225,208.60815224041355,208.06461869871464,208.3579559326172,35201900
2017-05-31,208.65132977757364,208.68584779042027,207.616013193174,208.3062286376953,91796000
2017-06-01,208.76352414554896,209.98002756363837,208.4788097393089,209.9627685546875,68962000
2017-06-02,210.01447038532018,210.81684950495756,209.72113314363025,210.6615447998047,88666100
2017-06-05,210.4890581295814,210.7737725381242,210.3078714460481,210.50631713867188,44698800
2017-06-06,209.9455094108407,210.4976792140152,209.75569980680265,209.83335876464844,50375400
2017-06-07,210.16983953088658,210.44591785337207,209.50550590885683,210.2216033935547,54144300
2017-06-08,210.3164655805347,210.79961242055987,209.79880072921395,210.32508850097656,65950700
2017-06-09,210.5926410015628,211.38638448561204,208.74632148839464,210.00596618652344,132256400
2017-06-12,209.76433602843528,210.0145324167736,209.117261422826,209.9627685546875,86108100
2017-06-13,210.49770361828556,211.04125056239008,210.1526023880793,210.98948669433594,60067000
2017-06-14,211.25691089926207,211.26553382107394,209.90236178312665,210.7220001220703,78602300
2017-06-15,209.37604235880931,210.43725399614152,209.09996409002758,210.31646728515625,66464900
2017-06-16,210.4751986017491,210.5272149045806,209.4868491610462,210.36248779296875,84553100
2017-06-19,211.18602544553738,212.1743744899548,211.0906578522619,212.1136932373047,65123800
2017-06-20,211.75824877873487,211.76691375013706,210.66586707867998,210.68319702148438,56906400
2017-06-21,211.0734058627381,211.1861034389839,210.16308090509006,210.63124084472656,55977600
2017-06-22,210.63985817920226,211.1340261266323,210.36242034776063,210.5358123779297,44148100
2017-06-23,210.5965114980298,211.11668759998207,210.21504108588627,210.78724670410156,66986800
2017-06-26,211.45484928203297,211.87100612216315,210.71792968194868,210.92599487304688,56700500
2017-06-27,210.70921698887196,211.00399800962012,209.20935665635997,209.22669982910156,82247700
2017-06-28,210.24108716973942,211.29879596557046,210.00700060568718,211.09939575195312,70042600
2017-06-29,211.24678645033342,211.29880274868893,208.0389868383951,209.24407958984375,106949700
2017-06-30,210.05032934873213,210.4231348165138,209.44345057102782,209.63418579101562,86820700
2017-07-03,210.5704945890348,211.00398127043258,209.9896240234375,209.9896240234375,39153800
2017-07-05,210.3537371815229,210.68317804165946,209.54744512898048,210.47511291503906,54427600
2017-07-06,209.7122327219339,209.83360849049384,208.3684210656846,208.5504913330078,65400800
2017-07-07,209.12265284091893,210.05030746972056,208.5591122118483,209.90292358398438,57972300
2017-07-10,209.90293335006723,210.50114712110005,209.59948736422132,210.1283416748047,36663300
2017-07-11,210.1283847116784,210.28444683689426,208.81059438013204,209.9723358154297,50354600
2017-07-12,210.93467284651766,211.71494377022336,210.93467284651766,211.5502166748047,59610400
2017-07-13,211.5589012768821,212.0183962259148,211.33347967466187,211.9056854248047,39471600
2017-07-14,211.90563280557174,213.24944419577673,211.8102652042291,212.89398193359375,60262700
2017-07-17,212.81596466890477,213.19743508711832,212.6945889202881,212.86798095703125,33531900
2017-07-18,212.46050827823697,213.0327139214029,212.12238916708705,212.98069763183594,42742500
2017-07-19,213.29283890987202,214.14246929446003,213.2841607077344,214.13380432128906,51034300
2017-07-20,214.3851901038616,214.50656585569095,213.68294373763698,214.22914123535156,47135200
2017-07-21,213.65696640632223,214.06444503815098,213.4315448140113,214.03843688964844,82340800
2017-07-24,213.96038304344285,214.12511012415288,213.518231323352,213.9864044189453,46622300
2017-07-25,214.73200015497065,214.8360459755248,214.28118343877938,214.506591796875,54915600
2017-07-26,214.79268139600626,214.82735451474008,214.25516206735588,214.51524353027344,47575400
2017-07-27,214.9747193749376,215.00939248846595,212.9980079507681,214.31581115722656,70766600
2017-07-28,213.83901628145244,214.19447860436682,213.3881995698679,214.06443786621094,50088400
2017-07-31,214.46319976981857,214.5585673703291,213.73494530899112,213.94302368164062,65838700
2017-08-01,214.54125185026356,214.57592496688747,213.89968674652113,214.4198760986328,55050400
2017-08-02,214.5499186673937,214.66262944807906,213.59624258997522,214.52391052246094,47211200
2017-08-03,214.41120560264687,214.4372137482906,213.83033496832851,214.10777282714844,40856000
2017-08-04,214.59326189125417,214.8273351868205,214.11642387053024,214.49789428710938,60191800
2017-08-07,214.56725709319855,214.89669799804688,214.46321128680444,214.89669799804688,31995000
2017-08-08,214.58455643506318,215.79832699082584,213.99502094174966,214.36781311035156,61719400
2017-08-09,213.68293843106287,214.41119292395376,213.32747615633122,214.3591766357422,62632600
2017-08-10,213.52690757642304,213.6569615449433,211.2814492803503,211.33346557617188,120479500
2017-08-11,211.55887943410963,212.23511771301636,211.32479288249857,211.64556884765625,74869900
2017-08-14,212.92001492033617,213.96038045612352,212.88534180169498,213.74363708496094,73291900
2017-08-15,214.1250841424076,214.14242731431625,213.41417284172098,213.7176055908203,55242700
2017-08-16,214.23779221214846,214.63660578722943,213.66558660706167,214.0904083251953,56715500
2017-08-17,213.4835531173293,213.79566409729918,210.75257873535156,210.75257873535156,128490400
2017-08-18,210.58788587164997,211.70628924364524,209.98100698671368,210.4231719970703,136748000
2017-08-21,210.36243651498586,210.84793952835773,209.66019014000403,210.5878448486328,65469700
2017-08-22,211.16875695760717,212.9460421774711,211.15141378224735,212.7899932861328,63140100
2017-08-23,211.82760788301152,212.4518297759899,211.68022399563662,212.02700805664062,50203800
2017-08-24,212.4085212195599,212.5645701097356,211.32480427456215,211.5328826904297,50741700
2017-08-25,212.32177583139043,212.9373327529811,211.87962416926572,212.02700805664062,64445900
2017-08-28,212.55591229772836,212.5819204469672,211.61957923822874,212.03573608398438,40565600
2017-08-29,210.72658288232782,212.53855437473308,210.61387209080198,212.27847290039062,51135700
2017-08-30,212.2611267744893,213.5529220712823,212.07905651601493,213.28414916992188,62030800
2017-08-31,213.89970270272624,214.81002752234653,213.31883204595056,214.56727600097656,103803900
2017-09-01,214.94005648507263,215.29551877510065,214.72331312222116,214.87069702148438,62007000
2017-09-05,214.3678802872824,214.59330188215944,212.36517345598844,213.3275146484375,91398800
2017-09-06,214.00370881079374,214.3851792197377,213.47485451275125,214.05572509765625,57916900
2017-09-07,214.35919353648387,214.37653671024327,213.6222607848127,214.0297393798828,58034700
2017-09-08,213.74361870908626,214.2377999027549,213.53555355719578,213.77830505371094,63832800
2017-09-11,215.04410104355472,216.13649611970826,215.02677109841616,216.0584716796875,71364800
2017-09-12,216.4225853869284,216.82138576355234,216.24051514266796,216.78671264648438,56896000
2017-09-13,216.5006268937401,216.92544867786958,216.387916103693,216.89076232910156,59228000
2017-09-14,216.56994890171208,217.0207787549535,216.39655687476187,216.8213653564453,95446300
2017-09-15,216.67762799637953,217.2003856134073,216.5730791318973,217.11326599121094,95432400
2017-09-18,217.4792170853588,217.92356308829662,217.1916943912399,217.57505798339844,46235200
2017-09-19,217.8190449366666,217.8800406506662,217.4705397826157,217.79290771484375,47108100
2017-09-20,217.87995234592083,217.98450119083952,216.87797716853183,217.87123107910156,59574100
2017-09-21,217.71445138886594,217.8015710121978,217.11326882102426,217.2875213623047,48211400
2017-09-22,216.99127286562393,217.49661450000565,216.9651356513124,217.33106994628906,51214000
2017-09-25,217.0784310696796,217.42694948014497,216.14617257274787,216.88674926757812,57064400
2017-09-26,217.3136409038652,217.5575971007393,216.78216205468613,217.0174102783203,54082000
2017-09-27,217.714464012296,218.24594293551814,216.83446669168862,217.86257934570312,81001400
2017-09-28,217.58377743703832,218.20238931967907,217.49665780352635,218.1239776611328,44778800
2017-09-29,218.11522044563844,218.96908045781802,217.93225993918287,218.89065551757812,85578000
2017-10-02,219.11718667853842,219.84034729003906,218.9429208582323,219.84034729003906,59023000
2017-10-03,219.84038408200522,220.33700452806738,219.76195913189625,220.3108673095703,66810200
2017-10-04,220.16276478522528,220.81622187491448,220.0494946354012,220.572265625,55953600
2017-10-05,220.903327417392,221.89658159856938,220.60709674633964,221.87916564941406,63522800
2017-10-06,221.43481355743776,221.91401806716368,221.1734413654219,221.62649536132812,80646000
2017-10-09,221.85304903256053,221.91403144950237,220.99918883842372,221.2605743408203,35803100
2017-10-10,221.82689862545803,222.21897020843707,221.2866984073851,221.8443145751953,43057400
2017-10-11,221.74848124495355,222.19284057617188,221.58294994908832,222.19284057617188,47674300
2017-10-12,221.8791540963811,222.22765918598844,221.62647660599134,221.86172485351562,47065100
2017-10-13,222.2973347108475,222.41060483320288,221.86169675669953,222.1317901611328,54800400
2017-10-16,222.3583034094729,222.61967551453645,222.01850637827664,222.42799377441406,38221700
2017-10-17,222.37580410277423,222.62848162678486,222.15798506913274,222.5849151611328,31561000
2017-10-18,222.9595118893441,223.00307834608037,222.61100682468611,222.8026885986328,40888300
2017-10-19,222.02729088235253,222.89856698519364,221.60908207548192,222.86370849609375,61903800
2017-10-20,223.65660936352654,224.0399730155595,222.84631559088965,224.01380920410156,89176400
2017-10-23,224.33617238355043,224.36230960211688,223.06409017535535,223.1425018310547,63915300
2017-10-24,223.56940437990878,223.76978082259956,223.17731958374134,223.5345458984375,66935900
2017-10-25,223.20342870686784,223.31669881547117,221.3040538387998,222.42799377441406,103715300
2017-10-26,223.03798790743738,223.308068093975,222.59362855942692,222.71560668945312,69798000
2017-10-27,223.45620137036767,224.69342523649686,222.72433257504397,224.5365753173828,85562500
2017-10-30,223.4561627955605,224.4407089563266,223.40388836129273,223.7001190185547,54285700
2017-10-31,224.07475171796614,224.3012919829008,223.75238385739476,224.04861450195312,60304800
2017-11-01,224.82411226029086,225.16389614307118,223.97897330464704,224.3448944091797,54202700
2017-11-02,224.27519876788108,224.57142947055752,223.21224079275353,224.43202209472656,56449500
2017-11-03,224.58886266791916,225.22490388350775,224.17936177910678,225.1813507080078,59589700
2017-11-06,225.05065878802472,225.6605628367942,224.98096838294038,225.52987670898438,49652600
2017-11-07,225.6343427406781,225.96543186902304,224.86761562013888,225.3729705810547,57502200
2017-11-08,225.1987143113861,225.8521713274261,224.9198996031262,225.75631713867188,50469600
2017-11-09,224.5539838265763,225.1290292048759,223.36031331434606,224.93734741210938,95085500
2017-11-10,224.55399863077685,225.04191111921565,224.24032540864536,224.86764526367188,59984700
2017-11-13,224.1880596255669,225.30329201209054,224.153201135265,225.07675170898438,50228600
2017-11-14,224.27521659824205,224.65858026494584,223.49976799401475,224.5540313720703,61315200
2017-11-15,223.5869075724848,224.10967864162308,222.72435259141332,223.43008422851562,80811500
2017-11-16,224.37104335159964,225.69540022753625,224.32749017615023,225.32945251464844,67777000
2017-11-17,224.9808942619812,225.30326213412084,224.58880941848312,224.66722106933594,75756800
2017-11-20,224.91121737192094,225.24227994341484,224.6672345467641,225.05059814453125,48075500
2017-11-21,225.81729412101691,226.70601260626515,225.0157351377626,226.5230255126953,69176800
2017-11-22,226.5317906308125,226.66247673063674,226.15714828157076,226.32269287109375,45033400
2017-11-24,226.81058131124078,226.94998866601145,226.67117395647008,226.8454132080078,27856500
2017-11-27,226.8890010431142,227.1852317115889,226.5317746692737,226.732177734375,52274900
2017-11-28,227.19396878868554,229.0584858527543,227.09811458940757,229.0323486328125,98971700
2017-11-29,229.16302253191307,229.69451476141595,228.44859636179388,228.89292907714844,77512100
2017-11-30,229.80777082314165,231.80297375843676,229.7293591722956,230.89686584472656,127894400
2017-12-01,230.67906235051507,231.1582535565381,227.19395804711638,230.41766357421875,164390900
2017-12-04,232.02952439117243,232.4564411501399,230.08656921379136,230.1388702392578,94040600
2017-12-05,229.3111572265625,231.01885092521732,229.18047113035558,229.3111572265625,77994500
2017-12-06,229.40698024798462,229.7816491686028,228.8929305536896,229.35470581054688,75898600
2017-12-07,230.07789611816406,230.39154276497604,229.09334982805265,230.07789611816406,77218600
2017-12-08,231.0275523480179,231.34119895197028,230.04300619244404,231.33250427246094,76563900
2017-12-11,232.02952575683594,232.0905214625432,231.30637832522305,232.02952575683594,83077500
2017-12-12,232.81363763596883,232.90949181624418,232.06435308668742,232.43899536132812,85195800
2017-12-13,232.68296574651777,233.11860374523278,232.32573939686347,232.41287231445312,102905400
2017-12-14,232.70917551931166,232.8224456885714,231.41098238693172,231.4632568359375,100666700
2017-12-15,232.46250605820578,233.85491335273306,232.409964403707,233.39077758789062,144610300
2017-12-18,234.78313396671632,235.2209988093528,234.67805068050743,234.87071228027344,83653600
2017-12-19,235.11587726909698,235.15965305617854,233.89860037655052,233.9686737060547,82382900
2017-12-20,234.93195013649887,234.9844917700065,233.548309245557,233.84605407714844,76751500
2017-12-21,234.46787875849827,235.03712448594098,234.08255552383775,234.3277587890625,67032300
2017-12-22,234.34526143668072,234.38029810598405,233.73223998703938,234.26644897460938,78720900
2017-12-26,233.86357582548726,234.20512319293601,233.7234826095118,233.98619079589844,45244400
2017-12-27,234.15256299541727,234.45907367200337,233.8285473495083,234.1000213623047,57751000
2017-12-28,234.59922725362227,234.62549807394694,234.2139040720954,234.58169555664062,45116100
2017-12-29,235.15965417474374,235.17715914463068,233.50453922807466,233.69717407226562,96007400
2018-01-02,234.55537477120606,235.40483341428163,234.17005167176094,235.3697967529297,86655700
2018-01-03,235.5361606252966,237.00740625772147,235.5361606252966,236.8585205078125,90070400
2018-01-04,237.4978774594355,238.33857038973744,236.91989271824468,237.85690307617188,80636400
2018-01-05,238.64500815190704,239.5645132578954,238.15460186536149,239.44192504882812,83524000
2018-01-08,239.3456585922554,240.0374924701482,239.05667957878705,239.87986755371094,57319200
2018-01-09,240.30012981313524,241.0445051103658,240.01989000533143,240.42274475097656,57254000
2018-01-10,239.66969998396797,240.3177581407534,239.00416357923262,240.05502319335938,69574300
2018-01-11,240.60663630510948,241.80638122558594,240.44024559240148,241.80638122558594,62361500
2018-01-12,242.06918758354794,243.54914601914447,241.7714160016743,243.38278198242188,90816100
2018-01-16,244.6350677387502,245.28309908708408,241.85899316319004,242.5508270263672,106555100
2018-01-17,243.4790758012206,245.24803979912306,242.55080465403827,244.8627166748047,113258800
2018-01-18,244.74888617541,245.16921922426718,243.9607082585169,244.45114135742188,100728000
2018-01-19,245.0291302827362,245.56333923339844,244.4511722674767,245.56333923339844,140920100
2018-01-22,245.35313838849672,247.55996704101562,245.30057003294718,247.55996704101562,91322400
2018-01-23,247.60370575133692,248.37435184877444,247.27969017062765,248.0853729248047,97084700
2018-01-24,248.72469958795423,249.32021599885377,246.81561556442963,247.9890899658203,134816100
2018-01-25,248.84730327055158,248.94362068955095,247.30601076540927,248.0941619873047,84587300
2018-01-26,248.92612985752962,251.01037050667838,248.67216079961221,250.96656799316406,107743100
2018-01-29,250.39728926247858,250.83515394207936,249.1450026928537,249.30262756347656,90118300
2018-01-30,247.48123050400838,249.35527825533836,246.2727191836835,246.74562072753906,131796400
2018-01-31,247.59506518978657,248.09421080260825,245.79980328791277,246.86819458007812,108364800
2018-02-01,246.14127154046471,247.88396451331243,245.79972424269462,246.58787536621094,90102500
2018-02-02,245.27436315077742,245.40574398618298,241.18472040895998,241.21975708007812,173174800
2018-02-05,239.4682487852187,241.56999429566028,230.58833859278695,231.13128662109375,294681800
2018-02-06,227.6371327146444,236.18426134989403,226.55123666595557,235.68508911132812,355026800
2018-02-07,235.133368376804,238.51367138461782,234.32768548587262,234.40652465820312,167376100
2018-02-08,234.70427332043076,234.8443932483276,225.57916011408363,225.61419677734375,246449500
2018-02-09,228.39027447366007,230.85107257073287,221.48953414652104,229.0032958984375,283565300
2018-02-12,231.04375896298976,233.82859976796775,229.14344044741185,232.36611938476562,143736000
2018-02-13,231.16634649666958,233.48702462091063,230.58836174636198,232.94407653808594,81223600
2018-02-14,231.46410020607644,236.44700402142874,231.4553343575839,236.08795166015625,120735700
2018-02-15,237.82184535995404,239.1091686782895,235.36978694519354,239.10040283203125,111200300
2018-02-16,238.4786032691052,241.1057911016743,238.43480077014706,239.17041015625,160420100
2018-02-20,238.2246721826289,239.6608812542457,236.88480724393318,237.67295837402344,86369700
2018-02-21,238.11088890537022,240.58045295745703,236.39446625700026,236.49078369140625,98883700
2018-02-22,237.4103237176393,239.11798057383194,236.13176585643905,236.79730224609375,110511300
2018-02-23,238.01458526376484,240.5717010498047,237.54168373752194,240.5717010498047,92766400
2018-02-26,241.64003095764554,243.46156325686482,241.0533071673779,243.36521911621094,86491400
2018-02-27,243.54918661675515,244.25855229752713,240.2652000721573,240.32650756835938,99099200
2018-02-28,241.42114191195762,241.86777258257086,237.5767026707905,237.89195251464844,121907800
2018-03-01,237.68176475917994,239.22305734767247,232.9440645992234,234.4328155517578,176855100
2018-03-02,232.76896481274264,236.2018373090969,231.91076673251806,235.641357421875,139083200
2018-03-05,234.45910619300275,238.9778743434757,234.35399618705415,238.36485290527344,97307400
2018-03-06,239.3368160119751,239.41565517006455,237.4802741020905,238.96902465820312,79213200
2018-03-07,236.81482163392596,239.23181727361526,236.6221600436107,238.88153076171875,87063500
2018-03-08,239.5558235253451,240.16007909274316,238.56627151764727,240.03749084472656,66901200
2018-03-09,241.4386435020961,244.21469116210938,241.1233669724046,244.21469116210938,113625300
2018-03-12,244.50367368709738,245.12543411497418,243.52283425174357,243.9081573486328,71924800
2018-03-13,245.06416597364745,245.56333825543905,241.7276383640236,242.33189392089844,91968900
2018-03-14,243.28646903434858,243.47036479073716,240.53669163708432,241.08837890625,105895100
2018-03-15,241.59628413442184,242.23554963253437,240.32646553587168,240.8256378173828,83433000
2018-03-16,241.35056763026677,242.13310147580282,241.03405517511854,241.08680725097656,100343700
2018-03-19,240.33941484185743,241.26260286497254,236.18061459577604,237.8247833251953,109208400
2018-03-20,238.22041657515382,238.86226908752002,237.5521880325357,238.22921752929688,59757300
2018-03-21,238.1852761168424,240.26906332282726,237.56102541703248,237.77203369140625,78709600
2018-03-22,235.55635543832057,236.40041532902674,231.55581154014723,231.82839965820312,148785900
2018-03-23,232.26802203099732,232.59333538854,226.69363651223378,226.88706970214844,183534800
2018-03-26,230.47440379867055,233.37587522490952,228.08287803665996,233.09451293945312,141956100
2018-03-27,234.02649096831001,234.55401162788922,227.5816696445901,229.12913513183594,129941400
2018-03-28,229.26104300814097,230.92281378321843,227.35308695144278,228.45213317871094,146452300
2018-03-29,229.586320324593,233.22637373681107,228.46089823798928,231.3711700439453,111601600
2018-04-02,230.84363252390713,231.35360494123992,223.91525502005953,226.3771209716797,186286300
2018-04-03,227.60803509251616,229.75337511563475,225.82318539146522,229.27857971191406,119956900
2018-04-04,225.7440582138208,232.43503767325393,225.6121780545231,231.73165893554688,123715300
2018-04-05,233.48142243404544,234.43981457264562,232.3999778751636,233.56057739257812,82652600
2018-04-06,231.60856401075682,233.0944494808967,226.84308886487935,228.35537719726562,179521200
2018-04-09,229.80610248528535,232.85705504696494,228.54880038656336,229.4807891845703,105442900
2018-04-10,232.35590597309297,233.91217232519995,231.22170978854876,233.129638671875,103529000
2018-04-11,231.65254552602107,233.56050139208276,231.58221838066342,231.90753173828125,91140200
2018-04-12,233.226386513572,234.75625011906138,233.05052840233344,233.81546020507812,68890500
2018-04-13,235.11672248173076,235.23102756207518,232.12732264458262,233.129638671875,85079200
2018-04-16,234.7562655902731,235.81136066287758,233.9385816667049,235.04640197753906,63405300
2018-04-17,236.80480137067377,238.15883336031825,236.294855906409,237.5609588623047,64682000
2018-04-18,238.0007294319229,238.53705126614392,237.27974845906328,237.73696899414062,57303900
2018-04-19,237.086277508423,237.28851170003776,235.3893563533083,236.41807556152344,77655900
2018-04-20,236.34772347244166,236.5675327481559,233.53415401042415,234.41339111328125,99953100
2018-04-23,234.9848952967911,235.53881891429748,233.30554936340266,234.3782196044922,65558000
2018-04-24,235.39811619816612,235.61792543371928,229.727027188022,231.22174072265625,112885500
2018-04-25,231.16023737683744,232.23290775015732,229.3490110331939,231.7932891845703,103840900
2018-04-26,232.81312110759345,234.97603613487092,232.37350270509603,234.14955139160156,67731900
2018-04-27,234.75620529436938,235.05514256065098,233.43735020844596,234.3693389892578,57053600
2018-04-30,234.984887819717,235.53881141959786,232.49663209837655,232.56698608398438,82182300
2018-05-01,232.00419682940756,233.0856676910251,230.4567315637778,232.98016357421875,74203400
2018-05-02,232.78679923873736,233.59568226151407,231.0283252196073,231.41519165039062,86368900
2018-05-03,230.58865425399074,231.5557932787328,227.7662847762269,230.90516662597656,136311500
2018-05-04,229.93799620325126,234.57159127006764,229.6126828833328,233.89456176757812,91222100
2018-05-07,234.65952179650694,235.6530368387894,233.973691335472,234.68589782714844,55304900
2018-05-08,234.31660656598947,235.0463613018567,233.12963152276564,234.68589782714844,67499200
2018-05-09,235.3541584090988,237.27968962403472,234.83541178862617,236.95437622070312,59666100
2018-05-10,237.69288670133824,239.49533834232832,237.58738257253478,239.1699981689453,72063900
2018-05-11,239.29308947918926,240.16352532042305,238.78311711178824,239.89976501464844,59871500
2018-05-14,240.33058096848328,240.9812076068129,239.46891925466448,240.01406860351562,54790600
2018-05-15,238.7919778296341,238.8095529103585,237.42037023197227,238.3611602783203,87036100
2018-05-16,238.39626436474398,239.82062360116055,238.36986150345558,239.3634033203125,53942600
2018-05-17,239.09959507164768,240.23381776033153,238.38741559628522,239.16114807128906,56536400
2018-05-18,238.81831017547728,239.1788005057583,238.21163459917258,238.56332397460938,64368000
2018-05-21,240.04052793047268,240.89338898604595,239.65366146203615,240.35704040527344,58025900
2018-05-22,240.87575703514577,241.13074327395273,239.3634683467948,239.68878173828125,52966400
2018-05-23,238.42268614855146,240.37459317397244,238.2644031113261,240.3481903076172,64694200
2018-05-24,239.95254971554198,240.22511101264362,238.07977079326324,239.85581970214844,76043800
2018-05-25,239.28428649902344,239.90853710552315,238.7831150901173,239.28428649902344,56374800
2018-05-29,237.66651064654422,238.4226682898626,235.4244674131459,236.53228759765625,115908600
2018-05-30,237.83360457831984,240.12840023103232,237.76327742564035,239.68878173828125,69678400
2018-05-31,239.28435882403386,239.5832962024621,237.62261474509663,238.22048950195312,93519900
2018-06-01,239.51289492596226,240.85812612869415,239.4425409574061,240.55918884277344,71258400
2018-06-04,241.37691136313123,241.9572109520894,241.13952705354075,241.7022247314453,45385200
2018-06-05,241.8341348420718,242.25617827688455,241.06920291762384,241.87811279296875,51135000
2018-06-06,242.4847102697016,244.00577267131052,241.86923381316572,243.9002685546875,62732200
2018-06-07,244.38393488837818,244.67407129222383,242.9683493656107,243.87396240234375,72969400
2018-06-08,243.41670509865648,244.64763121000732,243.24964796581133,244.59487915039062,72139700
2018-06-11,244.8148601865925,245.63254451678804,244.70055503312946,244.9203643798828,58892500
2018-06-12,245.33345854568515,245.59721886927935,244.59490280744205,245.23675537109375,72329000
2018-06-13,245.47411096754055,245.72909713866116,244.25195900266613,244.45419311523438,79070600
2018-06-14,245.31588739846273,245.59722280407743,244.48060164006642,245.0697021484375,77097600
2018-06-15,244.28891692622713,245.09261831491185,243.18493594495592,244.7570037841797,120041600
2018-06-18,243.30860201152097,244.3772751575752,242.8317015664697,244.2536163330078,52917600
2018-06-19,241.99268165214522,243.53825534882864,241.5775836383579,243.3174591064453,97531500
2018-06-20,243.99748864078447,244.39493263665724,243.3969293626048,243.7325439453125,53785500
2018-06-21,243.7237148345327,243.74139578349843,241.7100541970671,242.2046356201172,71061400
2018-06-22,243.4587669902237,243.5735853463572,242.4254287376879,242.64622497558594,54898500
2018-06-25,241.4981440388532,241.65711089356964,237.66512380999848,239.34317016601562,137854200
2018-06-26,239.90836656004487,240.72088159957022,239.15765398139763,239.87303161621094,68547400
2018-06-27,240.45601273472968,241.87792797865885,237.73578720760872,237.8859405517578,105110700
2018-06-28,237.83291594816677,240.00554368185115,237.12635171788804,239.2460174560547,76650500
2018-06-29,240.33229574304445,241.69240817765476,239.47560522258217,239.59042358398438,97592500
2018-07-02,238.02722819898696,240.26168545460638,237.78875096899867,240.10269165039062,63554800
2018-07-03,240.99471275277978,241.0918771286959,238.83092543990298,239.2548370361328,42187100
2018-07-05,240.3764958576425,241.26849446350255,239.3078225014754,241.2066650390625,56925900
2018-07-06,241.23316543663134,243.61774878084054,240.85337540008626,243.246826171875,66493700
2018-07-09,244.24482851406478,245.49012273882505,244.20068004015275,245.4371337890625,50550400
2018-07-10,245.8875452052918,246.41746160901664,245.59607905454257,246.32029724121094,51966800
2018-07-11,244.7747011260493,245.56074866119906,244.21829030052362,244.51856994628906,77054700
2018-07-12,245.7727288911889,246.7883862844151,245.1721695398669,246.7353973388672,60124700
2018-07-13,246.55873442688798,247.22993660683716,246.1083015139333,246.92965698242188,48216000
2018-07-16,246.97394086777305,247.1152267920624,246.26737648294943,246.70896911621094,48201000
2018-07-17,245.94049365022576,248.09546690521418,245.887504713846,247.7068634033203,52315500
2018-07-18,247.78634335888864,248.3339136623,247.34475092676163,248.22793579101562,44593500
2018-07-19,247.56567066428585,247.94543387675657,246.81495776457345,247.29188537597656,61412100
2018-07-20,247.08865394668402,247.7157346929596,246.8502037033117,247.00917053222656,82337700
2018-07-23,246.80607130007968,247.67157539339786,246.46161619567616,247.4684600830078,47047600
2018-07-24,248.87272365197978,249.55276643988464,247.8482257560957,248.71372985839844,68026900
2018-07-25,248.46638757068533,251.15127712172054,248.42223910825902,250.83334350585938,78882900
2018-07-26,250.11806730224453,250.92174214121562,250.02090291179275,250.24169921875,57919500
2018-07-27,250.56844930241573,250.66561368350727,247.62745463623887,248.5459747314453,76768700
2018-07-30,248.62537055110343,248.78433735214136,246.72650160116714,247.2476043701172,63742500
2018-07-31,248.00712323271455,249.07576930129864,247.62736023474866,248.46636962890625,68570500
2018-08-01,248.66957085844885,249.1729927860263,247.4066227546677,248.05133056640625,53853300
2018-08-02,246.7530483824733,249.57038348820197,246.54990614738182,249.40260314941406,63426400
2018-08-03,249.52622289304165,250.52422611916688,249.34957513610027,250.4712371826172,53935400
2018-08-06,250.50652476026383,251.69880255986683,250.1179213305985,251.38970947265625,39400900
2018-08-07,252.05209885092006,252.5996690620115,251.91959958149076,252.21987915039062,43196600
2018-08-08,252.05211966798237,252.51136605493642,251.65467573218658,252.11392211914062,42114600
2018-08-09,252.17581933268963,252.564422900246,251.63708940424485,251.76956176757812,35717000
2018-08-10,250.338788045859,250.8775179349385,249.3760927197562,250.08265686035156,77076000
2018-08-13,250.35642813346976,250.9658278790864,248.85500300169974,249.14646911621094,65732900
2018-08-14,249.8707628635741,250.97474433803862,249.4821592283488,250.73626708984375,43842000
2018-08-15,249.39376216803853,249.53507498964103,247.43309056638404,248.8638458251953,102925400
2018-08-16,250.29459716866356,251.74303335293288,250.25926222564948,250.87750244140625,69967900
2018-08-17,250.6743692338246,252.20228888038022,250.26811170886324,251.7606964111328,65618500
2018-08-20,252.21114510424258,252.56441371116773,251.76071213262946,252.29946899414062,39807500
2018-08-21,252.81178242951003,253.74795665539307,252.33485483905113,252.89126586914062,67272000
2018-08-22,252.48486618458625,253.26207309407184,252.21989458217422,252.74099731445312,44993300
2018-08-23,252.5644233792702,253.4211139340078,252.08749591769774,252.40545654296875,49204900
2018-08-24,252.97960681501937,254.06593446844514,252.9266178516988,253.92462158203125,57487400
2018-08-27,255.11677931539714,256.03529916548314,254.9578125007662,255.9293212890625,57072400
2018-08-28,256.38862725312487,256.4946321068167,255.59376604279515,256.05303955078125,46943500
2018-08-29,256.2649754069763,257.66039591626367,256.0265251482379,257.4307861328125,61485500
2018-08-30,256.95380104294685,257.32472358447484,255.79683105183867,256.3885498046875,61229500
2018-08-31,255.9823019313726,256.8389923415614,255.4965610292986,256.39739990234375,66140800
2018-09-04,255.9823355361778,256.3091096716709,254.95783770837934,255.95584106445312,57594400
2018-09-05,255.60253656022672,255.80567878336433,254.26010526026445,255.2669219970703,72452400
2018-09-06,255.37297135050923,255.67325105615745,253.47412873830004,254.49862670898438,65909900
2018-09-07,253.45647312213768,254.97555259274915,253.2179958922097,254.00404357910156,73524800
2018-09-10,255.01081150564704,255.27578315982285,254.2512853928737,254.44558715820312,50210900
2018-09-11,253.80086264021804,255.7261994222889,253.45643451442245,255.28460693359375,50530500
2018-09-12,255.2934771158569,255.94702545032362,254.56044535849583,255.34646606445312,59810800
2018-09-13,256.40631388139195,257.0422082542672,256.1236881706315,256.8567199707031,51034200
2018-09-14,257.0597541417096,257.24521539460255,256.1235804521319,256.9007873535156,55079900
2018-09-17,256.8478491139971,256.8831571054573,255.26694053453235,255.5407257080078,68244000
2018-09-18,255.7527169447676,257.519087058753,255.7262224711646,256.9273681640625,61930400
2018-09-19,256.98031461211065,257.61620882608855,256.8566557873011,257.20111083984375,49080600
2018-09-20,258.45526183517813,259.60339151190027,257.2187813185035,259.2854309082031,100360600
2018-09-21,260.02449080659574,260.1398289412236,258.8888975247424,259.048583984375,105479700
2018-09-24,258.4719238918122,258.61387643830426,257.6113551925466,258.1880187988281,53409600
2018-09-25,258.6404268642502,258.74688447911296,257.70889565952746,257.94842529296875,44370000
2018-09-26,258.09040260622646,259.2703440505764,256.75962814321076,257.1766052246094,79739700
2018-09-27,257.64679250455623,258.9775668714285,257.3717679680432,257.89520263671875,59249500
2018-09-28,257.2741911414216,258.4186647996057,257.2387233149633,257.9218444824219,70091400
2018-10-01,259.15503895977173,259.8825355901914,258.1525448125983,258.81793212890625,62078900
2018-10-02,258.66705322265625,259.37678873765856,258.2944515534161,258.66705322265625,47258200
2018-10-03,259.7140297651086,260.13100699779073,258.45424464487616,258.8091125488281,64694600
2018-10-04,258.32997537119405,258.3832041926231,255.2071005237411,256.7862854003906,111545900
2018-10-05,257.0080728548497,257.52262713688714,253.92954643343037,255.3490447998047,105951700
2018-10-08,254.66589648913015,255.70391262272844,253.29077352229592,255.3490447998047,87742200
2018-10-09,254.96757175041503,256.271704954829,254.4174954691894,254.97642517089844,74339000
2018-10-10,254.4706692273449,254.5416590239331,246.5303982072024,246.9029998779297,214731000
2018-10-11,245.8206752119577,247.43535491100366,239.85880384790093,241.46463012695312,274840500
2018-10-12,245.54556928142236,245.82947427010825,241.6419704483362,244.81809997558594,183186500
2018-10-15,244.46327877494505,245.78519993118493,243.35429996164066,243.44302368164062,102263700
2018-10-16,245.3947533766283,249.1386656541138,244.92454760343395,248.7660369873047,118255800
2018-10-17,248.801559571119,249.43145181105547,246.24646864194278,248.81044006347656,110626000
2018-10-18,247.878910294607,248.4733347827159,243.94869633228106,245.2173614501953,134557500
2018-10-19,245.86507610708338,247.79024842316747,244.3923487966821,245.0843505859375,139901600
2018-10-22,245.74966193302623,246.06903477940648,243.45186148376848,243.9841766357422,82415800
2018-10-23,240.38233418460666,243.8600776777021,238.30630136589457,242.74221801757812,146352700
2018-10-24,242.4936915369687,242.87520076291182,234.8373258087181,235.3873748779297,177806700
2018-10-25,237.215004131383,241.14521847687237,236.19474905649375,239.61038208007812,138061500
2018-10-26,235.91973258608328,240.42661064396773,232.6992537277967,235.39627075195312,201574600
2018-10-29,238.47477285454744,239.7611989981916,230.5345014729558,234.0920867919922,160749100
2018-10-30,233.92351555366437,237.8714630180491,233.43554873806258,237.56094360351562,157116000
2018-10-31,240.11601576920168,242.40496252035763,239.64580997530842,240.09828186035156,128296300
2018-11-01,240.95898013324822,242.848684819211,239.87661546721097,242.65350341796875,99495000
2018-11-02,243.75356303564863,244.1794206815585,239.17569487216855,241.2162322998047,122634100
2018-11-05,241.70411669077308,243.0970003719423,240.73709055773415,242.5469512939453,65622500
2018-11-06,242.4848685099263,244.24147355438447,242.42275920086362,244.081787109375,60085900
2018-11-07,246.2465498701814,249.3871857628372,245.82069221661902,249.30734252929688,102752100
2018-11-08,248.50879828247398,249.49358541660058,247.71921955120257,248.8548126220703,65584900
2018-11-09,247.55063216223044,247.73693298178634,245.02215559814047,246.42391967773438,98812600
2018-11-12,245.91828536947241,246.15781505930968,241.30492242495654,241.8195037841797,99673600
2018-11-13,242.280801799956,244.26808305260565,240.64838833175432,241.36700439453125,98176600
2018-11-14,243.2300950162858,243.62931112227972,238.1642876570456,239.71685791015625,125335900
2018-11-15,238.45707181369804,242.68007202082123,236.88676747833273,242.21871948242188,135101400
2018-11-16,241.12738942688958,243.75344259238304,240.6128083080112,242.84852600097656,126668000
2018-11-19,242.24526170706753,242.53804720375695,237.82710852676735,238.74090576171875,103061700
2018-11-20,235.42288274939483,236.8778759571118,233.46221577650243,234.32278442382812,136021300
2018-11-21,235.8664768641583,237.01095059988435,235.11239291801454,235.12124633789062,75563700
2018-11-23,233.48880927282028,234.94380235022106,233.3912321412432,233.55091857910156,42807900
2018-11-26,235.79539491310717,237.54314575195312,235.40503239557148,237.32135009765625,79981400
2018-11-27,236.29232395519756,238.1199188232422,235.68904599528867,238.1199188232422,75502400
2018-11-28,239.1845077571015,243.6026611328125,238.05776818163093,243.6026611328125,127629600
2018-11-29,242.8309082939206,244.4633221477671,241.6953148706064,243.07046508789062,82346400
2018-11-30,242.91961870638872,245.11096219306737,242.60024576485566,244.55203247070312,98204200
2018-12-03,248.65964070422206,248.76609832822683,246.20215363452692,247.79019165039062,103176300
2018-12-04,246.96516855676538,247.39102621465597,239.45072621082807,239.76124572753906,177986000
2018-12-06,235.91967357759037,239.51275326269678,232.83226753635958,239.3974151611328,204185400
2018-12-07,239.06027046169717,240.6217208585205,233.0008238314252,233.83477783203125,161018900
2018-12-10,233.65732730537448,235.24539208197945,229.44320904863574,234.2783660888672,151445900
2018-12-11,237.46338922000294,237.64969005669067,232.86778808387422,234.33163452148438,121504400
2018-12-12,237.29481246340214,238.6522012238071,235.4317229496942,235.51156616210938,97976700
2018-12-13,236.45201779242177,237.3125864377424,234.3227838778724,235.4317626953125,96662700
2018-12-14,233.29365668777106,234.24294908760876,230.53453028646314,231.08457946777344,116961100
2018-12-17,230.13528484295244,231.24426368960766,224.92752451100824,226.5510711669922,165492300
2018-12-18,228.18346461499536,228.84885182471092,224.7056955526917,226.30262756347656,134515100
2018-12-19,226.38250915204682,230.13528986049326,221.21911056886134,222.9136199951172,214992800
2018-12-20,221.67149706528357,223.23293393474637,217.04926867673825,219.28497314453125,252053400
2018-12-21,220.18181530684748,222.8321364776318,214.14942822509974,214.79193115234375,255345600
2018-12-24,213.31063854385062,214.91689612055552,209.05407298607153,209.1165313720703,147311600
2018-12-26,210.57105762691342,219.6820831298828,208.5989279125675,219.6820831298828,218485400
2018-12-27,216.46072697864727,221.56503617697558,213.23929261778002,221.3687286376953,186267300
2018-12-28,222.71612651620765,224.34022131598698,219.92302387031256,221.08309936523438,153100200
2018-12-31,222.69832548812266,223.26051908414857,220.8332882654994,223.0195770263672,144299400
2019-01-02,219.50361636785237,224.1706882642769,219.47684654649836,223.2515411376953,126925200
2019-01-03,221.51144088559573,221.81485489677348,217.44226452889308,217.9241485595703,144140700
2019-01-04,220.94037491836352,225.86622746308464,220.5655837140163,225.22372436523438,142628800
2019-01-07,225.49141469210105,228.40051582840488,224.59905087670086,226.99951171875,103139100
2019-01-08,229.1768824554094,229.6141320120839,226.66040995079652,229.1322479248047,102512600
2019-01-09,229.83722205027829,231.04191864728134,228.61468798077402,230.20309448242188,95006600
2019-01-10,228.67717821153101,231.26502803517397,227.99897294347033,231.01516723632812,96823900
2019-01-11,229.94434164967387,231.13120098217834,229.36431051473255,231.10443115234375,73858100
2019-01-14,229.21260433942962,230.4976106801335,228.81105687845226,229.69448852539062,70908200
2019-01-15,230.0692251323306,232.63923705127664,230.06029278047396,232.326904296875,85208300
2019-01-16,232.75525327364485,233.77256114426123,232.55002701513308,232.88912963867188,77636700
2019-01-17,232.02350340495772,235.5126488760363,231.97886887854872,234.6559600830078,96118400
2019-01-18,236.4585701004151,238.24329770473705,234.69167996833485,237.7792510986328,127900300
2019-01-22,236.31576390264777,236.52992247827257,232.96046764303685,234.56671142578125,115531200
2019-01-23,235.59297988875502,236.28902257625495,232.60355565717606,235.05755615234375,86030300
2019-01-24,234.87906418069994,235.762522845976,233.8706887465937,235.18246459960938,59204100
2019-01-25,237.02074100226002,237.99344153026766,235.28064789407634,237.17245483398438,96883400
2019-01-28,235.03970281433,235.43231781289492,233.61191535787162,235.369873046875,85613700
2019-01-29,235.5126704132107,236.07483674202095,234.22766433893665,235.05755615234375,66136300
2019-01-30,236.56565691157263,239.61752596151732,235.80714220909275,238.77870178222656,92473700
2019-01-31,238.7162123476783,241.35760116657454,238.50202655014016,240.87571716308594,104012100
2019-02-01,241.0720697261744,242.00906803486546,240.20647577024255,240.99176025390625,85782500
2019-02-04,241.03636219764772,242.74971259966776,240.36708937749282,242.68724060058594,60744800
2019-02-05,243.11561117191027,244.00797502814757,242.6158895910401,243.70457458496094,79552800
2019-02-06,243.42793531214494,243.91872452251008,242.65158314207002,243.38330078125,58347800
2019-02-07,241.77706684167765,242.32139572551998,239.41230805498316,241.0631866455078,95482000
2019-02-08,239.8227232038639,241.45573664828157,239.00173668991644,241.3575897216797,75788900
2019-02-11,242.00910242961137,242.26786835499118,240.96502467617663,241.49151611328125,68021400
2019-02-12,243.09780467087796,244.97174722150217,243.02640030292272,244.5969696044922,72270200
2019-02-13,245.42683071953022,246.2299527449873,245.00741861705612,245.39112854003906,65277200
2019-02-14,244.31130186488124,245.9711122984601,243.49924773242807,244.8467254638672,83234400
2019-02-15,246.61368782804527,247.55068631399297,246.40846154879682,247.51498413085938,97088700
2019-02-19,246.72068831877638,248.59463001954094,246.7117559686361,247.94322204589844,59120800
2019-02-20,247.90759992306843,248.8981379613445,247.40787834381004,248.44302368164062,76610800
2019-02-21,247.8094616284365,248.1664017356935,246.60476493775758,247.55960083007812,64214700
2019-02-22,248.17524541095906,249.2906999904541,247.54167483498367,249.0944061279297,78114600
2019-02-25,250.51329725249707,251.03085626968215,249.35320798266986,249.4335174560547,69030700
2019-02-26,249.08554511228368,250.12959564734055,248.88029160707416,249.25509643554688,56844100
2019-02-27,248.5411668870653,249.49600273163364,247.613128101166,249.1479949951172,56921600
2019-02-28,248.93383603256655,249.37111287962617,248.36273727441204,248.68397521972656,69268300
2019-03-01,250.25442499082058,250.6470671139488,248.80880046147263,250.23658752441406,78880500
2019-03-04,251.28965783560562,251.53058626385302,247.04199732647075,249.32644653320312,106494600
2019-03-05,249.45138180546053,249.64770292882656,248.44300636420704,248.98733520507812,59114600
2019-03-06,249.1033413882174,249.1122737404231,247.15799490205438,247.47923278808594,75039800
2019-03-07,247.03313956745345,247.17592109008612,244.57023319221489,245.4090576171875,94885100
2019-03-08,243.56173838491776,245.08767261110944,243.09771908771646,244.91812133789062,85795800
2019-03-11,245.63215256995363,248.63048289483643,245.60538273608114,248.46986389160156,65098900
2019-03-12,249.0230284007584,249.92432451181233,248.8356396365524,249.40673828125,79667500
2019-03-13,250.29016700067777,251.98565249349073,250.12952084635302,251.05758666992188,80639200
2019-03-14,251.08439194209166,251.50380400720235,250.45975363695277,250.89700317382812,67518400
2019-03-15,251.4464293465867,252.9432256217653,251.2581878355714,252.13656616210938,81309000
2019-03-18,252.3517335915356,253.34663482057678,252.12765994162206,253.05084228515625,62199800
2019-03-19,254.10847232408358,254.87030079650296,252.22624833038137,253.1135711669922,90268100
2019-03-20,252.8984689770141,254.09950037015642,251.24929031690502,252.35171508789062,84609200
2019-03-21,251.5361388257631,255.6052967638512,251.49130768248756,255.2019805908203,79550400
2019-03-22,253.84851218600596,254.36835092558272,250.22747499256286,250.29022216796875,122659300
2019-03-25,249.94963816631585,251.13275344885716,248.84721345767517,250.10202026367188,85575200
2019-03-26,251.84980118259705,252.91639390365796,250.56810651871353,251.96632385253906,68125900
2019-03-27,251.95737095653882,252.539984349727,249.10716059048275,250.64878845214844,72224700
2019-03-28,251.2761173166963,252.0469173002357,250.12886168470223,251.59877014160156,56238500
2019-03-29,253.10456323488788,253.50787926259702,251.98419534780982,253.1852264404297,82186800
2019-04-01,255.17501552412202,256.4835976324492,254.90611080417543,256.18780517578125,77617900
2019-04-02,256.3760406254756,256.54633873826305,255.5245500615383,256.31329345703125,40070400
2019-04-03,257.52330374578105,257.9176754549509,256.11611502682194,256.7166442871094,68243200
2019-04-04,257.03931484795163,257.64878849405113,256.3491779856979,257.3978271484375,48997500
2019-04-05,258.0611822257197,258.69754380436206,257.77436135687617,258.6437683105469,58621700
2019-04-08,258.2223751008699,258.94837124448276,257.56807046100243,258.8408203125,53566300
2019-04-09,257.88185781115266,258.20451070581373,256.9676472568753,257.5143737792969,66142300
2019-04-10,257.9266401002401,258.4823656270723,257.51435231828697,258.3927307128906,52601500
2019-04-11,258.8767431671362,258.885714865524,257.756374978226,258.321044921875,55093100
2019-04-12,259.9253152331367,260.34657459676157,258.3657720946108,260.0687255859375,69727800
2019-04-15,260.140488185737,260.23909479705657,259.10078335831236,259.89849853515625,49596700
2019-04-16,260.776805655164,260.8305811183733,259.47716813790714,260.0687255859375,52153200
2019-04-17,261.1801918114328,261.2070795502625,259.020118949662,259.43243408203125,58268300
2019-04-18,260.0149561591169,260.21214197970477,258.72429030667405,259.9432373046875,68708500
2019-04-22,259.1815780757988,260.31986261920866,259.0919431256906,260.16748046875,40160100
2019-04-23,260.53476433886544,262.7396675350386,260.30174647100534,262.5066223144531,52246600
2019-04-24,262.42599484541284,262.75761933355165,261.78066190672433,261.924072265625,50392900
2019-04-25,261.82553404227406,262.41709166992746,260.5796989626639,261.7627868652344,57770900
2019-04-26,261.80766774254926,263.0535030588638,261.03684013482405,262.9818115234375,50916400
2019-04-29,263.0714205795363,263.9139396398111,262.98178565451457,263.3940734863281,57197700
2019-04-30,263.05340749405735,263.8152631258013,261.64624621968596,263.5284423828125,81111700
2019-05-01,264.1559192830297,264.3620768674727,261.53872727662645,261.5476989746094,71671900
2019-05-02,261.4311183473855,262.3453560513314,259.4951193512274,260.98297119140625,65030200
2019-05-03,262.4529060957811,263.8152635983207,261.09052124050993,263.53741455078125,56543700
2019-05-06,259.2531340651493,262.89208684427564,258.9394255801766,262.4529113769531,107198100
2019-05-07,260.0598124870552,260.6513700683735,256.1698981063263,258.0700378417969,144729900
2019-05-08,257.71160888671875,259.4145633124021,257.1200511141195,257.71160888671875,91568300
2019-05-09,255.6500378691589,257.53223405255756,253.92016904937915,256.9317321777344,103471100
2019-05-10,255.99962249136024,258.9753267004435,253.02391828227698,258.2224426269531,112429300
2019-05-13,253.1314596676614,254.0904738238759,250.8996681600601,251.73321533203125,127290500
2019-05-14,252.74607864369779,255.5335687769172,252.62061163645527,254.00985717773438,77003200
2019-05-15,252.3874776953057,256.13398084508157,252.18132018461094,255.49761962890625,73956400
2019-05-16,256.1967395916539,259.2172467723307,256.12504808840697,257.8638610839844,76749600
2019-05-17,255.56932681582998,258.6704969130999,255.55138342710202,256.19671630859375,100353000
2019-05-20,254.60131054907365,256.3042639400395,253.75879187147635,254.5027313232422,62877600
2019-05-21,256.1877708565927,257.17369999218766,255.93680956323482,256.7972717285156,46847100
2019-05-22,255.84724901110678,256.95864532113876,255.5335404986103,256.0085754394531,49482500
2019-05-23,253.79468821165935,253.83949198396766,251.47328933984457,252.88047790527344,98733800
2019-05-24,254.31445988049083,254.72677482916123,252.8355801982722,253.4540252685547,55268100
2019-05-28,253.73204752892224,254.6821176634975,251.07902304101822,251.09693908691406,70029400
2019-05-29,249.98549156030757,250.38880765637472,248.0136328037473,249.41184997558594,104972900
2019-05-30,250.16475488218688,250.99832958897656,248.99958292616304,250.0930633544922,62523800
2019-05-31,247.5565666663596,248.38114233820747,246.69610420085868,246.72299194335938,86862800
2019-06-03,246.75883021463042,247.87022661296436,244.76905538206495,246.0955810546875,96428000
2019-06-04,248.38111733847322,251.57192344018316,247.93297010674164,251.43748474121094,77231900
2019-06-05,253.0507933917185,253.6423509955208,251.24926019436202,253.61546325683594,71169700
2019-06-06,253.91123206198466,255.93683867710504,253.26589904097955,255.26461791992188,69430400
2019-06-07,256.2774339212914,258.8946254277593,256.10713580857265,257.8190612792969,74272200
2019-06-10,259.36074011961,260.6603781109152,258.9125928609169,259.0022277832031,60799100
2019-06-11,260.81279740028526,261.1802815256773,258.294211371417,258.9395446777344,58641300
2019-06-12,258.706403900747,259.26210199894365,257.9714359986725,258.4823303222656,47096300
2019-06-13,259.3875932507878,259.90745931903905,258.68848471461854,259.5489196777344,48945200
2019-06-14,259.26214599609375,259.8626479708,258.5002902294228,259.26214599609375,52324700
2019-06-17,259.4952480691052,260.12266533978766,259.19051113420795,259.3608093261719,39205700
2019-06-18,261.1712687189415,263.12518417352123,260.81272903505663,262.0765075683594,85434800
2019-06-19,262.21091089679237,263.19684018898215,261.24292499801845,262.66802978515625,78674400
2019-06-20,265.33905767145455,265.58104736339334,262.7308371362649,265.1777038574219,116570000
2019-06-21,264.90926466616133,266.1611589574299,264.57602721062443,264.79217529296875,83309500
2019-06-24,264.99936948825126,265.3145763201404,264.3148638254183,264.4679870605469,47582700
2019-06-25,264.52207026113314,264.5490887796047,261.7660714339262,261.8741455078125,82028700
2019-06-26,262.76575082413854,263.27011476224845,261.5048409788637,261.6129150390625,51584900
2019-06-27,262.3694314566564,263.044921742749,261.9911722884758,262.5405578613281,40355200
2019-06-28,263.5133757657171,264.38701137955024,263.0000237959339,263.89166259765625,59350900
2019-07-01,267.2058881698985,267.4220637118567,265.0893468337903,266.2872314453125,78705600
2019-07-02,266.24223128349144,267.0348109497761,265.40462992580103,266.98077392578125,61504500
2019-07-03,267.6563016219781,269.133387113011,267.51219370925975,269.1153564453125,40898900
2019-07-05,267.8904556118029,268.97125111423253,266.6025273362104,268.8091125488281,51677300
2019-07-08,267.5031576476492,268.6289747449363,266.7916335461484,267.33203125,45841800
2019-07-09,266.1791797032662,267.96245628769606,266.1251426846936,267.6652526855469,41101300
2019-07-10,268.7280352609248,269.8898862091427,268.1966528857291,268.9441833496094,58448500
2019-07-11,269.5836613281804,269.8178125905179,268.57493362213694,269.57464599609375,50826100
2019-07-12,270.06101270514915,270.85359234497,269.7547937508127,270.7815246582031,40326000
2019-07-15,271.213957036473,271.213957036473,270.36734003509866,270.8717041015625,33900000
2019-07-16,270.7815808274925,270.98874111270794,269.69179733956526,269.9980163574219,36650100
2019-07-17,269.9709674033634,270.1330784852856,268.16064453125,268.16064453125,36036300
2019-07-18,267.66536725428836,269.5207123148028,267.22405558512867,269.1424255371094,51392600
2019-07-19,270.2321804207565,270.25919893598274,267.4761819245853,267.6473083496094,58678600
2019-07-22,268.0435817376525,268.8451768651962,267.5302299272995,268.3047790527344,43638100
2019-07-23,269.42157698333074,270.22314453125,268.5929634364693,270.22314453125,44564500
2019-07-24,269.4665712532843,271.4930419921875,269.37650038995713,271.4930419921875,47213200
2019-07-25,271.0426920080247,271.09672902425126,269.394480555815,270.1960754394531,55394100
2019-07-26,270.8807132309819,272.2046757465596,270.75460847436517,272.00653076171875,45084100
2019-07-29,271.8893645581002,272.00645394595506,270.9616922741828,271.5110778808594,38126500
2019-07-30,270.11513800358495,271.2499708120001,269.73685123885383,270.84466552734375,45849000
2019-07-31,271.0877952542594,271.2769523537297,265.8730292190799,267.8814697265625,104245200
2019-08-01,268.034580410699,270.97970848614085,264.7561873361929,265.54876708984375,142646600
2019-08-02,264.65706920799585,264.90023578819864,262.0001300600495,263.54925537109375,116749700
2019-08-05,259.4694094216719,259.577483504722,253.73224779827058,255.62362670898438,178745400
2019-08-06,257.5059692772363,259.4243665522127,256.037898968751,259.20819091796875,120711700
2019-08-07,256.1458963970514,260.1267976833788,254.0203669444034,259.3612365722656,140572300
2019-08-08,260.847336151514,264.449951171875,260.2979505540792,264.449951171875,87713900
2019-08-09,263.51324043844005,264.10767516291054,260.87433176426345,262.64862060546875,93730000
2019-08-12,261.1535149881845,262.6395879585057,258.50559115636844,259.4512939453125,65527600
2019-08-13,259.1540343170127,264.9272266621899,258.8117815826576,263.4861755371094,94299800
2019-08-14,259.4512943212401,260.0547168532412,255.56947942671005,255.695556640625,135622100
2019-08-15,256.57825401490027,257.2627596852036,254.33563489141036,256.37109375,99556600
2019-08-16,258.019294138563,260.5861353169893,256.42511942287445,260.1538391113281,83018300
2019-08-19,263.1620087111855,263.9635762174009,262.4865184312846,263.2880859375,53571800
2019-08-20,262.78369081572106,263.3150731411027,261.14452215391043,261.2705993652344,51596400
2019-08-21,263.4232282308441,263.76545358018495,262.7387225606181,263.3962097167969,49524700
2019-08-22,264.09871638415376,264.72915753530043,261.54985080842727,263.31512451171875,51666400
2019-08-23,262.0181206424606,263.6753197356501,255.3082412696047,256.5511474609375,149161500
2019-08-26,258.73075758618586,259.38824462890625,257.208650757384,259.38824462890625,72423800
2019-08-27,260.7753021102791,261.1445734568892,257.6139985597237,258.37054443359375,66668900
2019-08-28,257.71305228068184,260.3519609162439,256.91145732757764,260.1898498535156,59696700
2019-08-29,262.73872607625174,264.035669739417,261.7389860715827,263.5132751464844,57899400
2019-08-30,264.9903570171277,265.00836019790177,262.4685374201458,263.3962097167969,62901200
2019-09-03,261.7029833463762,262.61262500129374,260.53211690558965,261.8560791015625,69101400
2019-09-04,264.01772500798256,264.8463112904694,263.27016680088786,264.82830810546875,46887300
2019-09-05,267.30502430433256,269.1423380968448,264.792192738452,268.2326965332031,83258100
2019-09-06,268.5480124555917,269.07939501172183,267.87252196268025,268.4399108886719,49584300
2019-09-09,269.42153725651303,269.51158062995825,267.63823319286826,268.5749206542969,51260300
2019-09-10,267.81838089006624,268.57495421337273,266.5664864936177,268.51190185546875,57947100
2019-09-11,268.8181325505572,270.5023507072399,268.16966073499134,270.4212951660156,68821100
2019-09-12,271.3218458054563,272.41162875981524,270.56530022249757,271.3578796386719,72908700
2019-09-13,271.79927919493423,272.1505473397734,270.80855460332793,271.1778259277344,62104800
2019-09-16,270.0520246738491,271.22289107314236,269.70078399410147,270.3402404785156,58191200
2019-09-17,270.142038313085,271.1147320905333,269.9709119331818,271.0246887207031,41475500
2019-09-18,270.6374764872449,271.29496371666545,268.6110052506445,271.1868896484375,73375800
2019-09-19,271.57409786721047,272.5648223935264,270.8355552670686,271.1687927246094,76560500
2019-09-20,271.76966399396616,272.0501814736541,269.1004817738623,269.8876647949219,89565000
2019-09-23,269.2270694354284,270.5390591956708,268.97372292597385,269.8242492675781,43476800
2019-09-24,270.9100462786687,271.29910921668215,266.74790122291455,267.7070007324219,94869400
2019-09-25,267.78841257718466,269.73375474914366,266.31356316285877,269.2904052734375,71854000
2019-09-26,269.2995594440009,269.507648809653,267.32707327813137,268.7295227050781,56179700
2019-09-27,269.4803655720865,269.58896629529414,265.7344551958796,267.28167724609375,84746600
2019-09-30,267.7974620299853,269.2270541925325,267.7522324322751,268.52130126953125,51662400
2019-10-01,269.3990516504339,270.0505182065115,265.11024626366753,265.327392578125,88242400
2019-10-02,263.7529391947368,263.7619961590738,259.35556210753964,260.640380859375,122539500
2019-10-03,260.41421121100484,262.8029306373284,257.70882934443205,262.7757873535156,85278800
2019-10-04,263.42725373830876,266.5850420764219,263.37293955799163,266.3316955566406,65091200
2019-10-07,265.5354464421896,267.1550692865488,264.9020663585836,265.18255615234375,59610500
2019-10-08,263.3367631205743,264.06965938553134,261.02947357933596,261.065673828125,95708100
2019-10-09,263.0743985044532,264.47684770935257,262.45007528092935,263.5448913574219,62359400
2019-10-10,263.4634797451511,266.2050624159976,263.30062000930803,265.327392578125,55296300
2019-10-11,268.06888493024525,270.30377370590077,267.95128245800737,268.07794189453125,98720400
2019-10-14,267.7613050131464,268.4308854111592,267.4355855865738,267.7794189453125,40394800
2019-10-15,268.8199757891408,271.17249535642475,268.702345668871,270.4305419921875,46754500
2019-10-16,269.9691030471046,270.6839131880785,269.5619536853145,269.9962463378906,48928200
2019-10-17,271.154339092206,271.66103213680316,270.1047527533405,270.79241943359375,45736600
2019-10-18,270.2586137211803,270.901023258945,268.7566207357212,269.6071472167969,64304000
2019-10-21,270.91909208308124,271.633874396673,270.48477194824056,271.434814453125,39048600
2019-10-22,271.96863087406336,272.2581776094596,270.45760889672664,270.548095703125,48594700
2019-10-23,270.2947977198641,271.3896137194795,270.08668078906885,271.3353271484375,34352200
2019-10-24,272.2672627207654,272.4120361034301,270.95527292409713,271.7786560058594,35453100
2019-10-25,271.2085743945086,273.4344337189904,271.15428783661343,272.89154052734375,45205400
2019-10-28,274.104059618288,274.9274427834081,274.0769163320841,274.4297790527344,42147000
2019-10-29,274.15832464822154,275.27125452053383,274.0316375807567,274.34832763671875,44284900
2019-10-30,274.5474127172058,275.56079889886877,273.24447973715274,275.1898498535156,49643900
2019-10-31,275.1807761315872,275.1807761315872,273.00923050128966,274.4569091796875,69053800
2019-11-01,275.8955777764334,277.04468028616344,275.7326904592425,276.99945068359375,71141500
2019-11-04,278.5466553353853,278.68237174713806,277.74135860448837,278.1123352050781,60606900
2019-11-05,278.31141105889066,278.6100147945176,277.5151712474853,277.8047180175781,42933200
2019-11-06,277.8047289739284,278.13950535949533,276.9270592762012,277.8680725097656,46487100
2019-11-07,279.19810510600064,280.1752908251547,278.374722106779,278.84521484375,54272300
2019-11-08,278.50139799497526,279.5871845138949,277.80470200649904,279.53289794921875,49032100
2019-11-11,278.1575846131219,279.17097060937425,278.0218405924795,278.9990539550781,35797300
2019-11-12,279.36104647935787,280.48300589473985,278.8181530932133,279.5872497558594,46484600
2019-11-13,278.60091337809416,280.0757626644481,278.37471017743115,279.6776428222656,53917700
2019-11-14,279.3971693561255,280.16626580577037,278.76378931225406,280.0848083496094,51219900
2019-11-15,281.41487922509714,282.1568323800713,280.7272402441399,282.1116027832031,62023600
2019-11-18,281.87641361689356,282.55502341704454,281.4240070834595,282.31976318359375,49228000
2019-11-19,282.91689092495204,282.92594789001487,281.59587182260094,282.23828125,67804700
2019-11-20,281.6501841603827,282.16593418758833,279.6414982342091,281.188720703125,79406200
2019-11-21,281.29733539676613,281.4059085420427,279.94011585540426,280.736328125,54664700
2019-11-22,281.47822579148874,281.6139421962558,280.35626669515204,281.360595703125,44850200
2019-11-25,282.2835839904739,283.541259765625,282.2835839904739,283.541259765625,48647200
2019-11-26,283.5774455384936,284.3646284301698,283.2607554660706,284.18365478515625,37569000
2019-11-27,284.66322888151734,285.450439453125,284.44608257911733,285.450439453125,44444600
2019-11-29,284.88942079536815,285.13373798853377,284.1655814077503,284.39178466796875,36592700
2019-12-02,284.64510327178596,284.7084468054774,281.55065843888804,281.9759216308594,75767800
2019-12-03,279.27048230227246,280.16626580577037,277.8951767026078,280.0848083496094,73941700
2019-12-04,281.1254102128774,282.4102292100744,280.78157685476225,281.81304931640625,49080000
2019-12-05,282.50979380878255,282.52788012954665,281.0168301582875,282.31976318359375,40709000
2019-12-06,284.21985826013315,285.296587950962,284.2108012939693,284.8984680175781,48927000
2019-12-09,284.50943972031905,285.1789925931911,283.93034606930155,284.00274658203125,34838500
2019-12-10,283.94837758133656,284.6088732952171,283.03450775915456,283.68597412109375,52649800
2019-12-11,284.1383512229646,284.7445879245337,283.6045150056367,284.4912414550781,53429100
2019-12-12,284.5002926440261,287.72142412265157,284.26506008392175,286.94329833984375,96389600
2019-12-13,286.7080880016024,288.33676795280417,285.93899143681557,287.1152648925781,81503900
2019-12-16,288.8343915151686,289.67586093311127,287.051908896003,289.0877380371094,82749700
2019-12-17,289.46775204589784,289.7663281501422,289.06963216510667,289.15106201171875,61097700
2019-12-18,289.54013554774133,289.766338778638,289.11487236914763,289.1691589355469,48133000
2019-12-19,289.35919234435806,290.42689269211144,289.10584580362206,290.3544921875,85310500
2019-12-20,291.3819230502159,292.754916750099,290.4090343656645,291.62744140625,147142100
2019-12-23,292.409389830018,292.4639432977859,291.92748236576335,292.0729675292969,52990000
2019-12-24,292.3003367139843,292.3457886960071,291.782050926303,292.0821228027344,20270000
2019-12-26,292.46394678754814,293.6460033496912,292.4548730417836,293.63690185546875,30911200
2019-12-27,294.3642718901657,294.4188253533874,293.0367580376793,293.5641174316406,42528800
2019-12-30,293.64599037883215,293.7823740438549,291.4637407446412,291.9456481933594,49729100
2019-12-31,291.44551040796875,292.90033397291086,291.09998668959423,292.6548156738281,57077300
2020-01-02,294.1825094519957,295.4100181767864,293.2641463451921,295.3918151855469,59151200
2020-01-03,292.01848272129286,294.2734616635699,291.9639292406983,293.1550598144531,77709700
2020-01-06,291.40915060001015,294.3551761359796,291.29094218905,294.2733459472656,55653900
2020-01-07,293.7096802968142,294.1825141011181,293.0004573388211,293.4460144042969,40496400
2020-01-08,293.63695478138766,296.21925449633176,293.3914641292551,295.00994873046875,68296000
2020-01-09,296.5647856086365,297.0830714131627,295.9828448284393,297.01031494140625,48473300
2020-01-10,297.5922581006665,297.7468170445733,295.69190455067536,296.1556091308594,53029300
2020-01-13,296.77387604888196,298.20139552344506,296.34652203143133,298.19232177734375,47086800
2020-01-14,297.7558156184295,298.8014606220253,297.1829765277459,297.7376403808594,62832800
2020-01-15,297.6468374784499,299.16528905194366,297.5650072512976,298.4106140136719,72056600
2020-01-16,299.78355255111995,300.8928527832031,299.55623715723783,300.8928527832031,54050300
2020-01-17,301.6021218272131,302.03854969119607,300.8292438201229,301.8294372558594,95846000
2020-01-21,300.8745822511255,302.03843569659693,300.8018535507326,301.23828125,77742400
2020-01-22,302.093018484724,302.7386140999866,301.1201298116937,301.2746887207031,48914900
2020-01-23,300.62914750870215,302.02941805033095,299.51984731959936,301.6202392578125,51963000
2020-01-24,302.27489868037776,302.35672888648327,297.65583466927774,298.9378967285156,87578400
2020-01-27,293.71876411583315,295.6191174690561,293.38234177437914,294.1461181640625,84062500
2020-01-28,295.5645514816852,298.10139892647504,294.23703741404154,297.228515625,63834000
2020-01-29,298.5832802273967,298.8105955905337,296.78293256190744,296.98297119140625,53888900
2020-01-30,294.92805295887075,298.155948000126,294.1824796021824,297.9468078613281,75491800
2020-01-31,297.3285728012533,297.4831594979668,291.62751199111693,292.5367736816406,113845600
2020-02-03,294.0096870424728,296.5647094244046,293.8914786175827,294.7098083496094,69083000
2020-02-04,298.3014390790439,300.06540868055777,297.9831919914277,299.20159912109375,62573200
2020-02-05,302.12027738152585,302.8658783940737,300.6654813306938,302.65673828125,65951100
2020-02-06,303.611485421549,303.866077510334,302.6021908116986,303.6751403808594,50359700
2020-02-07,302.62043938821614,303.68425987543606,301.5111391738703,302.05670166015625,64139400
2020-02-10,301.17464943831084,304.3752394273112,301.138271214443,304.31158447265625,42070000
2020-02-11,305.6573495767884,306.4393011485693,304.31163256555146,304.8390197753906,54864500
2020-02-12,306.2665203619199,307.01212140657594,305.90282133354975,306.8030090332031,43992700
2020-02-13,305.384583005048,307.4395230692545,305.11181562858764,306.4757080078125,54501900
2020-02-14,306.8848140935639,307.08485270504895,305.69368391786554,306.9666442871094,64582200
2020-02-18,305.9754985333176,307.03024486630665,304.7934423117239,306.175537109375,57226200
2020-02-19,307.13944365167055,308.31237098409207,306.8575748122398,307.6395263671875,48814700
2020-02-20,307.0938762204372,307.91223351894865,303.40227787921367,306.3755798339844,74163400
2020-02-21,305.0298800362003,305.33902553887464,302.4021016407909,303.220458984375,113788200
2020-02-24,293.8188541378528,303.29334599900153,292.0912346204087,293.1641845703125,161088400
2020-02-25,294.5461478579809,295.15533747281677,283.40769541596455,284.28057861328125,218913200
2020-02-26,285.671768973568,289.2451599784566,282.5075567395727,283.2349548339844,194773800
2020-02-27,277.7429854148297,283.28948562315003,270.5143737792969,270.5143737792969,284353500
2020-02-28,262.50379323523845,270.85990822902744,259.63052370677684,269.3778076171875,384975800
2020-03-02,271.1508409072188,281.1072645783154,267.7411105744401,281.0436096191406,238703600
2020-03-03,281.41641279396447,285.36260407327984,270.5689305856393,272.99664306640625,300139100
2020-03-04,278.343143597917,284.68979925998445,275.8062960824147,284.4715576171875,176613400
2020-03-05,277.3065850334191,280.4798988206558,272.78755422327566,275.0152282714844,186366800
2020-03-06,266.5499879663746,271.66913435903734,263.89496007700336,270.4689025878906,228667200
2020-03-09,250.31969051543348,258.4030389140831,248.63757886753456,249.3468017578125,309417300
2020-03-10,258.81213904591675,262.3400494352902,248.68295526363653,262.2491455078125,276444100
2020-03-11,255.22972362169153,256.35719904402856,246.30076870068223,249.46498107910156,255316300
2020-03-12,232.7709352018375,242.46366575529143,225.2058731481479,225.59686279296875,392220700
2020-03-13,239.21761484421114,246.8463324718078,225.96968144230854,244.88232421875,329566100
2020-03-16,219.29568561096787,233.5892777421095,215.8223138369543,218.0863800048828,297240000
2020-03-17,222.80540507714687,232.92550266983105,215.55860455740523,229.8612823486328,262070500
2020-03-18,214.81303238868713,225.8332774835406,207.3298140234867,218.22276306152344,327597100
2020-03-19,217.5408131695705,224.93311358035257,211.14870595523684,218.6864776611328,289322000
2020-03-20,221.8199586864963,223.5943010918498,208.98800484466545,209.26239013671875,347158800
2020-03-23,208.7044633697625,210.06722076037724,199.62239599139812,203.9119110107422,326025200
2020-03-24,214.40243776362843,223.2558517852743,213.8353851846469,222.386962890625,235494500
2020-03-25,223.96007962163839,234.45979059408683,219.27729064392412,225.71612548828125,299430300
2020-03-26,228.21300077805662,240.35898040936877,227.78313388518464,238.8956298828125,257632800
2020-03-27,231.64284363681386,238.53898394691296,229.61241213301977,231.780029296875,224341200
2020-03-30,233.8653344995222,240.02064431878614,231.88063620581642,239.3072509765625,171369500
2020-03-31,238.31032714142557,240.84378198565145,234.34093062328688,235.7402801513672,194881100
2020-04-01,226.8045329870279,235.6579474427776,223.07292993104878,225.13079833984375,189554600
2020-04-02,224.252747795184,231.10315309023304,223.70397738828532,230.32574462890625,177660400
2020-04-03,229.34714837779504,231.68855710462185,224.2802250645069,226.99661254882812,135561200
2020-04-06,235.82254896003673,244.20036249851938,226.97829031503124,242.2430877685547,188061200
2020-04-07,250.79471214197147,251.5446975810157,242.27058474607313,242.49008178710938,201427200
2020-04-08,245.0784176857371,252.43187579591768,242.5998371553158,250.63009643554688,153774500
2020-04-09,253.87691974147597,257.1878247130065,251.94710992928742,254.44400024414062,189999200
2020-04-13,253.47449486500906,253.81289538631447,248.23378055613196,252.12086486816406,114839100
2020-04-14,256.9866545266391,260.5719034927361,251.9837459245979,259.55670166015625,134143400
2020-04-15,253.86783290758441,259.6938833213936,251.9379948776648,254.04161071777344,121775000
2020-04-16,255.3127938160503,256.1176532468764,252.21228749913905,255.26707458496094,131798300
2020-04-17,261.01094510010387,262.7669775669255,258.28540206750915,262.1633605957031,146684800
2020-04-20,258.4773542258276,262.3004368896552,257.32496712241556,257.5444641113281,100109300
2020-04-21,253.09950011214448,254.29763444548425,248.7916760256004,249.72459411621094,126385700
2020-04-22,254.5811186489094,257.0048240406344,253.26408101876103,255.26707458496094,92951600
2020-04-23,256.5384258881297,259.69383510664437,254.94701667094412,255.2488250732422,104709700
2020-04-24,256.75789725188434,259.4742839523444,254.7183114958531,258.8066101074219,85063200
2020-04-27,260.7731425647639,263.6541534426872,260.3158383647242,262.538330078125,77896600
2020-04-28,266.1693127773217,266.5168684172385,261.02921830056937,261.3310546875,105270000
2020-04-29,266.63576694119143,269.69971044755005,265.61141007125656,268.17230224609375,118745600
2020-04-30,266.80036532536803,268.27289912485736,263.94679204552654,265.6754150390625,122901700
2020-05-01,260.9468927193291,265.84005272314266,257.48051943539275,258.64208984375,125180000
2020-05-04,256.7671721920407,259.6573382982621,255.2946659571926,259.35552978515625,80873200
2020-05-05,262.1633243825663,264.5504385375619,259.4835009746892,261.7517395019531,79569900
2020-05-06,263.44379036734006,263.82791023422936,259.5475499619621,259.9774169921875,73632600
2020-05-07,263.1785007061858,265.03515417332994,262.6114481071013,263.1144714355469,75250400
2020-05-08,266.2332909565574,267.9344766802259,265.1083128503956,267.468017578125,76452400
2020-05-11,265.5473917828157,268.8948617788462,265.12667974630995,267.52294921875,79514200
2020-05-12,268.7027718058145,269.1143287808688,262.05355181087856,262.1907653808594,95870800
2020-05-13,261.63276326538846,262.6662747752704,255.13904085778958,257.5536193847656,144721100
2020-05-14,255.1299635672098,260.7639254068416,249.67887870539946,260.6358947753906,121977900
2020-05-15,258.25786364656517,261.87970361161774,257.3158184969402,261.833984375,111146300
2020-05-18,268.0259508942396,271.4100127656581,267.70586031884966,269.8094482421875,119703800
2020-05-19,269.2148881042302,270.9160456986361,267.01983434205823,267.0381164550781,95189300
2020-05-20,270.55947454613386,272.43441067742714,270.33082243687204,271.5746765136719,85861700
2020-05-21,271.4465508488892,272.25141045767714,268.6112601039771,269.69964599609375,78293900
2020-05-22,269.4161179191645,270.3856002837618,268.18139138715867,270.2118225097656,63958200
2020-05-26,276.147685456707,276.3854925534355,270.2301684648863,273.5410461425781,88951400
2020-05-27,276.32145242701677,277.6476456136954,271.5197588989895,277.6110534667969,104817400
2020-05-28,278.6353508202171,280.6383447830718,276.4311419598092,277.09881591796875,90405200
2020-05-29,276.6323411356739,278.9188612453655,273.8976720162019,278.3335266113281,119090800
2020-06-01,277.69336979462093,280.06220196111565,277.18119137546694,279.45855712890625,55758300
2020-06-02,280.3730508804007,281.8181470459952,279.04688612365226,281.77239990234375,74267200
2020-06-03,283.74802731711804,286.47356968873544,283.47365603310084,285.5223693847656,92567600
2020-06-04,284.54383932823725,286.27246280473963,282.6871851747551,284.7724914550781,75794400
2020-06-05,290.1412042675265,293.83620174403694,290.0771749870268,292.0710144042969,150524700
2020-06-08,292.87586716507536,295.79346983737577,292.33625162443076,295.6014099121094,73641200
2020-06-09,292.9489483181037,295.674490365222,292.08921451504034,293.3971252441406,77479200
2020-06-10,293.9734045940547,294.86057573896727,291.0466469438034,291.7600402832031,95000800
2020-06-11,284.8639052224834,285.49498720882065,274.3916564962647,274.9403991699219,209243600
2020-06-12,281.918748600243,282.68701593708937,273.101942381713,278.2328796386719,194678900
2020-06-15,272.57156280032103,281.95545314075946,271.4008652615078,280.8304748535156,135782700
2020-06-16,288.5406708977013,288.6870115925263,281.3975814568818,286.23583984375,137627500
2020-06-17,287.25099246962446,287.5436737805925,284.3150801698456,285.0467834472656,83398900
2020-06-18,283.53770864356693,285.63214141110257,283.0804045248097,285.15655517578125,80828700
2020-06-19,288.606893993327,288.7997990416287,281.5885255828859,283.52685546875,135549600
2020-06-22,282.9297852607961,285.74080016258773,281.79068924514235,285.3457946777344,74649400
2020-06-23,287.9822882833986,288.9101167071253,286.25525352949296,286.6594543457031,68471200
2020-06-24,284.62921561406836,285.24471199491313,277.5190059080618,279.3470764160156,132813500
2020-06-25,278.77755738775835,282.60826932957065,276.7657488767601,282.34185791015625,89468000
2020-06-26,281.2487273580822,281.4600230740783,275.0571489247479,275.6358642578125,127961000
2020-06-29,276.88516190649545,279.82477053732015,274.6069420891826,279.6869812011719,79773300
2020-06-30,279.25529183832805,284.9600240795426,279.09913989679006,283.26971435546875,113394800
2020-07-01,284.3812217292925,286.5124569965103,283.9219052338294,285.25390625,72396500
2020-07-02,288.6712011809494,290.01242543532555,286.1633512394865,286.82476806640625,69344200
2020-07-06,290.6278998033505,291.83130671638787,289.8838093619901,291.2525634765625,61713800
2020-07-07,289.71844493786637,291.68430474186584,287.87198386046487,288.2486267089844,82910000
2020-07-08,289.0111086325023,290.5636006128082,287.25654430949635,290.453369140625,54638600
2020-07-09,291.05960293018705,291.2984564209568,285.4008217135947,288.7997741699219,83354200
2020-07-10,288.7354514375294,292.01497701546276,287.31158191825944,291.7485656738281,57550400
2020-07-13,294.081988558485,296.45204937769444,288.57019052506786,289.222412109375,102997500
2020-07-14,287.8076278547291,293.74201557346794,286.6134164997587,292.9703674316406,93657000
2020-07-15,296.176480597415,296.75522389579646,293.2919594068963,295.66204833984375,87196500
2020-07-16,293.769630017324,295.13838410027176,293.1265757580528,294.6882629394531,54622500
2020-07-17,295.6896177123011,296.3234767747621,293.723729481606,295.5426330566406,62774900
2020-07-20,295.2761374776364,298.67509008942426,294.5320471440715,297.9309997558594,56308800
2020-07-21,299.887775262516,300.3287011916338,297.5819972984977,298.56494140625,57292200
2020-07-22,298.20667510548435,300.57676422399317,298.09644361801094,300.264404296875,57792900
2020-07-23,299.9061432651097,300.6043133781374,295.32217315904694,296.6817321777344,75738000
2020-07-24,294.83533766379713,295.7906960099343,293.2736500051928,294.7710266113281,73766600
2020-07-27,295.45990925427805,297.0950747233561,294.6698703686147,296.9205322265625,48293000
2020-07-28,296.19487323057496,297.30643950213306,294.7434452210572,295.03741455078125,57495000
2020-07-29,295.9100253712527,299.2263047193863,295.8732722055928,298.6659240722656,48454200
2020-07-30,295.70792971724495,298.0137073048075,293.63183839287296,297.6003112792969,61861700
2020-07-31,299.38247841301813,300.05309057149844,295.1843190245131,299.9520263671875,84986800
2020-08-03,301.6055644080118,302.79977597987823,301.0635743540446,302.0373229980469,53077900
2020-08-04,301.1830061675054,303.2040100097656,301.1830061675054,303.2040100097656,41917900
2020-08-05,304.499247726503,305.344402327558,304.23283633651965,305.087158203125,42697700
2020-08-06,304.5084445350137,307.24595264171285,304.1869174123309,307.12652587890625,43679400
2020-08-07,306.16191029309186,307.6317282447456,305.2616401395231,307.3469543457031,57308300
2020-08-10,307.7971742288162,308.4493958165676,305.8680393000417,308.26568603515625,44282100
2020-08-11,309.44158091644624,310.07544003010565,304.99539985279966,305.7210998535156,69601100
2020-08-12,308.1462545152505,310.755168860554,308.11869664674026,309.9835205078125,53774400
2020-08-13,309.2210868443049,310.7276586457943,308.5045541186952,309.4231872558594,41816100
2020-08-14,309.0372456238224,309.96507366883924,308.31151790441976,309.4322509765625,47260400
2020-08-17,310.4428410719962,310.8102886684304,309.4415344570698,310.415283203125,35481000
2020-08-18,310.81033073952744,311.5085008913745,309.22108532762326,311.0859375,38733900
2020-08-19,311.4625096622481,311.97694190316844,309.23023818456306,309.7906188964844,68054200
2020-08-20,308.0727671388715,311.23286708334615,307.9441730893931,310.75518798828125,42207800
2020-08-21,310.4244179395397,312.07794581811294,310.084500243841,311.85748291015625,55106600
2020-08-24,314.2827768358285,315.09117851403107,311.8300419618534,315.0177001953125,48588700
2020-08-25,315.5779440608495,316.20260767497933,314.42045769067664,316.11993408203125,38463400
2020-08-26,316.70788938447674,319.55562896318577,316.16589933451434,319.28924560546875,50790200
2020-08-27,320.1527714738535,321.4296566689116,318.3338681796613,319.9873962402344,58034100
2020-08-28,321.00706390510135,322.1829128264426,319.8220196842775,322.0542907714844,48588900
2020-08-31,321.84305088658607,322.715735344681,320.65800656366764,320.8876647949219,66099200
2020-09-01,321.7144876310069,324.01107036337214,320.82341240947085,323.9100341796875,54908700
2020-09-02,325.811514381806,329.559523949686,324.67239062235956,328.594970703125,69540000
2020-09-03,326.9139385366805,327.38245036251664,314.7144927720197,317.28668212890625,148011100
2020-09-04,317.96643711549046,319.52809635719643,307.62262081365446,314.69610595703125,139156300
2020-09-08,309.31290219076556,314.76041705680797,305.79455021998007,306.0976867675781,114465300
2020-09-09,310.0845768752643,314.5950685448863,309.2210595597669,312.142333984375,91462300
2020-09-10,314.0071032105712,314.65932471702587,305.76696501281884,306.72235107421875,90569500
2020-09-11,308.49540445893774,309.551827020083,304.06758575680686,306.87860107421875,84680200
2020-09-14,310.0293657621418,312.68422793413146,307.0254466851529,310.9204406738281,65605700
2020-09-15,313.3641091586168,314.19087331685137,310.92973712374885,312.4914245605469,52920900
2020-09-16,313.7224070840924,315.1462772122179,310.97567498046277,311.25128173828125,82096000
2020-09-17,306.41925059089203,310.22240503175595,305.8956230024617,308.51373291015625,91523300
2020-09-18,309.3152200755453,309.4258928149711,302.49012905972876,304.9619140625,105877900
2020-09-21,300.3965164700501,301.7154136216698,296.73494295950627,301.5678405761719,99450800
2020-09-22,303.04342914695485,305.19239924460896,300.5439485694505,304.6390075683594,63612100
2020-09-23,305.19248294549067,305.46919293283975,297.0761632901137,297.57421875,93112200
2020-09-24,296.2645346304888,301.4110140489383,294.95484153622937,298.3674011230469,76681300
2020-09-25,297.51886972503877,303.9750423791619,296.6519238635727,303.19110107421875,71069400
2020-09-28,307.3321647407757,308.9369752665523,306.3452862039653,308.226806640625,64584600
2020-09-29,308.0239809607782,308.76181796353166,305.85654606350835,306.54827880859375,51304000
2020-09-30,307.2123829038959,312.0084084790107,307.018705591418,308.87255859375,104081100
2020-10-01,311.4549953869998,312.4234100301672,308.9832103165565,310.8554992675781,88698700
2020-10-02,305.9302627773023,310.8277270180738,305.4598756326697,307.90399169921875,89431100
2020-10-05,309.95157659995147,313.54858090194296,309.9054723466813,313.3641357421875,45713100
2020-10-06,313.50250890517106,315.5869392662672,308.4021338856836,308.9093933105469,90128900
2020-10-07,311.85146494707334,315.0887821811793,311.82379677185315,314.286376953125,56999600
2020-10-08,316.2141269777659,317.13643737983216,315.301020539978,317.0718688964844,45242500
2020-10-09,318.7135321923036,320.3644754439447,318.09560007830606,319.9033203125,59528600
2020-10-12,322.43044687423406,326.5162746526731,321.9416235525097,325.0498046875,80388500
2020-10-13,324.91142804821567,325.08666923359056,321.96925633166603,322.928466796875,73255500
2020-10-14,323.50030508369025,324.588624372676,320.1707787470456,320.8993835449219,57727900
2020-10-15,317.0072439350563,320.98239880801316,316.4723163816997,320.5028076171875,60357700
2020-10-16,321.84935479813737,323.50029791303143,320.1338713616603,320.3091125488281,89501900
2020-10-19,321.5634874612231,322.19065172366453,314.54471943593575,315.4393615722656,68425600
2020-10-20,316.77665329081066,319.9309665581509,316.0203803185693,316.702880859375,60051900
2020-10-21,316.6567571723614,318.81498786798693,315.7990154182925,316.1033935546875,63575000
2020-10-22,316.3154741888246,318.4183401585938,314.1849400410323,317.8372802734375,55399300
2020-10-23,319.0547837817538,319.1101201460179,316.47232629384683,318.91644287109375,49143900
2020-10-26,315.54997848902946,316.33394775174224,309.54573036057326,313.0228576660156,91473000
2020-10-27,313.36409103210644,313.69610916029956,311.73158412847806,311.9437255859375,65994100
2020-10-28,306.2992612343689,311.9714640421637,300.79306752806804,301.2818908691406,127094300
2020-10-29,301.5124340067126,307.49821826025516,299.83382266999,304.34393310546875,90597700
2020-10-30,302.77604515722487,304.07650614801975,297.5373290450951,301.1712341308594,120287300
2020-11-02,304.54681396484375,306.5389790620521,301.81675573433955,304.54681396484375,86068300
2020-11-03,307.76571701813515,311.9714496081248,304.62986772162367,309.9239196777344,93294200
2020-11-04,314.37865106265446,320.90862324436983,313.20732720493976,316.8504638671875,126959700
2020-11-05,322.10762748046125,324.8284540169857,321.757145076795,323.0299377441406,82039700
2020-11-06,322.743913266714,324.2011787463179,320.64104771167314,322.9560546875,74973000
2020-11-09,335.693318037009,336.07146867931255,326.55321857844086,327.0143737792969,172304200
2020-11-10,326.02741100790297,327.5861174374779,323.2789447318522,326.5346984863281,85552000
2020-11-11,328.71134641817173,329.7812296172515,327.4754541399261,328.96038818359375,58649000
2020-11-12,327.9550970682561,329.0065443622718,323.9707378060497,325.76922607421875,67546200
2020-11-13,327.6692037314988,331.0171949671076,327.1527121622969,330.27935791015625,62892200
2020-11-16,332.9355686346887,334.59571584824243,331.65354385962263,334.40203857421875,74541100
2020-11-17,332.0040195958482,333.8025358299785,330.5006493949441,332.603515625,66111000
2020-11-18,332.87100914114745,333.41516883301097,328.56380771525403,328.6007080078125,70591300
2020-11-19,327.9734711162287,330.35301874563146,326.63611023732454,329.9841003417969,59940900
2020-11-20,329.7258822189603,329.9287915800389,327.650684358841,327.7244567871094,70417300
2020-11-23,329.52295577874605,330.9433212326786,327.3001850306235,329.68896484375,63230600
2020-11-24,332.22539331938475,335.54571610904793,331.3768835849959,335.0015563964844,62415900
2020-11-25,334.9185638972504,334.94623208204837,333.3967574400062,334.4850769042969,45330900
2020-11-27,335.573402977946,335.8869851273918,334.41128290018645,335.4166259765625,28514100
2020-11-30,334.64187053638915,334.90934843385025,331.26623923653534,333.93170166015625,83872700
2020-12-01,337.16896165443563,339.1150227531008,336.57866958962217,337.583984375,74231400
2020-12-02,336.47726746171054,338.45099696751333,335.90543955018524,338.2942199707031,45927000
2020-12-03,338.1926416718821,339.5853388514051,337.10432257035757,338.2018737792969,62882000
2020-12-04,338.7830112476437,341.116455078125,338.690774592366,341.116455078125,50749900
2020-12-07,340.3508978397775,340.90428958580924,339.1519058456032,340.41546630859375,48944300
2020-12-08,339.1519495672629,341.9742168745156,339.10584531026393,341.41162109375,42458900
2020-12-09,342.0664578235537,342.22323481665705,337.51947467671783,338.34954833984375,74098300
2020-12-10,336.9845044596191,339.2810480632366,336.1175305396437,338.2388610839844,57735400
2020-12-11,336.55096503463255,338.2480123175463,335.0383910387043,337.8421936035156,57698600
2020-12-14,340.0004557165168,341.0703108111561,336.1544096839779,336.32965087890625,69216200
2020-12-15,338.8567558775116,340.8766174316406,337.49175481944405,340.8766174316406,63865300
2020-12-16,341.08880685472656,342.32469929707383,340.21260079833104,341.41162109375,58420500
2020-12-17,343.04408843782375,343.52367965151916,342.2232187766809,343.3207702636719,64119500
2020-12-18,343.60793195814915,343.7746487031401,339.94926543201143,341.949951171875,136542300
2020-12-21,338.0503799855159,350.54536946267484,335.3272275643537,340.7272033691406,96386700
2020-12-22,341.0515319715881,341.1626764801447,339.0323313550487,340.153076171875,47949000
2020-12-23,341.116302912313,342.35746343749054,340.13448894065533,340.45867919921875,46201400
2020-12-24,340.93107872570647,341.8110197666795,340.3475701195771,341.7832336425781,26457900
2020-12-28,344.32102448513956,345.1083354553599,343.7004584764433,344.7193298339844,39000400
2020-12-29,346.2384721497358,346.41446036686983,343.47826119327533,344.0617980957031,53680500
2020-12-30,344.87689416495385,345.5808470308338,344.16369810171034,344.5527038574219,49455300
2020-12-31,344.3581702862446,347.02575115427703,343.8487486102848,346.30328369140625,78520700
2021-01-04,347.62773872628424,347.757426120549,337.9114732173505,341.5886535644531,110210800
2021-01-05,340.949602377982,345.0250605268472,340.9032733293273,343.94134521484375,66426200
2021-01-06,342.4407940338875,349.1745889500728,341.89431484994884,345.99755859375,107997700
2021-01-07,348.35951944577056,351.879226704414,348.18353125617296,351.13824462890625,68766800
2021-01-08,352.5182911816267,353.3519029778256,349.2857170060034,353.1388854980469,71677200
2021-01-11,349.9804746734245,352.5090967320955,349.86005871507695,350.7585144042969,51034700
2021-01-12,350.9437227941285,351.8421500854146,348.600304213812,350.8325500488281,52547700
2021-01-13,350.7585330833306,352.7684620951219,349.98049331102504,351.77740478515625,45303600
2021-01-14,352.5183094114912,353.0184878217367,350.2119767271878,350.54541015625,49989100
2021-01-15,348.9337700181384,349.7303243022452,346.13653029489757,347.989013671875,107160000
2021-01-19,350.43427237101565,351.25864103080227,348.96155149790013,350.7214050292969,51233300
2021-01-20,353.00000232397593,356.40859366437286,352.6109965934532,355.5749816894531,61836100
2021-01-21,356.13069985378786,356.55679143284385,354.98216906964274,355.8991394042969,47840100
2021-01-22,354.0558980073029,355.79723696621016,353.67613550952814,354.6394348144531,52860500
2021-01-25,355.37122119584785,356.39006461227206,350.5454808302178,356.0381164550781,70402000
2021-01-26,356.98283743956097,357.3903860722406,355.25076988400014,355.4823303222656,42665300
2021-01-27,352.17565195238956,352.2682817840443,344.57121482669146,346.794189453125,123351100
2021-01-28,348.60038809417415,353.75956226380936,348.16508153694485,349.7767333984375,94198100
2021-01-29,347.92419387265943,348.8874932095309,341.1070398783729,342.7742919921875,126765100
2021-02-01,346.1550740721614,349.5080647438886,343.0614299643618,348.4799499511719,75817600
2021-02-02,351.64767805001776,354.95436791269526,348.563305430762,353.40753173828125,64450700
2021-02-03,354.2319346206023,355.3990083944463,352.41650851313454,353.6854553222656,52427100
2021-02-04,354.7135510817987,357.7516230488669,353.79658074701985,357.705322265625,47142600
2021-02-05,359.567128499409,359.81720364448813,357.65907238511835,359.1132507324219,48669800
2021-02-08,360.558106078852,361.7529658186462,359.7059795212632,361.7066650390625,38365200
2021-02-09,360.8730425291398,362.05865913101644,360.4655221555642,361.4658508300781,35551100
2021-02-10,363.19801329923087,363.34621541318165,358.91877972555613,361.3084716796875,59154400
2021-02-11,362.3827831768322,362.7996032364326,359.4743990216484,361.8918762207031,42913300
2021-02-12,361.09534309546916,363.92036905749677,361.0212279279476,363.6795654296875,50593300
2021-02-16,364.90218870691695,365.09671982469814,362.6514280582041,363.3646240234375,50972400
2021-02-17,361.62333111241526,363.69810367108147,360.6137026893847,363.4480285644531,52290600
2021-02-18,360.854495934064,362.64213560839346,359.14094315746735,361.9011535644531,59712800
2021-02-19,363.1516874854546,363.4388202281196,360.8175396848733,361.26214599609375,83241000
2021-02-22,358.51112352371484,360.88230010289743,358.2147193846534,358.48333740234375,67414200
2021-02-23,356.28817782496253,360.26176310227765,352.1571472693643,358.918701171875,107284100
2021-02-24,357.83496090759934,363.2998098164091,356.85314691923423,362.87371826171875,72433900
2021-02-25,361.6140854057681,362.9756620610373,352.6943718341732,354.1300354003906,146670500
2021-02-26,356.0009908112732,357.14024997245446,350.3323963247881,352.3052673339844,152701600
2021-03-01,357.14958006161066,362.0864647926419,352.49985630016823,360.84527587890625,105348800
2021-03-02,361.0676132242538,361.2991736921879,357.5293624902229,358.029541015625,79595300
2021-03-03,357.33490440957667,358.29817572494994,353.185330127984,353.2872314453125,119940200
2021-03-04,353.1019475606932,355.6768989799336,344.45085137854505,348.91534423828125,183433000
2021-03-05,352.3979683617633,356.38082529964976,345.15477853579273,355.33416748046875,152039600
2021-03-08,356.2881246989713,359.0853643704964,353.28711072907987,353.5649719238281,123149200
2021-03-09,357.39039119381505,361.15093050380403,356.89021272533046,358.613037109375,113633600
2021-03-10,360.9471771777907,362.53104277568065,359.53929978707265,360.84527587890625,109899400
2021-03-11,363.29986414326305,366.46759555552194,362.8459863990173,364.50396728515625,86245000
2021-03-12,363.15156966022903,365.1337120879891,362.3457439492556,364.9947814941406,64653600
2021-03-15,365.24491005005603,367.4308553577761,363.11456525466946,367.1715087890625,73427200
2021-03-16,367.7827566296584,368.48668101999846,365.9395166356945,366.70831298828125,73722500
2021-03-17,365.4301814608711,368.7553861785309,364.2908938545459,367.9588317871094,97959300
2021-03-18,365.38382757505207,367.45859988992873,361.92893593764336,362.6051025390625,115349100
2021-03-19,362.30581695435694,363.87629430000226,359.7688854669541,361.9341125488281,113624500
2021-03-22,362.44527604125085,366.19955652443446,362.38952178707973,364.82421875,73778600
2021-03-23,364.1922851409189,365.6326505079344,361.1721404249181,361.9527282714844,90686600
2021-03-24,363.3466815716018,364.9729135223698,360.0663405424219,360.11279296875,97588600
2021-03-25,358.6817356717282,362.928502774503,356.7488269231494,362.1386413574219,116128600
2021-03-26,363.28159933715943,368.3740383743186,362.68687787049055,367.9744567871094,114409100
2021-03-29,366.506230599657,368.6900335718035,365.02868604213734,367.78863525390625,108107600
2021-03-30,366.5248236170681,367.4819761652533,365.22381534174167,366.8128967285156,76262200
2021-03-31,367.3797091065585,369.8515849113352,367.3518319807586,368.2996826171875,112734200
2021-04-01,370.22331734295256,372.3327906716872,370.01887561856495,372.2770080566406,99682900
2021-04-05,374.92546817300206,378.15935697469143,374.85113861446,377.620361328125,91684800
2021-04-06,377.0629047912852,378.43821463244865,376.72835080340565,377.3974304199219,62021000
2021-04-07,377.2300221296708,378.1778727378527,376.77468630209785,377.83404541015625,55836300
2021-04-08,379.0792944120443,379.68331772995526,378.15001904318626,379.6275634765625,57863100
2021-04-09,379.5068721158555,382.55489491912203,379.3860617515805,382.3876037597656,61104600
2021-04-12,381.7928419590288,382.79644701337315,381.1888185604451,382.5269775390625,56704900
2021-04-13,382.42472067416116,384.2832715540899,382.04371434066746,383.66064453125,56551000
2021-04-14,383.6327485367833,384.68283426978144,381.81137670460754,382.3503723144531,61659900
2021-04-15,384.4783417708675,386.7272004060491,384.4318893509829,386.45770263671875,60229800
2021-04-16,387.7401183380756,388.353443438255,386.3276300935371,387.7494201660156,82037300
2021-04-19,386.82017754821817,387.26621157931834,384.52486623240225,385.84442138671875,78498500
2021-04-20,384.63640040393466,385.73293861586444,381.55119913988244,383.01947021484375,81851800
2021-04-21,382.4061222414996,386.8480574414504,382.26670824654997,386.64361572265625,66793000
2021-04-22,386.47636655189376,387.303406925715,382.05300649472724,383.11236572265625,97582800
2021-04-23,383.6699137247093,388.66941970392514,383.5955841738986,387.2662048339844,73209200
2021-04-26,387.9167155807785,388.6415492403517,387.33126755588586,388.0746765136719,52182400
2021-04-27,388.37200357511193,388.567171798845,386.8572803600537,387.9909973144531,51303100
2021-04-28,388.26058398462,389.37572589844,387.41493989916654,387.87957763671875,51238900
2021-04-29,390.5930916563602,390.96479619087927,386.98749811712497,390.3514709472656,78544300
2021-04-30,388.0932978632619,388.9389418978536,386.8945246318917,387.78662109375,85527000
2021-05-03,389.7660376531201,390.14704403223993,388.13053196720887,388.623046875,68128300
2021-05-04,386.64358806850186,387.136102852293,382.5547823442994,386.22540283203125,101591200
2021-05-05,387.86100653728766,388.0933254085799,385.78871199603554,386.3462829589844,60162200
2021-05-06,386.4206464342076,389.5616023872247,384.42270963759154,389.4315185546875,74321400
2021-05-07,390.1934506174759,392.9162206585883,389.51506938475586,392.2657165527344,67733800
2021-05-10,392.6188718952487,392.84188892503846,388.2605678296134,388.3813781738281,81852400
2021-05-11,383.88370947193107,385.9002213981806,381.0587040499787,384.9151916503906,116888000
2021-05-12,382.14596949714075,383.4097705495694,375.4272975032886,376.7375793457031,134811000
2021-05-13,378.2801563667472,383.1867295062854,378.23367557967265,381.26312255859375,106394000
2021-05-14,383.98593025886146,387.9632283561021,383.95805312758887,387.1175842285156,82201600
2021-05-17,386.0117863590001,386.94106191389204,384.1253297576997,386.132568359375,65129200
2021-05-18,386.3926838620524,386.6343045309309,382.6477052906037,382.8056945800781,59810200
2021-05-19,378.1408045892193,381.9786886398152,376.66323156600845,381.8021240234375,106467100
2021-05-20,382.6756568033617,387.1640735518261,382.5548748046777,385.9095458984375,78022200
2021-05-21,387.3869697719797,388.62292173833475,385.1381395432608,385.5934753417969,76578700
2021-05-24,387.8237936745519,390.5930445875986,387.582172994574,389.5243835449219,51376700
2021-05-25,390.6023692130514,390.9554984502717,388.08404047916116,388.6601867675781,57451400
2021-05-26,389.24565209764614,389.93330694206776,388.21416983101375,389.4315185546875,43088600
2021-05-27,390.4536616740374,390.96475180607416,389.3570951367238,389.6358947753906,56707700
2021-05-28,391.1971663141363,391.4573623583075,390.1006278679323,390.33294677734375,58520200
2021-06-01,392.68387589063093,392.8232615157594,389.55222262273975,389.9889831542969,54216600
2021-06-02,390.6395043968989,391.43869600618797,389.6358994197464,390.6023254394531,49097100
2021-06-03,388.2977618897576,390.2863966542775,386.83879259158886,389.1526794433594,58138800
2021-06-04,390.99265720434005,393.00919746881766,389.2177376389968,392.7118225097656,55938800
2021-06-07,392.70245396777017,392.8790185472602,391.4014741919741,392.33074951171875,51555000
2021-06-08,393.18568426469994,393.2786174726193,390.5930264269201,392.4143981933594,47134300
2021-06-09,393.2507697660974,393.32512768168914,391.6059624638834,391.8289794921875,48436300
2021-06-10,393.0463062654877,394.5982086261025,391.7360245783089,393.65032958984375,51020100
2021-06-11,394.19863560369777,394.4123507955599,392.91623101558656,394.30084228515625,45570800
2021-06-14,394.41237080126155,395.2858919893771,393.1764469359521,395.1836853027344,42358500
2021-06-15,395.3323529313738,395.3695035287047,393.585310642845,394.4588317871094,51508500
2021-06-16,394.59826214861766,394.82127919481803,390.2213824615084,392.2564697265625,80386100
2021-06-17,391.84757149634856,393.1020706024834,389.66376862836967,392.1263427734375,90949700
2021-06-18,388.85950415112694,389.5494085797688,386.6312846967765,386.8363952636719,118676300
2021-06-21,388.58912956449535,392.5608031135424,387.7780195471861,392.37432861328125,72822000
2021-06-22,392.36500160297555,395.30178987033617,391.64710042623443,394.4720153808594,57700300
2021-06-23,394.5466142661028,395.3483919707271,393.9126465296074,393.9965515136719,49445400
2021-06-24,396.13161425617756,396.7469175537267,395.87987081880055,396.327392578125,45110300
2021-06-25,397.0732323076562,398.1826902147583,396.74691613756454,397.73516845703125,58129500
2021-06-28,398.2573039797839,398.70479729962966,397.0639410401673,398.5369873046875,53159600
2021-06-29,398.91921379244826,399.553181588353,398.2199770743729,398.75140380859375,35970500
2021-06-30,398.2945621373876,399.75830454102925,398.2665938058792,399.0870361328125,64827900
2021-07-01,399.84225108335767,401.45516757331484,399.77698215238405,401.2966613769531,53441000
2021-07-02,402.4526561515775,404.7181760542259,401.38047053367126,404.3638916015625,57697700
2021-07-06,404.4198848881772,404.6343277321894,400.90506510112056,403.6274108886719,68710400
2021-07-07,404.3079918986779,405.33354476274883,402.303519022366,405.0538330078125,63549500
2021-07-08,399.7582794572034,402.5086218416847,398.5835527035313,401.7534484863281,97595200
2021-07-09,403.25446917430344,406.34043156356205,401.5576479376436,406.0420837402344,76238600
2021-07-12,405.9582362315906,407.74829497300664,405.52937895734175,407.4965515136719,52889600
2021-07-13,406.7133297443053,408.20504032687353,405.84628310421715,406.1073303222656,52911300
2021-07-14,407.7948378993106,408.2796602207777,405.47338115910287,406.7133483886719,64130400
2021-07-15,405.38009436786723,406.0513626561597,403.4315584155207,405.32415771484375,55126400
2021-07-16,406.49900772847565,406.5456121361388,401.7535238763816,402.14508056640625,75874700
2021-07-19,397.34360297120685,402.2102917266134,393.40922985130334,396.2061767578125,147987000
2021-07-20,396.86807940233047,403.15190560272424,396.0756054886236,401.8839416503906,99608200
2021-07-21,403.07734671744265,405.2776264574665,401.8373794156442,405.13775634765625,64724400
2021-07-22,405.31490711357736,406.2285867170565,404.33598703643406,405.9861755371094,47878500
2021-07-23,407.9067170456665,410.49855331355985,407.2261448569842,410.1629333496094,63766600
2021-07-26,409.5755481567641,411.17913206497195,409.52894375936796,411.1697998046875,43719200
2021-07-27,410.1350074036814,410.162975736901,406.48031730156396,409.2959289550781,67397100
2021-07-28,409.9205257266722,410.4985568598125,407.71094225553276,409.1280517578125,52472400
2021-07-29,410.05108065733845,411.8970474559631,410.04174839608766,410.82489013671875,47435300
2021-07-30,408.27037783028055,410.27485092545965,408.13983997332065,408.82977294921875,68951200
2021-08-02,410.53579137518165,411.085854089218,407.61763939657374,407.971923828125,58783300
2021-08-03,408.76450901033223,411.4122822568077,406.58289362665914,411.29107666015625,58053900
2021-08-04,410.0137854934574,411.2630850809124,409.0348654177105,409.2679443359375,46732200
2021-08-05,410.4240280683783,411.94370724678896,410.10704413730144,411.85980224609375,38969700
2021-08-06,412.1767254379363,412.9598671143708,411.8970136914866,412.5403137207031,46930000
2021-08-09,412.51233301113086,412.8293168859831,411.4401758119517,412.2046813964844,41222600
2021-08-10,412.65222985315194,413.4260678014038,411.9716576154071,412.7174987792969,43339300
2021-08-11,413.78034258511013,413.83627924848605,412.66155241355983,413.7430419921875,44034300
2021-08-12,413.5938605071988,415.1228718168817,412.6988454575395,414.9830017089844,38909400
2021-08-13,415.43050961256574,415.75682576675683,414.9457157376628,415.7381896972656,39470300
2021-08-16,414.4422193750275,416.84758091171517,412.89457218859576,416.7170715332031,73740000
2021-08-17,414.17182810864335,414.84309640590254,411.0112933625558,413.9853820800781,92673900
2021-08-18,412.978558984422,414.5355387391959,409.2120240010242,409.45440673828125,89351900
2021-08-19,406.74133861748237,411.28173973529556,406.6014969603048,410.0883483886719,92812200
2021-08-20,410.4333467352419,413.67778712939463,409.94852436681583,413.3514709472656,72008700
2021-08-23,415.02961932645024,417.89183507049324,413.42603534317016,416.98748779296875,54973000
2021-08-24,417.6495056152344,418.18093244405844,417.13674331150446,417.6495056152344,38744700
2021-08-25,417.8359134013071,419.03858009290565,417.46296438324526,418.52581787109375,40529700
2021-08-26,418.2461867514537,418.4792657066756,415.9620300614914,416.0552673339844,57829600
2021-08-27,416.8569937732602,420.1480670762453,416.80105710708057,419.775146484375,77235100
2021-08-30,420.4463669901376,422.40423543923686,420.2039558296545,421.62109375,48357400
2021-08-31,421.5278256069639,421.86344554117693,420.3997317809541,420.99639892578125,59300200
2021-09-01,421.92881443747484,422.44157672025335,420.9871664233345,421.2202453613281,48721400
2021-09-02,422.6373493891215,423.31792162382027,421.3227808707356,422.5161437988281,42501000
2021-09-03,421.387988849166,422.92630380282,420.9870715426401,422.41351318359375,47170500
2021-09-07,422.06856215515467,422.16179940000075,420.2318993945348,420.9031677246094,51671500
2021-09-08,420.37174479230555,421.09894973616434,418.479117034354,420.390380859375,56181900
2021-09-09,420.194679042839,421.9381047734719,418.3486837946311,418.5910949707031,57970400
2021-09-10,420.5117149956247,420.93124002303637,415.16953536376036,415.2907409667969,89948200
2021-09-13,418.27414272204135,418.53518998833437,414.0507251516293,416.3535461425781,83738600
2021-09-14,417.7893195077674,417.99443010602226,413.2209781306569,414.106689453125,78197100
2021-09-15,414.5261632376649,418.05964737696985,413.4260376429731,417.5655212402344,78792200
2021-09-16,417.04346715334754,418.013054999152,413.9668082618026,416.90362548828125,77786700
2021-09-17,416.13472017341735,416.55558909091354,412.4870182961472,412.8424377441406,118425000
2021-09-20,406.744360400567,408.3156617681073,401.11382101879656,405.9587097167969,166445500
2021-09-21,408.2875666376567,409.5782885516768,405.05142823770416,405.5751953125,92526100
2021-09-22,407.83862947573203,411.5611435713708,405.68744521806696,409.5315246582031,102350100
2021-09-23,411.3927493965041,416.1066812903445,411.1589238061392,414.5072937011719,76396000
2021-09-24,412.8799262600289,415.90096352552064,412.66479641554514,415.19012451171875,62094800
2021-09-27,414.1612437208706,415.32100953578424,413.31011513170654,414.00225830078125,61371100
2021-09-28,411.2430883900673,411.5704499178845,404.9297975915055,405.6593322753906,130436300
2021-09-29,407.03421662986824,408.76453162074705,405.7809149533123,406.34210205078125,82329200
2021-09-30,407.81052769400486,408.5120044691004,401.0389476922281,401.37567138671875,140506000
2021-10-01,403.0966548978282,407.819920791209,399.5892707562588,406.1457214355469,129240100
2021-10-04,404.9860171201443,405.8838996048128,398.77559428852743,400.9081115722656,128570000
2021-10-05,402.40448811569496,407.3148256262935,401.6095039247003,405.0794677734375,90682500
2021-10-06,401.4972736297954,406.9687986871979,399.87921865411016,406.7630310058594,113032200
2021-10-07,410.0272637647416,413.10438834176847,409.8495540118839,410.27978515625,72437500
2021-10-08,411.04673863158837,411.4302160683865,408.90488798924395,409.5315246582031,74557400
2021-10-11,408.8768180412666,411.7762613135145,406.5011418518959,406.5666198730469,65233300
2021-10-12,407.48324414407466,407.8854173602366,404.7802062753356,405.56585693359375,71181200
2021-10-13,406.58527857778154,407.8385803077712,403.6203860978582,407.0248718261719,72974000
2021-10-14,410.6725909235282,414.0209897091665,410.20493969427326,413.871337890625,70236800
2021-10-15,415.97578121085803,417.38809710044063,415.35847814408345,417.0233154296875,66260200
2021-10-18,415.24622902810097,418.59459923333367,414.5915058971594,418.2579040527344,62213200
2021-10-19,419.87601973520236,421.55019069451413,419.26805026281613,421.4847412109375,46996800
2021-10-20,421.9430117230665,423.4395013974078,421.830779992545,423.14019775390625,49571600
2021-10-21,422.5415781375362,424.468298903712,422.1113470020355,424.24383544921875,41305400
2021-10-22,423.81362241263184,425.25399624119467,421.86817724672443,423.80426025390625,58845100
2021-10-25,424.8891416475836,426.4043268564078,423.12143508500935,426.07696533203125,45214500
2021-10-26,427.62021293528545,428.82673232287635,426.0863034985896,426.4604187011719,56075100
2021-10-27,426.9187544263702,427.5828110799996,424.4962963050063,424.5711364746094,72438000
2021-10-28,425.9927757181125,428.7425667516378,425.9834421045025,428.6677551269531,51437900
2021-10-29,426.3763014877547,429.8275696350324,426.08636002655044,429.5376281738281,70162400
2021-11-01,430.5196789876019,430.893822778383,428.55556680181957,430.2765197753906,48433600
2021-11-02,430.44493394260024,432.3249011723894,430.31397788693596,432.0162353515625,48908400
2021-11-03,431.45500068055804,435.05592075419565,431.0154073955712,434.65374755859375,52509800
2021-11-04,435.2523818386185,436.78629172441015,434.90632446133264,436.7021179199219,52847100
2021-11-05,438.9186703415237,440.2000299493793,436.7113705733091,438.2171936035156,66390600
2021-11-08,439.3115402130442,439.80724933374427,437.9085866401388,438.5913391113281,50405200
2021-11-09,438.9561209854995,439.189946581114,435.73867850639124,437.1416320800781,51149100
2021-11-10,435.45809321974474,437.14165472126496,432.1471431654352,433.6249084472656,69429700
2021-11-11,435.11209676144165,435.18693695055657,433.74656301336825,433.7652587890625,34848500
2021-11-12,435.02780204881316,437.59052122194834,434.0831375901782,437.0386962890625,53466700
2021-11-15,438.32009084504045,438.4790762545081,436.0660088394629,437.1883544921875,46980500
2021-11-16,436.92653290815355,440.0504396595338,436.8517212713006,438.9187316894531,48857500
2021-11-17,438.65685496204304,438.83456471339144,437.23520549442225,437.8525085449219,47858300
2021-11-18,438.88128203134477,439.601483135465,436.1689108233059,439.339599609375,50625600
2021-11-19,439.2273454032156,440.4713135766684,438.1891734422036,438.553955078125,57315600
2021-11-22,440.4245466558774,442.90309222744014,437.11356827439874,437.3193359375,72762000
2021-11-23,436.9920474001148,438.7504207161458,434.4012696782756,437.8992919921875,73206500
2021-11-24,435.90706300520714,439.18998377950254,435.09335443045563,439.0683898925781,61858800
2021-11-26,432.42765997039646,433.8867292682411,428.15332162867264,429.27569580078125,112669600
2021-11-29,434.04579477237445,436.37468863148496,431.8571905656505,434.54150390625,86268800
2021-11-30,432.10974551490875,434.0084084065052,425.84320748519656,426.0863952636719,148559600
2021-12-01,431.77301163649753,434.6069767536424,421.1573237370427,421.3537292480469,131939200
2021-12-02,421.56886098846877,429.36927957856614,421.176021421513,427.80731201171875,127637800
2021-12-03,429.46279691605116,430.5196646058951,419.875947732394,424.0848083496094,137331600
2021-12-06,426.61951391631123,430.9780267874127,424.2157797535011,429.107421875,98977500
2021-12-07,434.3637525195676,438.54455501882705,428.97640203913613,437.9833679199219,95484700
2021-12-08,438.376262173592,439.592143920361,436.6272226459906,439.1431884765625,72238800
2021-12-09,437.86187787932255,439.2461359124412,435.98193918547975,436.1783447265625,61272600
2021-12-10,438.871953514165,440.43389253118346,436.32792985552976,440.28424072265625,77159800
2021-12-13,439.7698232123747,440.115880522037,436.10342536649597,436.384033203125,87724700
2021-12-14,433.129161990558,435.60770751030805,430.4729067407916,433.3816833496094,97264100
2021-12-15,433.43791595601033,440.3965405988758,430.93128345420837,440.15338134765625,116899300
2021-12-16,441.99580440821956,442.276383674383,434.7284874398233,436.2717590332031,116568600
2021-12-17,433.2054531879676,436.19955239682724,429.9297889238789,431.6286315917969,135511600
2021-12-20,426.5696462517917,427.4331314987916,423.43476458066107,427.0389404296875,107134800
2021-12-21,430.4460420910775,434.76355475782685,428.28730007942625,434.6227722167969,69806300
2021-12-22,434.3693368416024,439.0810403325154,434.17221265287645,438.9684143066406,58890200
2021-12-23,439.96331276152887,443.19205915092374,439.860081786321,441.69970703125,56439700
2021-12-27,443.07004291771364,447.9976320744908,443.02312495455095,447.9507141113281,56808600
2021-12-28,448.3824616482978,449.4055195900255,446.8244014321464,447.58465576171875,47274600
2021-12-29,447.6879323342068,449.17088949249677,446.69303086170095,448.1572265625,54503000
2021-12-30,448.57956514884495,449.583861651596,446.4583747572178,446.91827392578125,55329000
2021-12-31,446.430131900379,447.5751820751698,445.51970014618337,445.7918701171875,65237400
2022-01-03,447.0496642498278,448.5044935235423,444.7501397489699,448.3730773925781,72668200
2022-01-04,449.79023319947765,450.50356938921004,446.37375844174693,448.2227783203125,71178700
2022-01-05,447.85686371156027,448.62651310720656,439.522193776869,439.6160583496094,104538900
2022-01-06,439.1561460016045,441.9062031753526,436.8471978839519,439.20306396484375,86858900
2022-01-07,439.21243352735695,440.385668974707,436.1150747602866,437.4666442871094,85111600
2022-01-10,434.2849014246999,437.1381897824005,428.5595059644335,436.9223327636719,119362000
2022-01-11,436.65950709740383,440.9957810759172,433.6747741107534,440.90191650390625,74303100
2022-01-12,442.6289048560433,444.1400470908077,440.1416512981123,442.0939025878906,67605400
2022-01-13,443.1920625646944,443.8396908575435,434.9794139965531,436.0024719238281,91173100
2022-01-14,432.8676006358353,436.52808978679013,431.6568135400959,436.1808166503906,95890900
2022-01-18,431.5065888243464,431.71307940228024,427.3486494050049,428.4561767578125,109709100
2022-01-19,429.9954920501737,431.3845844979552,423.735095055278,424.0072937011719,109357600
2022-01-20,425.88441828475294,430.5679644846723,417.20247697536684,419.3143005371094,122379700
2022-01-21,418.1974651021742,420.5439362137734,411.0548207873205,411.0829772949219,202271200
2022-01-24,405.4983319626778,413.3355505734703,394.92045135440037,412.8287048339844,251783900
2022-01-25,406.4650696517462,412.71607151675664,400.9180090511274,407.7884826660156,167997300
2022-01-26,413.6546772543713,416.7707975901355,402.5230040310263,406.76544189453125,186391100
2022-01-27,411.3457755828655,414.4712624598946,403.07681378422694,404.7568664550781,149878300
2022-01-28,406.10844039096463,414.85609154872685,401.5469143096676,414.8091735839844,164457400
2022-01-31,414.1427300497246,422.62757707476004,412.800555532894,422.2803039550781,152251400
2022-02-01,423.0030224285111,425.77186972605006,419.49271090214194,425.1336364746094,123155400
2022-02-02,427.52700300171256,429.986099950846,425.22745003532464,429.2633972167969,117361000
2022-02-03,423.2564492415284,425.15238749253155,418.33822656188164,419.173583984375,118024400
2022-02-04,418.9389343536051,424.9740508376599,416.57367327477516,421.1446228027344,118454400
2022-02-07,421.90488421960123,423.293976730891,418.46964721095105,419.7930603027344,84472900
2022-02-08,419.29559079665904,424.16686670467533,417.87831319896964,423.2470397949219,81012000
2022-02-09,427.26420999418116,429.76085856020444,427.06711445154485,429.4417419433594,92589900
2022-02-10,423.6225314818853,429.6013356626919,419.73678997428686,421.7265930175781,140103700
2022-02-11,421.8109911505724,423.87586832148435,411.98397004230856,413.4106140136719,153214600
2022-02-14,412.9037733723224,414.480594825984,408.6050229613756,412.05902099609375,123006300
2022-02-15,416.4798347763938,418.8732237029998,415.96359397809533,418.70428466796875,88482700
2022-02-16,416.66754036033973,420.5439150243388,414.79975861551924,419.173583984375,84863600
2022-02-17,416.0011909472556,419.14546811188006,409.6188006839309,410.219482421875,102259100
2022-02-18,410.4728641481939,411.72120279634646,405.30126139332725,407.5632629394531,132642900
2022-02-22,405.36695455226914,408.7552449000615,399.70723904825377,403.1894226074219,124391800
2022-02-23,406.089688998042,406.65284780613894,395.47425574268425,396.03741455078125,132578000
2022-02-24,385.7785407952238,402.4291161985963,385.42190131277073,401.9973449707031,213942900
2022-02-25,403.22691227876925,410.95150442325064,401.58438272743587,410.8670349121094,121804500
2022-02-28,405.49831437664733,411.2894169660434,404.2500045029786,409.8158264160156,145615000
2022-03-01,408.32347338837735,410.32267110583143,400.88044619372215,403.57421875,137785900
2022-03-02,405.8175082648305,412.71613952126535,405.06664891646875,410.99853515625,117726500
2022-03-03,413.42002135958006,414.02070302306777,407.1596243152398,408.95233154296875,105501700
2022-03-04,405.2355714996603,406.7560802365222,401.60323870750193,405.6297912597656,113978200
2022-03-07,405.04783717447077,405.75177851724425,393.6064415917838,393.6721496582031,137896600
2022-03-08,393.85044666663845,400.97432894741854,389.62679900774907,390.6874084472656,164772700
2022-03-09,399.03155417288315,403.13318159739464,396.8540218391154,401.1621398925781,116990800
2022-03-10,396.57237407240876,400.24225827962516,394.6201227364952,399.3506164550781,93972700
2022-03-11,401.8284832426369,402.43856000737617,393.7660118820792,394.2728576660156,95636300
2022-03-14,395.04251079882187,398.4777193572372,390.2557039226716,391.3913879394531,95729200
2022-03-15,393.99124132149103,400.62706816648796,392.72416989957503,399.99822998046875,106219100
2022-03-16,403.48973577211655,408.92414137534934,398.7122961456911,408.8678283691406,144954800
2022-03-17,406.96253340051334,413.9831848144531,406.587103776138,413.9831848144531,102676900
2022-03-18,412.3787985896776,418.83750296780573,411.6444265360067,418.51739501953125,106345500
2022-03-21,418.34801862936644,420.34400315492985,414.90210943181734,418.3951110839844,88349800
2022-03-22,419.77907234818315,424.2229735705517,419.77907234818315,423.2908935546875,74650400
2022-03-23,420.7676314797247,422.2551954239961,417.75480664692736,417.83953857421875,79426100
2022-03-24,419.8543513228499,424.1476078293655,418.7433833523975,424.13818359375,64736900
2022-03-25,424.7690638457169,426.48260848847235,422.1987468815837,426.2095642089844,77101300
2022-03-28,425.61644404723825,429.2412414550781,423.7334353919897,429.2412414550781,68529800
2022-03-29,433.11073878007403,435.04083957177517,430.4368703799773,434.5512390136719,86581500
2022-03-30,433.4120635055574,434.2217721023706,429.76844665097167,431.8680114746094,79666900
2022-03-31,431.1053791315065,431.9244832020018,424.7690454159792,425.2209777832031,121699900
2022-04-01,426.7933192033268,426.9345391042458,422.86726229562163,426.4261474609375,89048800
2022-04-04,426.62385782767655,430.18274301389283,425.80475366510456,430.07916259765625,59601000
2022-04-05,428.59154184820875,431.0488540116193,423.5074249292268,424.6466369628906,74214500
2022-04-06,420.7488018120138,422.6694495834861,417.5288449887846,420.4004211425781,106898000
2022-04-07,419.5248225851807,424.32649940320846,417.5853263725242,422.518798828125,78097200
2022-04-08,421.76560347137945,424.27000788847994,419.8543512494377,421.3890075683594,79272700
2022-04-11,418.1315226739598,418.9694754163615,413.68764930436686,414.1866455078125,89770500
2022-04-12,417.1617012912827,419.67553034639525,411.1078357022038,412.65191650390625,84363600
2022-04-13,412.40712386848077,418.13145732147433,412.22823575440935,417.3782653808594,74070400
2022-04-14,417.6041972684777,418.7151941165963,412.0775719357156,412.18115234375,97869500
2022-04-18,411.2584680800119,414.02649286644555,410.1286514899628,412.3506164550781,66002500
2022-04-19,412.24708741914424,419.722634374965,412.07762352924794,419.0071105957031,77821000
2022-04-20,420.77700318532357,421.3889750720909,417.53822695074984,418.6962585449219,65224400
2022-04-21,422.3022452526152,423.6862573902188,411.53143635114475,412.4352722167969,85417300
2022-04-22,411.3525843005969,412.4541280731046,400.55353048054263,401.1184387207031,132471800
2022-04-25,398.8870627211197,403.6134030546147,394.33958173639525,403.4439392089844,119647700
2022-04-26,400.9206735749141,401.1184101209489,391.7316132043615,391.7598571777344,103996300
2022-04-27,392.83320621839357,398.1809719519438,390.7336702250882,392.8614501953125,122030000
2022-04-28,397.58781923542455,404.5078808966821,393.17216221026155,402.784912109375,105449100
2022-04-29,398.811717778329,400.9583459743796,387.15589243754323,387.8996887207031,145491100
2022-05-02,387.96568189359846,391.59047917730305,381.32805937170104,390.2347106933594,158312500
2022-05-03,390.73364246013386,394.42432259994985,389.1801376426985,392.02349853515625,100028200
2022-05-04,392.6825316045225,404.52666970154934,389.50966726982307,403.9617614746094,144247900
2022-05-05,399.7155972479429,400.1392856315828,385.4894825550537,389.6038513183594,172929100
2022-05-06,387.0523380071947,390.53588590849546,381.99646562982656,387.2782897949219,151770800
2022-05-09,381.40340215959606,382.6367705084989,373.30645933793636,374.8787841796875,155586100
2022-05-10,380.82898951109865,382.3259776030274,371.7246608276359,375.744873046875,132497200
2022-05-11,374.7846276976837,380.4054095794836,369.03202142087446,369.77581787109375,142361000
2022-05-12,366.5935017624292,372.6473671369606,362.62035271566276,369.3897705078125,125090800
2022-05-13,373.5041843615176,379.59571868333563,372.46852382526714,378.22113037109375,104174400
2022-05-16,376.5828496996567,380.33944215793855,374.3420651693036,376.6864013671875,78622400
2022-05-17,382.74972739807595,384.6704041422355,379.0307740612988,384.4350280761719,83029700
2022-05-18,379.89692735498426,380.17936710911766,367.70443702868755,368.93780517578125,117674500
2022-05-19,365.8873321136663,371.08445332431154,364.4656516763447,366.6781921386719,98510700
2022-05-20,370.24646637027627,373.8053505175582,358.27995798162,366.8382263183594,131432200
2022-05-23,369.85103576552103,374.46442875171044,367.54436800485075,373.7018127441406,76414900
2022-05-24,369.59687394240024,372.03536628996494,364.3244448543885,370.8490905761719,91448800
2022-05-25,369.36150985252755,376.08386362206704,368.966094179277,374.1255187988281,91472900
2022-05-26,375.34950112064234,383.2298868677585,375.14236904234315,381.60107421875,82168300
2022-05-27,384.0489933488559,391.08203108602834,383.85128550592344,390.96905517578125,84768700
2022-05-31,389.359088170834,392.0988691063854,386.04500340916127,388.7753601074219,95937000
2022-06-01,390.8843163808003,391.89170405110434,383.1263021350257,385.6307067871094,86585800
2022-06-02,385.47069700399817,393.0215510259649,383.2299122085265,392.9744873046875,79609600
2022-06-03,388.2762998678674,389.8203804421854,385.55536785619387,386.5251159667969,71874300
2022-06-06,390.517145497597,392.2400856938536,386.5345720353619,387.7020568847656,57508900
2022-06-07,384.22785213796186,391.8728612940174,383.7664955630781,391.4209289550781,59272400
2022-06-08,389.7168739200945,391.496330865678,386.37454509732197,387.1654052734375,64350000
2022-06-09,385.3953672474794,387.65497182412037,377.9574890136719,377.9574890136719,86289800
2022-06-10,371.78108615960593,372.62843397219336,366.95116627571076,366.99822998046875,132893900
2022-06-13,357.6303263600916,359.4756662902733,351.46345746861897,353.06402587890625,170004900
2022-06-14,354.80584530354247,355.8320813809722,348.9120201197082,352.0001525878906,104011800
2022-06-15,355.28600909693944,361.4434545749502,350.3525363114145,357.0184020996094,125666800
2022-06-16,348.8367050199727,349.24154490080923,342.78281161668144,345.2024841308594,134473300
2022-06-17,345.61572844834046,349.27508426837926,342.4575241953979,345.9466552734375,111113900
2022-06-21,351.6485465469434,356.0359826472647,351.57288467855716,354.65545654296875,76811900
2022-06-22,350.4476289196659,358.10676218449237,350.03157524112396,354.012451171875,90059400
2022-06-23,356.13997099447135,358.2107454929241,352.5940787916053,357.482666015625,79292100
2022-06-24,360.6408676942553,368.85788413601364,360.6125017111181,368.8484191894531,98050300
2022-06-27,369.76564197484305,370.05876676666566,366.352143463888,367.4395446777344,66009600
2022-06-28,368.99029067465796,371.76080759717377,359.81823772369825,359.93170166015625,86548900
2022-06-29,360.480183208969,361.4635566555144,357.8231299719536,359.63861083984375,65676000
2022-06-30,355.7617301279105,359.94116789384236,352.2820347335468,356.7167663574219,112508300
2022-07-01,356.0642966004514,360.9245465265662,353.45451079691634,360.48956298828125,74839700
2022-07-05,355.42128921408255,361.18927901231945,352.60347679290015,361.17034912109375,81438000
2022-07-06,361.3122934832032,364.8676513749559,358.9389287623816,362.3902587890625,70426200
2022-07-07,364.15839292566767,368.61202540572873,362.4090803527021,367.8177490234375,64525900
2022-07-08,366.191344484654,369.3779436355089,364.6689887193885,367.5151672363281,72397800
2022-07-11,364.84865422697527,365.81312646509326,362.62655612996804,363.31683349609375,58366900
2022-07-12,362.7684468745156,365.1418402247089,358.362080869492,360.1019287109375,62219200
2022-07-13,354.68376178018957,361.1325642695577,354.2677081449695,358.2107238769531,84224600
2022-07-14,353.27487695591316,358.4187870987838,350.84478066367626,357.3408508300781,89704800
2022-07-15,361.7282870982627,364.2813411355363,359.82770841913714,364.1678771972656,79060400
2022-07-18,367.2409348746152,367.9122823241178,359.9411243028026,361.1609191894531,63203600
2022-07-19,365.06610164986904,371.4865379218226,364.41368409588983,370.919189453125,78506000
2022-07-20,371.10833981504896,374.6920628374867,369.74671494258035,373.28314208984375,71843800
2022-07-21,372.70635127041953,377.13161760377886,370.31405726547354,377.0843505859375,64903900
2022-07-22,377.2073085647602,378.3987087577949,371.3731210571291,373.58575439453125,72197300
2022-07-25,374.20983824071493,374.8906507241828,371.8080790828495,374.0396423339844,53631500
2022-07-26,372.40373641244344,372.61176321867686,368.7254796625264,369.61431884765625,52946400
2022-07-27,372.89547598359957,380.9517617542331,372.602351195438,379.2119140625,82342100
2022-07-28,380.0156283887417,384.6583576476985,376.47917243204495,383.9681091308594,73966600
2022-07-29,385.3959148037413,390.5492896244354,384.630004404881,389.5658874511719,87003700
2022-08-01,386.8804412732961,390.9085837211499,386.1712628905919,388.4122619628906,69997500
2022-08-02,386.85212626915603,390.5209475361801,384.6773238182315,385.8498229980469,63435400
2022-08-03,387.9678546966585,393.0550324074595,387.6841948771705,391.8919982910156,67820600
2022-08-04,391.81635523733325,392.4971676933185,389.9914096457841,391.62725830078125,45656600
2022-08-05,387.36270800499386,391.6083135328843,387.3059760405287,390.96533203125,56814900
2022-08-08,392.648413572124,394.88941254367694,389.4145475954948,390.51141357421875,53886100
2022-08-09,389.7833662144508,390.28451780261275,387.8922237902104,388.9607238769531,44931800
2022-08-10,395.98626864703226,397.2722603631877,394.0383944672068,397.1304016113281,68665700
2022-08-11,399.9671149438748,401.82045509784757,396.3928572991276,397.1304016113281,59489700
2022-08-12,399.0594018073081,403.9574535679473,398.1138306323642,403.85345458984375,61694500
2022-08-15,401.6502867542093,406.03775117563913,401.593554788117,405.5176696777344,54048300
2022-08-16,404.44920466821014,408.2314897011034,403.6454633274114,406.3119812011719,59289000
2022-08-17,402.7283259358478,406.12292386227153,401.432897710774,403.42803955078125,63563400
2022-08-18,403.6264978547886,405.2812474108149,402.34053490810277,404.6004638671875,49023200
2022-08-19,401.8488709739081,402.1136297635589,398.29351392155985,399.1634521484375,68016900
2022-08-22,394.3504022775096,394.52062700068063,389.95350258361276,390.851806640625,77695600
2022-08-23,390.42639423875585,392.80925244544267,389.35789402468396,389.9063415527344,49105200
2022-08-24,389.6793622511617,392.51607606132626,388.99857863900553,391.15447998046875,49177800
2022-08-25,392.63902771668177,396.7239027658137,391.55162646435804,396.6766357421875,50942300
2022-08-26,396.5630774113692,397.1020310073054,383.19268820854865,383.2494201660156,103087000
2022-08-29,380.30874334599116,383.7506074648165,379.3631721580166,380.71533203125,65370800
2022-08-30,381.8689548878579,382.1053477002366,374.44621480785787,376.5359191894531,85652400
2022-08-31,378.1622699284396,379.40096584880325,373.53844192677496,373.6708068847656,76029700
2022-09-01,371.50548804103204,375.18374505731157,368.8106043103933,374.8433532714844,78740100
2022-09-02,378.4932391584454,379.70356914138836,369.08479416646423,370.8908386230469,99632100
2022-09-06,371.7324237676469,372.6685300550319,367.2787913361997,369.4914245605469,76637400
2022-09-07,369.17937898507915,376.89524390582346,368.96191606413413,376.12933349609375,70964200
2022-09-08,373.8694381880067,379.04168533112323,372.6685442072661,378.58782958984375,80821700
2022-09-09,380.8193790648535,385.3297726688279,380.55462025307344,384.46929931640625,76706900
2022-09-12,386.5306673178505,389.32011442970696,386.2280775508701,388.6014709472656,69256300
2022-09-13,379.95882735181067,381.1597211325959,370.5882430228413,371.7040100097656,122947100
2022-09-14,372.9995076387831,374.6353563576037,369.8318380483669,373.1224365234375,85023700
2022-09-15,371.57167994308946,374.40839376655435,367.6191989412992,368.8862609863281,87633800
2022-09-16,364.7238414484203,366.72717860017747,362.79641901083147,366.0720520019531,103084800
2022-09-19,362.9388650171461,368.9109191894531,362.86289235187127,368.9109191894531,73278500
2022-09-20,365.5973340819425,366.6037545982577,361.9324497442443,364.6763610839844,77274900
2022-09-21,366.59425728558,369.63252654265,358.3055291317483,358.3150329589844,106746600
2022-09-22,357.54590716854085,359.1789716401422,354.5646322346763,355.3052062988281,89472600
2022-09-23,351.8492472849376,351.8872336223703,344.92773674852214,349.3522033691406,122346900
2022-09-26,347.8899804357397,351.49789961299837,344.6808163277676,345.8961181640625,92581200
2022-09-27,349.4186734566479,351.67838264038414,342.6300710515762,345.0132141113281,108294100
2022-09-28,345.9626120741058,353.48228367645163,344.2725823827886,351.8017578125,110802200
2022-09-29,348.2698348408258,348.5546599541184,341.51921888000044,344.4530334472656,112952300
2022-09-30,343.5130058772176,347.41528324882285,338.9936171691522,339.12652587890625,153711200
2022-10-03,342.8293767828373,349.9218104770214,341.0538996463219,348.0798645019531,89756500
2022-10-04,353.5771579781318,358.8941136043224,348.04184617078164,358.8656311035156,103602800
2022-10-05,354.5171835950493,360.2803561426698,352.2005099841954,358.0301513671875,88065700
2022-10-06,356.6345194279789,359.5778376786651,353.8431175552407,354.33685302734375,82333500
2022-10-07,350.3206625817961,354.42231806373667,342.69653464839365,344.4530334472656,107789500
2022-10-10,345.5637937626023,345.80115762255645,339.5917399082143,341.82293701171875,76042800
2022-10-11,340.13290031732214,344.68079989118917,337.73077926422997,339.6581726074219,92482800
2022-10-12,340.066449523059,341.63304512033494,338.29094360606194,338.5378112792969,76991800
2022-10-13,331.5593747401117,348.9344292266556,330.5149678078465,347.4722595214844,147254500
2022-10-14,349.9217782616768,351.5453678678568,338.91759358407694,339.5537414550781,123737000
2022-10-17,345.6113290586685,349.380668806043,339.22148268311986,348.279296875,93168200
2022-10-18,356.16925149824414,356.4730842166548,348.94387997178285,352.3714294433594,97162900
2022-10-19,350.33958306364724,353.0550409179747,347.07345375673924,349.8743591308594,79746900
2022-10-20,349.4280898959749,353.83357711460013,346.18093949129155,346.9405212402344,88283100
2022-10-21,346.6652142635387,355.8559372584329,345.1650872068647,355.3717346191406,131038400
2022-10-24,356.8907650535231,360.8499774110466,354.25125151507257,359.7201232910156,85436900
2022-10-25,359.64424976923016,365.77772406360737,359.53031974752065,365.46441650390625,78846300
2022-10-26,362.33119162480466,367.9899381098493,362.07484907907593,362.7109680175781,104087300
2022-10-27,363.7078921191661,365.54033411277726,360.15690917044486,360.7740783691406,81971800
2022-10-28,360.66969527942797,369.83193605345815,360.48929639684917,369.3572082519531,100302000
2022-10-31,366.90756364967945,368.76848820462624,365.78721318114583,366.6891784667969,96631300
2022-11-01,370.42055862920466,370.65792248879427,363.91678308143315,365.0845947265625,85407600
2022-11-02,364.4959449170633,368.9868796691869,355.8179370887984,355.92236328125,126990400
2022-11-03,352.69424875731005,355.2862727989772,350.1497148774445,352.25750732421875,87100100
2022-11-04,357.94474652084614,359.72022378402096,351.29855759340336,357.3276062011719,103505200
2022-11-07,358.61886625865293,361.33432433939305,356.5490600064299,360.74566650390625,68286900
2022-11-08,361.8469568156974,365.65428248614427,358.62831787010947,362.6919860839844,84641100
2022-11-09,360.7266798385477,361.87554204248653,354.72611314844636,355.2198486328125,78495500
2022-11-10,368.4361720364201,375.07288526749676,366.1480099232559,374.7405700683594,141455800
2022-11-11,375.5951003651524,379.1650623418643,373.7151680311234,378.3675231933594,93839900
2022-11-14,376.61103437675337,379.9531074146063,374.87351452909996,375.14886474609375,71903500
2022-11-15,380.8740658346402,381.9754376853018,374.55068876407796,378.3485107421875,93194500
2022-11-16,376.72501302593986,377.6744686794127,374.83560554755684,375.4622497558594,68508500
2022-11-17,370.7244438230275,374.98751938121353,370.4206400370466,374.3133850097656,74496300
2022-11-18,377.6364392872866,377.7029081294727,373.1740156097614,376.01287841796875,92922500
2022-11-21,374.69308951984544,375.8134399275281,372.8131574140973,374.6455993652344,51243200
2022-11-22,376.5824559423881,379.84858445481706,375.1772516835277,379.6871643066406,60429000
2022-11-23,379.3549333957438,382.56409762142516,379.1270733477937,382.07989501953125,68261600
2022-11-25,381.51974849658694,382.54517681766396,381.2444272220214,381.9944763183594,30545400
2022-11-28,378.9181565167745,380.5512209827744,375.13931354978837,375.8988952636719,67881600
2022-11-29,376.0317662011138,377.21858534576455,373.4207640828821,375.25323486328125,52310000
2022-11-30,375.5001700531818,387.07403564453125,373.59178408114326,387.07403564453125,144566700
2022-12-01,388.10894326432475,389.2767840474977,384.29214230054805,386.7892150878906,76398200
2022-12-02,381.91849025775207,387.24492191924827,381.8140640565856,386.34295654296875,85342700
2022-12-05,383.5325548004845,384.4630026318405,378.04470325554814,379.3929138183594,77289800
2022-12-06,379.23149246844036,379.77266003087607,371.84473054042496,373.92401123046875,77972200
2022-12-07,373.0790824780339,375.6426241653655,372.1581093951866,373.2879638671875,65927900
2022-12-08,375.16787185342383,377.27563531293924,373.3923656741001,376.2122497558594,60737900
2022-12-09,374.977955065578,377.52248883512004,373.2784216185342,373.40185546875,81447700
2022-12-12,374.1898882628355,378.7852783203125,373.52528680664847,378.7852783203125,75405800
2022-12-13,389.4855949322845,389.741937458983,378.89917302857265,381.652587890625,123782500
2022-12-14,381.31081297545614,385.00420881267286,376.27871036892407,379.2125244140625,108111300
2022-12-15,374.37025027855924,375.2722444929256,368.28426670085497,369.9363098144531,117705900
2022-12-16,367.39060804195844,368.72594377762675,363.4418274301868,365.5688171386719,119858000
2022-12-19,365.759577222778,366.0934184203677,360.8092731762787,362.4689025878906,79878100
2022-12-20,361.71537858126663,364.5768244170576,360.3991088395016,362.9648742675781,74427200
2022-12-21,365.5497400834467,369.5176155105315,365.0156058055829,368.3921203613281,78167400
2022-12-22,365.3589430278992,368.3730029019242,357.4613534216276,363.1365661621094,100120900
2022-12-23,362.1160465590039,365.36856088727086,360.5708701156697,365.2254943847656,59857300
2022-12-27,365.11097351314567,365.45433305552007,362.11597944447993,363.78515625,51638200
2022-12-28,363.7184005781533,365.6832870108895,359.0351927479394,359.26409912109375,70911500
2022-12-29,362.0969229072174,366.5989324853657,361.57230700428545,365.73095703125,66970900
2022-12-30,363.0603304456531,364.9107056574417,360.952377322475,364.76763916015625,84022200
2023-01-03,366.61799691898324,368.5828541871979,360.3800364563273,363.2319641113281,74850700
2023-01-04,365.4830560496701,368.05836982298644,362.4499294157764,366.0362854003906,85934100
2023-01-05,364.0904452321647,364.2048984321615,361.26715956907026,361.8585205078125,76970500
2023-01-06,364.9392756207187,371.27262349109685,361.88708397790117,370.1566467285156,104189600
2023-01-09,372.3408937056104,375.5171151232303,369.76560972422254,369.9468078613281,73978100
2023-01-10,369.3650063190875,372.60797279309605,368.43025676671084,372.54119873046875,65358100
2023-01-11,374.11508061681747,377.3294343369076,373.3043315842744,377.25311279296875,68881100
2023-01-12,378.3499708858858,380.08589280712,374.2962553998828,378.6265563964844,90157700
2023-01-13,375.4408650484913,380.66778464278104,375.1737978638569,380.0954895019531,63903900
2023-01-17,380.0764304370912,381.74560764780887,378.72199954995557,379.3992004394531,62677300
2023-01-18,380.58195229493043,381.64067358456566,373.2089476072384,373.40924072265625,99632300
2023-01-19,371.3775455516614,373.01810918357603,369.37455652309,370.6908264160156,86958900
2023-01-20,372.08341391228544,377.74908002985853,370.44285016934947,377.5964660644531,91806400
2023-01-23,378.3976232018816,384.05374118740224,377.4438078609924,382.1270446777344,84178800
2023-01-24,380.4579365172411,382.6230872530172,379.2752145956185,381.71697998046875,59524900
2023-01-25,377.6632639518551,382.19388763784025,375.38363090426293,381.86004638671875,84800300
2023-01-26,384.51164727734886,386.2189851730942,381.55481340491326,386.05682373046875,72287400
2023-01-27,385.0170294493165,389.3091976522683,384.80718895062483,386.9437255859375,68346200
2023-01-30,384.1968522201886,386.41925852273624,381.79324776134285,382.08892822265625,74202000
2023-01-31,382.6039606559222,387.75455778693544,382.2605719895161,387.7068786621094,86811800
2023-02-01,386.49550726473996,394.5648060301805,383.7676093537023,391.82733154296875,101459200
2023-02-02,395.6998505537126,398.990525390848,393.811314654258,397.53118896484375,101654500
2023-02-03,392.5808161913244,397.71234690587056,392.1039085651864,393.30572509765625,94736800
2023-02-06,390.86409001480433,392.29481336773335,389.25213937518635,390.9022216796875,60295300
2023-02-07,389.98649761106446,397.25456629561944,388.74654923536696,396.0146179199219,90990700
2023-02-08,394.0497376684334,395.3850733282182,390.99751692481027,391.68426513671875,76227500
2023-02-09,395.2706317979571,395.42324575045114,387.067813777245,388.2886962890625,78694900
2023-02-10,387.1155453391367,389.57640563275254,386.30482544964053,389.19488525390625,70769700
2023-02-13,389.84338297011766,393.8970979159843,389.38554115612743,393.7635498046875,64913500
2023-02-14,392.2470022111371,395.88103624546926,389.6431050211973,393.5823669433594,88389300
2023-02-15,391.3981496403728,394.9367965737248,390.55878744301873,394.8605041503906,61555700
2023-02-16,389.91022227936105,393.8399372390062,389.2902480643342,389.42376708984375,76431500
2023-02-17,387.3062461554366,388.689290011422,385.3890680493917,388.4508361816406,89257800
2023-02-21,384.4448207915137,385.4940235203808,380.40065293639157,380.6581726074219,82655900
2023-02-22,381.06826525497337,382.60392297212803,378.6837270858335,380.133544921875,83742300
2023-02-23,383.0141287647056,383.624584623004,377.9493710671943,382.15570068359375,96242400
2023-02-24,377.1577095966057,378.90317902341906,375.45991929796907,378.0733642578125,108194400
2023-02-27,381.4021728412389,382.7566035647617,378.4262733452024,379.36102294921875,80444700
2023-02-28,378.88415609227326,380.83946629909735,377.85401901216034,377.9589538574219,96438600
2023-03-01,377.14810224642,378.36898463689715,375.21185839805094,376.509033203125,99706800
2023-03-02,374.54420891841545,380.2766485518157,374.2103677204858,379.4372863769531,85127800
2023-03-03,381.24957080469574,385.7706758956866,380.60098327540186,385.5226745605469,90120000
2023-03-06,386.3429340367841,388.6321143894144,385.35098693265746,385.78973388671875,72795900
2023-03-07,385.74205640878506,385.9805102708599,379.26564136455426,379.8760681152344,108310600
2023-03-08,379.9905117430244,381.2495258844479,378.2736266459541,380.49603271484375,74746600
2023-03-09,381.27812390527305,382.9377823434292,372.4934930227915,373.4759216308594,111945300
2023-03-10,372.9322836127058,375.0020758920174,366.5703510301064,368.0869140625,189253000
2023-03-13,364.1762836068756,372.3600366700291,363.0698541646436,367.56231689453125,157790000
2023-03-14,372.4649191205908,375.27868623479475,369.17424429944623,373.63812255859375,149752400
2023-03-15,368.0677596034036,371.5014710192072,365.98842035593884,371.3011779785156,172996900
2023-03-16,368.9548421813165,378.159154025879,368.44932123547807,377.8157653808594,143254200
2023-03-17,376.4907554684151,377.62054625365727,372.01942420856767,373.3981628417969,140553400
2023-03-20,374.17360383701083,377.4002534689739,373.47468001087316,376.988525390625,93055800
2023-03-21,380.33969578047333,382.4173875215719,378.7503158002034,381.93865966796875,91524200
2023-03-22,381.7662673371417,385.3662803866766,375.3896097781942,375.4278869628906,111746600
2023-03-23,378.2811390116393,382.30246432046795,373.74280870365055,376.4428405761719,119351300
2023-03-24,375.1694609327518,378.99928396704195,372.83326654429635,378.9131164550781,107682400
2023-03-27,381.1823007048343,381.9482828809631,378.73121617968684,379.62164306640625,74010400
2023-03-28,378.9322213165427,379.62159057011246,376.9407263724681,378.76947021484375,62871700
2023-03-29,382.9152413925595,384.5142052275328,381.7184217978642,384.27484130859375,77497900
2023-03-30,386.8982643494234,387.14721217774354,384.6674054592339,386.5248718261719,69840000
2023-03-31,387.4440026260915,392.26958723104974,387.3386673117375,391.9727783203125,112062600
2023-04-03,391.45576785501316,393.8685456943349,391.0632075126421,393.4664306640625,67391100
2023-04-04,394.107831932859,394.39508611708817,389.914172128434,391.2833557128906,66601500
2023-04-05,390.55568949256184,391.3120875440854,388.61205593172843,390.2588806152344,65200200
2023-04-06,389.4641946465513,392.05892029879095,388.42057157363575,391.78125,63743300
2023-04-10,389.3110132842087,392.2599929388598,388.69825688508763,392.1833801269531,63681000
2023-04-11,392.80576103470116,393.6866038625685,391.5227739807362,392.2887268066406,59297900
2023-04-12,394.3472458215589,394.63450004221784,390.1057243914606,390.68975830078125,86420400
2023-04-13,391.7716880699347,396.2334348165877,390.6323135315357,395.8791809082031,85814800
2023-04-14,395.2472552060106,397.4302528676945,392.6142522306835,394.9121398925781,78161500
2023-04-17,394.82601113767913,396.3483622283168,393.6004689831214,396.3292236328125,66436400
2023-04-18,397.89941712105417,398.0334749409728,395.21855291496564,396.58770751953125,63560000
2023-04-19,394.68236324131743,397.42067233366515,394.62491824072464,396.52069091796875,55227300
2023-04-20,393.7153338921518,396.0994183553833,392.815323233928,394.3568420410156,75840400
2023-04-21,394.65359358487166,395.1227374400652,392.71954395114506,394.6631774902344,73457400
2023-04-24,394.46213502684145,395.4962034683657,393.1312868972539,395.0749206542969,64332100
2023-04-25,393.11207770668204,393.6674182755135,388.7460828379071,388.80352783203125,97766700
2023-04-26,389.41631802993527,390.48866355864703,386.6013964074548,387.1567077636719,80447000
2023-04-27,389.6844497545518,395.1323747434497,389.4355019352683,394.8642883300781,92968400
2023-04-28,393.9834220992783,398.2441114946902,393.9259770969372,398.2345275878906,89433100
2023-05-01,397.79415208370165,399.852676156497,397.60264924097265,397.83245849609375,62122300
2023-05-02,397.1238469456253,397.1717372569502,390.4695480864417,393.3610534667969,103998500
2023-05-03,393.85893960371277,396.2621626197753,390.42167734881843,390.6610412597656,91531800
2023-05-04,389.61735962844165,389.94289099215666,386.56307424569957,387.8939514160156,94901900
2023-05-05,391.51318454758655,396.11854378303155,391.25468204681897,395.0749206542969,87891800
2023-05-08,395.4004621354889,395.6589646428425,393.7823597445963,395.18023681640625,50046800
2023-05-09,393.63876845358556,394.557917748492,393.2174856060807,393.447265625,49220100
2023-05-10,396.2717616781344,396.9036859335044,391.4748993691881,395.28558349609375,96142900
2023-05-11,394.4239174148644,394.8834774856427,392.52814446520966,394.59625244140625,70157100
2023-05-12,395.83132277822824,396.04196418738917,391.6663849084535,394.07916259765625,70481500
2023-05-15,394.68238356588824,395.84089676313823,392.77705610324665,395.43878173828125,54289400
2023-05-16,394.3376626382598,395.25684108298174,392.78658918922883,392.7961730957031,57705500
2023-05-17,394.80682372550075,398.1674730228259,393.1695828258179,397.5643005371094,87287000
2023-05-18,397.2483654807399,401.8154478860798,397.02816936927354,401.3941650390625,97177200
2023-05-19,402.29419356642416,402.82078253891825,399.59416135067175,400.81011962890625,103793300
2023-05-22,400.8292573658007,402.5048047952054,399.59413136502695,400.9728698730469,60745400
2023-05-23,399.33559189738094,400.9058331974647,396.0802485128697,396.4728088378906,86383500
2023-05-24,394.8738657064858,395.2568421165078,392.44192021304394,393.6004333496094,89213700
2023-05-25,397.09513966858555,398.4547395231807,394.86428090134467,397.00897216796875,90961600
2023-05-26,397.6600433469777,402.8686044347789,397.5834597512282,402.1505126953125,93830000
2023-05-30,404.0750403987033,404.60162936229705,400.92500286690074,402.3037414550781,72216000
2023-05-31,400.4845443720238,401.38455501215435,398.51218808898716,400.0728454589844,110811800
2023-06-01,400.3026119453019,404.9271388982078,399.05793134165066,403.8739318847656,88865000
2023-06-02,406.4399357427851,410.4995384716648,405.9133468070171,409.7144470214844,91426200
2023-06-05,410.0591119636998,411.34209905139056,408.23036813311154,408.9293212890625,65460200
2023-06-06,408.51760703277364,410.34632157550055,407.8665149969257,409.8197326660156,64022200
2023-06-07,410.2122539217262,411.34204444638556,407.981366150616,408.40264892578125,85373300
2023-06-08,408.46970190729934,411.32293010381545,407.7037491177831,410.8729248046875,61952800
2023-06-09,411.66764397898567,413.6112778783288,410.6240207738437,411.6101989746094,85742800
2023-06-12,412.5867299964894,415.4207900475737,411.8686383835333,415.34417724609375,76104300
2023-06-13,416.79962394733377,418.724090042695,416.13897717424237,418.0826110839844,95899700
2023-06-14,418.41769324198367,420.38046559122165,415.1431821385499,418.5804443359375,100612100
2023-06-15,417.7666616239276,425.0146087869259,417.6709394226892,423.7699279785156,110303100
2023-06-16,425.7476786538035,426.3146724181942,421.85559038647375,422.32647705078125,114165800
2023-06-20,420.39480701035416,421.27892182844886,418.0691445357275,420.13531494140625,76160400
2023-06-21,419.15507151836675,419.9526987151209,417.39640282400495,417.9826354980469,76982300
2023-06-22,417.03132680931225,419.59721339592085,416.69496661658377,419.49151611328125,70637200
2023-06-23,416.050955630648,418.0979160676343,415.60889828256654,416.3200378417969,92074500
2023-06-26,415.75312807727073,417.6655331304873,414.37888755488666,414.619140625,72823600
2023-06-27,415.49359948325997,419.77970536315974,415.04192260990584,419.1646728515625,72813700
2023-06-28,418.08837741440095,420.3852108229733,417.4733448104481,419.37615966796875,75636000
2023-06-29,418.96288231167824,421.1924377171977,418.559273599848,421.029052734375,67882300
2023-06-30,424.22923858544607,426.97771946925525,423.91208812792,425.99749755859375,104964000
2023-07-03,425.65147303128975,426.7662212085631,425.3727713230911,426.487548828125,32793400
2023-07-05,424.6809269189928,426.5837417319984,424.6713074116075,425.8533630371094,58418400
2023-07-06,422.2880126868195,422.94149397333916,420.0200085430969,422.5186462402344,80658300
2023-07-07,421.5287711761449,425.38243934770526,421.21162073773354,421.4518737792969,86134200
2023-07-10,421.0963375627214,422.69162140529556,420.52934385873226,422.5186462402344,62443500
2023-07-11,423.27782759435644,425.69956773672544,422.3071959049608,425.2094421386719,64463800
2023-07-12,428.9862448970164,430.03374466313784,427.56393630005715,428.6306457519531,91924500
2023-07-13,430.4373091849304,432.8206297257895,430.00487134114815,432.0325927734375,72425200
2023-07-14,432.9168373466267,433.7625035467968,431.00440290074886,431.76361083984375,69815800
2023-07-17,431.6194336230175,434.3102561737573,431.57136541418197,433.26275634765625,52680200
2023-07-18,432.93600974084484,437.12600898753516,432.5035425061128,436.4821472167969,80668200
2023-07-19,437.27013362266524,438.6347544080096,436.40519925341147,437.4527282714844,65891700
2023-07-20,436.4629102357604,437.35664451536627,433.8393364531686,434.55047607421875,70591600
2023-07-21,436.2610765640321,436.4629102357604,434.54088589539646,434.55047607421875,71275600
2023-07-24,435.6940732292396,437.298976422026,434.6657831913127,436.4917297363281,54023400
2023-07-25,436.2226826187103,438.93271480747865,436.1746144107411,437.68341064453125,55191200
2023-07-26,436.7512409467643,439.1729812727202,435.70374110756154,437.7507019042969,71052900
2023-07-27,441.12379698695344,441.5274350037331,433.94503488324995,434.848388671875,92194400
2023-07-28,438.1062824263063,439.9321998907834,434.8484367232918,439.1057434082031,80011800
2023-07-31,439.5766136336967,440.2973728160184,438.26962173264826,439.9418029785156,62040400
2023-08-01,438.48102764934566,439.42283016702106,437.7314393035273,438.682861328125,55291500
2023-08-02,435.578736374447,435.8381990846735,431.83079503236485,432.58038330078125,93933400
2023-08-03,430.5719002384005,433.2146837020939,429.92800918121173,431.3406982421875,64276100
2023-08-04,433.14736174170275,435.2423610174693,428.87084629536446,429.3898010253906,100128900
2023-08-07,431.21576252551705,433.29155233174345,430.5238325901082,433.1377868652344,58357500
2023-08-08,430.61032036745866,433.12819688898776,427.90987851511386,431.25421142578125,71361300
2023-08-09,431.5233041246725,431.6866891018031,427.61197745800644,428.3711853027344,78789600
2023-08-10,430.7160393980688,434.08920144153984,427.36211636743525,428.5249328613281,93005500
2023-08-11,426.660622377887,429.284196455691,426.0647994577727,428.2751159667969,68690900
2023-08-14,427.3621343832933,430.63916015625,427.0546034425639,430.63916015625,47867400
2023-08-15,428.87090781167177,429.22650696420783,425.0556881700834,425.6227111816406,75707500
2023-08-16,425.2094830101528,426.8624252963623,422.39372408289853,422.49945068359375,80107200
2023-08-17,423.9601232533812,424.2195859756661,418.7610440069637,419.2799987792969,95711300
2023-08-18,416.47389934127483,420.51016276710396,416.1279489876274,419.48187255859375,98852000
2023-08-21,420.4908092774709,422.9509977706557,418.34777118322387,422.2110290527344,68719000
2023-08-22,423.97934005301454,423.97934005301454,420.51010021357035,421.0674743652344,64994200
2023-08-23,422.12460773274086,426.37229454971487,421.98046176867535,425.7572326660156,68441000
2023-08-24,427.3525117447883,427.86184703074184,419.8277698977074,419.85662841796875,88517300
2023-08-25,421.57678397318654,424.0946310005655,418.0402664588185,422.8164978027344,102325100
2023-08-28,424.9980575834004,426.11283533772524,422.81657028498825,425.497802734375,61595400
2023-08-29,425.3920554264297,431.92695615148733,425.2094607575032,431.64825439453125,83081900
2023-08-30,431.9846290752829,434.0604190699575,431.2830795696017,433.4261474609375,69053900
2023-08-31,434.0411436980902,435.17513102782067,432.6092449398333,432.7918395996094,66084600
2023-09-01,435.5019359140747,435.98244204092543,432.14798320577563,433.59912109375,58944100
2023-09-05,433.15705635053166,433.474177484678,431.65787960630774,431.7251281738281,55166200
2023-09-06,430.91787558724553,431.0236021823755,426.5068329962555,428.8228759765625,70758500
2023-09-07,425.83416623260746,428.1790387012732,425.48821586564173,427.50634765625,70355400
2023-09-08,427.5543236104539,429.67815236910445,427.19875378748577,428.150146484375,61659700
2023-09-11,430.7641392036296,431.27347454388655,429.0631580094359,430.9659729003906,60180100
2023-09-12,429.5244300194834,431.04281644605425,428.02525327961035,428.6018371582031,67565400
2023-09-13,428.82283025526624,430.2547289321733,427.72726235885176,429.1015319824219,60199300
2023-09-14,431.5617375492493,433.4933520471616,430.26436526823954,432.8014221191406,83430800
2023-09-15,431.2227284727568,431.5506216241027,427.15295081713646,427.5869140625,111848900
2023-09-18,427.27827686575546,429.1299415798166,426.8057293230556,427.837646484375,55752200
2023-09-19,426.9215390832902,427.5098397023098,424.27908659551923,426.9504699707031,66514600
2023-09-20,428.20413300123477,428.61881878957314,422.8227534657827,423.0252990722656,82562600
2023-09-21,420.1899872517448,420.45036521142913,415.8791088874586,416.0334167480469,104095800
2023-09-22,417.05566583396023,418.64692328267273,414.6832156713709,415.0979309082031,100829700
2023-09-25,413.89240765921994,416.8820302302398,413.4584149989299,416.8434753417969,70874500
2023-09-26,413.8152657492611,414.5192898301892,409.8901424025337,410.71954345703125,96168400
2023-09-27,411.88650085704063,412.4458705721393,407.2573824202832,410.8835144042969,104705800
2023-09-28,410.333802865898,414.93399013925836,409.745502299644,413.26556396484375,92258300
2023-09-29,416.3034507511099,416.47703605865223,410.74848546003295,412.2626037597656,115111300
2023-10-02,411.4332235195831,413.34275029290137,409.3501114299314,412.0986633300781,83798600
2023-10-03,409.92872106622235,412.15648738227026,405.2224344904491,406.5822448730469,103760600
2023-10-04,407.0451710291783,410.28554771633696,405.5889145488821,409.54296875,87453000
2023-10-05,409.25361095296023,410.2276663727646,406.1771957071079,409.3886413574219,70142700
2023-10-06,406.9487369471333,415.7826633161712,405.62751083875975,414.249267578125,113273300
2023-10-09,412.35898219183764,417.47033030159264,411.80929543558074,416.9013366699219,80374400
2023-10-10,417.5282094394434,421.6558488736504,417.1328010827686,419.0712585449219,78607300
2023-10-11,420.13211651194507,421.0386273478204,417.75966631617496,420.78790283203125,62451700
2023-10-12,421.39554768827645,421.77164923724575,415.8791659973801,418.22265625,81154200
2023-10-13,419.7174193113071,420.9132978989336,414.5771691952751,416.1394958496094,95143100
2023-10-16,418.3768791839652,421.5787008605216,418.1357786859934,420.5178527832031,75433200
2023-10-17,417.4028736679959,422.543153380918,417.0557030363835,420.49859619140625,75324700
2023-10-18,418.7337471858001,419.6884958400442,413.8152906244154,414.8954162597656,93559800
2023-10-19,415.60905485320427,417.41248188933355,410.57487522165394,411.24993896484375,121323000
2023-10-20,410.8159967559263,411.3560595506144,406.09040315558224,406.1965026855469,123919900
2023-10-23,404.67268410500066,409.34041539624207,402.92711894728416,405.492431640625,92035100
2023-10-24,407.6044970323164,409.6972623098232,405.76248569133276,408.54962158203125,78564200
2023-10-25,406.8715964855641,406.90052736992106,402.1749337627123,402.6860656738281,94223200
2023-10-26,401.6252356371067,402.4738846980561,396.9478799231693,397.8640441894531,115156800
2023-10-27,399.4456683619361,399.8410767152927,394.64293578713176,396.06060791015625,107367700
2023-10-30,398.8381328209202,401.84706268429056,397.54583752991965,400.7958679199219,86562700
2023-10-31,401.3648163745919,403.6311669556289,399.4649432617073,403.31292724609375,79665200
2023-11-01,404.27731320299,408.4242298564383,403.7468744665271,407.6141357421875,98068100
2023-11-02,411.394679734943,415.5802112048873,411.3754022860785,415.4259033203125,94938900
2023-11-03,417.72113093175125,420.75899159658866,417.59575395239466,419.2159423828125,100167800
2023-11-06,419.96815874248256,420.62394506807493,418.24187084518337,420.1803283691406,67831700
2023-11-07,420.1803714654247,422.01272964838347,419.0423840017281,421.376220703125,64256100
2023-11-08,421.97409276953505,422.4948781019278,419.38950241519393,421.6847839355469,61746000
2023-11-09,422.822781049031,422.86136537152765,417.9718399454001,418.39617919921875,83174400
2023-11-10,420.4600141525394,425.23378661631307,418.38652621092507,424.9251708984375,89462200
2023-11-13,423.5943543234561,425.61957523316283,422.81319095971963,424.5201721191406,52236100
2023-11-14,430.431891252709,434.0387451768695,430.2100682059501,432.756103515625,97176900
2023-11-15,434.0870186065259,435.31182811938703,432.82365419982955,433.6723327636719,77327600
2023-11-16,433.22870327091186,434.52099852551896,432.16785509736394,434.2027587890625,66665800
2023-11-17,434.2123895584984,435.3504063975986,433.2962252275612,434.7428283691406,83133200
2023-11-20,434.4920338445369,438.92828895080976,434.482380406505,438.0892639160156,69936200
2023-11-21,437.0476983171483,437.9638920043512,435.87112668099957,437.1344909667969,49244600
2023-11-22,438.783649698811,440.1338066653199,437.73245500948576,438.82220458984375,59394900
2023-11-24,438.8704609965596,439.285146826889,438.5425678215631,439.0922546386719,29737400
2023-11-27,438.4654455611085,439.2755398611356,437.91572925462685,438.301513671875,50506000
2023-11-28,437.91566497815336,440.02770779834395,437.3563247451927,438.73541259765625,62115000
2023-11-29,440.8763470143407,442.0047102493057,438.0313789111588,438.4267578125,63146000
2023-11-30,439.2658732507552,440.5003067450598,437.2020386572685,440.1531066894531,79752700
2023-12-01,439.5455435028684,443.2874284363199,438.9572723368323,442.75701904296875,89183400
2023-12-04,439.3815446393366,442.77622898793436,438.1663887357716,440.4327392578125,72430900
2023-12-05,439.05368258007826,441.3007263857532,438.67755165712543,440.3459777832031,69793500
2023-12-06,442.47728857768345,442.50621946104377,438.1374794863498,438.57147216796875,69124700
2023-12-07,440.6448901016337,442.5640405275411,440.04696561303206,441.91790771484375,66995400
2023-12-08,441.1753589138319,444.3482499376319,440.93425839840177,443.8178405761719,83194400
2023-12-11,443.32601530242187,445.7177431682356,443.11384565762216,445.54412841796875,65002200
2023-12-12,445.19687499100826,447.6753950554409,444.20354216398823,447.5789489746094,68327600
2023-12-13,447.95509399152206,454.0019136162734,447.59826994583597,453.75115966796875,93278000
2023-12-14,455.6799450229731,456.86617007826965,452.545638522815,455.2073974609375,119026000
2023-12-15,454.61284974570634,455.7845286924067,452.6181291338484,454.4579162597656,141553700
2023-12-18,456.05563220988086,457.9922563619539,455.00017559306576,457.0142517089844,70375300
2023-12-19,457.5565059029809,459.87078595804843,457.47905393883144,459.7933044433594,55761800
2023-12-20,458.9411749679152,460.81970272542947,452.9957542950649,453.42181396484375,102921000
2023-12-21,456.39454843299563,457.99228710614074,453.98346065798535,457.7211608886719,86667500
2023-12-22,458.8443284649097,460.31618167604864,456.7528004658334,458.6409912109375,67160400
2023-12-26,459.0477470448917,461.4781904417408,458.97026552475677,460.5776672363281,55387000
2023-12-27,460.3742993690924,461.5556412930502,459.8417395433534,461.410400390625,68000300
2023-12-28,461.76869846768426,462.41745105376606,461.16834966842947,461.584716796875,77158100
2023-12-29,461.39104484329897,461.91394167612276,458.3021267345069,460.2484436035156,122283100
2024-01-02,457.1982355112993,458.66039620914324,455.5811413344983,457.6726989746094,123623700
2024-01-03,455.5230445204575,456.25897115713644,453.3346793148978,453.9350280761719,103585900
2024-01-04,453.4605375615008,456.03625125353045,452.2501474553143,452.4728698730469,84232200
2024-01-05,452.6762546685268,455.53278743928377,451.6498461147491,453.0926513671875,86118900
2024-01-08,453.58641462800097,459.70615398593577,453.46052933115607,459.5609130859375,74879100
2024-01-09,456.91742225203353,459.88045489034096,456.4139106022468,458.8637390136719,65931400
2024-01-10,459.1348885576282,462.32064377730035,458.85406976244286,461.4588317871094,67310600
2024-01-11,462.4562213568548,462.9694256422812,457.2951303185307,461.2555236816406,77940700
2024-01-12,462.69828839912003,463.4342151118614,460.171007794378,461.5750427246094,58026400
2024-01-16,460.2000221906259,461.507219896807,458.0697237314841,459.8804626464844,85014900
2024-01-17,456.8690498182248,457.8083137942025,454.9808292885089,457.32415771484375,68843900
2024-01-18,458.98962663985805,461.9429667160371,457.4500139514087,461.3910217285156,91856200
2024-01-19,462.51426116700225,467.4236105266518,461.43944893766223,467.1427917480469,110834500
2024-01-22,468.67274557207963,469.8443949304159,467.4817110595385,468.1304931640625,75844900
2024-01-23,468.6727773973201,469.7378971314764,467.5882725076425,469.4958190917969,49945300
2024-01-24,472.3523626504235,473.28193407003323,469.5152150522186,470.0090637207031,81765000
2024-01-25,472.1296163726771,472.8364948673133,470.0090399898508,472.56536865234375,72525000
2024-01-26,472.1392548920073,473.62077110248816,471.12253908991676,471.9649658203125,76641600
2024-01-29,472.2749243280571,475.8479987432674,471.73267185506717,475.7027282714844,61322800
2024-01-30,475.0151572718124,476.04156568160744,474.5794050287412,475.334716796875,58618400
2024-01-31,473.1366851322255,473.5821004537836,467.5591976080332,467.5785827636719,126011100
2024-02-01,469.27313995314404,473.7273819238251,468.4694242895628,473.6983337402344,91891600
2024-02-02,474.1340406811921,480.33123256171854,473.7951255169084,478.68511962890625,99228200
2024-02-05,478.05572128716557,478.71416645842936,474.6956769375314,476.942138671875,75757100
2024-02-06,477.88139839933996,478.6560658444282,476.45797836644056,478.32684326171875,55918600
2024-02-07,480.5636415654776,482.73265130891053,479.66308881437243,482.3162841796875,70556500
2024-02-08,482.3163280373736,482.90698431385846,481.50294930962457,482.52935791015625,52343600
2024-02-09,483.03279181896556,485.7537463849515,482.69387668269746,485.3180236816406,63979400
2024-02-12,485.28902318022654,487.54517753380475,484.3884704038274,485.10504150390625,56502300
2024-02-13,478.8593667536311,481.33824328857344,475.17010013129357,478.4236145019531,113099200
2024-02-14,481.0477983876243,483.25554889436194,478.73351817874396,482.7713928222656,68387800
2024-02-15,483.4686066260898,486.28639867423624,482.99411355370677,486.1024169921875,61683000
2024-02-16,485.802216073848,486.9351247377766,482.9456834193714,483.6816101074219,75532900
2024-02-20,481.94833972980865,482.61647749849317,478.7819695373135,481.0187683105469,71736700
2024-02-21,479.721149514895,481.6093402061132,477.92007380806905,481.45440673828125,59293400
2024-02-22,488.0389355717621,492.37695437493585,487.08028660722704,491.4183349609375,76402500
2024-02-23,493.1322803007743,493.9650440524054,491.03105964418,491.7572937011719,61321800
2024-02-26,492.1930670722987,492.6288193715667,489.8303829996231,489.9562683105469,50386700
2024-02-27,490.6437622032437,491.089177503547,488.75554175218684,490.866455078125,48854500
2024-02-28,489.3171291941457,490.79864549092105,488.9588584535033,490.2176818847656,56506600
2024-02-29,491.9703479594554,493.5874126583201,489.3365378000111,491.9800109863281,83924800
2024-03-01,492.8515431020925,497.02493667557957,492.44483898500675,496.598876953125,76844800
2024-03-04,495.80484959614716,497.9060702059494,495.77577186599717,496.0662536621094,49799300
2024-03-05,494.0715838516931,494.5170287187888,488.910493074669,491.1085510253906,72855600
2024-03-06,494.37174481528393,495.84359816125266,492.3092648064121,493.59710693359375,68382400
2024-03-07,496.8796700098079,499.54252820351775,493.65517426694095,498.4967346191406,58652100
2024-03-08,499.1262072798715,501.7986991966138,494.93339907868494,495.50469970703125,86532500
2024-03-11,494.3039754152461,495.6596064560232,492.38670680365675,495.07861328125,62557200
2024-03-12,497.17992269457994,500.98538263864816,494.67196803265733,500.4044189453125,73114400
2024-03-13,500.72385457506516,500.89814366049285,498.18688160759467,499.6199645996094,55104100
2024-03-14,500.5883050955873,500.7432681365898,495.6015329710001,498.6323547363281,110171800
2024-03-15,495.57751113868864,497.0247990949515,493.5474544938414,495.2084045410156,107646300
2024-03-18,499.25883960128044,500.69637526560086,497.74358168127196,498.1515197753906,88893300
2024-03-19,497.461870313395,501.2014309193572,496.46138163610317,500.9197692871094,60755300
2024-03-20,500.9780959649054,505.6889776418347,500.30788231111256,505.552978515625,69594600
2024-03-21,508.37953729329536,509.07885971572495,506.941942394898,507.2236633300781,60256100
2024-03-22,507.13620745255224,507.621867774784,506.028887689534,506.2620544433594,79070800
2024-03-25,504.8924510759777,506.0094935131632,504.70789778508725,504.86334228515625,48512100
2024-03-26,506.28145712240774,506.62145492992863,503.5326622935472,503.9308776855469,65463700
2024-03-27,506.74777267634687,508.20475380954497,504.5914097711624,508.1658630371094,82999800
2024-03-28,508.2047857637415,509.56459933606504,507.7871249267959,508.06878662109375,96294900
2024-04-01,508.8069627833215,509.3411773364756,506.0289403944362,507.184814453125,62477500
2024-04-02,503.3772245058647,504.0959923303483,501.6676906072498,503.9600524902344,74230300
2024-04-03,502.87207664118336,506.0094825181492,502.8235224677317,504.51361083984375,59155800
2024-04-04,508.50581204447843,508.845750562364,498.0543922336854,498.3554992675781,96858100
2024-04-05,499.70568326072845,505.51416224528475,499.26857707601863,503.5617980957031,74546500
2024-04-08,504.26113435269997,505.2615637846118,503.0372608598177,503.8434143066406,48401800
2024-04-09,505.5724514220362,505.81528161003905,499.5988050832793,504.4263000488281,68049200
2024-04-10,498.7537372482173,501.35686962666665,497.40364652298035,499.3753967285156,82652800
2024-04-11,500.8905721872355,504.58157840612773,497.3938419345378,503.14404296875,70099000
2024-04-12,499.61822644383983,501.0266533234711,494.47993161292834,496.1991882324219,92561100
2024-04-15,500.3564559239092,500.5215638494566,489.13768362770764,489.9827575683594,92101400
2024-04-16,490.45867707344763,491.97393499543114,487.80696088879887,489.089111328125,73484000
2024-04-17,491.5368440989878,491.7019816659058,484.8055985468662,486.194580078125,75910300
2024-04-18,487.58356199441425,489.6718955124249,484.26163225086344,485.194091796875,74548100
2024-04-19,485.1163881622374,486.1071245547147,479.6964023315547,480.9591369628906,102212600
2024-04-22,483.552617207762,487.9721446001498,481.22145323365453,485.388427734375,67961000
2024-04-23,487.3893089914972,491.5756989172583,485.2038373746558,491.1483154296875,64633600
2024-04-24,492.03223509825074,492.81900253172324,488.7006120510912,490.91522216796875,55928100
2024-04-25,484.8638422405587,489.8078608662871,483.2223079459974,489.05023193359375,69122400
2024-04-26,491.82824557353393,495.2570064811488,491.1968930428971,493.6834716796875,64306100
2024-04-29,495.4609621651781,496.1020373711397,492.70241499072074,495.43182373046875,46415400
2024-04-30,493.97486496700367,494.9461856908876,487.5835876464844,487.5835876464844,77483600
2024-05-01,487.00079486473084,493.6154866987963,485.5340910693037,486.0003356933594,80242800
2024-05-02,489.6912841378985,491.38140217174987,485.2232033620505,490.5460510253906,62550200
2024-05-03,496.5002494560944,497.8503696978336,493.9748099269168,496.62652587890625,72756700
2024-05-06,499.0160258932404,501.79398895747323,498.5789197070483,501.7551574707031,47264700
2024-05-07,502.7168065572067,503.6978500813618,501.6386546639094,502.3088684082031,52561300
2024-05-08,500.4826581745873,502.89151427383246,500.3661044462176,502.3572998046875,42047200
2024-05-09,502.5418982172586,505.290752341684,501.89112996130467,505.2518615722656,43643700
2024-05-10,506.8448931772194,507.65110602328485,504.68858950510435,505.9027404785156,52233200
2024-05-13,507.57334496613424,507.6801760152973,504.8342134653113,505.97064208984375,36716400
2024-05-14,506.1648587577762,508.80688159235103,505.63064428986746,508.29205322265625,57535900
2024-05-15,510.7496357077859,514.8777491307729,510.11825347038337,514.5863647460938,59504900
2024-05-16,514.6834008229457,516.2763809484062,513.381805041238,513.5275268554688,50244800
2024-05-17,513.6440266439718,514.3336855890079,512.1967684847502,514.2656860351562,59187600
2024-05-20,514.3823386833988,516.3152574978291,513.9937866680089,514.8582763671875,37764200
2024-05-21,514.1006064390205,516.2763551432357,513.8966077662355,516.1209106445312,33437000
2024-05-22,515.4313166919542,516.1403617816678,512.4687413388463,514.6348266601562,48390000
2024-05-23,517.6750684388743,517.7818994806975,509.6713365846429,510.8758239746094,57211200
2024-05-24,512.7116773079188,515.0623164056714,511.7695245578183,514.256103515625,41291100
2024-05-28,515.0621852566261,515.2952927113275,511.99277901051346,514.6153564453125,36269600
2024-05-29,510.6039026906956,512.1871603116153,510.3027956190019,511.0118408203125,45190300
2024-05-30,509.47711227930006,510.13760318894674,506.3785971197376,507.6218566894531,46377600
2024-05-31,508.5738001358681,512.3716377541396,503.49375287353905,512.245361328125,90785800
2024-06-03,513.8481892705336,514.1298509823358,507.6122665558144,512.6631469726562,46835700
2024-06-04,511.36156404562087,513.9744193400643,509.90458286176136,513.2362060546875,34632700
2024-06-05,515.5478835476441,519.3554439193825,513.566351467224,519.3359985351562,47610400
2024-06-06,519.637123680227,520.0645071551455,517.4030979505338,519.3262939453125,30808500
2024-06-07,518.3548874978856,521.4922931206179,517.26701324802,518.6948852539062,43224500
2024-06-10,517.8887511155715,520.6181598447974,517.2962597313128,520.297607421875,35686100
2024-06-11,518.7531294189747,521.6088139660627,516.7910431026629,521.550537109375,36383400
2024-06-12,526.096381978746,528.5149607902181,524.804508979413,525.8341064453125,63251300
2024-06-13,527.572819593174,527.7476501909825,524.1149205499801,526.8928833007812,44760900
2024-06-14,525.3680286737572,527.2426708093075,524.3675397366727,527.2135620117188,40089900
2024-06-17,526.533556163689,532.7985867082562,526.0770045940598,531.4095458984375,55839500
2024-06-18,531.4677705153928,532.8859199795279,531.0501097581155,532.7596435546875,41376400
2024-06-20,533.6824026084769,534.3428935144076,529.5445672911499,531.3123779296875,70328200
2024-06-21,530.4929829849066,531.7110509477889,529.1482311958065,530.6001586914062,64338600
2024-06-24,530.4247136467889,532.9777790963483,528.7583754205319,528.8753051757812,45528700
2024-06-25,530.0934194702492,531.272530660959,528.5830271026286,530.9119873046875,37936200
2024-06-26,529.8010709636176,532.2859175813455,529.1579572826417,531.5745849609375,38550600
2024-06-27,531.4380824208646,532.9874907686532,530.6974877125363,532.4125366210938,35041500
2024-06-28,533.1823416161415,536.2226934820135,529.0799274394088,530.3174438476562,76144500
2024-07-01,531.6915058832783,531.9351194589271,528.6609672764391,531.408935546875,40297800
2024-07-02,529.8108184673043,534.9851684570312,529.7621076471618,534.9851684570312,40434800
2024-07-03,534.6734227637801,537.7332240580232,534.6344659965342,537.3726806640625,32789900
2024-07-05,537.6746345682784,540.8708135451888,537.0412155224441,540.4713134765625,41488400
2024-07-08,541.2509793152082,542.0402850366268,540.0329112589461,541.0950927734375,36110500
2024-07-09,542.0499170234392,542.9463982576794,541.3288304126829,541.6211547851562,27289700
2024-07-10,542.83922140572,547.3216870432971,542.546897033872,546.9806518554688,38701200
2024-07-11,547.0975967198616,547.9648752769439,541.6309226493873,542.2642822265625,53054200
2024-07-12,543.3849943470381,549.2706773223186,542.9172752823991,545.6846923828125,53084400
2024-07-15,547.6725909303428,550.4108051950651,545.3338767680585,547.1853637695312,40584300
2024-07-16,548.4910822924977,550.722561208659,547.7407334557406,550.4302368164062,36475300
2024-07-17,544.5249337124613,546.19127161806,542.3908768758698,542.7124633789062,57119000
2024-07-18,544.2425249574461,545.2267333968008,536.3689169185834,538.5419311523438,56270400
2024-07-19,538.3080081974957,539.9256355832753,533.9132099479913,534.9656372070312,65509100
2024-07-22,538.8732666357521,541.0852970880696,536.9438660153718,540.4811401367188,43346700
2024-07-23,540.3738971671513,542.517708645555,539.1461346384042,539.6333618164062,34439600
2024-07-24,534.8390224206132,535.1411009025868,526.4879411580819,527.4039306640625,74515300
2024-07-25,527.520781647899,533.4747422855404,523.7204457786454,524.6558837890625,61158300
2024-07-26,528.427065396124,533.2116094688655,527.6572084941715,530.5318603515625,53763800
2024-07-29,532.0715107948711,533.0751677112492,528.8557642968128,530.8436889648438,39515800
2024-07-30,532.3054207151831,533.3578480228961,524.7631538745112,528.1542358398438,46853600
2024-07-31,534.9559286681133,539.3604813512061,533.5917282671721,536.7391967773438,65663400
2024-08-01,538.4542082657176,540.6954412129795,525.6498647611072,529.138427734375,76428700
2024-08-02,522.063852889589,523.2721666167066,515.0964813658185,519.2866821289062,82789100
2024-08-05,498.56978906774395,510.20477524600585,497.234761759116,504.16314697265625,146267400
2024-08-06,505.9561368728723,516.2171692769037,504.6406473484446,508.81134033203125,84826300
2024-08-07,514.9698250199898,518.0101770927619,504.8160280713854,505.4104309082031,70698300
2024-08-08,510.5264260888053,517.7179049887513,508.5093576317799,517.0942993164062,63276600
2024-08-09,516.2755714297688,520.8555180126824,515.0575036936727,519.3743286132812,45619600
2024-08-12,520.563206135425,522.0443360943832,517.3864758873478,519.647216796875,42542100
2024-08-13,522.8239831490899,528.4270952564345,522.5803695792055,528.1931762695312,52333100
2024-08-14,528.9825253913183,531.0386692920978,526.3222840215557,529.8595581054688,42446900
2024-08-15,535.4625975238755,539.22397656437,534.8584406614526,538.94140625,60846800
2024-08-16,537.3335929699142,540.8416642629177,537.1777064456791,540.1497802734375,44430700
2024-08-19,540.5589895349276,545.3143310546875,539.7112190916396,545.3143310546875,39121800
2024-08-20,544.8661897055061,546.5130199847447,543.0926755989435,544.4276733398438,33732300
2024-08-21,545.4702606482219,547.7504502285475,540.5589732888145,546.2985229492188,41514600
2024-08-22,548.1889915317105,548.79314842079,540.8026115148097,542.0109252929688,56121500
2024-08-23,545.2363405475206,548.7053948244553,543.0535133659789,547.7698974609375,50639400
2024-08-26,548.7931322733509,549.504464836925,544.7686315002069,546.4641723632812,35788600
2024-08-27,545.197411094177,547.7017657101911,544.057316249273,547.2145385742188,32693900
2024-08-28,546.8734758569603,547.3022380940843,540.8610504788411,544.0377807617188,41066000
2024-08-29,545.9964997373786,549.2804060501943,542.9464529460971,544.0865478515625,38715200
2024-08-30,546.4447596496766,549.7871307787254,542.9074857644326,549.2803955078125,62700100
2024-09-03,546.1524339283656,546.4837745967734,535.4724516729985,537.976806640625,60600100
2024-09-04,536.144708671945,540.2666308743978,535.4236220855641,536.8755493164062,47224900
2024-09-05,536.8170931187602,539.652728695669,533.1238736044508,535.5697631835938,44264300
2024-09-06,535.8914419191495,537.5090100138885,525.6596709710985,526.55615234375,68493800
2024-09-09,530.7365485093424,533.718376233379,528.8168426461983,532.4515380859375,40445800
2024-09-10,534.3516217680888,535.1214785511951,529.4988595116598,534.7706298828125,36394600
2024-09-11,534.683107736862,541.1729474655668,526.1663863296421,540.2569580078125,75248600
2024-09-12,540.8318274541291,545.1096956062142,538.6197974189213,544.8076171875,51819600
2024-09-13,545.4117215837606,548.6469163083269,545.1583540035298,547.6529541015625,39310500
2024-09-16,547.3898567571744,548.7248541652143,545.5968944537451,548.4617919921875,36656100
2024-09-17,550.6641466211254,552.1063795479049,546.4642506202782,548.68603515625,49321000
2024-09-18,549.3389057758787,554.1624668793891,546.5032696834501,547.0587158203125,59044900
2024-09-19,556.4232441155169,558.245469176007,553.5680997187276,556.3939819335938,75315500
2024-09-20,555.0314034219361,556.4682163688195,552.4215869805491,555.43212890625,77503100
2024-09-23,556.4974940475859,557.465153194272,555.2854144616904,556.8200073242188,44116900
2024-09-24,557.6117584874984,558.471913246618,554.7967173955426,558.4132690429688,46805700
2024-09-25,558.2568638249757,558.9899461465259,556.0771251545262,557.181640625,38428600
2024-09-26,561.4238456875147,561.7464186568862,557.0449191197562,559.3907470703125,48336000
2024-09-27,560.4561405350975,561.2673753932927,557.5531033653197,558.5794067382812,42100900
2024-09-30,557.5531842584909,561.4238811603136,555.266000370726,560.81787109375,63557400
2024-10-01,560.4658463652788,561.1109325028423,553.2327442205948,555.7936401367188,72668800
2024-10-02,554.9042964358707,557.0448994143397,552.519332659213,556.0283203125,38097800
2024-10-03,554.5621954422553,556.9471593905891,552.7343813129046,555.0118408203125,40846500
2024-10-04,559.4395039594219,560.4267309820088,555.28537101062,560.0552978515625,42939100
2024-10-07,558.4133612174717,559.0585072225006,553.8487175811873,554.9923095703125,49964700
2024-10-08,557.5531808736639,560.8374356454558,556.6833016920415,560.2411499023438,37398700
2024-10-09,560.2313175326061,564.6787318135322,559.6350914993983,564.12158203125,37912200
2024-10-10,562.7825341526946,564.5517040960426,561.5313781232933,563.1343994140625,44138100
2024-10-11,563.0560063990889,567.2394909129982,562.9191500663796,566.5064086914062,42268000
2024-10-14,568.1094778484854,572.0681703246292,567.6305402513053,571.1395874023438,36217200
2024-10-15,571.4035256005812,571.7065305951428,565.4899467305453,566.7020263671875,54203600
2024-10-16,566.7021056174783,569.6832957534668,565.900594951752,569.1652221679688,30725400
2024-10-17,572.6937458614649,572.8990304200946,569.0283336899422,569.2140502929688,34393700
2024-10-18,570.8952748825009,572.1855071059618,569.4388940141822,571.403564453125,37416800
2024-10-21,570.6802188403536,571.6576620923939,567.5035282712228,570.4652099609375,36439000
2024-10-22,567.9433552717076,571.3155462187071,567.288485036852,570.1621704101562,34183800
2024-10-23,568.1485895916966,568.5884509212708,561.462852493989,564.9523315429688,49314600
2024-10-24,566.8975538777448,566.975766047179,563.5644984283806,566.1742553710938,34979900
2024-10-25,568.393014498126,571.2764839191195,565.0403914237966,565.9786987304688,47268200
2024-10-28,569.4388580651755,569.5659304498093,567.4253275234959,567.7283325195312,30174700
2024-10-29,566.7704218431865,569.7613956814984,565.382469188388,568.6471557617188,42899700
2024-10-30,568.1779150746601,570.1621533327376,566.2230287475197,566.9268188476562,41435800
2024-10-31,562.5770598717979,562.6454880370553,555.6176708657524,555.8131713867188,60182500
2024-11-01,558.4328313722141,562.5673968338307,557.748609230934,558.1591186523438,45667500
2024-11-04,558.2958792314746,559.5861111358071,555.0801132750667,556.956787109375,38217000
2024-11-05,557.8658847297456,563.7305435334926,557.6508758763042,563.6914672851562,39478300
2024-11-06,575.9095457320777,578.57794657906,572.1854895240832,577.7080078125,68182000
2024-11-07,579.7020264980958,583.1915058614667,579.6238143381844,582.1749267578125,47233200
2024-11-08,582.7222620683345,586.1140207981344,582.7222620683345,584.6967163085938,46444900
2024-11-11,586.2803319736955,586.632197284842,583.5337183657143,585.2540283203125,37586800
2024-11-12,585.1756086538937,585.7718346072201,580.9628314181381,583.435791015625,43006100
2024-11-13,583.8952319310844,585.7132619411553,581.5396200997641,583.7192993164062,47388600
2024-11-14,583.8464232004079,584.3253608590082,579.2817798181851,579.9659423828125,38904100
2024-11-15,576.4177743775998,576.886987680586,570.689971552463,572.537353515625,75988800
2024-11-18,572.9967218779136,576.1929802203847,572.1366267509276,574.8832397460938,37001700
2024-11-19,571.5208668268807,577.7080396739373,570.856212572816,576.9847412109375,49412000
2024-11-20,577.0628263540408,577.4635517504902,571.4425288776818,577.1801147460938,50032600
2024-11-21,580.014817427747,581.6959910919024,574.1990184692589,580.2786865234375,46750300
2024-11-22,580.2689037579424,582.7027874385594,579.7704578390868,582.0772094726562,38226400
2024-11-25,585.9967380709614,587.3064784870423,581.7741764917598,584.0516357421875,42441400
2024-11-26,585.2929516850081,587.7659115133398,584.5794372696156,587.1012573242188,45621300
2024-11-27,586.9156250460375,587.2967825924234,583.8073625128942,585.3223876953125,34000200
2024-11-29,586.1336096679657,589.7403777490892,585.8599565725738,588.9584350585938,30177400
2024-12-02,589.3689531396692,590.6885373789082,588.8802314936704,590.0140991210938,31746000
2024-12-03,589.7794288278096,590.5320194756874,588.7531254655074,590.2876586914062,26906600
2024-12-04,591.9688854405287,594.1974247464545,591.3042312735546,593.9530639648438,42787600
2024-12-05,593.9530901421784,594.7546007001943,592.6237817496434,592.9756469726562,28762200
2024-12-06,593.738143242676,595.3313805479372,593.3276337729875,594.0997924804688,31241500
2024-12-09,593.9825191407734,594.1486677967985,590.4539631589937,591.0404052734375,34742700
2024-12-10,591.7147950136848,592.1350884376395,588.5478885385655,589.2027587890625,37234500
2024-12-11,592.1155320836123,594.7057206012569,591.8418193692619,593.7576293945312,28677700
2024-12-12,592.8974892997352,593.4643633790662,590.6982421875,590.6982421875,31543800
2024-12-13,592.7215967057723,593.4351111707817,589.2125492712078,590.5809936523438,35904700
2024-12-16,592.3305025817151,594.0703798886923,591.5583440306177,593.1026611328125,43695200
2024-12-17,590.5614592226143,591.5193345487469,589.2907948870824,590.6591796875,55773500
2024-12-18,590.3560537155035,592.7312332463192,572.6741417666346,573.0553588867188,108248700
2024-12-19,578.0208781053541,579.6238994978684,572.6351557670356,572.8795166015625,85919500
2024-12-20,570.5609748943081,584.2716011168147,569.7174991420582,579.76025390625,125716700
2024-12-23,579.5053432293004,583.8303494697157,576.337534899556,583.2321166992188,57635800
2024-12-24,584.5756300016285,589.7539282690682,583.9969712723625,589.7146606445312,33160100
2024-12-26,587.9493923534018,590.8719573339298,586.5567683514358,589.7539672851562,41219100
2024-12-27,586.0271215733671,586.2625477535164,579.3777835694219,583.5458984375,64969300
2024-12-30,576.5631199685903,580.338917958557,573.150128529516,576.88671875,56578800
2024-12-31,578.5441278348751,579.2601035674252,573.1599137063401,574.7879638671875,57052700
2025-01-02,578.0341524534392,579.7406180456738,569.3154229960469,573.3756713867188,50204000
2025-01-03,576.2100986967752,581.1823624210723,575.1312564616488,580.544921875,37888500
2025-01-06,584.7816606701658,588.145567536734,582.1630605707853,583.88916015625,47679400
2025-01-07,585.9095629934586,586.2332216831945,575.4746081038332,577.2889404296875,60393100
2025-01-08,577.357566647636,579.2013495963691,573.9250009242365,578.13232421875,47304700
2025-01-10,574.5917674597674,574.6604259424307,567.4029789022777,569.3056030273438,73105000
2025-01-13,564.6767004472727,570.5414650673235,564.2647494580999,570.1884155273438,47910100
2025-01-14,573.1010128011978,573.7286961683375,567.2067990118115,570.9728393554688,48420600
2025-01-15,578.956079102548,582.4965105633459,577.847846118657,581.35888671875,56900200
2025-01-16,582.7220679112103,582.8985926554029,579.5445027973688,580.2408447265625,43319700
2025-01-17,585.4584175885924,587.8121409710091,584.1343920679883,586.0664672851562,58070600
2025-01-21,589.0967593301249,591.440725108679,587.1352937130949,591.430908203125,42532900
2025-01-22,594.2456759945876,596.1090924921224,593.6964679520279,594.7556762695312,48196000
2025-01-23,594.1280457618639,598.001953125,593.8534716457165,598.001953125,41152100
2025-01-24,598.0607394613536,599.0120815203885,595.1087237951253,596.2561645507812,34604700
2025-01-27,583.3496990163546,588.1356800712656,583.1829911938827,587.8218383789062,70361100
2025-01-28,589.0477983536082,593.7062796977629,585.7427332202798,592.8726806640625,44433300
2025-01-29,592.0880784150642,592.4902124528912,587.6747800612517,590.2149047851562,37177400
2025-01-30,592.3235418567856,594.9126315608507,589.1459165604987,593.3826904296875,39281300
2025-01-31,595.7952259985301,598.2078504382997,589.4694869358445,590.2246704101562,66566900
2025-02-03,581.2509121761593,588.7240915852041,579.1129217803689,586.252685546875,65857200
2025-02-04,586.3115788306599,590.695426254437,585.7721876960313,590.1854858398438,33457800
2025-02-05,589.0674493379312,592.7255640609287,587.0471418694162,592.5784301757812,30653100
2025-02-06,594.3143418590737,594.7655005585997,591.0190935628144,594.6380004882812,35771500
2025-02-07,595.1970270806008,596.4131263461926,588.4887874469584,589.1949462890625,50788500
2025-02-10,592.3921407355843,593.8337894109928,591.1269569453736,593.1962890625,26048700
2025-02-11,590.9405676549386,594.1867909987916,590.8228845015021,593.6473999023438,30056700
2025-02-12,587.6552234594287,592.9021210468912,586.9785152974936,591.7350463867188,45076100
2025-02-13,592.8333911581238,598.1882142232939,591.5780842005947,597.9822387695312,40921300
2025-02-14,598.1882471856823,599.2180047928703,597.3350143232245,597.952880859375,26910400
2025-02-18,599.110202272389,599.7084350585938,596.6583696805393,599.7084350585938,26749000
2025-02-19,598.3256014161959,601.4148744301086,597.8156011046507,601.1206665039062,31011100
2025-02-20,599.7573748000233,599.8946917719264,595.3245028060013,598.6197509765625,36554000
2025-02-21,598.4039822903428,598.5412992676794,587.9199448031515,588.3809204101562,76519800
2025-02-24,590.4208138598086,591.4113636230724,584.9973324269623,585.7034912109375,50737200
2025-02-25,585.6447380509082,586.3704708973501,578.2009482027341,582.790771484375,58266500
2025-02-26,584.4481329600031,588.0278318848362,580.4565429896904,583.0848999023438,43321600
2025-02-27,585.3504072406853,586.4979078319449,573.3855137517263,573.7777709960938,74196700
2025-02-28,574.2779596736045,583.2614467800305,571.2180777869312,582.7318725585938,88744100
2025-03-03,584.6933298193593,585.8310134980443,568.727029424783,572.5224609375,74249200
2025-03-04,568.5407916793482,574.1113483546197,561.224501400552,565.7456665039062,109648200
2025-03-05,565.5789679172403,573.611174316589,562.0385358294819,571.8262329101562,71230500
2025-03-06,564.3921264239905,568.991765926103,559.1354126670572,561.675537109375,80094900
2025-03-07,559.9004915315724,566.2654391000913,554.7320094861279,564.82373046875,81158800
2025-03-10,556.6542444695278,558.5666258451241,544.8854490052353,549.779296875,99326600
2025-03-11,548.6220367842027,553.1530182295099,541.3842228164132,545.2090454101562,88102100
2025-03-12,551.3385793423611,552.2604706321457,543.0219837811946,548.1021728515625,69588200
2025-03-13,547.7294422539348,548.3374917904981,539.0891888323793,540.795654296875,74079400
2025-03-14,545.3954461726303,552.966736502375,540.8644642362766,551.9663696289062,62660300
2025-03-17,551.9466761244148,558.7333912461695,551.5151512314662,556.2227172851562,49008700
2025-03-18,553.9178933850532,554.1336857355857,548.2884964881091,550.2107543945312,66041400
2025-03-19,551.9859243939003,559.9494708906026,550.8090329217521,556.2030639648438,66556000
2025-03-20,552.4762478943836,559.5767440833547,551.7602722164517,554.5946044921875,62958200
2025-03-21,550.1543857754978,555.6728342872004,548.9247817378139,554.7776489257812,83763000
2025-03-24,561.4863807824129,565.7654388953832,560.8961948547495,564.712890625,58766800
2025-03-25,565.9129505962637,567.0048245728844,564.3292350043083,566.0703735351562,38355700
2025-03-26,565.8047856022024,566.9261989456277,557.9353193986783,559.3125,51848300
2025-03-27,557.925492752828,561.5848258877031,555.7220517439531,557.8271484375,42164200
2025-03-28,556.3023922676962,557.0303082338021,546.0130443195492,546.5933837890625,71662700
2025-03-31,540.8585640195936,551.5610423029548,537.9468400615768,550.2625732421875,95328200
2025-04-01,548.3543088463027,553.7547209633009,544.6458033137422,551.8168334960938,54609600
2025-04-02,545.993387136237,558.1615443859063,545.7573127576624,555.3088989257812,76014500
2025-04-03,536.2154977474014,539.0288170958798,527.9427490234375,527.9427490234375,125986000
2025-04-04,515.1253804215398,517.2894955361414,496.81904991432106,497.03546142578125,217965100
2025-04-07,481.20799599577117,514.6335325434056,473.93856260259804,496.150146484375,256611400
2025-04-08,513.344881818952,516.413968489066,481.1784603514281,488.3790283203125,165816600
2025-04-09,485.3886419991045,539.6682739257812,485.00499114058437,539.6682739257812,241867300
2025-04-10,523.4867529065492,524.795068576413,501.0096123168745,516.0206298828125,162331200
2025-04-11,514.476073798931,527.677083319112,511.58404327413893,525.2277221679688,97866300
2025-04-14,535.172792794898,535.3990807406135,525.149059337469,530.3232421875,68034000
2025-04-15,530.8642755383438,534.3661851955569,528.0509561027874,528.837890625,56892900
2025-04-16,523.0046778330362,529.1133721339063,511.80051174858437,517.0828857421875,83484800
2025-04-17,519.0305887702018,522.5029590498531,515.3614098145464,517.8206176757812,79868100
2025-04-21,512.6562995153043,513.1875268574667,500.16354114488826,505.4951171875,69368100
2025-04-22,511.6529392279992,520.6634499571472,510.71842828029105,518.6469116210938,75948100
2025-04-23,531.6118557355538,536.5302712837308,525.1687433752924,526.68359375,90590700
2025-04-24,527.9624225863133,538.4976913582739,526.7131857388315,537.769775390625,64150400
2025-04-25,537.7303874976484,542.0585570888795,534.8186639244827,541.6552734375,61119600
2025-04-28,542.393043710064,544.5177728075638,536.1269871108482,541.86181640625,47613800
2025-04-29,539.9535089190233,546.3868353532918,539.5993973829874,545.2752685546875,47775100
2025-04-30,538.6354556420874,547.4394329210733,532.6841838633078,545.49169921875,93101500
2025-05-01,551.2265048528457,554.8661444027258,548.7574506167018,549.3574829101562,63186100
2025-05-02,555.5153624660799,559.105829955879,553.203731094349,557.5122680664062,60717300
2025-05-05,553.390643044351,557.4040871519024,552.5348434974896,554.3153076171875,38659200
2025-05-06,548.8263293740373,554.157875203981,547.872185543118,549.68212890625,48264700
2025-05-07,551.0102132045591,554.6203140304898,546.9672292946763,551.993896484375,55588000
2025-05-08,556.0170826268422,561.0043636579312,552.5348657113146,555.8400268554688,65130800
2025-05-09,557.2368112120467,558.2401872369107,553.577538715433,555.1317749023438,37603400
2025-05-12,571.9823211776136,573.4873855021532,567.6246111991788,573.4775390625,78993600
2025-05-13,573.8906837419801,579.4682116321595,573.3300370602593,577.2647705078125,67947200
2025-05-14,578.2188228927168,579.3697154326957,575.9858428026291,578.00244140625,66283500
2025-05-15,576.0055507079343,581.3272505737436,575.553034807254,580.8256225585938,71268100
2025-05-16,581.6027001482121,584.7996705930015,579.664873035907,584.5045776367188,76052100
2025-05-19,578.5040593733968,585.8226647003453,578.5040593733968,585.1439208984375,68168500
2025-05-20,583.4127091135157,584.3570065824167,579.9796042324612,583.1765747070312,60614500
2025-05-21,578.8385171464103,582.910979810613,572.3265394745135,573.3495483398438,95197700
2025-05-22,573.1528300863163,577.0482371941405,571.9232260794693,573.5758666992188,70860400
2025-05-23,566.5817726606184,572.3166619439528,566.207968279521,569.6607055664062,76029000
2025-05-27,576.5072061511252,581.6616963869777,568.9918522772189,581.5043334960938,72588500
2025-05-28,581.9075989404909,583.0978771602481,577.412159762467,578.1400756835938,68445500
2025-05-29,583.3831371525944,583.5208672055215,576.5072014152614,580.4222412109375,69973300
2025-05-30,579.320555390729,581.4846704969287,573.7233954302501,579.7730712890625,90601200
2025-06-02,578.1695751189003,583.1174697772985,575.5136188023458,583.038818359375,61630500
2025-06-03,582.6748967264019,587.3375451970118,582.1928415555221,586.3637084960938,63606200
2025-06-04,587.2194601619697,588.1932967835147,585.7734148456988,586.2062377929688,57314200
2025-06-05,587.8785767379185,589.2262178754949,581.405924678812,583.373291015625,92278700
2025-06-06,588.8916828991635,591.0263183988576,587.1210653731052,589.3638916015625,66588700
2025-06-09,589.9344673159251,591.4395314497265,588.7245561772476,589.8951416015625,53016400
2025-06-10,590.426305457828,593.6232758793388,589.3147986704665,593.2396850585938,66247000
2025-06-11,594.3315698285918,595.1873694307895,589.491865174911,591.5477294921875,73658200
2025-06-12,590.2197770479303,593.8987426757812,589.7377818775473,593.8987426757812,64129000
2025-06-13,588.7344360351562,592.0297509680191,585.7636933525403,587.2589111328125,89506000
2025-06-16,590.6033640975234,594.5872686908244,590.42624830293,592.8461303710938,79984100
2025-06-17,590.4165373080118,591.9313878788944,587.0228181324287,587.7802734375,82209400
2025-06-18,588.675394655937,591.4100028153547,586.7375074721152,587.6917114257812,76605000
2025-06-20,590.3565237964918,591.4220592916591,584.910520395366,586.3115234375,94051400
2025-06-23,587.0611954614843,592.4874469643536,583.9534693671619,592.1027221679688,87426000
2025-06-24,596.2266992885851,599.699459496435,595.3189919942236,598.6438598632812,67735300
2025-06-25,599.7586334214261,600.4492593088346,597.4204170810242,598.979248046875,62114800
2025-06-26,600.8242007377552,604.0996909412141,600.2125189749694,603.6655883789062,78548400
2025-06-27,604.6621068443518,608.1250520914118,602.639606635459,606.6648559570312,86258400
2025-06-30,609.1016386885779,610.9169326524568,606.7929889413094,609.5653076171875,92502500
2025-07-01,608.0953617899536,610.5322734636828,607.2666588703396,609.3681030273438,70030100
2025-07-02,608.9636353224103,612.1700572103479,608.3420779544849,612.130615234375,66510400
2025-07-03,614.1038145937416,617.8824764279548,614.0840634968408,616.955078125,51065800
2025-07-07,615.0014790783108,615.6625385416997,609.5851029977032,612.357421875,74814500
2025-07-08,613.0184402574613,613.7682592313246,611.2130216520668,612.0220336914062,59024600
2025-07-09,614.4193967168262,616.3432013077288,612.5842913923066,615.6920776367188,66113300
2025-07-10,615.8301939872533,618.4643754376677,614.6561481365566,617.428466796875,57529000
2025-07-11,614.389851486408,616.4814202079069,613.196114561925,615.258056640625,63670200
2025-07-14,614.804168244691,616.7773507170579,613.4624186155016,616.4320678710938,51898500
2025-07-15,619.1057784945341,619.4411858079188,613.7189684346675,613.7979125976562,74317300
2025-07-16,615.3764310442137,616.3531467698953,609.7627242916457,615.8499755859375,88987500
2025-07-17,616.0276278697462,619.9739930445255,615.8105464724214,619.6187744140625,68885700
2025-07-18,620.8618249379944,621.0295285799061,618.0599396747441,619.1649169921875,65621600
2025-07-21,620.3389892578125,623.0718060276608,619.9147622533486,620.3389892578125,63375000
2025-07-22,620.6645676893623,621.2861250306559,617.7936134788556,620.4277954101562,60046300
2025-07-23,623.0816882564411,625.7060546875,621.2860849659141,625.7060546875,70511000
2025-07-24,626.0907872079496,627.6200518287297,625.488980993582,625.9132080078125,71307100
2025-07-25,626.5742531786653,629.0308557161836,626.3276053702117,628.5572509765625,56865400
2025-07-28,628.9322127301592,629.4847014583399,627.0182231688269,628.3994750976562,54917100
2025-07-29,629.7904764849706,630.1061928990167,625.8342963044605,626.741943359375,60556300
2025-07-30,627.3930824208583,629.129492632239,623.0718079865017,625.9526977539062,80418900
2025-07-31,630.8856625012866,631.2703873241156,622.3121821287813,623.6046142578125,103385200
2025-08-01,617.9020271938194,617.9415293786636,610.9860135753424,613.3834228515625,140103600
2025-08-04,617.2805351933534,622.7561046288977,617.191775701563,622.706787109375,73218000
2025-08-05,623.3185298505434,624.1275419868148,618.6322209191569,619.5497436523438,68051400
2025-08-06,620.6151401423151,624.9462896680084,619.7074931606843,624.295166015625,64357500
2025-08-07,627.7088284528788,628.4388963678413,620.674427785601,623.7723388671875,74205800
2025-08-08,625.5580097272857,629.0998986072367,625.2422933193634,628.6361694335938,64051600
2025-08-11,628.912516593768,630.3825280073482,626.1500127592028,627.3931274414062,58742300
2025-08-12,629.7313011159781,634.2301547632397,628.2514142554742,634.0723266601562,64730800
2025-08-13,636.2625497647373,637.5254154950222,634.0624705008762,636.2428588867188,60092800
2025-08-14,634.1709312549185,636.9630011917295,633.7270133914775,636.302001953125,59327500
2025-08-15,637.3280514224831,637.4267466743545,633.9046087993034,634.812255859375,68592500
2025-08-18,634.2400917394748,635.3648203144131,633.569216857079,634.6741943359375,43804900
2025-08-19,634.4965103700933,635.4732259966958,629.9187128752989,631.2308959960938,69750700
2025-08-20,630.8264521540534,631.0829152899969,624.4629267215348,629.5537109375,88890300
2025-08-21,627.7482676486437,629.4155489420286,625.3113561107211,627.0280151367188,54805800
2025-08-22,629.2084743239826,637.831272612948,628.7053031285401,636.6572265625,84083200
2025-08-25,635.4041800322128,636.6374190424261,633.7368384817344,633.855224609375,51274300
2025-08-26,633.5889446007113,636.8545593934813,632.9673872646679,636.5092163085938,51581600
2025-08-27,635.9271580330511,638.6896016147832,635.7791452521487,637.9595336914062,48341100
2025-08-28,638.5613448732837,640.7712997557803,636.6868575289449,640.2188110351562,61519500
2025-08-29,638.7881685836082,639.1532627231435,634.5162720889837,636.400634765625,74522200
2025-09-02,628.9519373540064,631.9018356294255,626.4065150056712,631.684814453125,81983500
2025-09-03,634.05255551225,635.5719445130327,631.8722274787872,635.1082153320312,70820900
2025-09-04,635.7791465574808,640.4457643382553,634.8813749728572,640.4161376953125,65219200
2025-09-05,642.7443549194211,643.4646073746923,634.7036735299132,638.5612182617188,85178900
2025-09-08,639.9228600617976,641.1265327903665,638.5514836687598,640.1300659179688,63133100
2025-09-09,640.268114410177,642.1327863823664,638.54157966928,641.6099243164062,66133900
2025-09-10,644.8557277247635,645.7732503039375,641.9058297062181,643.4646606445312,78034500
2025-09-11,645.4082598463015,649.502637640468,644.8262047273438,648.81201171875,69934400
2025-09-12,648.7823644090812,650.2721267910674,648.0917987261137,648.5949096679688,72780100
2025-09-15,650.7951046545995,652.1762963553084,650.4991393056443,652.0480346679688,63772400
2025-09-16,652.6005288851532,652.9064300011956,650.3708830930857,651.1502685546875,61169000
2025-09-17,651.1600740883537,652.8471065185831,645.5266166017295,650.3411865234375,101952200
2025-09-18,653.0148488941834,655.9746224265324,651.4165760040546,653.3798828125,90459200
2025-09-19,655.2606553211801,657.4569312262267,653.3215535907623,656.6160278320312,97945600
2025-09-22,655.131983947701,660.1676217378205,655.1022751701781,659.7224731445312,69452200
2025-09-23,659.6037721086419,660.2172101260659,654.914373896894,656.1312866210938,81708900
2025-09-24,657.4173382288552,657.5162467217733,652.6289715744526,654.043701171875,68082200
2025-09-25,650.91749472694,652.3717757310584,647.4251431178142,651.0263061523438,89622100
2025-09-26,652.4707616041429,655.3002210405111,650.8581544995363,654.756103515625,69179200
2025-09-29,657.2689872647139,658.1792111877495,654.7956708332731,656.5962524414062,73499000
2025-09-30,655.8542079251938,659.5345338964465,654.5482897020846,659.0695190429688,86288000
2025-10-01,656.0916952927918,662.2255322042525,655.9828838603935,661.3153686523438,72545400
2025-10-02,663.2939389771905,663.4126533220159,659.6631277666079,662.0770263671875,56896000
2025-10-03,662.838842966907,665.5001336306916,661.0283585893458,662.0671997070312,70494400
2025-10-06,664.451431246289,665.3319462864663,662.314512664693,664.4415283203125,54623300
2025-10-07,665.3616291701808,665.8068381763353,660.5436138980969,661.9781494140625,72020100
2025-10-08,663.0960778489103,666.0245059882836,662.2749199573431,665.925537109375,60702200
2025-10-09,666.3410972158545,666.7466945063586,662.0671995495462,663.996337890625,66501900
2025-10-10,664.9560020556908,666.7565834688588,645.8719162752307,646.0499877929688,159422600
2025-10-13,653.5985682812151,658.030731623523,652.7279561413051,655.9630126953125,79560500
2025-10-14,650.1556923521978,658.7232938317348,646.1983862715207,655.1616821289062,88779600
2025-10-15,659.7027866181304,663.0763638369173,651.896985063197,658.0703735351562,81702600
2025-10-16,659.7027147054259,661.5725563129243,650.0963324960569,653.5886840820312,110563300
2025-10-17,652.4608239631079,658.6540174880462,651.1153544209424,657.2986450195312,96500900
2025-10-20,660.197387427611,665.0352086527322,660.1479331778372,664.1348876953125,60493400
2025-10-21,664.273301038831,665.806744837326,662.8288627988705,664.1248779296875,56249000
2025-10-22,664.8274246920023,664.8274246920023,656.2202718491607,660.6722412109375,80564000
2025-10-23,660.988802941274,665.5298380529869,660.6722112216523,664.5899658203125,65604500
2025-10-24,669.2398161192735,671.2283116328227,668.4384640813665,670.0213623046875,74356500
2025-10-27,675.4428672302427,678.2228723013301,674.8393925526769,677.9260864257812,63339800
2025-10-28,679.7167206093349,681.5568533012904,677.520444889974,679.7266235351562,61738100
2025-10-29,681.3688612448931,682.338442194909,675.5813258562629,680.0531005859375,85657100
2025-10-30,676.6003572463494,678.6185613884796,672.5737915039062,672.5737915039062,76335800
2025-10-31,677.7282029402567,677.7678146457715,671.9901213244605,674.780029296875,87164100
2025-11-03,678.3514739521635,678.4800912258883,672.6826525168186,676.04638671875,57315000
2025-11-04,668.8935461650569,672.7024895383894,667.3799079726423,668.0328369140625,78427000
2025-11-05,667.7755543304748,673.5927987432043,666.9742023136038,670.3478393554688,74402400
2025-11-06,669.2496813312496,670.150002278421,661.5824008089137,663.1554565429688,85035300
2025-11-07,660.781013040124,663.9172214121945,654.1525740278607,663.808349609375,100592400
2025-11-10,670.0115034227329,674.8987789977223,667.8251303916195,674.1666870117188,75842900
2025-11-11,672.6925273614432,676.2738842563608,671.485517700804,675.7099609375,58953400
2025-11-12,677.4808612736824,677.6490902522322,673.6818813898049,676.0859375,62312500
2025-11-13,673.2366670865612,673.5928101259233,663.3632081763918,664.866943359375,103457800
2025-11-14,658.2781019123212,668.448347404196,656.1906373926532,664.7581787109375,96846700
2025-11-17,662.5519561070769,666.5191649555097,655.1022987242936,658.56494140625,90456100
2025-11-18,655.0330664835586,658.0208519047019,648.8596786437042,653.03466796875,114467500
2025-11-19,653.7272650457925,660.2172451791961,651.7189030472904,655.5574951171875,94703000
2025-11-20,665.7276649913678,668.3494043558474,644.9320631333248,645.5652465820312,165293500
2025-11-21,648.0583498819193,657.4569521849606,643.9031662606766,651.9959106445312,123956200
2025-11-24,655.6167144034767,662.9080451404715,654.5284795169995,661.5922241210938,80437900
2025-11-25,661.4933143363089,668.9924253407057,657.3875856310649,667.8151245117188,81077100
2025-11-26,670.3973686817876,674.4239350690651,669.4970476879164,672.4254760742188,71879600
2025-11-28,673.5928002628821,676.3728052050843,673.2366572287348,676.0958251953125,49212000
2025-12-01,671.5647168500374,675.7000943604489,671.4954567492206,673.0091552734375,61201200
2025-12-02,674.6415287588202,676.5212733146432,672.0792068673397,674.2557373046875,62953800
2025-12-03,673.3059439079583,677.5995871066391,672.4353317565424,676.5905151367188,57238500
2025-12-04,677.9854045442221,678.05466464181,674.0677104452674,677.0851440429688,61970300
2025-12-05,678.1535936302283,681.0424704296607,677.2731389541586,678.3712768554688,79241000
2025-12-08,679.2617413091358,679.3111955598065,674.2953027143022,676.3333129882812,55231500
2025-12-09,675.8583224740703,678.074403844281,675.3043021315176,675.7494506835938,58310100
2025-12-10,675.2747265375898,681.616283144729,674.0380683519487,680.2312622070312,85671300
2025-12-11,677.82719343181,681.8933109790751,674.8888622374254,681.8141479492188,86173700
2025-12-12,680.8247713558317,681.5272148787925,671.9208332382598,674.4832153320312,113160300
2025-12-15,678.4207075198718,678.4405133715769,671.999988545765,673.4641723632812,90811000
2025-12-16,671.9802275249427,673.8105178026394,667.7755898483048,671.6240844726562,122030600
2025-12-17,672.6331978735437,673.1773153631458,664.035948310003,664.2338256835938,110625200
2025-12-18,670.3675775068244,673.4740770479272,667.6964444022054,669.2496337890625,108650100
2025-12-19,671.3463691548195,675.8114935895343,671.2272434527378,675.3153686523438,103599500
2025-12-22,678.6394050189502,680.0483829319917,675.3153920494597,679.5225219726562,69556700
2025-12-23,678.6194459960617,682.8663040830753,678.569845619967,682.628173828125,64840000
2025-12-24,682.6183200290311,685.4760045408373,682.4694583215327,685.0294799804688,39445600
2025-12-26,685.2874813951044,686.2995351048382,683.9281038851597,684.9600219726562,41613300
2025-12-29,682.2114479341877,683.8586166189733,680.7528697076866,682.51904296875,62559500
2025-12-30,682.1222002850684,683.2235831301442,681.2589477241032,681.6856079101562,47160700
2025-12-31,681.8145855439083,682.0328514439952,676.4266760541103,676.635009765625,74144800
2026-01-02,680.3956585252009,681.5466416904673,674.5512924418268,677.8753051757812,89377200
2026-01-05,681.2191671325683,684.086783636805,681.060433809282,682.3900146484375,71927200
2026-01-06,682.5984300063299,686.9544213697425,682.4496288665487,686.4483642578125,69273800
2026-01-07,686.8254142672773,688.5817158514149,683.9776620917838,684.2356567382812,75588300
2026-01-08,683.4815439165204,685.2675815209567,682.1618346683338,684.1661987304688,64019200
2026-01-09,685.2775150455628,689.9212370510019,683.8387406584166,688.6908569335938,80125500
2026-01-12,685.3271398200249,690.6952455853734,685.2775394384523,689.7723999023438,63976000
2026-01-13,690.0998291255927,690.6952153647912,685.9919002674054,688.3931884765625,78309700
2026-01-14,685.6446980414748,686.3590889175136,680.7231166120667,685.0096435546875,94676700
2026-01-15,689.1870202593807,690.0602050162862,685.8927433241695,686.8750610351562,77862000
2026-01-16,688.2839991969948,688.869453251486,684.7515921796883,686.2994995117188,79289200
2026-01-20,676.2082832182709,679.4628915199756,671.3264313278333,672.32861328125,111623300
2026-01-21,674.3826370735425,683.402154325963,672.8743979165272,680.0880737304688,127844500
2026-01-22,684.5035723961656,685.7736813437502,681.5962874434288,683.6403198242188,77112200
2026-01-23,682.8167194920136,685.6049389887335,681.8343413244536,683.8883056640625,63059600
2026-01-26,685.138576123168,688.7503800429489,684.5729864520383,687.3612060546875,60473800
2026-01-27,688.799947686109,691.1317710154308,688.1946898528689,690.0997924804688,55506100
2026-01-28,691.6477064811113,692.4316225777728,688.5618241580821,690.0303344726562,61172200
2026-01-29,690.9928952881424,691.657685737667,679.5224893166136,688.6610717773438,97486200
2026-01-30,686.4285189892349,688.8298072906449,681.7947290319643,686.6071166992188,101835100
2026-02-02,684.2357342361453,691.528747109235,684.0769403301045,690.0205078125,79286500
2026-02-03,690.8142565672537,691.5584439188771,678.7286612443456,684.18603515625,107904600
2026-02-04,684.9996810996682,686.0911923060062,676.4762885369656,680.8719482421875,105204600
2026-02-05,675.6626239798336,678.3913111024622,670.5525129616972,672.3683471679688,113610800
2026-02-06,676.1785962582386,686.9444827733389,675.5732778299765,685.267578125,89127600
2026-02-09,684.0769172088077,690.4769412520913,683.0053309088385,688.5718383789062,73885200
2026-02-10,689.5640042757049,691.1416475283962,686.2994637039938,686.7559204101562,65185700
2026-02-11,690.9928885783248,691.7370759669038,683.8387453470867,686.5972290039062,76353900
2026-02-12,688.8595645054852,689.9609473653614,675.097063165144,675.9901123046875,118829000
2026-02-13,676.4067760275798,680.96122930703,672.2691112734435,676.46630859375,96267500
2026-02-17,674.8688419019007,679.6316291710169,670.5426469985775,677.5578002929688,81354700
2026-02-18,678.7187643851827,683.8090109802145,677.53798463666,680.9711303710938,73570300
2026-02-19,678.5401160314528,680.86194660128,676.2678252760687,679.1751098632812,58649400
2026-02-20,677.0319706522042,684.71197532004,676.4465165538227,684.0868530273438,100034000
2026-02-23,682.4992209190492,684.6523861034582,675.0970153480879,677.1013793945312,90558100
2026-02-24,676.6151751251432,683.0151380016027,674.7298762460771,682.0228881835938,73798700
2026-02-25,684.8310015582731,688.3038760705598,684.7516046120257,687.7780151367188,56369500
2026-02-26,687.9069589925494,687.926762805978,679.0461151309984,683.957763671875,71671000
2026-02-27,677.795973699009,681.5367144347911,676.35719931042,680.6734619140625,83308900
2026-03-02,673.4400139353526,683.2831159083878,672.765291276125,681.0604858398438,87477200
2026-03-03,669.8281968363514,677.3196712649806,664.4700232973693,675.057373046875,105003100
2026-03-04,676.3472549970834,681.7649608594664,674.3528231531807,679.8201293945312,79182200
2026-03-05,676.7938369684096,680.2171112774074,670.3739485451397,676.02978515625,106606500
2026-03-06,668.1909311447467,670.8700177972564,664.5692556037578,667.1689453125,100687000
2026-03-09,661.2254329083217,674.6505427155427,657.2564332632285,673.0133666992188,102667700
2026-03-10,672.4675558251363,678.0638596518006,669.5305349566006,671.9317626953125,81505300
2026-03-11,672.3286912573745,674.8093159596237,668.1215614523004,671.08837890625,68441700
2026-03-12,665.9583993556241,666.4446526664856,660.7094193200438,660.89794921875,108882200
2026-03-13,664.0831110227487,667.1293254881115,656.2343803863124,657.1571655273438,97200200
2026-03-16,663.1999840519829,666.8613885560293,661.9497395049242,663.844970703125,82023100
2026-03-17,667.1788836379297,669.2129836950214,664.5097291491037,665.5912475585938,87128000
2026-03-18,663.1800557566115,664.5295009374192,656.0656417127632,656.3037719726562,82062600
2026-03-19,651.8783782687178,657.8418097710767,650.0923405870744,654.6864624023438,111272500
2026-03-20,653.2010079047443,653.380093364961,641.4703940766159,645.301025390625,163617500
2026-03-23,654.7531040433624,659.2801583045331,650.6439158314106,652.07666015625,134802700
2026-03-24,648.0371459178807,653.7183875512989,646.604401549905,649.8877563476562,96457500
2026-03-25,655.3500504609481,657.5588924447279,650.9423865337293,653.5093994140625,90653800
2026-03-26,648.773401781548,651.5493174066021,641.5699034672713,641.8385620117188,96494400
2026-03-27,639.2615657472361,639.4207325687934,629.9188801961861,630.8939819335938,103649400
2026-03-30,636.8836547011163,637.1423539459004,626.108284608157,628.78466796875,99275900
2026-03-31,635.719508676349,648.255975728372,634.7643255692599,647.0620727539062,152534100
2026-04-01,650.6041659517412,655.2008748639518,649.7086779392242,651.9373779296875,97841500
2026-04-02,643.161809607987,654.8824636102106,641.858414876014,652.5244140625,68358700
2026-04-06,652.5542919409455,656.3948220300638,652.2160396308291,655.6088256835938,39105800
2026-04-07,653.3402849463747,656.285326673986,647.7784337275787,655.8972778320312,69980400
2026-04-08,672.980811715349,673.6673363432215,668.0756676404139,672.6027221679688,93606100
2026-04-09,671.438579338256,677.7266707213284,670.3739652533407,676.4829711914062,57134400
2026-04-10,677.885949822129,678.5923930707559,675.0304203424645,676.0353393554688,42253500
2026-04-13,673.9956432299357,682.8408497944083,673.1698703787699,682.641845703125,54185800
2026-04-14,684.2238203737314,691.0791070995066,684.193942434314,690.959716796875,63480500
2026-04-15,691.7557051691649,696.7504224001667,690.7010502942645,696.412109375,58240400
2026-04-16,697.5264615426626,699.2378238459212,695.0092450197437,698.1234130859375,49972400
2026-04-17,702.5808909886877,708.7993894133457,702.2028014262665,706.5607299804688,70661900
2026-04-20,705.20752199003,706.3317705126415,702.5808139687996,705.1477661132812,43546800
2026-04-21,706.7000123508461,707.6949720613851,699.098505587723,700.53125,58941400
2026-04-22,705.5756906371417,707.8640857857167,704.6503246823615,707.6253051757812,42518500
2026-04-23,705.9239069650033,708.7694771316526,698.7403270820959,704.8792114257812,56174000
2026-04-24,707.1676287635845,710.8688498134599,705.4364085481575,710.341552734375,45182000
2026-04-27,709.5753882284523,712.023010938504,708.7097781525541,711.5653076171875,33135900
2026-04-28,708.2321938525355,709.2868486650957,705.6751402340362,708.1028442382812,43117400
2026-04-29,707.4163145996059,708.6102783309316,704.7995658491443,707.993408203125,41859200
2026-04-30,711.0280636665188,716.1620290590424,706.8691393587039,715.0377197265625,67240900
2026-05-01,717.6146516977453,721.216400793299,716.8385540170647,717.0177001953125,43049800
2026-05-04,716.4406056700121,718.4802608161392,711.3861936216806,714.3909912109375,51950600
2026-05-05,718.1320898558575,721.3855668152729,717.8534719876392,720.1220092773438,36933200
2026-05-06,724.489821452625,730.8874657022126,724.1515691652952,730.1312866210938,53288900
2026-05-07,731.3451201928577,732.4196936796947,726.0718458933673,727.8926391601562,51724600
2026-05-08,731.2257166531052,734.359863963193,730.8675457398152,733.9021606445312,47227100
2026-05-11,732.7380586745534,737.0561496205491,732.7380586745534,735.5736694335938,44024000
2026-05-12,733.1758744234386,735.1160580011854,728.1413807257971,734.4593505859375,54185300
2026-05-13,734.7478704606156,740.1604537310201,731.7629913201908,738.5685424804688,44200200
2026-05-14,739.9018102364839,745.7521781705404,739.8122371427646,744.3989868164062,45307600
2026-05-15,738.0511867146383,739.712813256131,734.2405345152865,735.4443969726562,60410800
2026-05-18,736.1010471042457,737.682999009625,729.6935042484962,734.927001953125,47843900
2026-05-19,731.0765556379026,733.9320852676053,727.8429364442825,730.0317993164062,54255900
2026-05-20,732.0018002736176,738.1307251173267,730.1909663879147,737.5138549804688,45768000
2026-05-21,734.9170485709385,741.1156280791548,733.3151780259534,738.9764404296875,43332200
2026-05-22,742.4787264390759,745.1651298094138,740.7275876279662,741.8817749023438,41762000
2026-05-26,746.2297301040182,748.3390397979183,744.5979816306177,746.8068237304688,41123600
2026-05-27,747.0953563113346,747.5928361692701,744.4487294597059,746.677490234375,42106300
2026-05-28,746.4685193943138,751.3438462445121,745.4536410614309,750.7965698242188,41562600
2026-05-29,752.0900813404212,754.2590862562773,750.8861582097875,752.6671142578125,55075700
2026-06-01,751.5527711685265,756.4480167905853,750.8861651495049,754.7167358398438,43634900
2026-06-02,753.2144012702464,756.5674107365072,752.9357833937803,755.7415771484375,31581900
2026-06-03,754.3287420712209,754.9754294579049,749.7718095132926,750.4384155273438,51402500
2026-06-04,748.3091480570178,754.4878695071194,747.6823186029123,753.2740478515625,49923000
2026-06-05,748.5181345185488,749.0255736853693,731.82274221843,733.83251953125,93989400
2026-06-08,739.6132273185567,741.5832888174093,734.4693026781229,735.4940795898438,49319100
2026-06-09,739.881873688386,743.1354112835509,718.9479438267383,733.3350219726562,87683500
2026-06-10,729.69352181897,734.6583610930755,721.6741489247238,721.7736206054688,60341300
2026-06-11,725.0868662900759,736.2702039965386,720.7587550057447,734.04150390625,86330500
2026-06-12,736.9766163198905,740.6877965432628,731.3252525489901,738.0113525390625,57079500
2026-06-15,748.0604304424444,752.8661028247,747.9709180763429,751.0254516601562,60176400
2026-06-16,750.7468576807364,751.6323864215939,746.100412710964,746.5481567382812,67093100
2026-06-17,747.5032315039188,748.3589429763433,735.4940609532621,737.225341796875,85945200
2026-06-18,745.907751654771,746.3765582049119,742.0173878962117,744.8902587890625,80875700
2026-06-22,745.8479411927095,748.321778689857,741.2892538871644,742.546142578125,46628100
2026-06-23,731.9922892059834,737.7978798883457,730.4860198600484,731.7628784179688,66846800
2026-06-24,733.3489180103626,738.1171068570358,729.0296875445486,731.4237060546875,57439500
2026-06-25,737.0796452204372,737.5385276888334,727.7927091295785,732.4810791015625,53934400
2026-06-26,727.144386135875,734.7056273477464,714.8050317832251,727.1842651367188,71034000
2026-06-29,734.7055914816465,739.7231001504891,730.27658724538,739.1644897460938,58035200
2026-06-30,739.4537599262709,746.1671307285668,739.0547872797607,744.9202270507812,55626000
2026-07-01,743.1545925484338,747.5835968507926,740.541087308444,743.9127197265625,47100900
2026-07-02,745.5486859530862,749.4489739445169,738.1969465958291,742.9351806640625,57447800
2026-07-06,746.885320136641,750.5462122974698,745.5585975722108,749.4190673828125,50673300
2026-07-07,748.3616416292718,749.0998597580657,743.364102770238,745.85791015625,43721500
2026-07-08,741.3191472958572,744.3017921335774,737.6782249675691,743.5536499023438,43767400
2026-07-09,745.4987759890873,750.1073272936331,743.7431866839036,749.8480224609375,41441700
2026-07-10,750.187115173852,753.5487626123848,746.2468873823584,753.0799560546875,42191300
2026-07-13,750.6060836597362,752.0425191788765,746.1471851864706,747.3142700195312,44013600
2026-07-14,749.0499474324819,751.4739818301254,746.8055207475287,749.9677124023438,35143100
2026-07-15,752.3717122204262,753.7084197839658,748.3417413555546,752.9403076171875,43844800
2026-07-16,750.8953984161742,752.7009125511715,746.0274814662645,748.8604125976562,46409800
2026-07-17,740.241827732839,745.438883195828,738.9649691671198,741.4487915039062,62651000
2026-07-20,745.2094908804986,746.8753371556621,739.6732506975046,740.2518310546875,50422300
2026-07-21,744.4413918284653,747.1845799829406,742.3366329839115,746.426513671875,34324300
2026-07-22,744.7705725456777,748.1621748950539,744.5211918106933,745.55859375,32836200
2026-07-23,737.5385562389782,740.7206569606348,733.3888874570794,736.3515014648438,55437300
2026-07-24,736.6806667930385,741.8777222786117,735.4636571620507,737.099609375,44782000
2026-07-27,743.0648074406847,743.6833276942111,734.0472217265344,737.25927734375,41461200
2026-07-28,737.3589950224286,740.9500533043114,734.156924420905,739.0248413085938,47322200
2026-07-29,738.1370526174048,740.8403618199718,727.2939826612791,727.6531372070312,70697200
2026-07-30,734.2267392747757,740.6109103701467,732.7703947650456,739.852783203125,66811300
2026-07-31,742.835410914187,747.0449895804718,735.8527500027326,745.1796264648438,62445900
2026-08-03,747.5836183167282,756.7009928898597,746.9451890027125,755.793212890625,59927500
2026-08-04,758.7458651152236,771.494176400126,758.6361522059436,769.4193725585938,69154800
2026-08-05,773.928165423025,774.9256883846499,767.6039039413469,767.8831787109375,44689100
2026-08-06,768.3021872511085,769.9081846177485,765.5589990885744,766.65625,38416900
2026-08-07,769.1101628301597,772.0029428489042,767.703621378493,771.3446044921875,43586300
2026-08-10,770.6861849056471,773.1301282404592,769.7086319253093,771.1151733398438,39249500
2026-08-11,772.6115040483734,772.6912620504304,767.2946895097219,768.6513061523438,36740600
2026-08-12,772.7910096110111,772.9805414027246,769.369513273419,770.5764770507812,33179100
2026-08-13,772.9506321027081,777.4394855444215,772.1925048911166,775.9531860351562,35634500
2026-08-14,776.6114939657781,776.8708596736758,773.509212209858,774.4169921875,31367900
2026-08-17,774.2573577843602,774.8559080861019,770.5964655970525,770.7560424804688,34356600
2026-08-18,766.7959149360092,767.5939211307613,765.0202948350139,765.5490112304688,43920900
2026-08-19,768.4517358705159,770.5564946026684,766.1973243479778,767.1549682617188,40306000
2026-08-20,764.0627220124634,766.2472997692572,760.1523881029335,760.7109985351562,45520300
2026-08-21,764.1524418077088,765.9479709365374,762.2770937955632,763.8232421875,39188700
2026-08-24,762.8856098637509,763.3244615010249,760.1922857963137,761.5787963867188,32430900
2026-08-25,764.262137078792,764.8806573052586,761.159855395616,764.0127563476562,27422300
2026-08-26,762.8356805789958,765.449185749943,762.0376744224566,764.182373046875,28751600
2026-08-27,766.5964060257239,770.4468300957561,765.2596984507333,769.18994140625,34557100
2026-08-28,769.8483393622295,773.3795487683207,766.4068729286823,767.4442749023438,36744300
2026-08-31,765.4292990280279,766.097622354185,762.8257178677422,765.1499633789062,38810800
2026-09-01,760.1224772031874,762.7758614763637,757.5987149009983,759.89306640625,41126300
2026-09-02,760.5614001563074,764.5315220914426,759.8431519587122,763.2646484375,29566200
2026-09-03,765.99791709853,772.112737807933,765.5490195828438,771.2548217773438,43531600
2026-09-04,770.0977256925568,770.9555808433835,767.0951717806925,768.2822265625,34054200
2026-09-08,767.1649647963771,767.7934091111229,763.2447069992287,764.0626831054688,44746100
2026-09-09,762.1873669257697,762.5763546117217,759.055130192088,760.5115356445312,32812400
2026-09-10,756.1523365872063,758.2271404471661,754.7657651010062,755.9528198242188,42740400
2026-09-11,762.8257171109622,764.4816392943262,761.7084962835214,762.3967895507812,45512700
2026-09-14,757.119891309806,761.6287143614769,756.0525344863368,758.9952392578125,43992400
2026-09-15,758.2371341657202,758.4665449596201,754.2769973083872,755.513916015625,46195000
2026-09-16,757.6187023523285,759.7833101686804,747.7432005092232,752.1821899414062,59217700
2026-09-17,761.2596848801362,761.6786274833105,758.0775841455181,760.7109985351562,49652800
2026-09-18,761.3099975585938,762.0,757.969970703125,761.6900024414062,65308100
2026-09-21,766.2509765625,774.8900146484375,766.030029296875,773.5,49311754
