Date,Open,High,Low,Close,Volume
2018-08-13,250.35648946503812,250.9658893599437,248.8550639654535,249.1465301513672,65732900
2018-08-14,249.87068683298415,250.97466797152953,249.48208331600298,250.73619079589844,43842000
2018-08-15,249.39382333315953,249.53513618941975,247.4331512506401,248.86390686035156,102925400
2018-08-16,250.2946885086783,251.74312522152545,250.2593535527694,250.87759399414062,69967900
2018-08-17,250.6743844267732,252.20230416593347,250.2681268771893,251.76071166992188,65618500
2018-08-20,252.2112061180319,252.5644748104182,251.76077303745205,252.29953002929688,39807500
2018-08-21,252.8117671755168,253.74794134491353,252.33483961383442,252.89125061035156,67272000
2018-08-22,252.48489667123744,253.262103674568,252.21992503683106,252.74102783203125,44993300
2018-08-23,252.56440811087106,253.4210986138187,252.08748067813048,252.4054412841797,49204900
2018-08-24,252.97959161301796,254.06591920116432,252.9266026528816,253.9246063232422,57487400
2018-08-27,255.11677931539714,256.03529916548314,254.9578125007662,255.9293212890625,57072400
2018-08-28,256.38859669554984,256.4946015366076,255.59373557995536,256.0530090332031,46943500
2018-08-29,256.26494502760124,257.66036537146607,256.02649479713034,257.4307556152344,61485500
2018-08-30,256.9538622126653,257.32478484249407,255.79689194613198,256.38861083984375,61229500
2018-08-31,255.9823323995439,256.8390229116999,255.49659143965482,256.3974304199219,66140800
2018-09-04,255.9822897550722,256.30906383212346,254.95779211049984,255.95579528808594,57594400
2018-09-05,255.60259767562948,255.80573994733908,254.26016605468752,255.26698303222656,72452400
2018-09-06,255.37291010566318,255.6731897392968,253.4740679488441,254.49856567382812,65909900
2018-09-07,253.45647312213768,254.97555259274915,253.2179958922097,254.00404357910156,73524800
2018-09-10,255.0109491398109,255.27592093699693,254.25142261710695,254.4457244873047,50210900
2018-09-11,253.80092332063077,255.72626056302403,253.45649511248698,255.28466796875,50530500
2018-09-12,255.29343134898912,255.94697956629318,254.5603997230398,255.34642028808594,59810800
2018-09-13,256.40622248919806,257.0421166354183,256.12359687917535,256.85662841796875,51034200
2018-09-14,257.0598152146336,257.24527651158894,256.1236413026373,256.9008483886719,55079900
2018-09-17,256.8478337771574,256.8831417665093,255.26692529209149,255.54071044921875,68244000
2018-09-18,255.7527169447676,257.519087058753,255.7262224711646,256.9273681640625,61930400
2018-09-19,256.9803451034907,257.6162393929191,256.8566862640088,257.2011413574219,49080600
2018-09-20,258.45520099544166,259.60333040189687,257.2187207698315,259.2853698730469,100360600
2018-09-21,260.02442954150337,260.1397676489561,258.8888365272103,259.04852294921875,105479700
2018-09-24,258.4718322384059,258.613784734562,257.6112638442955,258.18792724609375,53409600
2018-09-25,258.6404880631462,258.7469457031988,257.7089566380067,257.948486328125,44370000
2018-09-26,258.09040260622646,259.2703440505764,256.75962814321076,257.1766052246094,79739700
2018-09-27,257.64682299273915,258.97759751708634,257.3717984236816,257.8952331542969,59249500
2018-09-28,257.2741911414216,258.4186647996057,257.2387233149633,257.9218444824219,70091400
2018-10-01,259.154977845118,259.88247430397746,258.15248393435553,258.81787109375,62078900
2018-10-02,258.6671447753906,259.3768805415971,258.2945429742717,258.6671447753906,47258200
2018-10-03,259.7139072679814,260.1308843039914,258.45412274194115,258.8089904785156,64694600
2018-10-04,258.32988326808356,258.38311207053476,255.20700953403792,256.78619384765625,111545900
2018-10-05,257.00811892863044,257.522673302912,253.9295919553244,255.34909057617188,105951700
2018-10-08,254.66594214302947,255.70395846271268,253.29081892967724,255.34909057617188,87742200
2018-10-09,254.9675870086743,256.2717202911327,254.4175106945299,254.9764404296875,74339000
2018-10-10,254.47073213325152,254.54172194738862,246.5304591502504,246.90306091308594,214731000
2018-10-11,245.82064414383953,247.4353236388137,239.85877353327564,241.464599609375,274840500
2018-10-12,245.5456151938126,245.82952023558337,241.64201563082707,244.81814575195312,183186500
2018-10-15,244.46332474315824,245.7852461479686,243.35434572132448,243.4430694580078,102263700
2018-10-16,245.39484368863774,249.1387573439858,244.92463774239474,248.76612854003906,118255800
2018-10-17,248.80159008760788,249.4314824048031,246.24649884503972,248.8104705810547,110626000
2018-10-18,247.87889487020155,248.47331932132207,243.9486811524354,245.21734619140625,134557500
2018-10-19,245.86507610708338,247.79024842316747,244.3923487966821,245.0843505859375,139901600
2018-10-22,245.74966193302623,246.06903477940648,243.45186148376848,243.9841766357422,82415800
2018-10-23,240.3822586323735,243.86000103241318,238.30622646615907,242.7421417236328,146352700
2018-10-24,242.4937072564188,242.87521650709292,234.83734103185068,235.38739013671875,177806700
2018-10-25,237.21498902513562,241.1452031203424,236.1947340152179,239.61036682128906,138061500
2018-10-26,235.91971729336254,240.42659505910345,232.6992386438329,235.39625549316406,201574600
2018-10-29,238.47483503240755,239.76126151146335,230.53456158053788,234.09214782714844,160749100
2018-10-30,233.92357565427733,237.8715241329853,233.43560871330504,237.56100463867188,157116000
2018-10-31,240.11615310844653,242.40510116881217,239.64594704560946,240.09841918945312,128296300
2018-11-01,240.95887406762216,242.84857792177237,239.87650987802155,242.6533966064453,99495000
2018-11-02,243.75351677776416,244.17937434285767,239.1756494830406,241.2161865234375,122634100
2018-11-05,241.704192719602,243.09707683890738,240.7371662823818,242.54702758789062,65622500
2018-11-06,242.48491398679906,244.24151936070007,242.42280466608807,244.0818328857422,60085900
2018-11-07,246.2465498701814,249.3871857628372,245.82069221661902,249.30734252929688,102752100
2018-11-08,248.50884399519248,249.4936313104688,247.71926511867957,248.8548583984375,65584900
2018-11-09,247.55066281934268,247.73696366197035,245.02218594212164,246.4239501953125,98812600
2018-11-12,245.91822329978518,246.15775292916524,241.30486151968046,241.81944274902344,99673600
2018-11-13,242.2808477496291,244.2681293791758,240.64843397183265,241.36705017089844,98176600
2018-11-14,243.2300485690303,243.6292645987899,238.16424217715743,239.71681213378906,125335900
2018-11-15,238.4570117264155,242.6800108694117,236.8867077867412,242.21865844726562,135101400
2018-11-16,241.12751063205505,243.7535651175612,240.6129292545172,242.84864807128906,126668000
2018-11-19,242.24527718983254,242.53806270523495,237.82712372715233,238.7409210205078,103061700
2018-11-20,235.42283675811683,236.8778296815921,233.4621701682525,234.32273864746094,136021300
2018-11-21,235.86641563554755,237.01088907417954,235.11233188515655,235.12118530273438,75563700
2018-11-23,233.4888397822827,234.9438330498042,233.3912626379554,233.5509490966797,42807900
2018-11-26,235.795501037842,237.54325266330042,235.40513834461535,237.3214569091797,79981400
2018-11-27,236.29226338849242,238.11985778808594,235.68898558321638,238.11985778808594,75502400
2018-11-28,239.18459764936952,243.60275268554688,238.05785765043854,243.60275268554688,127629600
2018-11-29,242.8308320751664,244.4632454166376,241.69523900828753,243.0703887939453,82346400
2018-11-30,242.91958839251905,245.11093160574055,242.60021549084044,244.552001953125,98204200
2018-12-03,248.65961007956355,248.7660676904571,246.20212331252992,247.7901611328125,103176300
2018-12-04,246.96504281869954,247.39090025977202,239.45060429861124,239.76112365722656,177986000
2018-12-06,235.9197036518377,239.5127837949778,232.83229721703475,239.39744567871094,204185400
2018-12-07,239.0604108596844,240.62186217353377,233.00096067075293,233.8349151611328,161018900
2018-12-10,233.65740339707534,235.2454686908417,229.4432837679875,234.2784423828125,151445900
2018-12-11,237.46337375728586,237.6496745818424,232.8677729204053,234.3316192626953,121504400
2018-12-12,237.2947970890766,238.6521857615364,235.4317076960782,235.5115509033203,97976700
2018-12-13,236.45201779242177,237.3125864377424,234.3227838778724,235.4317626953125,96662700
2018-12-14,233.2936104737999,234.2429026855889,230.53448461905714,231.08453369140625,116961100
2018-12-17,230.1352693427575,231.2442481147202,224.92750936156915,226.55105590820312,165492300
2018-12-18,228.18346461499536,228.84885182471092,224.7056955526917,226.30262756347656,134515100
2018-12-19,226.38249365580683,230.13527410736953,221.21909542606414,222.91360473632812,214992800
2018-12-20,221.67154333984448,223.23298053526167,217.0493139863957,219.28501892089844,252053400
2018-12-21,220.18187787359022,222.83219979748833,214.14948907768272,214.7919921875,255345600
2018-12-24,213.31060741420234,214.91686475649684,209.05404247760833,209.1165008544922,147311600
2018-12-26,210.5710868788151,219.68211364746094,208.59895689050683,219.68211364746094,218485400
2018-12-27,216.46069713767926,221.5650056323348,213.23926322091438,221.3686981201172,186267300
2018-12-28,222.7161880021992,224.34028325034785,219.92308458520284,221.08316040039062,153100200
2018-12-31,222.69831025131333,223.2605038088745,220.83327315629415,223.01956176757812,144299400
2019-01-02,219.5036313704784,224.1707035858878,219.47686154729473,223.25155639648438,126925200
2019-01-03,221.5114719055297,221.81488595919683,217.4422949789893,217.92417907714844,144140700
2019-01-04,220.94031504398598,225.8661662538114,220.56552394120638,225.22366333007812,142628800
2019-01-07,225.49139953468548,228.40050047544105,224.5990357792695,226.99949645996094,103139100
2019-01-08,229.17686719364798,229.61411672120437,226.6603948566166,229.13223266601562,102512600
2019-01-09,229.83726775389098,231.04196459045048,228.61473344128325,230.20314025878906,95006600
2019-01-10,228.67717821153101,231.26502803517397,227.99897294347033,231.01516723632812,96823900
2019-01-11,229.94429610309322,231.1311552005087,229.36426508304245,231.10438537597656,73858100
2019-01-14,229.2125282055441,230.49753411942797,228.8109808779423,229.6944122314453,70908200
2019-01-15,230.0693157953845,232.63932872709154,230.06038344000794,232.32699584960938,85208300
2019-01-16,232.7552380236273,233.77254582759014,232.55001177856187,232.8891143798828,77636700
2019-01-17,232.02353358017845,235.5126795050289,231.97889904796466,234.65599060058594,96118400
2019-01-18,236.4585701004151,238.24329770473705,234.69167996833485,237.7792510986328,127900300
2019-01-22,236.315794647781,236.5299532512682,232.96049795163958,234.56674194335938,115531200
2019-01-23,235.59290342102423,236.28894588260567,232.60348015973938,235.05747985839844,86030300
2019-01-24,234.87912513711694,235.76258403167046,233.8707494413145,235.18252563476562,59204100
2019-01-25,237.0207105042033,237.9934109070511,235.2806176199218,237.17242431640625,96883400
2019-01-28,235.03970281433,235.43231781289492,233.61191535787162,235.369873046875,85613700
2019-01-29,235.5125939715464,236.07476011789115,234.22758831435394,235.05747985839844,66136300
2019-01-30,236.56565691157263,239.61752596151732,235.80714220909275,238.77870178222656,92473700
2019-01-31,238.7162879576313,241.35767761314972,238.50210209225284,240.87579345703125,104012100
2019-02-01,241.07210025392237,242.00909868126865,240.20650618837755,240.99179077148438,85782500
2019-02-04,241.03636219764772,242.74971259966776,240.36708937749282,242.68724060058594,60744800
2019-02-05,243.1155959499973,244.00795975036206,242.6158744004156,243.70455932617188,79552800
2019-02-06,243.42801162008195,243.91880098429596,242.65165920664205,243.3833770751953,58347800
2019-02-07,241.77708214565385,242.32141106395105,239.41232320927514,241.06320190429688,95482000
2019-02-08,239.82275352737142,241.4557671782695,239.00176690961732,241.3576202392578,75788900
2019-02-11,242.00913301259752,242.2678989706779,240.9650551272214,241.49154663085938,68021400
2019-02-12,243.09777434034584,244.97171665716425,243.0263699812995,244.59693908691406,72270200
2019-02-13,245.42683071953022,246.2299527449873,245.00741861705612,245.39112854003906,65277200
2019-02-14,244.31134754114603,245.97115828504187,243.49929325687182,244.84677124023438,83234400
2019-02-15,246.61365742159327,247.55065579201292,246.4084311676484,247.51495361328125,97088700
2019-02-19,246.72071868588148,248.59466061729628,246.71178633464183,247.94325256347656,59120800
2019-02-20,247.90758469716386,248.8981226746034,247.4078631485972,248.44300842285156,76610800
2019-02-21,247.8094616284365,248.1664017356935,246.60476493775758,247.55960083007812,64214700
2019-02-22,248.17529101841103,249.29074580289446,247.54172032600366,249.09445190429688,78114600
2019-02-25,250.51331257734034,251.03087162618647,249.35322323654609,249.43353271484375,69030700
2019-02-26,249.08546887023596,250.1295190857217,248.88021542785202,249.25502014160156,56844100
2019-02-27,248.5411668870653,249.49600273163364,247.613128101166,249.1479949951172,56921600
2019-02-28,248.93380548432643,249.37108227772507,248.36270679625503,248.68394470214844,69268300
2019-03-01,250.2545012902043,250.6471435330441,248.80887632010388,250.23666381835938,78880500
2019-03-04,251.2896116987926,251.53054008280552,247.04195196952872,249.32640075683594,106494600
2019-03-05,249.45141237991535,249.6477335273438,248.4430368150685,248.98736572265625,59114600
2019-03-06,249.1033874649968,249.11231981885473,247.158040619002,247.47927856445312,75039800
2019-03-07,247.03303204906666,247.1758135095553,244.5701267457803,245.40895080566406,94885100
2019-03-08,243.56173838491776,245.08767261110944,243.09771908771646,244.91812133789062,85795800
2019-03-11,245.6320318937752,248.6303607456137,245.60526207305443,248.46974182128906,65098900
2019-03-12,249.02301316544484,249.92430922135716,248.83562441270334,249.40672302246094,79667500
2019-03-13,250.29024306141176,251.98572906946617,250.12959685826823,251.0576629638672,80639200
2019-03-14,251.08448356320451,251.50389578135938,250.4598450301341,250.8970947265625,67518400
2019-03-15,251.4464597806335,252.9432562369782,251.25821824683422,252.1365966796875,81309000
2019-03-18,252.35168794163573,253.34658899070135,252.12761433225663,253.05079650878906,62199800
2019-03-19,254.10845700531755,254.87028543181057,252.226233125084,253.11355590820312,90268100
2019-03-20,252.8983925177677,254.09942354780006,251.24921435625774,252.3516387939453,84609200
2019-03-21,251.53601850892616,255.60517450062116,251.49118738709464,255.2018585205078,79550400
2019-03-22,253.84855861316004,254.3683974478117,250.22752075745402,250.29026794433594,122659300
2019-03-25,249.94960766733146,251.13272280550842,248.8471830932092,250.10198974609375,85575200
2019-03-26,251.8497249239341,252.91631732203692,250.5680306481403,251.96624755859375,68125900
2019-03-27,251.95732494118323,252.53993822796784,249.1071150956654,250.64874267578125,72224700
2019-03-28,251.27610207747526,252.04690201426772,250.12884651505917,251.5987548828125,56238500
2019-03-29,253.1046547584541,253.50797093200384,251.9842864662468,253.18531799316406,82186800
2019-04-01,255.17501552412202,256.4835976324492,254.90611080417543,256.18780517578125,77617900
2019-04-02,256.37607115052464,256.5463692835884,255.5245804852058,256.3133239746094,40070400
2019-04-03,257.52327313231007,257.91764479459835,256.1160845806326,256.71661376953125,68243200
2019-04-04,257.03925389780716,257.64872739938596,256.3491171992013,257.39776611328125,48997500
2019-04-05,258.06115177688133,258.69751328043895,257.77433094188007,258.64373779296875,58621700
2019-04-08,258.22240554553275,258.9484017747412,257.5681008285221,258.8408508300781,53566300
2019-04-09,257.88179668889666,258.20444950708367,256.96758635130226,257.5143127441406,66142300
2019-04-10,257.9267010253007,258.4824266834013,257.51441314596076,258.3927917480469,52601500
2019-04-11,258.8766514174543,258.88562311266236,257.7562836256189,258.3209533691406,55093100
2019-04-12,259.9253762346362,260.3466356971258,258.36583273010336,260.06878662109375,69727800
2019-04-15,260.1404576397442,260.23906423948523,259.1007529344028,259.8984680175781,49596700
2019-04-16,260.7768668564986,260.83064233232835,259.47722903423164,260.06878662109375,52153200
2019-04-17,261.18022253460333,261.20711027659587,259.0201494187386,259.4324645996094,58268300
2019-04-18,260.0149866851149,260.21217252885253,258.72432068114665,259.9432678222656,68708500
2019-04-22,259.1814564680707,260.31974047739857,259.09182156001907,260.1673583984375,40160100
2019-04-23,260.5348249155469,262.73972862437995,260.3018069935081,262.5066833496094,52246600
2019-04-24,262.4261171496475,262.75774179234065,261.78078391020006,261.9241943359375,50392900
2019-04-25,261.8255035173805,262.4170610760673,260.57966858301586,261.76275634765625,57770900
2019-04-26,261.8076069798987,263.0534420070687,261.03677955107406,262.98175048828125,50916400
2019-04-29,263.0714205795363,263.9139396398111,262.98178565451457,263.3940734863281,57197700
2019-04-30,263.05340749405735,263.8152631258013,261.64624621968596,263.5284423828125,81111700
2019-05-01,264.1558268173081,264.36198432958724,261.53863572703256,261.547607421875,71671900
2019-05-02,261.4311489173669,262.34538672821753,259.49514969482624,260.9830017089844,65030200
2019-05-03,262.45287570378883,263.8152330485677,261.0904910062815,263.5373840332031,56543700
2019-05-06,259.2531943561762,262.892147981565,258.93948579824854,262.4529724121094,107198100
2019-05-07,260.05984323993033,260.6514008912022,256.16992839920704,258.070068359375,144729900
2019-05-08,257.7115783691406,259.41453259316427,257.1200206665922,257.7115783691406,91568300
2019-05-09,255.65009859984357,257.53229523036543,253.92022936912662,256.9317932128906,103471100
2019-05-10,255.9995922364823,258.97529609388704,253.02388837907756,258.222412109375,112429300
2019-05-13,253.13142898057433,254.0904430205277,250.89963774353276,251.73318481445312,127290500
2019-05-14,252.74607864369779,255.5335687769172,252.62061163645527,254.00985717773438,77003200
2019-05-15,252.3875832066253,256.1340879226377,252.1814256097458,255.4977264404297,73956400
2019-05-16,256.1967699119321,259.2172774500788,256.12507840020066,257.8638916015625,76749600
2019-05-17,255.56938770151973,258.67055853759854,255.55144430851703,256.19677734375,100353000
2019-05-20,254.60144793136834,256.304402241244,253.75892879914983,254.50286865234375,62877600
2019-05-21,256.1878317468838,257.1737611168127,255.93687039387783,256.7973327636719,46847100
2019-05-22,255.84724901110678,256.95864532113876,255.5335404986103,256.0085754394531,49482500
2019-05-23,253.7947035256118,253.83950730062355,251.47330451372397,252.8804931640625,98733800
2019-05-24,254.31461298639218,254.7269281832901,252.83573241383797,253.4541778564453,55268100
2019-05-28,253.73198585323945,254.6820557568773,251.07896201021688,251.0968780517578,70029400
2019-05-29,249.9854609725397,250.38877701925782,248.01360245725246,249.4118194580078,104972900
2019-05-30,250.1646480400449,250.99822239082556,248.99947658165098,250.09295654296875,62523800
2019-05-31,247.5564594939643,248.3810348088362,246.6959974009755,246.72288513183594,86862800
2019-06-03,246.75881491471756,247.87021124414102,244.7690402055251,246.09556579589844,96428000
2019-06-04,248.38107211854413,251.57187763934024,247.93292496840164,251.43743896484375,77231900
2019-06-05,253.05074771727152,253.6423052143005,251.24921484508306,253.61541748046875,71169700
2019-06-06,253.91117135043032,255.93677748121715,253.26583848372783,255.26455688476562,69430400
2019-06-07,256.277403586193,258.8945947828686,256.1071054936321,257.81903076171875,74272200
2019-06-10,259.36077067943074,260.66040882386903,258.9126233679336,259.00225830078125,60799100
2019-06-11,260.8128281386375,261.1803123073397,258.29424181293876,258.9395751953125,58641300
2019-06-12,258.70637335671375,259.2620713893022,257.9714055414129,258.4822998046875,47096300
2019-06-13,259.3875932507878,259.90745931903905,258.68848471461854,259.5489196777344,48945200
2019-06-14,259.2621154785156,259.8626173825372,258.50025980152225,259.2621154785156,52324700
2019-06-17,259.4951564689148,260.1225735181229,259.19041964158777,259.3607177734375,39205700
2019-06-18,261.1712991311088,263.1252148132128,260.8127594054737,262.0765380859375,85434800
2019-06-19,262.210941361261,263.19687076799914,261.2429553500235,262.6680603027344,78674400
2019-06-20,265.3389355268654,265.58092510740806,262.7307161923283,265.1775817871094,116570000
2019-06-21,264.9092951972342,266.1611896327849,264.57605770329127,264.7922058105469,83309500
2019-06-24,264.99936948825126,265.3145763201404,264.3148638254183,264.4679870605469,47582700
2019-06-25,264.52194695651394,264.5489654623911,261.7659494139915,261.8740234375,82028700
2019-06-26,262.7657201720802,263.27008405135524,261.5048104738926,261.6128845214844,51584900
2019-06-27,262.36949245202936,263.04498289515925,261.99123319591143,262.5406188964844,40355200
2019-06-28,263.51325387039157,264.3868890801006,262.99990213807325,263.89154052734375,59350900
2019-07-01,267.20598003847806,267.42215565476,265.0894379746776,266.2873229980469,78705600
2019-07-02,266.24226171664947,267.034841473531,265.404660263216,266.9808044433594,61504500
2019-07-03,267.6562712698563,269.1333565933882,267.51216337347967,269.1153259277344,40898900
2019-07-05,267.890486025087,268.97128165021803,266.6025576032776,268.80914306640625,51677300
2019-07-08,267.50327979610216,268.62909740746477,266.7917553697021,267.3321533203125,45841800
2019-07-09,266.1792403995563,267.962517390623,266.12520336866174,267.6653137207031,41101300
2019-07-10,268.72812674007906,269.88997808380884,268.1967441839927,268.94427490234375,58448500
2019-07-11,269.58360029098304,269.81775150030563,268.5748728133284,269.5745849609375,50826100
2019-07-12,270.06101270514915,270.85359234497,269.7547937508127,270.7815246582031,40326000
2019-07-15,271.21386536805954,271.21386536805954,270.36724865283577,270.8716125488281,33900000
2019-07-16,270.7815196152054,270.98867985359067,269.6917363736322,269.9979553222656,36650100
2019-07-17,269.9710288505612,270.133139969381,268.16070556640625,268.16070556640625,36036300
2019-07-18,267.66533690419124,269.5206817543314,267.22402528507104,269.14239501953125,51392600
2019-07-19,270.23221123306587,270.2592297513728,267.4762124226513,267.6473388671875,58678600
2019-07-22,268.0435817376525,268.8451768651962,267.5302299272995,268.3047790527344,43638100
2019-07-23,269.42157698333074,270.22314453125,268.5929634364693,270.22314453125,44564500
2019-07-24,269.466601543074,271.4930725097656,269.37653066962224,271.4930725097656,47213200
2019-07-25,271.0426920080247,271.09672902425126,269.394480555815,270.1960754394531,55394100
2019-07-26,270.8806220571784,272.20458412713305,270.7545173430064,272.0064392089844,45084100
2019-07-29,271.8893645581002,272.00645394595506,270.9616922741828,271.5110778808594,38126500
2019-07-30,270.11504669745034,271.24987912226163,269.7367600605903,270.8445739746094,45849000
2019-07-31,271.0877952542594,271.2769523537297,265.8730292190799,267.8814697265625,104245200
2019-08-01,268.0345188041901,270.9796462027079,264.7561264832074,265.5487060546875,142646600
2019-08-02,264.6571304997098,264.9002971362273,262.0001907364451,263.54931640625,116749700
2019-08-05,259.4693164915534,259.5773905358963,253.73215692294193,255.62353515625,178745400
2019-08-06,257.50590864289825,259.42430546615407,256.0378386800961,259.2081298828125,120711700
2019-08-07,256.14592653629853,260.1268282910362,254.02039683355144,259.36126708984375,140572300
2019-08-08,260.8473662533496,264.4499816894531,260.2979805925156,264.4499816894531,87713900
2019-08-09,263.5133016745195,264.10773653712675,260.8743923871046,262.648681640625,93730000
2019-08-12,261.1535457059839,262.63961885110217,258.5056215627096,259.4513244628906,65527600
2019-08-13,259.1540943486517,264.92728803115796,258.8118415350156,263.4862365722656,94299800
2019-08-14,259.4512788383251,260.0547013343165,255.5694641754447,255.69554138183594,135622100
2019-08-15,256.57816238818685,257.26266781404627,254.33554406555913,256.3710021972656,99556600
2019-08-16,258.01932440574643,260.5861658852784,256.4251495030518,260.15386962890625,83018300
2019-08-19,263.1619782082209,263.96354562152703,262.48648800661573,263.2880554199219,53571800
2019-08-20,262.78369081572106,263.3150731411027,261.14452215391043,261.2705993652344,51596400
2019-08-21,263.4232587515526,263.76548414054434,262.73875300201854,263.396240234375,49524700
2019-08-22,264.09877760094275,264.7292188982226,261.5499114344017,263.315185546875,51666400
2019-08-23,262.0182141461367,263.6754138307136,255.30833237879608,256.5512390136719,149161500
2019-08-26,258.7307271459625,259.3882141113281,257.20862049623975,259.3882141113281,72423800
2019-08-27,260.7753021102791,261.1445734568892,257.6139985597237,258.37054443359375,66668900
2019-08-28,257.71308250775724,260.35199145283605,256.91148746063425,260.18988037109375,59696700
2019-08-29,262.73863479261985,264.03557800518644,261.73889513529167,263.51318359375,57899400
2019-08-30,264.99038771940667,265.0083909022667,262.4685678302421,263.396240234375,62901200
2019-09-03,261.7029833463762,262.61262500129374,260.53211690558965,261.8560791015625,69101400
2019-09-04,264.0176641596419,264.8462502511639,263.2701061248375,264.8282470703125,46887300
2019-09-05,267.304963480264,269.1422768547037,264.7921324861671,268.2326354980469,83258100
2019-09-06,268.54795139585633,269.07933383116614,267.87246105653117,268.4398498535156,49584300
2019-09-09,269.42153725651303,269.51158062995825,267.63823319286826,268.5749206542969,51260300
2019-09-10,267.81838089006624,268.57495421337273,266.5664864936177,268.51190185546875,57947100
2019-09-11,268.8180718772411,270.50228965378903,268.1696002080379,270.4212341308594,68821100
2019-09-12,271.3219373460333,272.41172066807127,270.56539150782567,271.35797119140625,72908700
2019-09-13,271.7993097824489,272.15057796681884,270.8085850793493,271.1778564453125,62104800
2019-09-16,270.0520246738491,271.22289107314236,269.70078399410147,270.3402404785156,58191200
2019-09-17,270.142038313085,271.1147320905333,269.9709119331818,271.0246887207031,41475500
2019-09-18,270.63738511999253,271.2948721274453,268.6109145675291,271.1867980957031,73375800
2019-09-19,271.57409786721047,272.5648223935264,270.8355552670686,271.1687927246094,76560500
2019-09-20,271.76954107242454,272.05005842523434,269.1003600595931,269.8875427246094,89565000
2019-09-23,269.2270694354284,270.5390591956708,268.97372292597385,269.8242492675781,43476800
2019-09-24,270.9100462786687,271.29910921668215,266.74790122291455,267.7070007324219,94869400
2019-09-25,267.7883822298212,269.73372418132254,266.31353298263394,269.2903747558594,71854000
2019-09-26,269.29949827937514,269.507587597765,267.32701256150625,268.7294616699219,56179700
2019-09-27,269.48042710932464,269.5890278573318,265.7345158777197,267.28173828125,84746600
2019-09-30,267.7975533359256,269.22714598589437,267.7523237227943,268.5213928222656,51662400
2019-10-01,269.3989896786448,270.0504560848609,265.110185278463,265.32733154296875,88242400
2019-10-02,263.7529700767548,263.7620270421523,259.35559247468234,260.6404113769531,122539500
2019-10-03,260.4141507243739,262.80286959586755,257.70876948618246,262.7757263183594,85278800
2019-10-04,263.42731410785495,266.58510316963753,263.37299991509065,266.3317565917969,65091200
2019-10-07,265.5354464421896,267.1550692865488,264.9020663585836,265.18255615234375,59610500
2019-10-08,263.3367323375145,264.0696285167988,261.0294430659895,261.0656433105469,95708100
2019-10-09,263.0744594306465,264.4769089603434,262.45013606253383,263.5449523925781,62359400
2019-10-10,263.4634191387641,266.20500117894466,263.3005594403848,265.32733154296875,55296300
2019-10-11,268.06894596333944,270.3038352478275,267.9513434643262,268.0780029296875,98720400
2019-10-14,267.7613050131464,268.4308854111592,267.4355855865738,267.7794189453125,40394800
2019-10-15,268.8199151174833,271.1724341538124,268.7022850237621,270.43048095703125,46754500
2019-10-16,269.9689199600439,270.68372961624937,269.5617708743734,269.9960632324219,48928200
2019-10-17,271.154277975475,271.66097090586624,270.1046918731806,270.7923583984375,45736600
2019-10-18,270.2585525385415,270.90096193087385,268.75655989311184,269.6070861816406,64304000
2019-10-21,270.91912254267635,271.6339049366315,270.48480235900485,271.4348449707031,39048600
2019-10-22,271.96866155187655,272.25820831993343,270.4576394040979,270.5481262207031,48594700
2019-10-23,270.29470651822044,271.389522148428,270.0865896576471,271.3352355957031,34352200
2019-10-24,272.2672015758795,272.41197492603146,270.95521207385355,271.7785949707031,35453100
2019-10-25,271.2085743945086,273.4344337189904,271.15428783661343,272.89154052734375,45205400
2019-10-28,274.104059618288,274.9274427834081,274.0769163320841,274.4297790527344,42147000
2019-10-29,274.1583856411072,275.2713157610166,274.0316985454579,274.348388671875,44284900
2019-10-30,274.5473822708717,275.56076834015374,273.2444494353092,275.1898193359375,49643900
2019-10-31,275.180806729654,275.180806729654,273.00926085789666,274.4569396972656,69053800
2019-11-01,275.89554738047116,277.0446497636023,275.7326600812259,276.9994201660156,71141500
2019-11-04,278.5466553353853,278.68237174713806,277.74135860448837,278.1123352050781,60606900
2019-11-05,278.3114722053701,278.6100760066018,277.5152322190266,277.8047790527344,42933200
2019-11-06,277.8047899951709,278.13956645427317,276.927120104659,277.8681335449219,46487100
2019-11-07,279.19810510600064,280.1752908251547,278.374722106779,278.84521484375,54272300
2019-11-08,278.50142839994095,279.5872150373997,277.804732335404,279.5329284667969,49032100
2019-11-11,278.1575846131219,279.17097060937425,278.0218405924795,278.9990539550781,35797300
2019-11-12,279.3609550006953,280.48291404868405,278.81806179232484,279.587158203125,46484600
2019-11-13,278.60091337809416,280.0757626644481,278.37471017743115,279.6776428222656,53917700
2019-11-14,279.39719979877964,280.16629633222396,278.7638196858961,280.0848388671875,51219900
2019-11-15,281.4149096673068,282.1568629025422,280.7272706119639,282.11163330078125,62023600
2019-11-18,281.8763526775857,282.554962331027,281.42394624195816,282.3197021484375,49228000
2019-11-19,282.9169521068603,282.92600907388174,281.5959327188336,282.23834228515625,67804700
2019-11-20,281.65009245739964,282.1658423166813,279.64140718523765,281.1886291503906,79406200
2019-11-21,281.29736597532883,281.4059391324079,279.94014628642975,280.7363586425781,54664700
2019-11-22,281.47822579148874,281.6139421962558,280.35626669515204,281.360595703125,44850200
2019-11-25,282.2835536082596,283.5412292480469,282.2835536082596,283.5412292480469,48647200
2019-11-26,283.57741508601435,284.3645978931575,283.2607250475997,284.1836242675781,37569000
2019-11-27,284.66322888151734,285.450439453125,284.44608257911733,285.450439453125,44444600
2019-11-29,284.8893290824325,285.1336461969463,284.1654899278364,284.3916931152344,36592700
2019-12-02,284.64510327178596,284.7084468054774,281.55065843888804,281.9759216308594,75767800
2019-12-03,279.27051273112295,280.16629633222396,277.89520698160726,280.0848388671875,73941700
2019-12-04,281.1254710991046,282.4102903745681,280.7816376665219,281.8131103515625,49080000
2019-12-05,282.5097327325432,282.52781904939724,281.0167694048144,282.3197021484375,40709000
2019-12-06,284.2199191499076,285.2966490714094,284.21086218180346,284.8985290527344,48927000
2019-12-09,284.5094091482941,285.1789619492192,283.9303155595032,284.0027160644531,34838500
2019-12-10,283.94837758133656,284.6088732952171,283.03450775915456,283.68597412109375,52649800
2019-12-11,284.13844266213465,284.744679558798,283.6046062730117,284.4913330078125,53429100
2019-12-12,284.50026238627146,287.72139352231665,284.2650298511851,286.9432678222656,96389600
2019-12-13,286.70805752730325,288.3367373053921,285.9389610442639,287.115234375,81503900
2019-12-16,288.8343915151686,289.67586093311127,287.051908896003,289.0877380371094,82749700
2019-12-17,289.4678436989045,289.76641989768586,289.0697236920582,289.1511535644531,61097700
2019-12-18,289.5401661044706,289.7663693592397,289.11490288099657,289.169189453125,48133000
2019-12-19,289.3591315184229,290.42683164173593,289.1057850309427,290.35443115234375,85310500
2019-12-20,291.38189255833026,292.7548861145354,290.40900397558755,291.6274108886719,147142100
2019-12-23,292.4094814882067,292.46403497307483,291.92757387289413,292.07305908203125,52990000
2019-12-24,292.300367254362,292.34581924113377,291.7820814125287,292.0821533203125,20270000
2019-12-26,292.46394678754814,293.6460033496912,292.4548730417836,293.63690185546875,30911200
2019-12-27,294.3643024909242,294.418855959817,293.0367885004356,293.56414794921875,42528800
2019-12-30,293.64599037883215,293.7823740438549,291.4637407446412,291.9456481933594,49729100
2019-12-31,291.44557119091616,292.9003950592716,291.10004740048026,292.6548767089844,57077300
2020-01-02,294.18244866671154,295.40995713786896,293.26408574966416,295.3917541503906,59151200
2020-01-03,292.0183307249933,294.27330849354854,291.96377727279395,293.1549072265625,77709700
2020-01-06,291.4092110411044,294.3552371881082,291.29100260562666,294.2734069824219,55653900
2020-01-07,293.70964975181556,294.182483506946,293.0004268675797,293.44598388671875,40496400
2020-01-08,293.63695478138766,296.21925449633176,293.3914641292551,295.00994873046875,68296000
2020-01-09,296.5647551368362,297.08304088810894,295.9828144164329,297.0102844238281,48473300
2020-01-10,297.59219676942917,297.74675568148257,295.69184361108466,296.1555480957031,53029300
2020-01-13,296.77384567647033,298.20136500493834,296.34649170275594,298.1922912597656,47086800
2020-01-14,297.75590717675266,298.80155250187863,297.1830679099241,297.73773193359375,62832800
2020-01-15,297.64677659951207,299.1652278624306,297.56494638909675,298.4105529785156,72056600
2020-01-16,299.78355255111995,300.8928527832031,299.55623715723783,300.8928527832031,54050300
2020-01-17,301.6019998488349,302.03842753631125,300.82912215432333,301.8293151855469,95846000
2020-01-21,300.874673693324,302.0385274925153,300.80194497082726,301.2383728027344,77742400
2020-01-22,302.09304908519476,302.7386447658529,301.1201603136158,301.27471923828125,48914900
2020-01-23,300.6292387606041,302.029509727266,299.51993823478824,301.6203308105469,51963000
2020-01-24,302.27492953861935,302.3567597530786,297.6558650559744,298.93792724609375,87578400
2020-01-27,293.7186726961124,295.61902545785193,293.3822504593696,294.1460266113281,84062500
2020-01-28,295.5645211349526,298.1013683192747,294.23700720360983,297.2284851074219,63834000
2020-01-29,298.58337227346806,298.8106877066809,296.7830240529747,296.9830627441406,53888900
2020-01-30,294.92805295887075,298.155948000126,294.1824796021824,297.9468078613281,75491800
2020-01-31,297.3285417837924,297.4831284643793,291.6274815683934,292.5367431640625,113845600
2020-02-03,294.00971748755245,296.5647401340601,293.89150905042175,294.7098388671875,69083000
2020-02-04,298.3014999305734,300.06546989192543,297.9832527780369,299.20166015625,62573200
2020-02-05,302.1203078450114,302.8659089327399,300.66551164748887,302.6567687988281,65951100
2020-02-06,303.6115159327302,303.86610804710017,302.6022212214516,303.6751708984375,50359700
2020-02-07,302.62037823914807,303.68419851140686,301.51107824895325,302.056640625,64139400
2020-02-10,301.1746796413046,304.3752699512729,301.13830141378867,304.3116149902344,42070000
2020-02-11,305.65741077579145,306.43936250413543,304.31169349511373,304.8390808105469,54864500
2020-02-12,306.2665508261337,307.0121519449544,305.9028517615865,306.80303955078125,43992700
2020-02-13,305.384583005048,307.4395230692545,305.11181562858764,306.4757080078125,54501900
2020-02-14,306.8848140935639,307.08485270504895,305.69368391786554,306.9666442871094,64582200
2020-02-18,305.97562052387593,307.0303672773859,304.79356383100367,306.1756591796875,57226200
2020-02-19,307.13944365167055,308.31237098409207,306.8575748122398,307.6395263671875,48814700
2020-02-20,307.0939068095637,307.91226418959036,303.402308100626,306.3756103515625,74163400
2020-02-21,305.0299107358874,305.3390562696756,302.40213207600556,303.2204895019531,113788200
2020-02-24,293.8187317949431,303.29321971101865,292.09111299686066,293.1640625,161088400
2020-02-25,294.5461478579809,295.15533747281677,283.40769541596455,284.28057861328125,218913200
2020-02-26,285.67179975370436,289.2451911436134,282.5075871787762,283.2349853515625,194773800
2020-02-27,277.74304808095087,283.28954954070747,270.5144348144531,270.5144348144531,284353500
2020-02-28,262.50385271289247,270.8599695999955,259.6305825334104,269.37786865234375,384975800
2020-03-02,271.1508409072188,281.1072645783154,267.7411105744401,281.0436096191406,238703600
2020-03-03,281.4163813351624,285.36257217334344,270.5689003394488,272.9966125488281,300139100
2020-03-04,278.3431734580503,284.68982980097513,275.8063256703997,284.4715881347656,176613400
2020-03-05,277.30652348973354,280.4798365727048,272.78749368251545,275.0151672363281,186366800
2020-03-06,266.5499879663746,271.66913435903734,263.89496007700336,270.4689025878906,228667200
2020-03-09,250.31967519710847,258.4030231010972,248.63756365214644,249.34678649902344,309417300
2020-03-10,258.81222939877176,262.3401410197597,248.68304208033334,262.2492370605469,276444100
2020-03-11,255.22973923308714,256.3572147243874,246.30078376592888,249.46499633789062,255316300
2020-03-12,232.77095094586227,242.46368215490747,225.20588838049142,225.5968780517578,392220700
2020-03-13,239.21759993839407,246.84631709064,225.96966736197948,244.88230895996094,329566100
2020-03-16,219.29565492416742,233.5892450551575,215.82228363619473,218.0863494873047,297240000
2020-03-17,222.80541986754847,232.92551813203102,215.55861886674538,229.86129760742188,262070500
2020-03-18,214.81303238868713,225.8332774835406,207.3298140234867,218.22276306152344,327597100
2020-03-19,217.54082834842114,224.93312927499895,211.14872068807995,218.68649291992188,289322000
2020-03-20,221.81992633759734,223.5942684841913,208.98797436710205,209.26235961914062,347158800
2020-03-23,208.7044633697625,210.06722076037724,199.62239599139812,203.9119110107422,326025200
2020-03-24,214.40243776362843,223.2558517852743,213.8353851846469,222.386962890625,235494500
2020-03-25,223.96007962163839,234.45979059408683,219.27729064392412,225.71612548828125,299430300
2020-03-26,228.21300077805662,240.35898040936877,227.78313388518464,238.8956298828125,257632800
2020-03-27,231.64281313729845,238.53895253940948,229.6123819008434,231.77999877929688,224341200
2020-03-30,233.86534941132197,240.02065962306284,231.8806509910672,239.30726623535156,171369500
2020-03-31,238.31031171628476,240.8437663965274,234.34091545507368,235.74026489257812,194881100
2020-04-01,226.80454835925843,235.6579634150699,223.0729450503608,225.1308135986328,189554600
2020-04-02,224.25273293872328,231.10313777994162,223.70396256817995,230.3257293701172,177660400
2020-04-03,229.34716379458789,231.688572678805,224.28024014069945,226.9966278076172,135561200
2020-04-06,235.82256381439876,244.20037788059636,226.9783046122972,242.24310302734375,188061200
2020-04-07,250.79472792333289,251.54471340957025,242.27059999105026,242.49009704589844,201427200
2020-04-08,245.07834308177027,252.43179895349527,242.5997633058501,250.63002014160156,153774500
2020-04-09,253.87696541582113,257.18787098300805,251.94715525644546,254.4440460205078,189999200
2020-04-13,253.47457156857448,253.8129721922828,248.2338556738121,252.12094116210938,114839100
2020-04-14,256.98659409583337,260.57184221885353,251.9836866702338,259.556640625,134143400
2020-04-15,253.86780241088192,259.6938521248178,251.9379646127904,254.0415802001953,121775000
2020-04-16,255.3128853851821,256.1177451046748,252.21237795625973,255.2671661376953,131798300
2020-04-17,261.0108843332455,262.76691639123914,258.2853419351938,262.1632995605469,146684800
2020-04-20,258.47741548206835,262.3004990519238,257.3250281055535,257.5445251464844,100109300
2020-04-21,253.09956197216107,254.2976965983367,248.79173683274226,249.7246551513672,126385700
2020-04-22,254.58120995562248,257.0049162166208,253.26417185311237,255.2671661376953,92951600
2020-04-23,256.5384565598926,259.69386615566833,254.947047152438,255.2488555908203,104709700
2020-04-24,256.7580183558884,259.47440633757606,254.71843163785363,258.8067321777344,85063200
2020-04-27,260.77308193998005,263.6540921481232,260.31577784625483,262.53826904296875,77896600
2020-04-28,266.1692506121664,266.5168061709099,261.02915733590845,261.33099365234375,105270000
2020-04-29,266.63573659846855,269.6996797561553,265.61137984510384,268.1722717285156,118745600
2020-04-30,266.8003040317704,268.272837492966,263.9467314074969,265.67535400390625,122901700
2020-05-01,260.9468927193291,265.84005272314266,257.48051943539275,258.64208984375,125180000
2020-05-04,256.76714197902675,259.65730774517107,255.294635917444,259.3554992675781,80873200
2020-05-05,262.1633243825663,264.5504385375619,259.4835009746892,261.7517395019531,79569900
2020-05-06,263.44375944285997,263.82787926465915,259.54751949484415,259.9773864746094,73632600
2020-05-07,263.178561756195,265.0352156540306,262.6115090255703,263.1145324707031,75250400
2020-05-08,266.23335170995387,267.93453782182627,265.1083733470764,267.46807861328125,76452400
2020-05-11,265.54736149059846,268.89483110476766,265.12664950208534,267.5229187011719,79514200
2020-05-12,268.7028030813547,269.11436010431197,262.0535823124858,262.1907958984375,95870800
2020-05-13,261.6328562681384,262.66636814540334,255.13913155221232,257.5537109375,144721100
2020-05-14,255.1299336943153,260.7638948742726,249.67884947076664,260.6358642578125,121977900
2020-05-15,258.2578937473351,261.8797341345246,257.3158484879118,261.8340148925781,111146300
2020-05-18,268.0258599466881,271.4099206698143,267.7057694799125,269.8093566894531,119703800
2020-05-19,269.21494963691697,270.9161076201453,267.01989537303587,267.0381774902344,95189300
2020-05-20,270.5594441426367,272.43438006323834,270.33079205906915,271.57464599609375,85861700
2020-05-21,271.4465815641365,272.2514412639975,268.6112904984,269.6996765136719,78293900
2020-05-22,269.4161179191645,270.3856002837618,268.18139138715867,270.2118225097656,63958200
2020-05-26,276.1476546483194,276.385461718517,270.2301383166859,273.541015625,88951400
2020-05-27,276.32145242701677,277.6476456136954,271.5197588989895,277.6110534667969,104817400
2020-05-28,278.63538150701766,280.63837569046694,276.4311724038547,277.0988464355469,90405200
2020-05-29,276.63237146672736,278.918891827122,273.8977020474156,278.33355712890625,119090800
2020-06-01,277.69336979462093,280.06220196111565,277.18119137546694,279.45855712890625,55758300
2020-06-02,280.3732027105034,281.8182996586592,279.0470372355985,281.7725524902344,74267200
2020-06-03,283.7479969891875,286.47353906948985,283.473625734496,285.5223388671875,92567600
2020-06-04,284.54374784901324,286.27237076977303,282.6870942924348,284.77239990234375,75794400
2020-06-05,290.1411436356498,293.83614034000306,290.07711436853054,292.0709533691406,150524700
2020-06-08,292.87580669268345,295.79340876256344,292.3361912634575,295.6013488769531,73641200
2020-06-09,292.9489483181037,295.674490365222,292.08921451504034,293.3971252441406,77479200
2020-06-10,293.97343534314683,294.8606065808559,291.04667738676187,291.76007080078125,95000800
2020-06-11,284.86381036530884,285.4948921415013,274.3915651262568,274.9403076171875,209243600
2020-06-12,281.91877952210046,282.68704694321315,273.10197233651155,278.23291015625,194678900
2020-06-15,272.57150356014085,281.9553918611026,271.4008062757648,280.8304138183594,135782700
2020-06-16,288.5407016610134,288.6870423714407,281.39761145861985,286.2358703613281,137627500
2020-06-17,287.25099246962446,287.5436737805925,284.3150801698456,285.0467834472656,83398900
2020-06-18,283.53770864356693,285.63214141110257,283.0804045248097,285.15655517578125,80828700
2020-06-19,288.60695612206905,288.7998612118977,281.5885862007756,283.52691650390625,135549600
2020-06-22,282.92975500160884,285.740769602764,281.7906591077808,285.34576416015625,74649400
2020-06-23,287.98222696658627,288.910055192761,286.2551925803986,286.6593933105469,68471200
2020-06-24,284.6292467086996,285.2447431567849,277.5190362259304,279.34710693359375,132813500
2020-06-25,278.777527255436,282.60823878319684,276.7657189618887,282.3418273925781,89468000
2020-06-26,281.24860280201204,281.4598984244321,275.0570271107299,275.6357421875,127961000
2020-06-29,276.88522233022,279.8248316025457,274.6070020157389,279.6870422363281,79773300
2020-06-30,279.25529183832805,284.9600240795426,279.09913989679006,283.26971435546875,113394800
2020-07-01,284.3812217292925,286.5124569965103,283.9219052338294,285.25390625,72396500
2020-07-02,288.6712318949843,290.012456292064,286.1633816866912,286.8247985839844,69344200
2020-07-06,290.62796070760163,291.83136787282604,289.8838701103089,291.25262451171875,61713800
2020-07-07,289.71844493786637,291.68430474186584,287.87198386046487,288.2486267089844,82910000
2020-07-08,289.0111389985439,290.56363114196824,287.256574491188,290.4533996582031,54638600
2020-07-09,291.0596951993123,291.29854876580123,285.40091218882344,288.79986572265625,83354200
2020-07-10,288.7355118423281,292.0150381063535,287.31164202517806,291.7486267089844,57550400
2020-07-13,294.0819264978031,296.45198681685406,288.5701296275512,289.22235107421875,102997500
2020-07-14,287.80768781432056,293.74207676938335,286.6134762105575,292.9704284667969,93657000
2020-07-15,296.1765111680916,296.7552545262097,293.29198967983916,295.6620788574219,87196500
2020-07-16,293.76956917243285,295.1383229718875,293.1265150463496,294.6882019042969,54622500
2020-07-17,295.6896482450568,296.32350737296974,293.723759811365,295.54266357421875,62774900
2020-07-20,295.2761374776364,298.67509008942426,294.5320471440715,297.9309997558594,56308800
2020-07-21,299.8876833041444,300.3286090980555,297.5819060471759,298.5648498535156,57292200
2020-07-22,298.20670541392377,300.5767947733182,298.0964739152469,300.2644348144531,57792900
2020-07-23,299.90617411436045,300.60434429920406,295.3222035367767,296.6817626953125,75738000
2020-07-24,294.8352766153247,295.7906347636458,293.27358928008266,294.7709655761719,73766600
2020-07-27,295.45993962173293,297.09510525887373,294.6699006548691,296.9205627441406,48293000
2020-07-28,296.1949345051777,297.3065010066884,294.7435061953993,295.0374755859375,57495000
2020-07-29,295.910055607234,299.2263352942239,295.8733024378187,298.66595458984375,48454200
2020-07-30,295.7079903642907,298.0137684247476,293.63189861413105,297.6003723144531,61861700
2020-07-31,299.38250887264957,300.053121099359,295.18434905701736,299.9520568847656,84986800
2020-08-03,301.6055948819654,302.7998065744939,301.063604773236,302.037353515625,53077900
2020-08-04,301.182975853342,303.2039794921875,301.182975853342,303.2039794921875,41917900
2020-08-05,304.49930864404297,305.344463414178,304.2328972007619,305.08721923828125,42697700
2020-08-06,304.50847479244663,307.2459831711578,304.1869476378153,307.1265563964844,43679400
2020-08-07,306.16197109291363,307.6317893364543,305.26170076056275,307.3470153808594,57308300
2020-08-10,307.79711328642304,308.4493347450377,305.86797873960825,308.265625,44282100
2020-08-11,309.4415500274836,310.0754090778702,304.99536940766205,305.7210693359375,69601100
2020-08-12,308.1463455253537,310.7552606411925,308.1187876487043,309.9836120605469,53774400
2020-08-13,309.2210563466594,310.7276279995597,308.5045236917194,309.42315673828125,41816100
2020-08-14,309.0373370596852,309.96516537922156,308.31160912555913,309.4323425292969,47260400
2020-08-17,310.4428410719962,310.8102886684304,309.4415344570698,310.415283203125,35481000
2020-08-18,310.8102697584453,311.50843977331124,309.2210246583516,311.08587646484375,38733900
2020-08-19,311.4624789799715,311.9769111702149,309.23020772218825,309.79058837890625,68054200
2020-08-20,308.0727368847193,311.2328365188577,307.9441428478694,310.7551574707031,42207800
2020-08-21,310.42444831688175,312.077976357265,310.0845305879196,311.8575134277344,55106600
2020-08-24,314.2827159430647,315.0911174646383,311.8299815443107,315.01763916015625,48588700
2020-08-25,315.5779440608495,316.20260767497933,314.42045769067664,316.11993408203125,38463400
2020-08-26,316.70785911362395,319.5555984201468,316.1658691154648,319.2892150878906,50790200
2020-08-27,320.1528020072036,321.42968732403983,318.33389853954054,319.9874267578125,58034100
2020-08-28,321.0071247417891,322.18297388597506,319.82208029637775,322.0543518066406,48588900
2020-08-31,321.8430814950249,322.7157660361152,320.6580370594044,320.8876953125,66099200
2020-09-01,321.7144876310069,324.01107036337214,320.82341240947085,323.9100341796875,54908700
2020-09-02,325.81160515901706,329.55961577116307,324.6724810821894,328.5950622558594,69540000
2020-09-03,326.9138756495679,327.38238738527826,314.7144322316651,317.28662109375,148011100
2020-09-04,317.96646795020814,319.52812734335566,307.6226506452831,314.6961364746094,139156300
2020-09-08,309.31290219076556,314.76041705680797,305.79455021998007,306.0976867675781,114465300
2020-09-09,310.0845768752643,314.5950685448863,309.2210595597669,312.142333984375,91462300
2020-09-10,314.0071032105712,314.65932471702587,305.76696501281884,306.72235107421875,90569500
2020-09-11,308.49540445893774,309.551827020083,304.06758575680686,306.87860107421875,84680200
2020-09-14,310.0294570524929,312.6843200062255,307.02553709097856,310.9205322265625,65605700
2020-09-15,313.36401735020615,314.1907812662179,310.9296460285526,312.4913330078125,52920900
2020-09-16,313.7224070840924,315.1462772122179,310.97567498046277,311.25128173828125,82096000
2020-09-17,306.419280901288,310.2224357183526,305.89565326106145,308.5137634277344,91523300
2020-09-18,309.3150962626892,309.4257689578149,302.4900079788236,304.9617919921875,105877900
2020-09-21,300.39645567196135,301.7153525566458,296.7348829024936,301.5677795410156,99450800
2020-09-22,303.04348986243315,305.19246039063853,300.54400878415186,304.6390686035156,63612100
2020-09-23,305.1923890488942,305.46909895110974,297.07607189061287,297.5741271972656,93112200
2020-09-24,296.26450432799584,301.4109832200537,294.9548113676943,298.36737060546875,76681300
2020-09-25,297.51877988511285,303.97495058970566,296.65183428543304,303.1910095214844,71069400
2020-09-28,307.33219516977516,308.9370058544443,306.34531653525386,308.2268371582031,64584600
2020-09-29,308.0239809607782,308.76181796353166,305.85654606350835,306.54827880859375,51304000
2020-09-30,307.2123525503483,312.00837765160077,307.01867525700635,308.8725280761719,104081100
2020-10-01,311.45505653986453,312.423471373176,308.9832709840967,310.8555603027344,88698700
2020-10-02,305.9303234212104,310.82778863279594,305.45993618333404,307.904052734375,89431100
2020-10-05,309.95160678519085,313.54861143748366,309.9055025274307,313.3641662597656,45713100
2020-10-06,313.50250890517106,315.5869392662672,308.4021338856836,308.9093933105469,90128900
2020-10-07,311.8515557905092,315.08887396765715,311.8238876072292,314.2864685058594,56999600
2020-10-08,316.21406610772175,317.1363763322467,315.30095984570346,317.0718078613281,45242500
2020-10-09,318.7135625963804,320.36450600551524,318.09563042343444,319.9033508300781,59528600
2020-10-12,322.43044687423406,326.5162746526731,321.9416235525097,325.0498046875,80388500
2020-10-13,324.9114894581619,325.08673067665825,321.9693171855265,322.92852783203125,73255500
2020-10-14,323.50033584861643,324.5886552411015,320.1708091953333,320.8994140625,57727900
2020-10-15,317.00721375031816,320.9823682447695,316.4722862478962,320.5027770996094,60357700
2020-10-16,321.84935479813737,323.50029791303143,320.1338713616603,320.3091125488281,89501900
2020-10-19,321.5635185712875,322.19068289440474,314.5447498669606,315.43939208984375,68425600
2020-10-20,316.7766838154975,319.9309973867883,316.02041077038155,316.7029113769531,60051900
2020-10-21,316.65681831436444,318.8150494267142,315.79907639467757,316.10345458984375,63575000
2020-10-22,316.3154438173647,318.41830958522445,314.18490987413855,317.8372497558594,55399300
2020-10-23,319.05484484338615,319.11018121824065,316.4723868612409,318.91650390625,49143900
2020-10-26,315.5500092529845,316.3339785921289,309.54576053915537,313.02288818359375,91473000
2020-10-27,313.3641216886395,313.6961398493141,311.7316146253023,311.9437561035156,65994100
2020-10-28,306.2992612343689,311.9714640421637,300.79306752806804,301.2818908691406,127094300
2020-10-29,301.5124340067126,307.49821826025516,299.83382266999,304.34393310546875,90597700
2020-10-30,302.77601447703177,304.07647533605143,297.5372988957393,301.17120361328125,120287300
2020-11-02,304.5469055175781,306.5390712136703,301.816846466365,304.5469055175781,86068300
2020-11-03,307.76574732319943,311.97148032731906,304.6298977179073,309.9239501953125,93294200
2020-11-04,314.3787116216634,320.9086850612525,313.2073875383157,316.85052490234375,126959700
2020-11-05,322.10759705001647,324.8284233294965,321.75711467946127,323.0299072265625,82039700
2020-11-06,322.7440352568417,324.20130128726,320.64116890696374,322.9561767578125,74973000
2020-11-09,335.6932240544699,336.07137459090427,326.553127154814,327.0142822265625,172304200
2020-11-10,326.02741100790297,327.5861174374779,323.2789447318522,326.5346984863281,85552000
2020-11-11,328.7114074071208,329.78129080470626,327.47551489956834,328.96044921875,58649000
2020-11-12,327.9550049012143,329.00645189973596,323.97064675875447,325.7691345214844,67546200
2020-11-13,327.6691431786953,331.01713379560016,327.15265170494035,330.279296875,62892200
2020-11-16,332.93559901843656,334.59574638349557,331.65357412637275,334.4020690917969,74541100
2020-11-17,332.0040500584204,333.80256645757106,330.5006797195766,332.6035461425781,66111000
2020-11-18,332.8709782269809,333.4151378683076,328.5637772011029,328.6006774902344,70591300
2020-11-19,327.9735621111223,330.35311040072077,326.6362008611728,329.98419189453125,59940900
2020-11-20,329.7259436268605,329.92885302572876,327.6507453802579,327.7245178222656,70417300
2020-11-23,329.5229862809576,330.94335186636596,327.3002153270848,329.6889953613281,63230600
2020-11-24,332.22539331938475,335.54571610904793,331.3768835849959,335.0015563964844,62415900
2020-11-25,334.9185027829936,334.9461709627428,333.396696603441,334.4850158691406,45330900
2020-11-27,335.573311382419,335.8868934462718,334.4111916218627,335.4165344238281,28514100
2020-11-30,334.6418093714301,334.90928722000234,331.2661786885653,333.931640625,83872700
2020-12-01,337.16899213449574,339.11505340908474,336.5787000163199,337.5840148925781,74231400
2020-12-02,336.47732816905165,338.4510580309553,335.90550015435696,338.2942810058594,45927000
2020-12-03,338.19276373886237,339.5854614210643,337.1044442445208,338.2019958496094,62882000
2020-12-04,338.7830112476437,341.116455078125,338.690774592366,341.116455078125,50749900
2020-12-07,340.3509283515672,340.9043201472094,339.15193624990565,340.4154968261719,48944300
2020-12-08,339.15188893607467,341.97415573878243,339.10578468731796,341.41156005859375,42458900
2020-12-09,342.0664578235537,342.22323481665705,337.51947467671783,338.34954833984375,74098300
2020-12-10,336.9844740552152,339.28101745162724,336.1175002134625,338.23883056640625,57735400
2020-12-11,336.5509954355729,338.2480428717824,335.03842130301246,337.84222412109375,57698600
2020-12-14,340.0005482684858,341.07040365435176,336.1545011890097,336.3297424316406,69216200
2020-12-15,338.8567862142581,340.87664794921875,337.49178503398645,340.87664794921875,63865300
2020-12-16,341.0887458772807,342.32463809868386,340.2125399775271,341.41156005859375,58420500
2020-12-17,343.0440579448397,343.52364911590456,342.2231883566635,343.32073974609375,64119500
2020-12-18,343.6079012926033,343.77461802271546,339.949235092986,341.9499206542969,136542300
2020-12-21,338.0505010968188,350.54549505048345,335.32734770004896,340.7273254394531,96386700
2020-12-22,341.0514707752179,341.1626152638314,339.0322705209926,340.15301513671875,47949000
2020-12-23,341.11636406536365,342.3575248130481,340.13454991769294,340.458740234375,46201400
2020-12-24,340.9310482842166,341.8109892466204,340.3475397301883,341.783203125,26457900
2020-12-28,344.3210549674562,345.1083660073762,343.70048890382196,344.7193603515625,39000400
2020-12-29,346.2384721497358,346.41446036686983,343.47826119327533,344.0617980957031,53680500
2020-12-30,344.8767719797852,345.58072459626425,344.16357616921727,344.5525817871094,49455300
2020-12-31,344.3581702862446,347.02575115427703,343.8487486102848,346.30328369140625,78520700
2021-01-04,347.6278008405059,347.75748825794324,337.91153359546706,341.5887145996094,110210800
2021-01-05,340.94957212585825,345.02502991311206,340.90324308131426,343.9413146972656,66426200
2021-01-06,342.4407940338875,349.1745889500728,341.89431484994884,345.99755859375,107997700
2021-01-07,348.35951944577056,351.879226704414,348.18353125617296,351.13824462890625,68766800
2021-01-08,352.51835210952186,353.351964049799,349.28577737519294,353.1389465332031,71677200
2021-01-11,349.9804746734245,352.5090967320955,349.86005871507695,350.7585144042969,51034700
2021-01-12,350.9436922668799,351.8421194800152,348.6002738904084,350.83251953125,52547700
2021-01-13,350.7584722249537,352.7684008880122,349.98043258764204,351.77734375,45303600
2021-01-14,352.5184014794921,353.01858002037034,350.2120681928386,350.5455017089844,49989100
2021-01-15,348.9338618194296,349.7304163131025,346.13662136026045,347.9891052246094,107160000
2021-01-19,350.43430286360933,351.25867159512734,348.9615818623468,350.721435546875,51233300
2021-01-20,353.0000326205539,356.40862425349655,352.61102685664434,355.57501220703125,61836100
2021-01-21,356.13063877891994,356.5567302849031,354.9821081917429,355.8990783691406,47840100
2021-01-22,354.0558980073029,355.79723696621016,353.67613550952814,354.6394348144531,52860500
2021-01-25,355.37122119584785,356.39006461227206,350.5454808302178,356.0381164550781,70402000
2021-01-26,356.98289873234944,357.3904474350038,355.2508308793983,355.4823913574219,42665300
2021-01-27,352.1756829435316,352.26831278333765,344.57124514864984,346.7942199707031,123351100
2021-01-28,348.6003272642872,353.7595005336595,348.1650207830178,349.77667236328125,94198100
2021-01-29,347.9241009444205,348.88740002400107,341.1069487709505,342.7742004394531,126765100
2021-02-01,346.1550740721614,349.5080647438886,343.0614299643618,348.4799499511719,75817600
2021-02-02,351.64770841562836,354.9543985638464,348.5633355300297,353.4075622558594,64450700
2021-02-03,354.23196518533314,355.3990390598775,352.4165389212222,353.68548583984375,52427100
2021-02-04,354.7135813441343,357.7516535703952,353.7966109311243,357.7053527832031,47142600
2021-02-05,359.56706738711136,359.8171424896875,357.6590115971153,359.1131896972656,48669800
2021-02-08,360.558136499525,361.7529963401308,359.7060098700413,361.7066955566406,38365200
2021-02-09,360.872951126553,362.0585674281345,360.4654308561949,361.46575927734375,35551100
2021-02-10,363.197890590525,363.34609265440474,358.9186584626159,361.308349609375,59154400
2021-02-11,362.3827831768322,362.7996032364326,359.4743990216484,361.8918762207031,42913300
2021-02-12,361.09534309546916,363.92036905749677,361.0212279279476,363.6795654296875,50593300
2021-02-16,364.9021580602048,365.09668916164804,362.6513976005245,363.3645935058594,50972400
2021-02-17,361.62339184114336,363.69816474823375,360.61376324856224,363.4480895996094,52290600
2021-02-18,360.8545263633819,362.6421661884554,359.14097344228867,361.90118408203125,59712800
2021-02-19,363.1515647766669,363.4386974223099,360.817417764793,361.26202392578125,83241000
2021-02-22,358.5111540436584,360.88233082469856,358.21474987936415,358.4833679199219,67414200
2021-02-23,356.2881475310484,360.2617324705037,352.157117326697,358.9186706542969,107284100
2021-02-24,357.83505118905947,363.299901476646,356.85323695298354,362.8738098144531,72433900
2021-02-25,361.6139919181929,362.9755682214557,352.6942806525989,354.12994384765625,146670500
2021-02-26,356.0010524866953,357.14031184524765,350.3324570181541,352.3053283691406,152701600
2021-03-01,357.1495498565867,362.0864341700933,352.49982648838284,360.8452453613281,105348800
2021-03-02,361.0676132242538,361.2991736921879,357.5293624902229,358.029541015625,79595300
2021-03-03,357.33478094068346,358.2980519232204,353.18520809288117,353.287109375,119940200
2021-03-04,353.1019475606932,355.6768989799336,344.45085137854505,348.91534423828125,183433000
2021-03-05,352.397907830953,356.38076408471085,345.15471924913305,355.3341064453125,152039600
2021-03-08,356.28809394634715,359.08533337643155,353.28708023548506,353.56494140625,123149200
2021-03-09,357.3903607802828,361.15089977025394,356.8901823543628,358.6130065917969,113633600
2021-03-10,360.94714665159455,362.53101211553303,359.53926937994413,360.8452453613281,109899400
2021-03-11,363.29971205943156,366.46744214562136,362.8458345051872,364.5038146972656,86245000
2021-03-12,363.15160002369436,365.13374261718343,362.3457742453451,364.99481201171875,64653600
2021-03-15,365.2448796926078,367.43082481864235,363.11453507428547,367.1714782714844,73427200
2021-03-16,367.78290966462663,368.4868343478707,365.93966890368773,366.7084655761719,73722500
2021-03-17,365.4300905372964,368.75529442760387,364.2908032144401,367.958740234375,97959300
2021-03-18,365.38388907793455,367.45866174204525,361.92899685898453,362.60516357421875,115349100
2021-03-19,362.30581695435694,363.87629430000226,359.7688854669541,361.9341125488281,113624500
2021-03-22,362.4453063598302,366.1995871570597,362.3895521009953,364.8242492675781,73778600
2021-03-23,364.1922851409189,365.6326505079344,361.1721404249181,361.9527282714844,90686600
2021-03-24,363.3467123632342,364.97294445181643,360.0663710560635,360.1128234863281,97588600
2021-03-25,358.681705445465,362.9284721903629,356.7487968597733,362.13861083984375,116128600
2021-03-26,363.28165959392123,368.3740994757526,362.68693802860713,367.9745178222656,114409100
2021-03-29,366.50620018848747,368.69000297943103,365.02865575356833,367.7886047363281,108107600
2021-03-30,366.5248236170681,367.4819761652533,365.22381534174167,366.8128967285156,76262200
2021-03-31,367.3798308719523,369.8517074960146,367.3519537369128,368.2998046875,112734200
2021-04-01,370.2233780414043,372.332851715989,370.0189362834983,372.2770690917969,99682900
2021-04-05,374.92543787321307,378.1593264135541,374.85110832067795,377.6203308105469,91684800
2021-04-06,377.062782829176,378.43809222549146,376.72822894950895,377.3973083496094,62021000
2021-04-07,377.23005259846207,378.17790328320166,376.7747167341118,377.8340759277344,55836300
2021-04-08,379.0793553590518,379.6833787740755,378.15007984078824,379.62762451171875,57863100
2021-04-09,379.50675096516443,382.5547727954049,379.3859406394559,382.3874816894531,61104600
2021-04-12,381.79281150001924,382.796416474297,381.1887881496238,382.5269470214844,56704900
2021-04-13,382.42472067416116,384.2832715540899,382.04371434066746,383.66064453125,56551000
2021-04-14,383.63277915671523,384.68286497352676,381.8114071791653,382.35040283203125,61659900
2021-04-15,384.47846321595966,386.7273225614878,384.4320107814022,386.45782470703125,60229800
2021-04-16,387.7402098886137,388.35353513360724,386.3277213105681,387.74951171875,82037300
2021-04-19,386.82017754821817,387.26621157931834,384.52486623240225,385.84442138671875,78498500
2021-04-20,384.63636975752553,385.7329078820872,381.55116873929074,383.0194396972656,81851800
2021-04-21,382.4061826077296,386.8481185088796,382.2667685907722,386.6436767578125,66793000
2021-04-22,386.4763357663494,387.3033760742911,382.0529760615345,383.1123352050781,97582800
2021-04-23,383.6699137247093,388.66941970392514,383.5955841738986,387.2662048339844,73209200
2021-04-26,387.9166850756221,388.6415186781956,387.33123709676823,388.07464599609375,52182400
2021-04-27,388.3720952177508,388.567263487537,386.85737164526927,387.9910888671875,51303100
2021-04-28,388.2605228895101,389.37566462785594,387.41487893712383,387.8795166015625,51238900
2021-04-29,390.59306111989224,390.96476562535156,386.9874678625414,390.3514404296875,78544300
2021-04-30,388.0932978632619,388.9389418978536,386.8945246318917,387.78662109375,85527000
2021-05-03,389.7660376531201,390.14704403223993,388.13053196720887,388.623046875,68128300
2021-05-04,386.6436491697438,387.13616403136706,382.55484279938787,386.2254638671875,101591200
2021-05-05,387.8609759000612,388.0932947530025,385.7886815225001,386.34625244140625,60162200
2021-05-06,386.420555589309,389.56151080390845,384.42261926239445,389.4314270019531,74321400
2021-05-07,390.1934809738354,392.9162512267745,389.5150996883385,392.2657470703125,67733800
2021-05-10,392.61896444688296,392.8419815292443,388.2606593538693,388.3814697265625,81852400
2021-05-11,383.8836181645365,385.9001296111552,381.0586134145165,384.91510009765625,116888000
2021-05-12,382.1460004528248,383.40980160762746,375.4273279147275,376.73760986328125,134811000
2021-05-13,378.2801563667472,383.1867295062854,378.23367557967265,381.26312255859375,106394000
2021-05-14,383.9858697174596,387.9631671876168,383.95799259058225,387.1175231933594,82201600
2021-05-17,386.01175585096786,386.9410313324155,384.1252993987615,386.1325378417969,65129200
2021-05-18,386.39271466558824,386.6343353537289,382.6477357955868,382.80572509765625,59810200
2021-05-19,378.1407743642917,381.9786581081242,376.66320145918377,381.8020935058594,106467100
2021-05-20,382.6755962796749,387.1640123182548,382.5548143000937,385.90948486328125,78022200
2021-05-21,387.3870924100726,388.6230447677026,385.13826146942415,385.5935974121094,76578700
2021-05-24,387.8237936745519,390.5930445875986,387.582172994574,389.5243835449219,51376700
2021-05-25,390.6023385429732,390.95546775246584,388.084010006822,388.66015625,57451400
2021-05-26,389.2455605886077,389.93321527136624,388.21407856446984,389.4314270019531,43088600
2021-05-27,390.45369225566577,390.9647824277328,389.35712563246545,389.63592529296875,56707700
2021-05-28,391.19713572899053,391.4573317528187,390.10059736851764,390.3329162597656,58520200
2021-06-01,392.68390661909086,392.8232922551266,389.55225310614026,389.989013671875,54216600
2021-06-02,390.639473876416,391.43866542326464,389.63586897767476,390.602294921875,49097100
2021-06-03,388.2977618897576,390.2863966542775,386.83879259158886,389.1526794433594,58138800
2021-06-04,390.99262682035794,393.0091669281305,389.21770739294345,392.7117919921875,55938800
2021-06-07,392.70245396777017,392.8790185472602,391.4014741919741,392.33074951171875,51555000
2021-06-08,393.18565368713985,393.2785868878319,390.5929960509878,392.41436767578125,47134300
2021-06-09,393.2507697660974,393.32512768168914,391.6059624638834,391.8289794921875,48436300
2021-06-10,393.0463367362392,394.5982392171646,391.7360549474813,393.6503601074219,51020100
2021-06-11,394.19869662303313,394.41241184797695,392.9162918364142,394.3009033203125,45570800
2021-06-14,394.41240125927584,395.285922514848,393.17647729852365,395.1837158203125,42358500
2021-06-15,395.3323529313738,395.3695035287047,393.585310642845,394.4588317871094,51508500
2021-06-16,394.5982928483874,394.8213099119385,390.2214128207567,392.2565002441406,80386100
2021-06-17,391.84754100046604,393.1020400089684,389.6637383024435,392.1263122558594,90949700
2021-06-18,388.85947347394546,389.54937784816065,386.63125419537954,386.83636474609375,118676300
2021-06-21,388.58919001085104,392.5608641777054,387.7780798673709,392.3743896484375,72822000
2021-06-22,392.3650319575485,395.3018204521082,391.64713072526837,394.4720458984375,57700300
2021-06-23,394.54664482628675,395.34842259301394,393.91267704068656,393.99658203125,49445400
2021-06-24,396.13161425617756,396.7469175537267,395.87987081880055,396.327392578125,45110300
2021-06-25,397.0732627744451,398.18272076667404,396.7469465793157,397.7351989746094,58129500
2021-06-28,398.25724298746064,398.70473623877365,397.0638802306052,398.53692626953125,53159600
2021-06-29,398.91924432286936,399.5532121672935,398.2200075512794,398.7514343261719,35970500
2021-06-30,398.29450122342985,399.7582434032112,398.26653289619884,399.08697509765625,64827900
2021-07-01,399.84219026940974,401.45510651405067,399.77692134836326,401.2966003417969,53441000
2021-07-02,402.4526561515775,404.7181760542259,401.38047053367126,404.3638916015625,57697700
2021-07-06,404.4199154656729,404.63435832589875,400.90509541286673,403.62744140625,68710400
2021-07-07,404.307961437293,405.3335142240967,402.30348871200215,405.0538024902344,63549500
2021-07-08,399.75830982322657,402.50865241662655,398.5835829803211,401.75347900390625,97595200
2021-07-09,403.25449948236826,406.3404621035636,401.55767811817753,406.0421142578125,76238600
2021-07-12,405.95820582921755,407.74826443657537,405.529348587086,407.49652099609375,52889600
2021-07-13,406.7133908705391,408.2051016773012,405.8463441001398,406.1073913574219,52911300
2021-07-14,407.7948378993106,408.2796602207777,405.47338115910287,406.7133483886719,64130400
2021-07-15,405.3801554114466,406.05142380082106,403.43161916568266,405.32421875,55126400
2021-07-16,406.49900772847565,406.5456121361388,401.7535238763816,402.14508056640625,75874700
2021-07-19,397.34360297120685,402.2102917266134,393.40922985130334,396.2061767578125,147987000
2021-07-20,396.8681095390226,403.1519362165868,396.07563556513816,401.88397216796875,99608200
2021-07-21,403.0773163550678,405.2775959293525,401.83734914667167,405.1377258300781,64724400
2021-07-22,405.31487664645783,406.2285561812566,404.33595664289896,405.98614501953125,47878500
2021-07-23,407.90668669595885,410.4985227710104,407.2261145579136,410.16290283203125,63766600
2021-07-26,409.57560895526535,411.1791931015135,409.5290045509511,411.16986083984375,43719200
2021-07-27,410.1349768235407,410.16294515467484,406.48028699392114,409.2958984375,67397100
2021-07-28,409.9205563033624,410.498587479619,407.71097266740617,409.1280822753906,52472400
2021-07-29,410.05108065733845,411.8970474559631,410.04174839608766,410.82489013671875,47435300
2021-07-30,408.27034735445915,410.274820300012,408.1398095072434,408.8297424316406,68951200
2021-08-02,410.535883503272,411.08594634074757,407.6177308698033,407.9720153808594,58783300
2021-08-03,408.76450901033223,411.4122822568077,406.58289362665914,411.29107666015625,58053900
2021-08-04,410.0137549202648,411.2630544145641,409.03483491751217,409.2679138183594,46732200
2021-08-05,410.4240280683783,411.94370724678896,410.10704413730144,411.85980224609375,38969700
2021-08-06,412.1766644565728,412.95980601714183,411.8969527515063,412.5402526855469,46930000
2021-08-09,412.51242463219626,412.82940857745217,411.44026719488556,412.20477294921875,41222600
2021-08-10,412.6521993404,413.42603723143196,411.9716271529787,412.71746826171875,43339300
2021-08-11,413.78028154445127,413.83621819957546,412.66149153794436,413.74298095703125,44034300
2021-08-12,413.5938909226204,415.12290234474574,412.69887580714226,414.9830322265625,38909400
2021-08-13,415.4305706025511,415.7568868046491,414.9457766564748,415.7382507324219,39470300
2021-08-16,414.44224972601063,416.8476114388509,412.89460242623954,416.71710205078125,73740000
2021-08-17,414.17191970261024,414.84318814832017,411.0113842575715,413.9854736328125,92673900
2021-08-18,412.978558984422,414.5355387391959,409.2120240010242,409.45440673828125,89351900
2021-08-19,406.7412478119721,411.28164791613506,406.60140618601434,410.0882568359375,92812200
2021-08-20,410.4333164331078,413.67775658772473,409.94849410047595,413.3514404296875,72008700
2021-08-23,415.02958895216034,417.89180448672965,413.4260050862399,416.9874572753906,54973000
2021-08-24,417.6493835449219,418.18081021842085,417.1366213910618,417.6493835449219,38744700
2021-08-25,417.83588293403466,419.03854953793854,417.4629339431671,418.5257873535156,40529700
2021-08-26,418.2460947166087,418.4791736205417,415.9619385292738,416.05517578125,57829600
2021-08-27,416.85696346783124,420.1480365315559,416.80102680571815,419.7751159667969,77235100
2021-08-30,420.44633655758804,422.40420486497374,420.203925414651,421.6210632324219,48357400
2021-08-31,421.5278561630646,421.8634761216063,420.39976225528045,420.9964294433594,59300200
2021-09-01,421.9286310239894,422.4413930838689,420.98698341918566,421.2200622558594,48721400
2021-09-02,422.6373493891215,423.31792162382027,421.3227808707356,422.5161437988281,42501000
2021-09-03,421.3880192926544,422.92633435744506,420.98710195716393,422.4135437011719,47170500
2021-09-07,422.0685927572297,422.161830008836,420.23192986344264,420.9031982421875,51671500
2021-09-08,420.37174479230555,421.09894973616434,418.479117034354,420.390380859375,56181900
2021-09-09,420.1946484083509,421.9380740118784,418.34865329472603,418.591064453125,57970400
2021-09-10,420.51165319314345,420.93117815889764,415.16947434641764,415.2906799316406,89948200
2021-09-13,418.27405074698356,418.5350979558744,414.05063410526645,416.35345458984375,83738600
2021-09-14,417.7892579298286,417.9943684978522,413.2209172260456,414.10662841796875,78197100
2021-09-15,414.52613294221675,418.0596168232787,413.4260074279271,417.56549072265625,78792200
2021-09-16,417.04340609771833,418.01299380157405,413.9667476565997,416.903564453125,77786700
2021-09-17,416.13484321720034,416.5557122591402,412.4871402613684,412.8425598144531,118425000
2021-09-20,406.74432982392835,408.31563107334745,401.1137908654286,405.95867919921875,166445500
2021-09-21,408.2875666376567,409.5782885516768,405.05142823770416,405.5751953125,92526100
2021-09-22,407.8386598671586,411.5611742401926,405.68747544919097,409.53155517578125,102350100
2021-09-23,411.39277968477785,416.1067119256756,411.1589540771979,414.50732421875,76396000
2021-09-24,412.8798959122565,415.9009329556939,412.6647660835853,415.1900939941406,62094800
2021-09-27,414.1612437208706,415.32100953578424,413.31011513170654,414.00225830078125,61371100
2021-09-28,411.2430883900673,411.5704499178845,404.9297975915055,405.6593322753906,130436300
2021-09-29,407.03430833854253,408.7646237192778,405.78100637960586,406.3421936035156,82329200
2021-09-30,407.81055870084094,408.5120355292715,401.0389781842043,401.3757019042969,140506000
2021-10-01,403.0966548978282,407.819920791209,399.5892707562588,406.1457214355469,129240100
2021-10-04,404.9859554641585,405.88383781213133,398.7755335780304,400.9080505371094,128570000
2021-10-05,402.4044577996425,407.31479494030964,401.6094736685398,405.0794372558594,90682500
2021-10-06,401.4972736297954,406.9687986871979,399.87921865411016,406.7630310058594,113032200
2021-10-07,410.0272332659466,413.1043576140897,409.84952352630745,410.2797546386719,72437500
2021-10-08,411.0467692620776,411.43024672745184,408.90491846012617,409.53155517578125,74557400
2021-10-11,408.8768180412666,411.7762613135145,406.5011418518959,406.5666198730469,65233300
2021-10-12,407.4831828203635,407.8853559760008,404.7801453584149,405.5657958984375,71181200
2021-10-13,406.58533954701886,407.83864146494665,403.62044662249696,407.0249328613281,72974000
2021-10-14,410.6725606418157,414.0209591805535,410.2049094470439,413.8713073730469,70236800
2021-10-15,415.975750769938,417.388066556168,415.3584477483374,417.0232849121094,66260200
2021-10-18,415.24616843242967,418.5945381490445,414.59144539702993,418.2578430175781,62213200
2021-10-19,419.8759589330048,421.5501296498801,419.26798954865865,421.48468017578125,46996800
2021-10-20,421.9430117230665,423.4395013974078,421.830779992545,423.14019775390625,49571600
2021-10-21,422.5415173472805,424.4682378362627,422.11128627367634,424.2437744140625,41305400
2021-10-22,423.81356137612727,425.2539349972513,421.86811649039765,423.80419921875,58845100
2021-10-25,424.8892329450859,426.4044184794836,423.12152600267797,426.0770568847656,45214500
2021-10-26,427.62030473700503,428.82682438361206,426.0863949710087,426.46051025390625,56075100
2021-10-27,426.918846485335,427.58290328215884,424.4963878416024,424.57122802734375,72438000
2021-10-28,425.9928363723962,428.742627797446,425.98350275745725,428.6678161621094,51437900
2021-10-29,426.3763620737021,429.8276307113878,426.0864205712987,429.5376892089844,70162400
2021-11-01,430.5198011268991,430.8939450238256,428.5556883838942,430.2766418457031,48433600
2021-11-02,430.4448427228555,432.3248095542426,430.3138866949434,432.0161437988281,48908400
2021-11-03,431.45500068055804,435.05592075419565,431.0154073955712,434.65374755859375,52509800
2021-11-04,435.2523210060828,436.7862306774894,434.90626367716334,436.7020568847656,52847100
2021-11-05,438.91873147438207,440.20009126070624,436.71143139873345,438.2172546386719,66390600
2021-11-08,439.31150964535385,439.807218731562,437.90855617006724,438.59130859375,50405200
2021-11-09,438.9561822740007,439.19000790226266,435.7387393456625,437.1416931152344,51149100
2021-11-10,435.45809321974474,437.14165472126496,432.1471431654352,433.6249084472656,69429700
2021-11-11,435.11203553677166,435.1868757153558,433.7465019808427,433.76519775390625,34848500
2021-11-12,435.02780204881316,437.59052122194834,434.0831375901782,437.0386962890625,53466700
2021-11-15,438.32012144161854,438.47910686218404,436.06603927869656,437.1883850097656,46980500
2021-11-16,436.926563287216,440.0504702557984,436.8517516451615,438.91876220703125,48857500
2021-11-17,438.65688553568276,438.8345952994172,437.23523596897536,437.8525390625,47858300
2021-11-18,438.88131251708705,439.6015136712342,436.16894112064045,439.3396301269531,50625600
2021-11-19,439.2273454032156,440.4713135766684,438.1891734422036,438.553955078125,57315600
2021-11-22,440.42460812441726,442.90315404190204,437.11362928083673,437.31939697265625,72762000
2021-11-23,436.9919864914119,438.7503595623578,434.4012091306797,437.89923095703125,73206500
2021-11-24,435.9070024095088,439.18992272744345,435.0932939478714,439.0683288574219,61858800
2021-11-26,432.4277214537044,433.88679095900204,428.1533825042478,429.2757568359375,112669600
2021-11-29,434.04585573790405,436.3747499241281,431.8572512237715,434.54156494140625,86268800
2021-11-30,432.10980741288563,434.00847057645785,425.8432684855171,426.0864562988281,148559600
2021-12-01,431.77304290871774,434.6070082311195,421.15735424039565,421.353759765625,131939200
2021-12-02,421.56892113358685,429.3693408365679,421.17608151058477,427.807373046875,127637800
2021-12-03,429.46279691605116,430.5196646058951,419.875947732394,424.0848083496094,137331600
2021-12-06,426.61951391631123,430.9780267874127,424.2157797535011,429.107421875,98977500
2021-12-07,434.3638433156849,438.5446466888678,428.9764917091224,437.98345947265625,95484700
2021-12-08,438.3762012450285,439.5920828228058,436.6271619605207,439.14312744140625,72238800
2021-12-09,437.86187787932255,439.2461359124412,435.98193918547975,436.1783447265625,61272600
2021-12-10,438.871953514165,440.43389253118346,436.32792985552976,440.28424072265625,77159800
2021-12-13,439.76991547544293,440.11597285770756,436.10351686035926,436.3841247558594,87724700
2021-12-14,433.1291924903542,435.60773818463684,430.47293705354144,433.3817138671875,97264100
2021-12-15,433.4378558520737,440.39647953000116,430.9312236978613,440.1533203125,116899300
2021-12-16,441.9958662441794,442.2764455495963,434.72854825907325,436.2718200683594,116568600
2021-12-17,433.20551444609686,436.19961407834205,429.9298497188075,431.6286926269531,135511600
2021-12-20,426.56967673583256,427.4331620445399,423.4347948406732,427.0389709472656,107134800
2021-12-21,430.4460420910775,434.76355475782685,428.28730007942625,434.6227722167969,69806300
2021-12-22,434.3693066437573,439.08100980710736,434.1721824687357,438.9683837890625,58890200
2021-12-23,439.96334315913737,443.1920897716103,439.86011217679714,441.6997375488281,56439700
2021-12-27,443.07001273264143,447.9976015537163,443.0230947726751,447.95068359375,56808600
2021-12-28,448.382431076323,449.4054889482958,446.8243709664045,447.5846252441406,47274600
2021-12-29,447.6879018485856,449.1708589058926,446.6930004438283,448.1571960449219,54503000
2021-12-30,448.57956514884495,449.583861651596,446.4583747572178,446.91827392578125,55329000
2021-12-31,446.43016246165064,447.5752127148281,445.5197306451295,445.7919006347656,65237400
2022-01-03,447.04963382232506,448.50446299701963,444.7501094779795,448.373046875,72668200
2022-01-04,449.7903556966754,450.5036920806799,446.3738800084919,448.222900390625,71178700
2022-01-05,447.8567704426278,448.6264196779899,439.5221022436826,439.615966796875,104538900
2022-01-06,439.15611548728646,441.9061724699496,436.8471675300687,439.2030334472656,86858900
2022-01-07,439.2123722486289,440.3856075322897,436.11501391370075,437.4665832519531,85111600
2022-01-10,434.2848710913376,437.13815924974546,428.55947603097115,436.92230224609375,119362000
2022-01-11,436.65953732133823,440.99581159999224,433.6748041280958,440.9019470214844,74303100
2022-01-12,442.6289048560433,444.1400470908077,440.1416512981123,442.0939025878906,67605400
2022-01-13,443.1920315438877,443.83965979140663,434.9793835505829,436.00244140625,91173100
2022-01-14,432.8675097785327,436.5279981611644,431.656722936933,436.18072509765625,95890900
2022-01-18,431.5065888243464,431.71307940228024,427.3486494050049,428.4561767578125,109709100
2022-01-19,429.9954611015999,431.38455344940263,423.7350645572912,424.00726318359375,109357600
2022-01-20,425.8844802762519,430.5680271579056,417.2025377031272,419.3143615722656,122379700
2022-01-21,418.19743405643766,420.5439049938418,411.05479027183264,411.08294677734375,202271200
2022-01-24,405.4983019869836,413.33552001842463,394.9204221606559,412.82867431640625,251783900
2022-01-25,406.46500881466994,412.7160097440706,400.91794904429946,407.7884216308594,167997300
2022-01-26,413.65470828881433,416.77082885836546,402.5230342303155,406.7654724121094,186391100
2022-01-27,411.3457755828655,414.4712624598946,403.07681378422694,404.7568664550781,149878300
2022-01-28,406.1084105135008,414.8560610276969,401.54688476779603,414.80914306640625,164457400
2022-01-31,414.1426402612618,422.62748544673485,412.8004660354222,422.28021240234375,152251400
2022-02-01,423.00299206387587,425.7718391626573,419.49268078948916,425.13360595703125,123155400
2022-02-02,427.52700300171256,429.986099950846,425.22745003532464,429.2633972167969,117361000
2022-02-03,423.25635679704544,425.15229463395207,418.3381351915998,419.1734924316406,118024400
2022-02-04,418.9389343536051,424.9740508376599,416.57367327477516,421.1446228027344,118454400
2022-02-07,421.90488421960123,423.293976730891,418.46964721095105,419.7930603027344,84472900
2022-02-08,419.29565126198895,424.16692787247695,417.8783734599183,423.2471008300781,81012000
2022-02-09,427.2642403570165,429.7608891004601,427.06714480037397,429.4417724609375,92589900
2022-02-10,423.6225314818853,429.6013356626919,419.73678997428686,421.7265930175781,140103700
2022-02-11,421.81102228825836,423.87589961159756,411.98400045457316,413.41064453125,153214600
2022-02-14,412.9037733723224,414.480594825984,408.6050229613756,412.05902099609375,123006300
2022-02-15,416.4798347763938,418.8732237029998,415.96359397809533,418.70428466796875,88482700
2022-02-16,416.66744935495655,420.54382317230704,414.79966801808285,419.1734924316406,84863600
2022-02-17,416.0011290518587,419.1454057486569,409.618739738148,410.21942138671875,102259100
2022-02-18,410.47289488363754,411.7212336252634,405.3012917415309,407.56329345703125,132642900
2022-02-22,405.36695455226914,408.7552449000615,399.70723904825377,403.1894226074219,124391800
2022-02-23,406.0897515824007,406.6529104772887,395.4743166910495,396.0374755859375,132578000
2022-02-24,385.7785700815535,402.4291467489523,385.42193057202616,401.99737548828125,213942900
2022-02-25,403.22697217896933,410.95156547095496,401.5844423836347,410.8670959472656,121804500
2022-02-28,405.4983445727152,411.2894475933548,404.2500346060891,409.81585693359375,145615000
2022-03-01,408.32350426508583,410.3227021337157,400.8804765076019,403.5742492675781,137785900
2022-03-02,405.81744799908034,412.716078231037,405.0665887622246,410.99847412109375,117726500
2022-03-03,413.42002135958006,414.02070302306777,407.1596243152398,408.95233154296875,105501700
2022-03-04,405.23554101174136,406.7560496342077,401.6032084928617,405.6297607421875,113978200
2022-03-07,405.04783717447077,405.75177851724425,393.6064415917838,393.6721496582031,137896600
2022-03-08,393.8503851373364,400.9742663051877,389.62673813828656,390.6873474121094,164772700
2022-03-09,399.0314934618867,403.1331202623526,396.85396145942144,401.1620788574219,116990800
2022-03-10,396.57234376713836,400.2422276939095,394.620092580412,399.3505859375,93972700
2022-03-11,401.82842103783685,402.4384977081336,393.7659509253849,394.2727966308594,95636300
2022-03-14,395.0424799965583,398.4776882871235,390.255673493645,391.391357421875,95729200
2022-03-15,393.99127138077023,400.6270987320428,392.7241998621839,399.9982604980469,106219100
2022-03-16,403.4898261206009,408.9242329406932,398.7123854244223,408.867919921875,144954800
2022-03-17,406.96253340051334,413.9831848144531,406.587103776138,413.9831848144531,102676900
2022-03-18,412.3788286596397,418.83753350872564,411.6444565524196,418.5174255371094,106345500
2022-03-21,418.34795760108,420.34394183547073,414.9020489062175,418.3950500488281,88349800
2022-03-22,419.77910261257296,424.223004155329,419.77910261257296,423.2909240722656,74650400
2022-03-23,420.76769294259685,422.2552571041615,417.7548676697066,417.839599609375,79426100
2022-03-24,419.8543513228499,424.1476078293655,418.7433833523975,424.13818359375,64736900
2022-03-25,424.76900301684685,426.48254741421493,422.1986864207948,426.2095031738281,77101300
2022-03-28,425.61644404723825,429.2412414550781,423.7334353919897,429.2412414550781,68529800
2022-03-29,433.110769196489,435.04087012373685,430.43690060861235,434.55126953125,86581500
2022-03-30,433.41203287887015,434.221741418466,429.7684162817575,431.86798095703125,79666900
2022-03-31,431.1053481916122,431.92445220332144,424.7690149308357,425.220947265625,121699900
2022-04-01,426.7932275717615,426.9344474423609,422.86717150697194,426.4260559082031,89048800
2022-04-04,426.62388810007303,430.1827735388208,425.804783879379,430.0791931152344,59601000
2022-04-05,428.59151104712674,431.0488230339406,423.50739449351903,424.6466064453125,74214500
2022-04-06,420.74883235488153,422.6694802657768,417.5288752979102,420.40045166015625,106898000
2022-04-07,419.5248831878406,424.32656069949695,417.5853866950133,422.51885986328125,78097200
2022-04-08,421.76563401623116,424.2700386147041,419.85438165587385,421.3890380859375,79272700
2022-04-11,418.13139944100146,418.9693519364392,413.68752738112,414.1865234375,89770500
2022-04-12,417.16163958908623,419.67546827237953,411.1077748954318,412.65185546875,84363600
2022-04-13,412.4070937143792,418.1314267488248,412.22820561338756,417.37823486328125,74070400
2022-04-14,417.604104511189,418.71510111253554,412.07748040598824,412.1810607910156,97869500
2022-04-18,411.2584072065128,414.0264315832301,410.1285907836965,412.3505554199219,66002500
2022-04-19,412.2469673182449,419.7225120961973,412.07750347771895,419.0069885253906,77821000
2022-04-20,420.77703385456124,421.3890057859334,417.5382573839223,418.6962890625,65224400
2022-04-21,422.3022765002863,423.68628874029804,411.5314668018448,412.435302734375,85417300
2022-04-22,411.3525843005969,412.4541280731046,400.55353048054263,401.1184387207031,132471800
2022-04-25,398.8871230668873,403.6134641154083,394.33964139419555,403.4440002441406,119647700
2022-04-26,400.9207984996888,401.1185351073373,391.7317352658733,391.7599792480469,103996300
2022-04-27,392.83317570300943,398.1809410211438,390.7336398727966,392.8614196777344,122030000
2022-04-28,397.58784935923745,404.5079115448034,393.1721919995158,402.7849426269531,105449100
2022-04-29,398.8117805304688,400.95840906428657,387.15595335566474,387.8997497558594,145491100
2022-05-02,387.96571223373144,391.59050980090655,381.3280891927511,390.2347412109375,158312500
2022-05-03,390.73376412880435,394.42444541784346,389.1802588276306,392.02362060546875,100028200
2022-05-04,392.68262060096464,404.5267613823129,389.5097555471763,403.96185302734375,144247900
2022-05-05,399.7156598672005,400.13934831721525,385.4895429456549,389.6039123535156,172929100
2022-05-06,387.0523380071947,390.53588590849546,381.99646562982656,387.2782897949219,151770800
2022-05-09,381.40334006214687,382.63670821024124,373.3063985587751,374.87872314453125,155586100
2022-05-10,380.829020441603,382.32600865511546,371.72469101869683,375.7449035644531,132497200
2022-05-11,374.7845967667288,380.4053781846459,369.03199096468177,369.7757873535156,142361000
2022-05-12,366.5935320489902,372.647397923669,362.62038267397736,369.3898010253906,125090800
2022-05-13,373.50412408755506,379.59565742635624,372.46846371843355,378.2210693359375,104174400
2022-05-16,376.5828802088455,380.33947297147097,374.3420954969533,376.6864318847656,78622400
2022-05-17,382.74975778186996,384.67043467849845,379.0308041498714,384.43505859375,83029700
2022-05-18,379.89692735498426,380.17936710911766,367.70443702868755,368.93780517578125,117674500
2022-05-19,365.8873930171805,371.0845150929089,364.46571234321414,366.6782531738281,98510700
2022-05-20,370.2465279725012,373.80541271191623,358.2800175928373,366.8382873535156,131432200
2022-05-23,369.85112637485844,374.46452049127714,367.5444580490805,373.701904296875,76414900
2022-05-24,369.5969043569321,372.035396905163,364.32447483504643,370.84912109375,91448800
2022-05-25,369.36150985252755,376.08386362206704,368.966094179277,374.1255187988281,91472900
2022-05-26,375.34950112064234,383.2298868677585,375.14236904234315,381.60107421875,82168300
2022-05-27,384.0489933488559,391.08203108602834,383.85128550592344,390.96905517578125,84768700
2022-05-31,389.3590270440363,392.0988075494602,386.0449428026529,388.7752990722656,95937000
2022-06-01,390.8843163808003,391.89170405110434,383.1263021350257,385.6307067871094,86585800
2022-06-02,385.470756873697,393.0216120684309,383.22997173019604,392.97454833984375,79609600
2022-06-03,388.2763611795485,389.82044199768814,385.55542873821975,386.5251770019531,71874300
2022-06-06,390.51708401926703,392.2400239442846,386.53451118400045,387.7019958496094,57508900
2022-06-07,384.22782218120017,391.8728307412038,383.76646564228656,391.4208984375,59272400
2022-06-08,389.7168124827089,391.4962691477678,386.37448418684187,387.16534423828125,64350000
2022-06-09,385.3953672474794,387.65497182412037,377.9574890136719,377.9574890136719,86289800
2022-06-10,371.7812098207837,372.6285579152145,366.95128833036904,366.99835205078125,132893900
2022-06-13,357.6303263600916,359.4756662902733,351.46345746861897,353.06402587890625,170004900
2022-06-14,354.80584530354247,355.8320813809722,348.9120201197082,352.0001525878906,104011800
2022-06-15,355.2860698359292,361.44351636660457,350.3525962069875,357.0184631347656,125666800
2022-06-16,348.83673585883366,349.24157577546,342.7828419203488,345.2025146484375,134473300
2022-06-17,345.61575893672597,349.2751150795737,342.45755440518343,345.9466857910156,111113900
2022-06-21,351.6484557704295,356.0358907381536,351.57279392157506,354.6553649902344,76811900
2022-06-22,350.4475684991193,358.10670044343743,350.0315148923091,354.01239013671875,90059400
2022-06-23,356.13997099447135,358.2107454929241,352.5940787916053,357.482666015625,79292100
2022-06-24,360.6408676942553,368.85788413601364,360.6125017111181,368.8484191894531,98050300
2022-06-27,369.76564197484305,370.05876676666566,366.352143463888,367.4395446777344,66009600
2022-06-28,368.99029067465796,371.76080759717377,359.81823772369825,359.93170166015625,86548900
2022-06-29,360.480183208969,361.4635566555144,357.8231299719536,359.63861083984375,65676000
2022-06-30,355.7616996920369,359.9411371004125,352.2820045953657,356.71673583984375,112508300
2022-07-01,356.0642966004514,360.9245465265662,353.45451079691634,360.48956298828125,74839700
2022-07-05,355.42134927768956,361.1893400506747,352.60353638031745,361.17041015625,81438000
2022-07-06,361.31217177600075,364.8675284701395,358.93880785464154,362.39013671875,70426200
2022-07-07,364.15842313963157,368.61205598920736,362.4091104215268,367.8177795410156,64525900
2022-07-08,366.191344484654,369.3779436355089,364.6689887193885,367.5151672363281,72397800
2022-07-11,364.84868487322194,365.81315719235283,362.6265865895648,363.3168640136719,58366900
2022-07-12,362.76841613095786,365.14180928001315,358.36205049936086,360.1018981933594,62219200
2022-07-13,354.68379199729,361.1325950360605,354.2677383266244,358.21075439453125,84224600
2022-07-14,353.27487695591316,358.4187870987838,350.84478066367626,357.3408508300781,89704800
2022-07-15,361.7282567851243,364.2813106084498,359.82767826526884,364.1678466796875,79060400
2022-07-18,367.24099693727663,367.912344500235,359.94118513181706,361.1609802246094,63203600
2022-07-19,365.0661316858812,371.48656848607965,364.413714078224,370.9192199707031,78506000
2022-07-20,371.1083701548272,374.6920934702504,369.7467451710396,373.2831726074219,71843800
2022-07-21,372.70635127041953,377.13161760377886,370.31405726547354,377.0843505859375,64903900
2022-07-22,377.2073085647602,378.3987087577949,371.3731210571291,373.58575439453125,72197300
2022-07-25,374.20989930364345,374.8907118982052,371.80813975386303,374.0397033691406,53631500
2022-07-26,372.40379790822186,372.6118247488071,368.7255405509069,369.6143798828125,52946400
2022-07-27,372.89547598359957,380.9517617542331,372.602351195438,379.2119140625,82342100
2022-07-28,380.01568879561586,384.6584187925759,376.4792322767679,383.9681701660156,73966600
2022-07-29,385.3958242310013,390.5491978405895,384.6299140121393,389.5657958984375,87003700
2022-08-01,386.88053246496474,390.90867586229285,386.1713539150999,388.412353515625,69997500
2022-08-02,386.85209567230385,390.52091664915406,384.67729339338854,385.84979248046875,63435400
2022-08-03,387.96791512064965,393.0550936237523,387.68425525698314,391.8920593261719,67820600
2022-08-04,391.8163247050197,392.49713710795265,389.9913792556796,391.6272277832031,45656600
2022-08-05,387.36270800499386,391.6083135328843,387.3059760405287,390.96533203125,56814900
2022-08-08,392.64847494128367,394.8894742630945,389.41460845921597,390.511474609375,53886100
2022-08-09,389.7833662144508,390.28451780261275,387.8922237902104,388.9607238769531,44931800
2022-08-10,395.9863599360031,397.2723519486255,394.0384853071231,397.1304931640625,68665700
2022-08-11,399.9672071505728,401.82054773180664,396.3929486818317,397.1304931640625,59489700
2022-08-12,399.0594922732407,403.95754514425806,398.11392088393785,403.8535461425781,61694500
2022-08-15,401.6502565276743,406.0377206189218,401.59352456585145,405.51763916015625,54048300
2022-08-16,404.4492350458775,408.23152036285336,403.64549364471077,406.31201171875,59289000
2022-08-17,402.7282345419043,406.1228316979683,401.43280661081104,403.4279479980469,63563400
2022-08-18,403.62652829890396,405.28127797974213,402.3405652552225,404.6004943847656,49023200
2022-08-19,401.8488095281307,402.1135682772978,398.2934530194238,399.16339111328125,68016900
2022-08-22,394.3504946497515,394.52071941279587,389.95359392592934,390.8518981933594,77695600
2022-08-23,390.426424797038,392.80928319022877,389.3579244993357,389.9063720703125,49105200
2022-08-24,389.67939265365226,392.51610668513507,388.9986089883818,391.1545104980469,49177800
2022-08-25,392.63893709582493,396.7238112021701,391.5515360944728,396.6765441894531,50942300
2022-08-26,396.56310898909396,397.1020626279462,383.1927187216093,383.24945068359375,103087000
2022-08-29,380.30871286100455,383.7505767039351,379.36314174882557,380.7153015136719,65370800
2022-08-30,381.8689548878579,382.1053477002366,374.44621480785787,376.5359191894531,85652400
2022-08-31,378.16230081283413,379.4009968343616,373.53847243354284,373.67083740234375,76029700
2022-09-01,371.50548804103204,375.18374505731157,368.8106043103933,374.8433532714844,78740100
2022-09-02,378.4933014446806,379.70363162679985,369.08485490441115,370.8908996582031,99632100
2022-09-06,371.7324544703169,372.66856083501824,367.2788216710287,369.491455078125,76637400
2022-09-07,369.1794089387667,376.89527448554435,368.96194600017765,376.1293640136719,70964200
2022-09-08,373.86937791353984,379.04162422279734,372.66848412640496,378.5877685546875,80821700
2022-09-09,380.81934883699086,385.329742082949,380.5545900462263,384.4692687988281,76706900
2022-09-12,386.5306673178505,389.32011442970696,386.2280775508701,388.6014709472656,69256300
2022-09-13,379.9588585471244,381.1597524265052,370.58827344881297,371.70404052734375,122947100
2022-09-14,372.9994466237355,374.6352950749649,369.8317775514849,373.12237548828125,85023700
2022-09-15,371.5716492033494,374.4083627921359,367.6191685285438,368.88623046875,87633800
2022-09-16,364.7239022587895,366.7272397445629,362.7964794998418,366.0721130371094,103084800
2022-09-19,362.9388950406954,368.91094970703125,362.86292236913584,368.91094970703125,73278500
2022-09-20,365.5973340819425,366.6037545982577,361.9324497442443,364.6763610839844,77274900
2022-09-21,366.59425728558,369.63252654265,358.3055291317483,358.3150329589844,106746600
2022-09-22,357.5459378785754,359.1790024904426,354.5646626886457,355.30523681640625,89472600
2022-09-23,351.849185813524,351.8871721443201,344.9276764863623,349.3521423339844,122346900
2022-09-26,347.8899804357397,351.49789961299837,344.6808163277676,345.8961181640625,92581200
2022-09-27,349.4185498276247,351.6782582118454,342.6299498244517,345.0130920410156,108294100
2022-09-28,345.9625220409481,353.482191686378,344.2724927894435,351.8016662597656,110802200
2022-09-29,348.26980398508965,348.55462907314757,341.51918862235004,344.4530029296875,112952300
2022-09-30,343.51297496490554,347.4152519853497,338.9935866635343,339.1264953613281,153711200
2022-10-03,342.82934672559077,349.92177979795235,341.0538697447387,348.079833984375,89756500
2022-10-04,353.57718804598346,358.8941441243227,348.0418757679158,358.86566162109375,103602800
2022-10-05,354.5171533769076,360.28032543329,352.20047996352105,358.0301208496094,88065700
2022-10-06,356.6345194279789,359.5778376786651,353.8431175552407,354.33685302734375,82333500
2022-10-07,350.32063154436236,354.4222866629077,342.6965042864364,344.4530029296875,107789500
2022-10-10,345.5637629110446,345.80112674980717,339.5917095898351,341.8229064941406,76042800
2022-10-11,340.1329308775536,344.68083086003986,337.7308096086358,339.658203125,92482800
2022-10-12,340.06638821230376,341.6329835271374,338.29088261541364,338.5377502441406,76991800
2022-10-13,331.5593747401117,348.9344292266556,330.5149678078465,347.4722595214844,147254500
2022-10-14,349.921841160499,351.545431058521,338.9176545048849,339.5538024902344,123737000
2022-10-17,345.61126849106756,349.38060757787383,339.221423235325,348.27923583984375,93168200
2022-10-18,356.16925149824414,356.4730842166548,348.94387997178285,352.3714294433594,97162900
2022-10-19,350.33955250549025,353.05501012296355,347.0734234834684,349.87432861328125,79746900
2022-10-20,349.42815136875413,353.8336393624102,346.18100039281916,346.9405822753906,88283100
2022-10-21,346.6652440334436,355.855967817592,345.1651168479461,355.37176513671875,131038400
2022-10-24,356.8908558861546,360.85006925134127,354.2513416759188,359.72021484375,85436900
2022-10-25,359.64421973765667,365.777693519867,359.5302897254607,365.4643859863281,78846300
2022-10-26,362.3311611391799,367.98990714811197,362.0748186150192,362.7109375,104087300
2022-10-27,363.7078921191661,365.54033411277726,360.15690917044486,360.7740783691406,81971800
2022-10-28,360.66966547964233,369.83190549665636,360.4892666119688,369.357177734375,100302000
2022-10-31,366.90759418543263,368.7685188952542,365.78724362365824,366.689208984375,96631300
2022-11-01,370.42058959281826,370.65795347224923,363.9168135013934,365.0846252441406,85407600
2022-11-02,364.49600742245565,368.98694294470477,355.8179981060472,355.92242431640625,126990400
2022-11-03,352.69424875731005,355.2862727989772,350.1497148774445,352.25750732421875,87100100
2022-11-04,357.9447159505611,359.7201930621012,351.29852759073634,357.32757568359375,103505200
2022-11-07,358.61880558333354,361.33426320464076,356.5489996813044,360.74560546875,68286900
2022-11-08,361.8469872621732,365.6543132529755,358.628348045763,362.6920166015625,84641100
2022-11-09,360.72664884786775,361.8755109531058,354.72608267328593,355.2198181152344,78495500
2022-11-10,368.4362320447595,375.07294635677823,366.1480695589153,374.7406311035156,141455800
2022-11-11,375.59503977722073,379.16500117805555,373.7151077464471,378.3674621582031,93839900
2022-11-14,376.6110037402308,379.953076506213,374.873484033921,375.1488342285156,71903500
2022-11-15,380.8740658346402,381.9754376853018,374.55068876407796,378.3485107421875,93194500
2022-11-16,376.72498240572435,377.6744379820254,374.83557508091235,375.46221923828125,68508500
2022-11-17,370.72435314810673,374.9874276635937,370.42054943643274,374.31329345703125,74496300
2022-11-18,377.6363779885907,377.7028468199875,373.17395503541496,376.0128173828125,92922500
2022-11-21,374.69308951984544,375.8134399275281,372.8131574140973,374.6455993652344,51243200
2022-11-22,376.5824862104235,379.8486149853694,375.17728183861897,379.68719482421875,60429000
2022-11-23,379.3549636956731,382.5641281776776,379.12710362952333,382.0799255371094,68261600
2022-11-25,381.5197180169349,382.54514625609033,381.2443967643648,381.99444580078125,30545400
2022-11-28,378.91812575407585,380.55119008749443,375.13928309387734,375.89886474609375,67881600
2022-11-29,376.0317967820062,377.21861602317534,373.420794451434,375.2532653808594,52310000
2022-11-30,375.5001700531818,387.07403564453125,373.59178408114326,387.07403564453125,144566700
2022-12-01,388.1088513992117,389.27669190595753,384.29205133886904,386.78912353515625,76398200
2022-12-02,381.918429921581,387.24486074159796,381.81400373691196,386.3428955078125,85342700
2022-12-05,383.5325856510467,384.46303355724604,378.044733664679,379.3929443359375,77289800
2022-12-06,379.2315543699302,379.7727220207001,371.84479123618274,373.924072265625,77972200
2022-12-07,373.0790519775326,375.64259345528575,372.15807896997796,373.2879333496094,65927900
2022-12-08,375.1678109877032,377.2755741052636,373.39230509643045,376.2121887207031,60737900
2022-12-09,374.9779244191876,377.5224579807687,373.2783911110442,373.4018249511719,81447700
2022-12-12,374.18991841017703,378.7853088378906,373.5253169004451,378.7853088378906,75405800
2022-12-13,389.4855637883661,389.741906294567,378.8991427311622,381.6525573730469,123782500
2022-12-14,381.31075160257535,385.00414684533126,376.2786498059721,379.21246337890625,108111300
2022-12-15,374.37028116191146,375.27227545068706,368.28429708214924,369.93634033203125,117705900
2022-12-16,367.39060804195844,368.72594377762675,363.4418274301868,365.5688171386719,119858000
2022-12-19,365.7595464281459,366.09338759762835,360.8092427984308,362.4688720703125,79878100
2022-12-20,361.7154089937889,364.5768550701663,360.39913914135377,362.96490478515625,74427200
2022-12-21,365.5498006476777,369.51767673215966,365.0156662813186,368.3921813964844,78167400
2022-12-22,365.35900443658744,368.37306481720873,357.4614135029072,363.1366271972656,100120900
2022-12-23,362.1160465590039,365.36856088727086,360.5708701156697,365.2254943847656,59857300
2022-12-27,365.111034770745,365.4543943707275,362.11604019958503,363.78521728515625,51638200
2022-12-28,363.71849326599545,365.6833801994517,359.03528424234065,359.2641906738281,70911500
2022-12-29,362.0969531215619,366.59896307537,361.57233717485457,365.7309875488281,66970900
2022-12-30,363.0603608203926,364.91073618698925,360.95240752085664,364.7676696777344,84022200
2023-01-03,366.61805852310664,368.5829161214832,360.380097012264,363.2320251464844,74850700
2023-01-04,365.48293416385536,368.05824707832414,362.4498085414863,366.0361633300781,85934100
2023-01-05,364.0904452321647,364.2048984321615,361.26715956907026,361.8585205078125,76970500
2023-01-06,364.9392455332869,371.27259288151197,361.8870541421074,370.1566162109375,104189600
2023-01-09,372.3408629905399,375.51708414614757,369.7655792215918,369.94677734375,73978100
2023-01-10,369.3650063190875,372.60797279309605,368.43025676671084,372.54119873046875,65358100
2023-01-11,374.1150503530879,377.3294038131555,373.3043013861297,377.2530822753906,68881100
2023-01-12,378.34990989531553,380.08583153671657,374.29619506277743,378.6264953613281,90157700
2023-01-13,375.4407746169057,380.6676929521993,375.1737074965992,380.09539794921875,63903900
2023-01-17,380.07633872093464,381.7455155288635,378.7219081606364,379.39910888671875,62677300
2023-01-18,380.5818900873673,381.6406112039505,373.20888660482075,373.4091796875,99632300
2023-01-19,371.3776066998876,373.0181706019251,369.3746173415192,370.6908874511719,86958900
2023-01-20,372.08341391228544,377.74908002985853,370.44285016934947,377.5964660644531,91806400
2023-01-23,378.3976836413568,384.0538025302996,377.4438681481197,382.1271057128906,84178800
2023-01-24,380.45787568340137,382.6230260729778,379.27515395089165,381.7169189453125,59524900
2023-01-25,377.6632639518551,382.19388763784025,375.38363090426293,381.86004638671875,84800300
2023-01-26,384.5116168819161,386.2189546426973,381.55478324321655,386.0567932128906,72287400
2023-01-27,385.01712054618537,389.3092897646847,384.80727999784443,386.9438171386719,68346200
2023-01-30,384.19688290612737,386.4192893861794,381.79327825530487,382.0889587402344,74202000
2023-01-31,382.6039606559222,387.75455778693544,382.2605719895161,387.7068786621094,86811800
2023-02-01,386.495567469355,394.56486749175457,383.7676691333913,391.827392578125,101459200
2023-02-02,395.6998505537126,398.990525390848,393.811314654258,397.53118896484375,101654500
2023-02-03,392.58090757531625,397.71243948436745,392.10399983816484,393.3058166503906,94736800
2023-02-06,390.8640289856019,392.294752115139,389.2520785976726,390.90216064453125,60295300
2023-02-07,389.98655771714573,397.2546275218808,388.74660915034303,396.0146789550781,90990700
2023-02-08,394.04976837031427,395.38510413414,390.99754738888123,391.6842956542969,76227500
2023-02-09,395.27072499692866,395.4233389854069,387.06790504211335,388.2887878417969,78694900
2023-02-10,387.115514984604,389.57637508525863,386.304795158678,389.1948547363281,70769700
2023-02-13,389.84344339763004,393.89715897184107,389.3856015126722,393.76361083984375,64913500
2023-02-14,392.24703262517374,395.8810669412816,389.6431352333331,393.5823974609375,88389300
2023-02-15,391.39811939038964,394.9367660502503,390.55875725790736,394.8604736328125,61555700
2023-02-16,389.9101917236614,393.83990637535055,389.2902175572194,389.4237365722656,76431500
2023-02-17,387.3062461554366,388.689290011422,385.3890680493917,388.4508361816406,89257800
2023-02-21,384.4448207915137,385.4940235203808,380.40065293639157,380.6581726074219,82655900
2023-02-22,381.06826525497337,382.60392297212803,378.6837270858335,380.133544921875,83742300
2023-02-23,383.0141287647056,383.624584623004,377.9493710671943,382.15570068359375,96242400
2023-02-24,377.15764870927023,378.9031178542997,375.4598586847204,378.07330322265625,108194400
2023-02-27,381.4022035230167,382.7566343554962,378.42630378758486,379.3610534667969,80444700
2023-02-28,378.8840949077096,380.8394047987781,377.8539579939496,377.9588928222656,96438600
2023-03-01,377.1481633851746,378.3690459735666,375.2119192229247,376.50909423828125,99706800
2023-03-02,374.5442691664858,380.2767097219892,374.2104279148554,379.4373474121094,85127800
2023-03-03,381.2495406253721,385.770645358477,380.6009531474197,385.52264404296875,90120000
2023-03-06,386.34290347544555,388.63208364699216,385.35095644978605,385.7897033691406,72795900
2023-03-07,385.74208739761093,385.9805412788421,379.2656718330934,379.8760986328125,108310600
2023-03-08,379.9905117430244,381.2495258844479,378.2736266459541,380.49603271484375,74746600
2023-03-09,381.27809275015903,382.9377510527006,372.49346258548985,373.47589111328125,111945300
2023-03-10,372.93234545130787,375.0021380738267,366.5704118137904,368.08697509765625,189253000
2023-03-13,364.1763138433217,372.36006758594726,363.0698843092262,367.5623474121094,157790000
2023-03-14,372.4649191205908,375.27868623479475,369.17424429944623,373.63812255859375,149752400
2023-03-15,368.06785035886526,371.5015626213284,365.98851059869224,371.30126953125,172996900
2023-03-16,368.9548421813165,378.159154025879,368.44932123547807,377.8157653808594,143254200
2023-03-17,376.4906939277479,377.620484528316,372.01936339877824,373.3981018066406,140553400
2023-03-20,374.17366441642594,377.4003145707897,373.47474047713115,376.98858642578125,93055800
2023-03-21,380.3397261702914,382.41741807740124,378.75034606302717,381.9386901855469,91524200
2023-03-22,381.7662983699507,385.36631171212144,375.3896402926609,375.42791748046875,111746600
2023-03-23,378.28116967824513,382.3024953130758,373.7428390023417,376.44287109375,119351300
2023-03-24,375.16949114881675,378.99931449155997,372.83329657220474,378.91314697265625,107682400
2023-03-27,381.18220877571866,381.9481907671168,378.73112484169525,379.6215515136719,74010400
2023-03-28,378.9322213165427,379.62159057011246,376.9407263724681,378.76947021484375,62871700
2023-03-29,382.9152109829554,384.51417469094537,381.7183914833068,384.2748107910156,77497900
2023-03-30,386.89823380236453,387.14718161102934,384.66737508830965,386.52484130859375,69840000
2023-03-31,387.4440026260915,392.26958723104974,387.3386673117375,391.9727783203125,112062600
2023-04-03,391.4556767701248,393.86845404803546,391.0631165190957,393.4663391113281,67391100
2023-04-04,394.1079241464662,394.3951783979073,389.91426336080593,391.283447265625,66601500
2023-04-05,390.555750574138,391.3121487439596,388.612116709327,390.2589416503906,65200200
2023-04-06,389.4642249836437,392.05895083799805,388.4206018294357,391.7812805175781,63743300
2023-04-10,389.31104357827485,392.26002346239954,388.69828713147245,392.18341064453125,63681000
2023-04-11,392.8057304769011,393.68657323624444,391.52274352274435,392.2886962890625,59297900
2023-04-12,394.3472150182869,394.63446921650785,390.1056939195026,390.6897277832031,86420400
2023-04-13,391.7716578689955,396.23340427170086,390.6322834184287,395.879150390625,85814800
2023-04-14,395.24728574948534,397.4302835798645,392.61428257068803,394.91217041015625,78161500
2023-04-17,394.82601113767913,396.3483622283168,393.6004689831214,396.3292236328125,66436400
2023-04-18,397.89941712105417,398.0334749409728,395.21855291496564,396.58770751953125,63560000
2023-04-19,394.68236324131743,397.42067233366515,394.62491824072464,396.52069091796875,55227300
2023-04-20,393.71527295628266,396.0993570505261,392.8152624373547,394.3567810058594,75840400
2023-04-21,394.6536241017087,395.1227679931791,392.71957431843055,394.6632080078125,73457400
2023-04-24,394.46213502684145,395.4962034683657,393.1312868972539,395.0749206542969,64332100
2023-04-25,393.11213941820307,393.667480074213,388.74614386404556,388.8035888671875,97766700
2023-04-26,389.4163794213185,390.48872511908525,386.6014573550663,387.1567687988281,80447000
2023-04-27,389.6844798717997,395.13240528174725,389.43553203327593,394.86431884765625,92968400
2023-04-28,393.9834220992783,398.2441114946902,393.9259770969372,398.2345275878906,89433100
2023-05-01,397.794121569062,399.8526454839488,397.6026187410231,397.8324279785156,62122300
2023-05-02,397.1239085646286,397.1717988833843,390.46960867294274,393.3611145019531,103998500
2023-05-03,393.85890883632186,396.2621316646499,390.4216468499389,390.6610107421875,91531800
2023-05-04,389.617390281609,389.9429216709352,386.56310465857086,387.89398193359375,94901900
2023-05-05,391.51318454758655,396.11854378303155,391.25468204681897,395.0749206542969,87891800
2023-05-08,395.40043160090397,395.6589340882948,393.78232933496844,395.1802062988281,50046800
2023-05-09,393.63876845358556,394.557917748492,393.2174856060807,393.447265625,49220100
2023-05-10,396.2717616781344,396.9036859335044,391.4748993691881,395.28558349609375,96142900
2023-05-11,394.42385640636445,394.8834164060592,392.52808374994316,394.59619140625,70157100
2023-05-12,395.83129212496243,396.04193351781123,391.6663545777214,394.0791320800781,70481500
2023-05-15,394.68238356588824,395.84089676313823,392.77705610324665,395.43878173828125,54289400
2023-05-16,394.3376626382598,395.25684108298174,392.78658918922883,392.7961730957031,57705500
2023-05-17,394.80682372550075,398.1674730228259,393.1695828258179,397.5643005371094,87287000
2023-05-18,397.2483654807399,401.8154478860798,397.02816936927354,401.3941650390625,97177200
2023-05-19,402.29410167469877,402.8206905269098,399.59407007568564,400.8100280761719,103793300
2023-05-22,400.82922685915275,402.50477416103354,399.5941009523831,400.97283935546875,60745400
2023-05-23,399.33562263531513,400.90586405626465,396.08027900023137,396.47283935546875,86383500
2023-05-24,394.8738657064858,395.2568421165078,392.44192021304394,393.6004333496094,89213700
2023-05-25,397.0951701927873,398.4547701518932,394.8643112540631,397.0090026855469,90961600
2023-05-26,397.6600131701632,402.8685738627077,397.58342958022524,402.1504821777344,93830000
2023-05-30,404.0750403987033,404.60162936229705,400.92500286690074,402.3037414550781,72216000
2023-05-31,400.4845749210063,401.38458562978974,398.5122184875182,400.0728759765625,110811800
2023-06-01,400.3026119453019,404.9271388982078,399.05793134165066,403.8739318847656,88865000
2023-06-02,406.4399357427851,410.4995384716648,405.9133468070171,409.7144470214844,91426200
2023-06-05,410.0591119636998,411.34209905139056,408.23036813311154,408.9293212890625,65460200
2023-06-06,408.5176374533879,410.3463521322916,407.86654536905576,409.81976318359375,64022200
2023-06-07,410.21228457452565,411.3420751836078,407.9813966367141,408.4026794433594,85373300
2023-06-08,408.46970190729934,411.32293010381545,407.7037491177831,410.8729248046875,61952800
2023-06-09,411.66764397898567,413.6112778783288,410.6240207738437,411.6101989746094,85742800
2023-06-12,412.58679062643665,415.4208510939883,411.86869890795646,415.34423828125,76104300
2023-06-13,416.79962394733377,418.724090042695,416.13897717424237,418.0826110839844,95899700
2023-06-14,418.4176322305589,420.380404293596,415.1431216045968,418.58038330078125,100612100
2023-06-15,417.7666014534157,425.0145475724995,417.6708792659641,423.7698669433594,110303100
2023-06-16,425.74761712421093,426.31461080665895,421.8555294193706,422.326416015625,114165800
2023-06-20,420.39477647392715,421.278891227802,418.0691141682308,420.1352844238281,76160400
2023-06-21,419.15510212154635,419.9527293765365,417.3964332987813,417.982666015625,76982300
2023-06-22,417.0312964707104,419.59718287065334,416.69493630245177,419.4914855957031,70637200
2023-06-23,416.0509861285015,418.09794671553647,415.60892874801584,416.320068359375,92074500
2023-06-26,415.75309747622674,417.66550238868285,414.3788570549921,414.6191101074219,72823600
2023-06-27,415.4936902341691,419.7797970502277,415.04201326216105,419.1647644042969,72813700
2023-06-28,418.088316566666,420.38514964096186,417.47328405222373,419.3760986328125,75636000
2023-06-29,418.96288231167824,421.1924377171977,418.559273599848,421.029052734375,67882300
2023-06-30,424.22920819454237,426.97768888145606,423.9120577597363,425.9974670410156,104964000
2023-07-03,425.65153394679413,426.7662822836005,425.37283219871017,426.48760986328125,32793400
2023-07-05,424.68095735255156,426.583772301917,424.6713378444769,425.8533935546875,58418400
2023-07-06,422.2879821858995,422.9414634252197,420.0199782059898,422.51861572265625,80658300
2023-07-07,421.52883222243753,425.3825009520906,421.21168173809605,421.4519348144531,86134200
2023-07-10,421.0963071478734,422.6915908752238,420.52931348483696,422.51861572265625,62443500
2023-07-11,423.27782759435644,425.69956773672544,422.3071959049608,425.2094421386719,64463800
2023-07-12,428.98627543991233,430.03377528061355,427.5639667416878,428.63067626953125,91924500
2023-07-13,430.4374003996056,432.8207214455181,430.00496246418476,432.0326843261719,72425200
2023-07-14,432.9168373466267,433.7625035467968,431.00440290074886,431.76361083984375,69815800
2023-07-17,431.6194336230175,434.3102561737573,431.57136541418197,433.26275634765625,52680200
2023-07-18,432.9359794712025,437.1259784249401,432.5035122667073,436.48211669921875,80668200
2023-07-19,437.27022513718515,438.63484620812557,436.4052905869127,437.45281982421875,65891700
2023-07-20,436.4629408876448,437.35667523001575,433.8393669208048,434.5505065917969,70591600
2023-07-21,436.26110720174216,436.4629408876448,434.54091641230104,434.5505065917969,71275600
2023-07-24,435.6940732292396,437.298976422026,434.6657831913127,436.4917297363281,54023400
2023-07-25,436.22265220298175,438.9326842027925,436.17458399836414,437.6833801269531,55191200
2023-07-26,436.7512104988631,439.17295065598853,435.7037107326863,437.75067138671875,71052900
2023-07-27,441.1238279449385,441.5274659900454,433.94506533743083,434.8484191894531,92194400
2023-07-28,438.10622153007387,439.93213874075076,434.84837627989594,439.1056823730469,80011800
2023-07-31,439.57655264920487,440.2973117315323,438.2695609294814,439.9417419433594,62040400
2023-08-01,438.4810581528829,439.42286073607613,437.7314697549184,438.6828918457031,55291500
2023-08-02,435.5787978326574,435.83826057949295,431.83085596175755,432.5804443359375,93933400
2023-08-03,430.5719002384005,433.2146837020939,429.92800918121173,431.3406982421875,64276100
2023-08-04,433.14745409560885,435.2424538180626,428.8709377374494,429.389892578125,100128900
2023-08-07,431.2157321433589,433.2915218033315,430.5238022567014,433.13775634765625,58357500
2023-08-08,430.61032036745866,433.12819688898776,427.90987851511386,431.25421142578125,71361300
2023-08-09,431.52333486681067,431.6867198555809,427.6120079214979,428.3712158203125,78789600
2023-08-10,430.7160087244501,434.08917052770005,427.3620859326675,428.52490234375,93005500
2023-08-11,426.6605919753528,429.28416586620887,426.06476909769503,428.27508544921875,68690900
2023-08-14,427.3621343832933,430.63916015625,427.0546034425639,430.63916015625,47867400
2023-08-15,428.87093856214887,429.2265377401817,425.0557186470054,425.62274169921875,75707500
2023-08-16,425.20945229682616,426.8623944636419,422.3936935729571,422.4994201660156,80107200
2023-08-17,423.96015411160533,424.2196168527754,418.76107448676936,419.280029296875,95711300
2023-08-18,416.4738387437825,420.5101015823301,416.12788844047134,419.4818115234375,98852000
2023-08-21,420.49093085043074,422.9511200549091,418.3478921365852,422.2111511230469,68719000
2023-08-22,423.9793707816351,423.9793707816351,420.5101306907519,421.0675048828125,64994200
2023-08-23,422.12460773274086,426.37229454971487,421.98046176867535,425.7572326660156,68441000
2023-08-24,427.3525117447883,427.86184703074184,419.8277698977074,419.85662841796875,88517300
2023-08-25,421.576814401286,424.09466161039535,418.0402966316632,422.8165283203125,102325100
2023-08-28,424.99802710166506,426.1128047760357,422.8165399597136,425.4977722167969,61595400
2023-08-29,425.3920554264297,431.92695615148733,425.2094607575032,431.64825439453125,83081900
2023-08-30,431.9845682431216,434.060357945483,431.2830188362327,433.42608642578125,69053900
2023-08-31,434.04117430376084,435.17516171345255,432.6092754445361,432.7918701171875,66084600
2023-09-01,435.5019359140747,435.98244204092543,432.14798320577563,433.59912109375,58944100
2023-09-05,433.15705635053166,433.474177484678,431.65787960630774,431.7251281738281,55166200
2023-09-06,430.9178142539041,431.0235408339858,426.50677229074597,428.82281494140625,70758500
2023-09-07,425.8340750379796,428.1789470044785,425.4881247451009,427.5062561035156,70355400
2023-09-08,427.5543845606723,429.67821362208633,427.1988146870158,428.15020751953125,61659700
2023-09-11,430.76410870034374,431.27344400453364,429.06312762659996,430.9659423828125,60180100
2023-09-12,429.5244300194834,431.04281644605425,428.02525327961035,428.6018371582031,67565400
2023-09-13,428.82283025526624,430.2547289321733,427.72726235885176,429.1015319824219,60199300
2023-09-14,431.56176797941515,433.4933826135289,430.2643956069254,432.80145263671875,83430800
2023-09-15,431.2226976956846,431.5505908236283,427.15292033053095,427.5868835449219,111848900
2023-09-18,427.2783682987907,429.1300334090885,426.8058206549706,427.8377380371094,55752200
2023-09-19,426.9214170212494,427.5097174720667,424.2789652889876,426.9503479003906,66514600
2023-09-20,428.2041947836062,428.6188806317765,422.8228144717151,423.0253601074219,82562600
2023-09-21,420.1899872517448,420.45036521142913,415.8791088874586,416.0334167480469,104095800
2023-09-22,417.055696495469,418.64695406116914,414.68324615845955,415.09796142578125,100829700
2023-09-25,413.89246826227424,416.88209127104136,413.45847553843805,416.8435363769531,70874500
2023-09-26,413.8152657492611,414.5192898301892,409.8901424025337,410.71954345703125,96168400
2023-09-27,411.8864702649676,412.44583993852024,407.257352172029,410.88348388671875,104705800
2023-09-28,410.33374226373326,414.93392885769236,409.7454417843653,413.2655029296875,92258300
2023-09-29,416.30341993440965,416.47700522910236,410.7484550545368,412.2625732421875,115111300
2023-10-02,411.4332539878828,413.3427809026092,409.35014174396815,412.09869384765625,83798600
2023-10-03,409.92872106622235,412.15648738227026,405.2224344904491,406.5822448730469,103760600
2023-10-04,407.0452013606301,410.28557828924926,405.58894477181923,409.5429992675781,87453000
2023-10-05,409.2535804454479,410.227635792642,406.1771654289247,409.38861083984375,70142700
2023-10-06,406.9487669268842,415.78269394671395,405.6275407211765,414.2492980957031,113273300
2023-10-09,412.35898219183764,417.47033030159264,411.80929543558074,416.9013366699219,80374400
2023-10-10,417.5282094394434,421.6558488736504,417.1328010827686,419.0712585449219,78607300
2023-10-11,420.13211651194507,421.0386273478204,417.75966631617496,420.78790283203125,62451700
2023-10-12,421.39545544096734,421.7715569076046,415.879074957657,418.2225646972656,81154200
2023-10-13,419.71738853134207,420.9132670312688,414.57713879227015,416.13946533203125,95143100
2023-10-16,418.3768488217606,421.57867026595625,418.13574834128576,420.517822265625,75433200
2023-10-17,417.4028130821822,422.54309204899533,417.0556425009614,420.49853515625,75324700
2023-10-18,418.7337471858001,419.6884958400442,413.8152906244154,414.8954162597656,93559800
2023-10-19,415.60905485320427,417.41248188933355,410.57487522165394,411.24993896484375,121323000
2023-10-20,410.81596589128515,411.35602864539834,406.0903726459754,406.19647216796875,123919900
2023-10-23,404.67268410500066,409.34041539624207,402.92711894728416,405.492431640625,92035100
2023-10-24,407.6044970323164,409.6972623098232,405.76248569133276,408.54962158203125,78564200
2023-10-25,406.8715964855641,406.90052736992106,402.1749337627123,402.6860656738281,94223200
2023-10-26,401.6252356371067,402.4738846980561,396.9478799231693,397.8640441894531,115156800
2023-10-27,399.4457299187491,399.84113833304036,394.6429966038168,396.0606689453125,107367700
2023-10-30,398.8381328209202,401.84706268429056,397.54583752991965,400.7958679199219,86562700
2023-10-31,401.36490748510175,403.63125858060425,399.46503394094265,403.3130187988281,79665200
2023-11-01,404.27734347074426,408.4242604346672,403.746904694568,407.6141662597656,98068100
2023-11-02,411.39458907062107,415.5801196181461,411.37531162600504,415.4258117675781,94938900
2023-11-03,417.72110052299064,420.75896096668146,417.59572355276106,419.2159118652344,100167800
2023-11-06,419.96815874248256,420.62394506807493,418.24187084518337,420.1803283691406,67831700
2023-11-07,420.18031060348386,422.0126685210308,419.04232330462156,421.37615966796875,64256100
2023-11-08,421.97412330805065,422.4949086781329,419.38953276666115,421.684814453125,61746000
2023-11-09,422.822781049031,422.86136537152765,417.9718399454001,418.39617919921875,83174400
2023-11-10,420.45995375874674,425.23372553682805,418.3864661149629,424.92510986328125,89462200
2023-11-13,423.5943238724324,425.6195446365516,422.8131605648516,424.5201416015625,52236100
2023-11-14,430.43195196006246,434.03880639292726,430.21012888201807,432.75616455078125,97176900
2023-11-15,434.086926966247,435.31173622053814,432.82356282626,433.6722412109375,77327600
2023-11-16,433.22867282179436,434.52096798557363,432.1678247228073,434.2027282714844,66665800
2023-11-17,434.2123895584984,435.3504063975986,433.2962252275612,434.7428283691406,83133200
2023-11-20,434.4920338445369,438.92828895080976,434.482380406505,438.0892639160156,69936200
2023-11-21,437.047759340186,437.963953155313,435.87118753975784,437.1345520019531,49244600
2023-11-22,438.78368021370784,440.1338372741124,437.73248545127797,438.8222351074219,59394900
2023-11-24,438.87043049439643,439.2851162959046,438.54253734218906,439.09222412109375,29737400
2023-11-27,438.4653845031241,439.2754786903425,437.9156682731926,438.30145263671875,50506000
2023-11-28,437.91569543871145,440.0277384058116,437.35635516684414,438.7354431152344,62115000
2023-11-29,440.8763470143407,442.0047102493057,438.0313789111588,438.4267578125,63146000
2023-11-30,439.2659037068179,440.5003372867107,437.20206897023724,440.15313720703125,79752700
2023-12-01,439.54548291042204,443.2873673280454,438.9572118254806,442.7569580078125,89183400
2023-12-04,439.3815750840775,442.7762596678929,438.1664190963143,440.4327697753906,72430900
2023-12-05,439.05368258007826,441.3007263857532,438.67755165712543,440.3459777832031,69793500
2023-12-06,442.47728857768345,442.50621946104377,438.1374794863498,438.57147216796875,69124700
2023-12-07,440.6449509609681,442.5641016519375,440.0470263897846,441.91796875,66995400
2023-12-08,441.175389249709,444.3482804916818,440.93428871770044,443.81787109375,83194400
2023-12-11,443.3259545711253,445.7176821092958,443.1137849553907,445.5440673828125,65002200
2023-12-12,445.1969053461678,447.67542557959507,444.20357245141867,447.5789794921875,68327600
2023-12-13,447.95509399152206,454.0019136162734,447.59826994583597,453.75115966796875,93278000
2023-12-14,455.6799450229731,456.86617007826965,452.545638522815,455.2073974609375,119026000
2023-12-15,454.61284974570634,455.7845286924067,452.6181291338484,454.4579162597656,141553700
2023-12-18,456.0556626634462,457.9922869448393,455.00020597615196,457.0142822265625,70375300
2023-12-19,457.5565059029809,459.87078595804843,457.47905393883144,459.7933044433594,55761800
2023-12-20,458.9412058569742,460.8197337409229,452.9957847839671,453.4218444824219,102921000
2023-12-21,456.39451800386655,457.99225657048584,453.98343038961036,457.72113037109375,86667500
2023-12-22,458.8443895271257,460.31624293413637,456.75286124971245,458.64105224609375,67160400
2023-12-26,459.04768621247854,461.4781292872484,458.97020470261134,460.5776062011719,55387000
2023-12-27,460.3742993690924,461.5556412930502,459.8417395433534,461.410400390625,68000300
2023-12-28,461.76866793794215,462.4174204811319,461.16831917837936,461.5846862792969,77158100
2023-12-29,461.39104484329897,461.91394167612276,458.3021267345069,460.2484436035156,122283100
2024-01-02,457.1982355112993,458.66039620914324,455.5811413344983,457.6726989746094,123623700
2024-01-03,455.5231057691351,456.25903250476523,453.3347402693324,453.9350891113281,103585900
2024-01-04,453.4605375615008,456.03625125353045,452.2501474553143,452.4728698730469,84232200
2024-01-05,452.6762546685268,455.53278743928377,451.6498461147491,453.0926513671875,86118900
2024-01-08,453.58644474883687,459.7061845131588,453.4605594436324,459.5609436035156,74879100
2024-01-09,456.9173918638988,459.88042430514423,456.41388024759897,458.86370849609375,65931400
2024-01-10,459.13482782984977,462.320582628156,458.8540090718071,461.4587707519531,67310600
2024-01-11,462.45619075983615,462.96939501130794,457.29510006298005,461.2554931640625,77940700
2024-01-12,462.69825780727723,463.43418447136196,460.1709773696293,461.57501220703125,58026400
2024-01-16,460.1999916518418,461.5071892712775,458.0696933340662,459.88043212890625,85014900
2024-01-17,456.8690193310164,457.80828324431627,454.9807989273028,457.3241271972656,68843900
2024-01-18,458.9896569986018,461.9429972701223,457.4500442083185,461.39105224609375,91856200
2024-01-19,462.5143215974117,467.4236715984988,461.4395092276407,467.1428527832031,110834500
2024-01-22,468.67274557207963,469.8443949304159,467.4817110595385,468.1304931640625,75844900
2024-01-23,468.67280786139986,469.7379276647898,467.5883029012287,469.495849609375,49945300
2024-01-24,472.3523626504235,473.28193407003323,469.5152150522186,470.0090637207031,81765000
2024-01-25,472.1296163726771,472.8364948673133,470.0090399898508,472.56536865234375,72525000
2024-01-26,472.1392548920073,473.62077110248816,471.12253908991676,471.9649658203125,76641600
2024-01-29,472.2748334350306,475.8479071625746,471.7325810664014,475.70263671875,61322800
2024-01-30,475.0151572718124,476.04156568160744,474.5794050287412,475.334716796875,58618400
2024-01-31,473.1366851322255,473.5821004537836,467.5591976080332,467.5785827636719,126011100
2024-02-01,469.2730794881658,473.7273208849261,468.4693639281419,473.6982727050781,91891600
2024-02-02,474.1340709086256,480.33126318424115,473.79515572273505,478.6851501464844,99228200
2024-02-05,478.05575187599726,478.7141970893923,474.6957073113676,476.9421691894531,75757100
2024-02-06,477.88139839933996,478.6560658444282,476.45797836644056,478.32684326171875,55918600
2024-02-07,480.5636415654776,482.73265130891053,479.66308881437243,482.3162841796875,70556500
2024-02-08,482.3162670291635,482.9069232309363,481.5028884042988,482.529296875,52343600
2024-02-09,483.0328525667237,485.7538074749057,482.6939373878326,485.3180847167969,63979400
2024-02-12,485.28896212192205,487.5451161916344,484.3884094588291,485.10498046875,56502300
2024-02-13,478.8593667536311,481.33824328857344,475.17010013129357,478.4236145019531,113099200
2024-02-14,481.0478287962483,483.2555794425452,478.7335484410746,482.77142333984375,68387800
2024-02-15,483.4685762738627,486.28636814510776,482.9940832312684,486.1023864746094,61683000
2024-02-16,485.8022467252244,486.9351554606331,482.9457138905167,483.681640625,75532900
2024-02-20,481.94833972980865,482.61647749849317,478.7819695373135,481.0187683105469,71736700
2024-02-21,479.7212103303219,481.6094012609107,477.92013439516916,481.4544677734375,59293400
2024-02-22,488.03896587947617,492.37698495204523,487.08031685540794,491.4183654785156,76402500
2024-02-23,493.132249697867,493.9650133978183,491.03102917167075,491.75726318359375,61321800
2024-02-26,492.19303641539864,492.62878868752523,489.83035248988597,489.95623779296875,50386700
2024-02-27,490.64373169951057,491.089146972122,488.755511365846,490.8664245605469,48854500
2024-02-28,489.3171596556616,490.798676044666,488.9588888927158,490.21771240234375,56506600
2024-02-29,491.9703174424767,493.5873820410347,489.33650744640795,491.97998046875,83924800
2024-03-01,492.85151281479995,497.02490613181874,492.4448087227075,496.5988464355469,76844800
2024-03-04,495.80488009764395,497.90610083671146,495.7758023657051,496.0662841796875,49799300
2024-03-05,494.0715838516931,494.5170287187888,488.910493074669,491.1085510253906,72855600
2024-03-06,494.3716836843407,495.8435368483092,492.3092039305024,493.5970458984375,68382400
2024-03-07,496.8797308469733,499.5425893667193,493.6552347093042,498.4967956542969,58652100
2024-03-08,499.1262072798715,501.7986991966138,494.93339907868494,495.50469970703125,86532500
2024-03-11,494.30400588507405,495.65963700941484,492.3867371553007,495.0786437988281,62557200
2024-03-12,497.17986205272086,500.98532153263085,494.6719076966977,500.40435791015625,73114400
2024-03-13,500.72391574507606,500.8982048517955,498.1869424676809,499.6200256347656,55104100
2024-03-14,500.5882744583001,500.7432374898184,495.60150263891603,498.63232421875,110171800
2024-03-15,495.57751113868864,497.0247990949515,493.5474544938414,495.2084045410156,107646300
2024-03-18,499.25887018669476,500.696405939081,497.74361217385916,498.15155029296875,88893300
2024-03-19,497.46184000648276,501.2014003846193,496.46135139014376,500.91973876953125,60755300
2024-03-20,500.9780657234889,505.688947116047,500.30785211015336,505.5529479980469,69594600
2024-03-21,508.37947611905065,509.0787984573295,506.9418813936417,507.2236022949219,60256100
2024-03-22,507.13623802282444,507.621898374332,506.02891819305677,506.2620849609375,79070800
2024-03-25,504.89254263399073,506.00958527374246,504.7079893096331,504.8634338378906,48512100
2024-03-26,506.28145712240774,506.62145492992863,503.5326622935472,503.9308776855469,65463700
2024-03-27,506.7477422439313,508.2047232896313,504.5913794682458,508.16583251953125,82999800
2024-03-28,508.2046941865004,509.5645075137889,507.7870334248163,508.0686950683594,96294900
2024-04-01,508.8069627833215,509.3411773364756,506.0289403944362,507.184814453125,62477500
2024-04-02,503.3772549881494,504.0960228561583,501.6677209860127,503.9600830078125,74230300
2024-04-03,502.87210705946654,506.00951312621123,502.8235528830779,504.5136413574219,59155800
2024-04-04,508.50584318362684,508.8457817223291,498.0544227328248,498.35552978515625,96858100
2024-04-05,499.70559240907556,505.5140703375904,499.26848630383614,503.56170654296875,74546500
2024-04-08,504.26113435269997,505.2615637846118,503.0372608598177,503.8434143066406,48401800
2024-04-09,505.57248200895594,505.81531221165,499.59883530879597,504.42633056640625,68049200
2024-04-10,498.7537372482173,501.35686962666665,497.40364652298035,499.3753967285156,82652800
2024-04-11,500.89063294902877,504.5816396156678,497.3939022721514,503.14410400390625,70099000
2024-04-12,499.61825717169796,501.0266841379513,494.4799620247676,496.19921875,92561100
2024-04-15,500.3564559239092,500.5215638494566,489.13768362770764,489.9827575683594,92101400
2024-04-16,490.45867707344763,491.97393499543114,487.80696088879887,489.089111328125,73484000
2024-04-17,491.53678239318253,491.7019199393697,484.8055376860778,486.19451904296875,75910300
2024-04-18,487.58356199441425,489.6718955124249,484.26163225086344,485.194091796875,74548100
2024-04-19,485.11641894359934,486.10715539894034,479.6964327690104,480.95916748046875,102212600
2024-04-22,483.5525564034497,487.9720832401042,481.22139272247443,485.38836669921875,67961000
2024-04-23,487.38924842347393,491.575637828991,485.2037770782218,491.14825439453125,64633600
2024-04-24,492.0321433372002,492.81891062394527,488.7005209113683,490.9151306152344,55928100
2024-04-25,484.8638422405587,489.8078608662871,483.2223079459974,489.05023193359375,69122400
2024-04-26,491.8282759764292,495.2570370959967,491.19692340676465,493.6835021972656,64306100
2024-04-29,495.4609621651781,496.1020373711397,492.70241499072074,495.43182373046875,46415400
2024-04-30,493.97486496700367,494.9461856908876,487.5835876464844,487.5835876464844,77483600
2024-05-01,487.0007337039303,493.6154247072787,485.5340300927016,486.0002746582031,80242800
2024-05-02,489.69131460230034,491.3814327412964,485.22323354848663,490.54608154296875,62550200
2024-05-03,496.5003409855499,497.8504614761827,493.9749009908093,496.6266174316406,72756700
2024-05-06,499.0159955422608,501.7939584375333,498.57888938265427,501.755126953125,47264700
2024-05-07,502.71665384539546,503.69769707153597,501.63850227961154,502.3087158203125,52561300
2024-05-08,500.4826581745873,502.89151427383246,500.3661044462176,502.3572998046875,42047200
2024-05-09,502.5418982172586,505.290752341684,501.89112996130467,505.2518615722656,43643700
2024-05-10,506.8448626028078,507.65107540024,504.68855906076743,505.9027099609375,52233200
2024-05-13,507.57328373764415,507.68011477392025,504.8341525672422,505.9705810546875,36716400
2024-05-14,506.16494992736375,508.80697323781544,505.63073536323316,508.2921447753906,57535900
2024-05-15,510.7496357077859,514.8777491307729,510.11825347038337,514.5863647460938,59504900
2024-05-16,514.6834008229457,516.2763809484062,513.381805041238,513.5275268554688,50244800
2024-05-17,513.6440876053468,514.3337466322346,512.1968292743588,514.2657470703125,59187600
2024-05-20,514.3822777046638,516.3151962899514,513.9937257353356,514.8582153320312,37764200
2024-05-21,514.1006064390205,516.2763551432357,513.8966077662355,516.1209106445312,33437000
2024-05-22,515.4314389511925,516.1404842090901,512.4688628953678,514.6349487304688,48390000
2024-05-23,517.6750993626108,517.7819304108156,509.67136703027006,510.8758544921875,57211200
2024-05-24,512.7117381597728,515.0623775365141,511.7695852978517,514.2561645507812,41291100
2024-05-28,515.0621852566261,515.2952927113275,511.99277901051346,514.6153564453125,36269600
2024-05-29,510.6038721974795,512.1871297238472,510.30276514376794,511.0118103027344,45190300
2024-05-30,509.4771735375275,510.13766452658996,506.3786580054075,507.6219177246094,46377600
2024-05-31,508.57386073354985,512.3716988043419,503.49381286592205,512.2454223632812,90785800
2024-06-03,513.8480057418088,514.1296673530113,507.6120852543447,512.6629638671875,46835700
2024-06-04,511.36150323340104,513.974358217118,509.90452222280885,513.2361450195312,34632700
2024-06-05,515.5478229576875,519.355382881941,513.5662911101476,519.3359375,47610400
2024-06-06,519.6371847519142,520.0645682770622,517.4031587596616,519.3263549804688,30808500
2024-06-07,518.3549484930342,521.4923544849469,517.2670741151577,518.6949462890625,43224500
2024-06-10,517.8888118681492,520.6182209175571,517.2963204143864,520.2976684570312,35686100
2024-06-11,518.7533115423322,521.6089970919911,516.791224537173,521.5507202148438,36383400
2024-06-12,526.0965041099447,528.5150834828803,524.8046308107085,525.834228515625,63251300
2024-06-13,527.5728807070939,527.7477113251548,524.1149812633378,526.8929443359375,44760900
2024-06-14,525.367907030757,527.2425487322553,524.3674183253244,527.2134399414062,40089900
2024-06-17,526.533556163689,532.7985867082562,526.0770045940598,531.4095458984375,55839500
2024-06-18,531.4678314025467,532.8859810291509,531.0501705974204,532.7597045898438,41376400
2024-06-20,533.6824026084769,534.3428935144076,529.5445672911499,531.3123779296875,70328200
2024-06-21,530.4928609392509,531.7109286219036,529.1481094595256,530.6000366210938,64338600
2024-06-24,530.4248360747221,532.9779021135574,528.7584974638556,528.8754272460938,45528700
2024-06-25,530.0933585291979,531.2724695843536,528.5829663352164,530.9119262695312,37936200
2024-06-26,529.8011317951398,532.2859786981767,529.1580180403218,531.5746459960938,38550600
2024-06-27,531.4380824208646,532.9874907686532,530.6974877125363,532.4125366210938,35041500
2024-06-28,533.1823416161415,536.2226934820135,529.0799274394088,530.3174438476562,76144500
2024-07-01,531.6915058832783,531.9351194589271,528.6609672764391,531.408935546875,40297800
2024-07-02,529.8107580224772,534.985107421875,529.7620472078919,534.985107421875,40434800
2024-07-03,534.6734227637801,537.7332240580232,534.6344659965342,537.3726806640625,32789900
2024-07-05,537.6746345682784,540.8708135451888,537.0412155224441,540.4713134765625,41488400
2024-07-08,541.250918262468,542.0402238948535,540.0328503436032,541.0950317382812,36110500
2024-07-09,542.0499170234392,542.9463982576794,541.3288304126829,541.6211547851562,27289700
2024-07-10,542.8392819787523,547.3217481165079,542.5469575742852,546.980712890625,38701200
2024-07-11,547.0975967198616,547.9648752769439,541.6309226493873,542.2642822265625,53054200
2024-07-12,543.3849335691044,549.270615886068,542.9172145567801,545.6846313476562,53084400
2024-07-15,547.6725909303428,550.4108051950651,545.3338767680585,547.1853637695312,40584300
2024-07-16,548.4910822924977,550.722561208659,547.7407334557406,550.4302368164062,36475300
2024-07-17,544.5250561904461,546.1913944708481,542.3909988738491,542.7125854492188,57119000
2024-07-18,544.2424632762184,545.2266716040288,536.3688561297039,538.5418701171875,56270400
2024-07-19,538.3080081974957,539.9256355832753,533.9132099479913,534.9656372070312,65509100
2024-07-22,538.8732666357521,541.0852970880696,536.9438660153718,540.4811401367188,43346700
2024-07-23,540.3738971671513,542.517708645555,539.1461346384042,539.6333618164062,34439600
2024-07-24,534.8390224206132,535.1411009025868,526.4879411580819,527.4039306640625,74515300
2024-07-25,527.520781647899,533.4747422855404,523.7204457786454,524.6558837890625,61158300
2024-07-26,528.4270046031144,533.2115481254169,527.6571477897303,530.5317993164062,53763800
2024-07-29,532.0715719711993,533.0752290029756,528.8558251034021,530.84375,39515800
2024-07-30,532.305359200303,533.3577863863941,524.7630932312389,528.1541748046875,46853600
2024-07-31,534.9558678357408,539.3604200179711,533.5916675899294,536.7391357421875,65663400
2024-08-01,538.4542082657176,540.6954412129795,525.6498647611072,529.138427734375,76428700
2024-08-02,522.063852889589,523.2721666167066,515.0964813658185,519.2866821289062,82789100
2024-08-05,498.56978906774395,510.20477524600585,497.234761759116,504.16314697265625,146267400
2024-08-06,505.9561368728723,516.2171692769037,504.6406473484446,508.81134033203125,84826300
2024-08-07,514.9698250199898,518.0101770927619,504.8160280713854,505.4104309082031,70698300
2024-08-08,510.52624530905064,517.7177216624609,508.5091775662785,517.0941162109375,63276600
2024-08-09,516.2755714297688,520.8555180126824,515.0575036936727,519.3743286132812,45619600
2024-08-12,520.5632672781688,522.044397411093,517.3865366569688,519.6472778320312,42542100
2024-08-13,522.8239227343687,528.4270341942479,522.5803091926349,528.193115234375,52333100
2024-08-14,528.9824644571885,531.0386081211183,526.3222233938623,529.8594970703125,42446900
2024-08-15,535.4625368826945,539.2239154972127,534.8583800886926,538.9413452148438,60846800
2024-08-16,537.3335322529779,540.8416031495808,537.1776457463574,540.1497192382812,44430700
2024-08-19,540.5590500378348,545.3143920898438,539.7112794996588,545.3143920898438,39121800
2024-08-20,544.8660675368706,546.5128974468605,543.0925538279611,544.4275512695312,33732300
2024-08-21,545.4702606482219,547.7504502285475,540.5589732888145,546.2985229492188,41514600
2024-08-22,548.1889915317105,548.79314842079,540.8026115148097,542.0109252929688,56121500
2024-08-23,545.236462053231,548.7055171032431,543.053634385247,547.77001953125,50639400
2024-08-26,548.7931322733509,549.504464836925,544.7686315002069,546.4641723632812,35788600
2024-08-27,545.1974719043471,547.7018267996916,544.0573769322793,547.214599609375,32693900
2024-08-28,546.8735372102509,547.3022994954773,540.8611111576025,544.037841796875,41066000
2024-08-29,545.9963772385526,549.2802828145968,542.9463311315743,544.08642578125,38715200
2024-08-30,546.4447596496766,549.7871307787254,542.9074857644326,549.2803955078125,62700100
2024-09-03,546.1523719656589,546.4837125964749,535.4723909219692,537.9767456054688,60600100
2024-09-04,536.1447696240151,540.2666922950722,535.4236829556569,536.8756103515625,47224900
2024-09-05,536.8170931187602,539.652728695669,533.1238736044508,535.5697631835938,44264300
2024-09-06,535.8914419191495,537.5090100138885,525.6596709710985,526.55615234375,68493800
2024-09-09,530.7365485093424,533.718376233379,528.8168426461983,532.4515380859375,40445800
2024-09-10,534.3517437427556,535.1216007015946,529.4989803786028,534.770751953125,36394600
2024-09-11,534.6830473314077,541.1728863269274,526.1663268863584,540.2568969726562,75248600
2024-09-12,540.8318274541291,545.1096956062142,538.6197974189213,544.8076171875,51819600
2024-09-13,545.4117823691347,548.646977454259,545.1584147606665,547.6530151367188,39310500
2024-09-16,547.389917673041,548.7249152296453,545.5969551700833,548.4618530273438,36656100
2024-09-17,550.6640241107275,552.1062567166426,546.4641290442629,548.6859130859375,49321000
2024-09-18,549.3387831967661,554.1623432239503,546.5031477370794,547.05859375,59044900
2024-09-19,556.4231830771506,558.2454079377469,553.5680389935643,556.3939208984375,75315500
2024-09-20,555.0314644130575,556.468277517829,552.4216476848839,555.4321899414062,77503100
2024-09-23,556.4974330477814,557.4650920883989,555.2853535947467,556.8199462890625,44116900
2024-09-24,557.6118194350487,558.4719742881841,554.796778035406,558.413330078125,46805700
2024-09-25,558.2569249779147,558.9900073797687,556.0771860686909,557.1817016601562,38428600
2024-09-26,561.4238456875147,561.7464186568862,557.0449191197562,559.3907470703125,48336000
2024-09-27,560.4562017753216,561.2674367221593,557.5531642883332,558.5794677734375,42100900
2024-09-30,557.5531235786384,561.4238200592039,555.2659399397932,560.8178100585938,63557400
2024-10-01,560.465907913519,561.1109941219235,553.232804974523,555.793701171875,72668800
2024-10-02,554.9042355240985,557.0448382675937,552.519272009238,556.0282592773438,38097800
2024-10-03,554.562134456547,556.9470981426042,552.7343205282026,555.0117797851562,40846500
2024-10-04,559.4396258955153,560.4268531332793,555.2854920412735,560.055419921875,42939100
2024-10-07,558.413299806086,559.0584457401652,553.8486566717974,554.9922485351562,49964700
2024-10-08,557.553120131347,560.8373745453375,556.683241044493,560.2410888671875,37398700
2024-10-09,560.231378146855,564.6787929089692,559.6351520491386,564.1216430664062,37912200
2024-10-10,562.7824731556751,564.5516429072721,561.5313172618801,563.1343383789062,44138100
2024-10-11,563.0561883893231,567.2396742554129,562.9193320123793,566.506591796875,42268000
2024-10-14,568.1094778484854,572.0681703246292,567.6305402513053,571.1395874023438,36217200
2024-10-15,571.4035871421002,571.7065921692961,565.4900076351577,566.7020874023438,54203600
2024-10-16,566.7021056174783,569.6832957534668,565.900594951752,569.1652221679688,30725400
2024-10-17,572.6937458614649,572.8990304200946,569.0283336899422,569.2140502929688,34393700
2024-10-18,570.8952748825009,572.1855071059618,569.4388940141822,571.403564453125,37416800
2024-10-21,570.6801577821931,571.6576009296549,567.5034675529424,570.4651489257812,36439000
2024-10-22,567.9433552717076,571.3155462187071,567.288485036852,570.1621704101562,34183800
2024-10-23,568.1485895916966,568.5884509212708,561.462852493989,564.9523315429688,49314600
2024-10-24,566.897492764615,566.9757049256177,563.5644376745634,566.1741943359375,34979900
2024-10-25,568.3928919070939,571.2763607061805,565.0402695558583,565.9785766601562,47268200
2024-10-28,569.4388580651755,569.5659304498093,567.4253275234959,567.7283325195312,30174700
2024-10-29,566.7704218431865,569.7613956814984,565.382469188388,568.6471557617188,42899700
2024-10-30,568.1780374143577,570.1622760996802,566.2231506662927,566.9269409179688,41435800
2024-10-31,562.5771216497128,562.6455498224844,555.6177318794403,555.813232421875,60182500
2024-11-01,558.4328924373011,562.5674583510357,557.7486702212007,558.1591796875,45667500
2024-11-04,558.2960015952809,559.5862337823984,555.0802349340614,556.9569091796875,38217000
2024-11-05,557.8658847297456,563.7305435334926,557.6508758763042,563.6914672851562,39478300
2024-11-06,575.9094848869298,578.5778854519942,572.1854290723838,577.7079467773438,68182000
2024-11-07,579.7020872739936,583.191567003201,579.6238751058823,582.1749877929688,47233200
2024-11-08,582.722322897382,586.1140819812399,582.722322897382,584.69677734375,46444900
2024-11-11,586.2802096893201,586.6320749270757,583.5335966542183,585.25390625,37586800
2024-11-12,585.175669871058,585.7718958867575,580.9628921945897,583.4358520507812,43006100
2024-11-13,583.8952929846365,585.7133231848053,581.5396809070076,583.7193603515625,47388600
2024-11-14,583.846361756873,584.3252993650702,579.2817188550297,579.9658813476562,38904100
2024-11-15,576.4177743775998,576.886987680586,570.689971552463,572.537353515625,75988800
2024-11-18,572.9966610430482,576.1929190461736,572.1365660073782,574.8831787109375,37001700
2024-11-19,571.5209272840522,577.7081007856062,570.8562729596783,576.9848022460938,49412000
2024-11-20,577.0630094223009,577.4637349458769,571.4427101629503,577.1802978515625,50032600
2024-11-21,580.014817427747,581.6959910919024,574.1990184692589,580.2786865234375,46750300
2024-11-22,580.2687820668588,582.7026652370538,579.7703362525347,582.0770874023438,38226400
2024-11-25,585.9967993093868,587.3065398623395,581.7742372889147,584.0516967773438,42441400
2024-11-26,585.2930125321725,587.7659726175935,584.5794980426031,587.101318359375,45621300
2024-11-27,586.9155638447446,587.2967213513849,583.807301635719,585.3223266601562,34000200
2024-11-29,586.1335489255529,589.7403166328984,585.8598958585202,588.9583740234375,30177400
2024-12-02,589.3688312028335,590.6884151690585,588.8801096579482,590.0139770507812,31746000
2024-12-03,589.7794288278096,590.5320194756874,588.7531254655074,590.2876586914062,26906600
2024-12-04,591.9689462717889,594.1974858067216,591.3042920365143,593.953125,42787600
2024-12-05,593.9530901421784,594.7546007001943,592.6237817496434,592.9756469726562,28762200
2024-12-06,593.7380822446739,595.3313193862531,593.3275728171593,594.0997314453125,31241500
2024-12-09,593.9825191407734,594.1486677967985,590.4539631589937,591.0404052734375,34742700
2024-12-10,591.7147950136848,592.1350884376395,588.5478885385655,589.2027587890625,37234500
2024-12-11,592.1155929499696,594.7057817338718,591.841880207483,593.7576904296875,28677700
2024-12-12,592.8975505621333,593.4644247000379,590.6983032226562,590.6983032226562,31543800
2024-12-13,592.7215354493896,593.4350498406591,589.2124883774769,590.5809326171875,35904700
2024-12-16,592.3306854487994,594.0705632929197,591.5585266593175,593.1028442382812,43695200
2024-12-17,590.5613981975558,591.5192734247074,589.2907339933267,590.6591186523438,55773500
2024-12-18,590.3561165933274,592.7312963771194,572.674202761188,573.055419921875,108248700
2024-12-19,578.0208781053541,579.6238994978684,572.6351557670356,572.8795166015625,85919500
2024-12-20,570.561095027684,584.2717241370053,569.7176190978377,579.7603759765625,125716700
2024-12-23,579.5052825841503,583.8302883719545,576.3374745859168,583.2320556640625,57635800
2024-12-24,584.5756905048978,589.7539893082886,583.997031715741,589.7147216796875,33160100
2024-12-26,587.9493315050056,590.8718961830699,586.5567076471659,589.75390625,41219100
2024-12-27,586.0271828680434,586.2626090728168,579.3778441686201,583.5459594726562,64969300
2024-12-30,576.5631199685903,580.338917958557,573.150128529516,576.88671875,56578800
2024-12-31,578.5441278348751,579.2601035674252,573.1599137063401,574.7879638671875,57052700
2025-01-02,578.0342139844852,579.740679758371,569.3154835989945,573.375732421875,50204000
2025-01-03,576.2100381173573,581.1823013188991,575.1311959956543,580.5448608398438,37888500
2025-01-06,584.7817217986171,588.1456290168214,582.1631214255088,583.8892211914062,47679400
2025-01-07,585.909501046868,586.2331597023842,575.4745472605013,577.2888793945312,60393100
2025-01-08,577.3575056942733,579.2012884483527,573.92494033326,578.1322631835938,47304700
2025-01-10,574.5917674597674,574.6604259424307,567.4029789022777,569.3056030273438,73105000
2025-01-13,564.6766400021115,570.5414039943755,564.2646890570356,570.1883544921875,47910100
2025-01-14,573.1010128011978,573.7286961683375,567.2067990118115,570.9728393554688,48420600
2025-01-15,578.9561398854404,582.4965717179379,577.8479067851994,581.3589477539062,56900200
2025-01-16,582.7220679112103,582.8985926554029,579.5445027973688,580.2408447265625,43319700
2025-01-17,585.4584175885924,587.8121409710091,584.1343920679883,586.0664672851562,58070600
2025-01-21,589.0968201243991,591.4407861448484,587.1353543049476,591.4309692382812,42532900
2025-01-22,594.2457979602253,596.109214840216,593.6965898049438,594.7557983398438,48196000
2025-01-23,594.1280457618639,598.001953125,593.8534716457165,598.001953125,41152100
2025-01-24,598.0607394613536,599.0120815203885,595.1087237951253,596.2561645507812,34604700
2025-01-27,583.3498201579582,588.1358022067521,583.1831123008667,587.8219604492188,70361100
2025-01-28,589.0477983536082,593.7062796977629,585.7427332202798,592.8726806640625,44433300
2025-01-29,592.0879559573353,592.4900899119916,587.6746585162967,590.2147827148438,37177400
2025-01-30,592.3234809305729,594.9125703683252,589.1458559611356,593.3826293945312,39281300
2025-01-31,595.7952876097377,598.2079122989969,589.4695478929073,590.2247314453125,66566900
2025-02-03,581.2509121761593,588.7240915852041,579.1129217803689,586.252685546875,65857200
2025-02-04,586.3115788306599,590.695426254437,585.7721876960313,590.1854858398438,33457800
2025-02-05,589.0674493379312,592.7255640609287,587.0471418694162,592.5784301757812,30653100
2025-02-06,594.3143418590737,594.7655005585997,591.0190935628144,594.6380004882812,35771500
2025-02-07,595.1970887375172,596.4131881290857,588.4888484089631,589.1950073242188,50788500
2025-02-10,592.3921407355843,593.8337894109928,591.1269569453736,593.1962890625,26048700
2025-02-11,590.940628411795,594.1868520894046,590.8229452462591,593.6474609375,30056700
2025-02-12,587.6551628450902,592.9020598913557,586.9784547529548,591.7349853515625,45076100
2025-02-13,592.8335121773658,598.1883363356536,591.5782049635822,597.9823608398438,40921300
2025-02-14,598.1881861265014,599.2179436285784,597.3349533511362,597.9528198242188,26910400
2025-02-18,599.1101412981178,599.7083740234375,596.6583089558027,599.7083740234375,26749000
2025-02-19,598.3256014161959,601.4148744301086,597.8156011046507,601.1206665039062,31011100
2025-02-20,599.7573748000233,599.8946917719264,595.3245028060013,598.6197509765625,36554000
2025-02-21,598.4041064401217,598.5414234459472,587.9200667778262,588.3810424804688,76519800
2025-02-24,590.420875386549,591.4114252530362,584.997393388531,585.7035522460938,50737200
2025-02-25,585.6446153828091,586.3703480772401,578.2008270937978,582.7906494140625,58266500
2025-02-26,584.4481329600031,588.0278318848362,580.4565429896904,583.0848999023438,43321600
2025-02-27,585.3504695068715,586.4979702201956,573.3855747451564,573.77783203125,74196700
2025-02-28,574.2779596736045,583.2614467800305,571.2180777869312,582.7318725585938,88744100
2025-03-03,584.6932674866979,585.8309510440972,568.726968794248,572.5223999023438,74249200
2025-03-04,568.5407303426414,574.1112864169365,561.2244408531591,565.74560546875,109648200
2025-03-05,565.5787868122192,573.6109906395611,562.0383558581486,571.8260498046875,71230500
2025-03-06,564.3921264239905,568.991765926103,559.1354126670572,561.675537109375,80094900
2025-03-07,559.9004310284239,566.2653779091431,554.7319495414885,564.8236694335938,81158800
2025-03-10,556.6542444695278,558.5666258451241,544.8854490052353,549.779296875,99326600
2025-03-11,548.621913949734,553.152894380571,541.3841016024645,545.2089233398438,88102100
2025-03-12,551.3386407379146,552.2605321303586,543.022044250635,548.1022338867188,69588200
2025-03-13,547.7295658893665,548.337615563181,539.0893105175023,540.7957763671875,74079400
2025-03-14,545.3953858640715,552.9666753566005,540.8644044287432,551.96630859375,62660300
2025-03-17,551.9466761244148,558.7333912461695,551.5151512314662,556.2227172851562,49008700
2025-03-18,553.9179548314441,554.1337472059147,548.2885573100283,550.2108154296875,66041400
2025-03-19,551.9858638215135,559.9494094443329,550.8089724785119,556.2030029296875,66556000
2025-03-20,552.4763086964069,559.5768056668136,551.7603329396793,554.5946655273438,62958200
2025-03-21,550.1543857754978,555.6728342872004,548.9247817378139,554.7776489257812,83763000
2025-03-24,561.4863807824129,565.7654388953832,560.8961948547495,564.712890625,58766800
2025-03-25,565.9128895780813,567.0047634369732,564.329174156886,566.0703125,38355700
2025-03-26,565.8047238585734,566.926137079624,557.9352585138073,559.3124389648438,51848300
2025-03-27,557.9254317069114,561.5847644413973,555.7219909391279,557.8270874023438,42164200
2025-03-28,556.3023301483869,557.0302460332103,546.0129833491962,546.5933227539062,71662700
2025-03-31,540.8585640195936,551.5610423029548,537.9468400615768,550.2625732421875,95328200
2025-04-01,548.3541875419536,553.7545984642982,544.6456828297712,551.8167114257812,54609600
2025-04-02,545.993267113699,558.1614216885134,545.7571927870193,555.3087768554688,76014500
2025-04-03,536.2155597389653,539.02887941269,527.9428100585938,527.9428100585938,125986000
2025-04-04,515.1253487932553,517.2894637749819,496.8190194100305,497.0354309082031,217965100
2025-04-07,481.20796639726615,514.6335008889374,473.9385334512268,496.1501159667969,256611400
2025-04-08,513.3449138965836,516.4140007584771,481.17849041906084,488.3790588378906,165816600
2025-04-09,485.3886419991045,539.6682739257812,485.00499114058437,539.6682739257812,241867300
2025-04-10,523.4866290700438,524.7949444304113,501.0094937975821,516.0205078125,162331200
2025-04-11,514.476073798931,527.677083319112,511.58404327413893,525.2277221679688,97866300
2025-04-14,535.1728543881914,535.3991423599505,525.1491197771261,530.3233032226562,68034000
2025-04-15,530.8642142693149,534.3661235223595,528.0508951584542,528.8378295898438,56892900
2025-04-16,523.0047395671859,529.1134345891107,511.8005721602226,517.0829467773438,83484800
2025-04-17,519.0306499479765,522.5030206369137,515.3614705598376,517.8206787109375,79868100
2025-04-21,512.656330465215,513.1875578394483,500.1635713405903,505.4951477050781,69368100
2025-04-22,511.6529994400941,520.6635112296127,510.71848838241135,518.64697265625,75948100
2025-04-23,531.6118557355538,536.5302712837308,525.1687433752924,526.68359375,90590700
2025-04-24,527.9624225863133,538.4976913582739,526.7131857388315,537.769775390625,64150400
2025-04-25,537.7303874976484,542.0585570888795,534.8186639244827,541.6552734375,61119600
2025-04-28,542.3929826150705,544.5177114732413,536.1269267216614,541.8617553710938,47613800
2025-04-29,539.9535693584907,546.3868965128709,539.5994577828174,545.2753295898438,47775100
2025-04-30,538.6353953740775,547.4393716679848,532.6841242611865,545.4916381835938,93101500
2025-05-01,551.2265048528457,554.8661444027258,548.7574506167018,549.3574829101562,63186100
2025-05-02,555.5153624660799,559.105829955879,553.203731094349,557.5122680664062,60717300
2025-05-05,553.3907039776933,557.4041485271615,552.5349043366007,554.3153686523438,38659200
2025-05-06,548.8263293740373,554.157875203981,547.872185543118,549.68212890625,48264700
2025-05-07,551.0102132045591,554.6203140304898,546.9672292946763,551.993896484375,55588000
2025-05-08,556.0170826268422,561.0043636579312,552.5348657113146,555.8400268554688,65130800
2025-05-09,557.2368112120467,558.2401872369107,553.577538715433,555.1317749023438,37603400
2025-05-12,571.9822603015932,573.487324465949,567.6245507869492,573.4774780273438,78993600
2025-05-13,573.890562385163,579.4680890959,573.3299158219985,577.2646484375,67947200
2025-05-14,578.2188228927168,579.3697154326957,575.9858428026291,578.00244140625,66283500
2025-05-15,576.0054901792878,581.3271894858746,575.5529743261593,580.8255615234375,71268100
2025-05-16,581.6027001482121,584.7996705930015,579.664873035907,584.5045776367188,76052100
2025-05-19,578.5040593733968,585.8226647003453,578.5040593733968,585.1439208984375,68168500
2025-05-20,583.4127091135157,584.3570065824167,579.9796042324612,583.1765747070312,60614500
2025-05-21,578.8385787658873,582.9110418636186,572.3266004007668,573.349609375,95197700
2025-05-22,573.1528300863163,577.0482371941405,571.9232260794693,573.5758666992188,70860400
2025-05-23,566.5817726606184,572.3166619439528,566.207968279521,569.6607055664062,76029000
2025-05-27,576.507266661779,581.6617574386509,568.9919119990551,581.50439453125,72588500
2025-05-28,581.9076603733905,583.0979387188073,577.4122207207761,578.14013671875,68445500
2025-05-29,583.3832598456216,583.5209899275153,576.5073226621904,580.42236328125,69973300
2025-05-30,579.3204944032111,581.4846092815853,573.7233350319688,579.7730102539062,90601200
2025-06-02,578.1696356443219,583.1175308206884,575.51367904973,583.0388793945312,61630500
2025-06-03,582.6748967264019,587.3375451970118,582.1928415555221,586.3637084960938,63606200
2025-06-04,587.2194601619697,588.1932967835147,585.7734148456988,586.2062377929688,57314200
2025-06-05,587.8786382444381,589.2262795230108,581.4059855081334,583.3733520507812,92278700
2025-06-06,588.8916828991635,591.0263183988576,587.1210653731052,589.3638916015625,66588700
2025-06-09,589.9344673159251,591.4395314497265,588.7245561772476,589.8951416015625,53016400
2025-06-10,590.426305457828,593.6232758793388,589.3147986704665,593.2396850585938,66247000
2025-06-11,594.3316311509811,595.1874308414793,589.4919259979458,591.5477905273438,73658200
2025-06-12,590.2197770479303,593.8987426757812,589.7377818775473,593.8987426757812,64129000
2025-06-13,588.7344360351562,592.0297509680191,585.7636933525403,587.2589111328125,89506000
2025-06-16,590.6033640975234,594.5872686908244,590.42624830293,592.8461303710938,79984100
2025-06-17,590.4165373080118,591.9313878788944,587.0228181324287,587.7802734375,82209400
2025-06-18,588.675394655937,591.4100028153547,586.7375074721152,587.6917114257812,76605000
2025-06-20,590.3564623402502,591.421997724495,584.9104595060545,586.3114624023438,94051400
2025-06-23,587.0611954614843,592.4874469643536,583.9534693671619,592.1027221679688,87426000
2025-06-24,596.2266384998721,599.6993983536543,595.3189312980566,598.643798828125,67735300
2025-06-25,599.7586334214261,600.4492593088346,597.4204170810242,598.979248046875,62114800
2025-06-26,600.8242007377552,604.0996909412141,600.2125189749694,603.6655883789062,78548400
2025-06-27,604.6619851770232,608.1249297272853,602.6394853750887,606.6647338867188,86258400
2025-06-30,609.1016996773074,610.9169938229498,606.7930496988761,609.5653686523438,92502500
2025-07-01,608.0953617899536,610.5322734636828,607.2666588703396,609.3681030273438,70030100
2025-07-02,608.9636353224103,612.1700572103479,608.3420779544849,612.130615234375,66510400
2025-07-03,614.1036930875782,617.882354174148,614.0839419945853,616.9549560546875,51065800
2025-07-07,615.0014177796149,615.6624771771144,609.5850422388708,612.3573608398438,74814500
2025-07-08,613.0184402574613,613.7682592313246,611.2130216520668,612.0220336914062,59024600
2025-07-09,614.4194576258184,616.3432624074327,612.5843521193799,615.692138671875,66113300
2025-07-10,615.8302548644143,618.4644365752275,614.6562088976586,617.4285278320312,57529000
2025-07-11,614.389851486408,616.4814202079069,613.196114561925,615.258056640625,63670200
2025-07-14,614.804168244691,616.7773507170579,613.4624186155016,616.4320678710938,51898500
2025-07-15,619.1057784945341,619.4411858079188,613.7189684346675,613.7979125976562,74317300
2025-07-16,615.3763700559891,616.3530856848711,609.7626638597798,615.8499145507812,88987500
2025-07-17,616.0275671883336,619.9739319743786,615.8104858123922,619.6187133789062,68885700
2025-07-18,620.8618249379944,621.0295285799061,618.0599396747441,619.1649169921875,65621600
2025-07-21,620.3389892578125,623.0718060276608,619.9147622533486,620.3389892578125,63375000
2025-07-22,620.6645676893623,621.2861250306559,617.7936134788556,620.4277954101562,60046300
2025-07-23,623.0816274772815,625.7059936523438,621.2860243619085,625.7059936523438,70511000
2025-07-24,626.0907261554769,627.6199906271327,625.4889199997938,625.9131469726562,71307100
2025-07-25,626.5742531786653,629.0308557161836,626.3276053702117,628.5572509765625,56865400
2025-07-28,628.9322127301592,629.4847014583399,627.0182231688269,628.3994750976562,54917100
2025-07-29,629.7905378170077,630.1062542617998,625.8343572512257,626.7420043945312,60556300
2025-07-30,627.3930824208583,629.129492632239,623.0718079865017,625.9526977539062,80418900
2025-07-31,630.8856625012866,631.2703873241156,622.3121821287813,623.6046142578125,103385200
2025-08-01,617.9020886786027,617.9415908673775,610.9860743719428,613.3834838867188,140103600
2025-08-04,617.2805351933534,622.7561046288977,617.191775701563,622.706787109375,73218000
2025-08-05,623.3184684441039,624.1274805006751,618.6321599743907,619.5496826171875,68051400
2025-08-06,620.615200817688,624.9463507668227,619.7075537473198,624.2952270507812,64357500
2025-08-07,627.7087670325432,628.4388348760696,620.6743670535704,623.7722778320312,74205800
2025-08-08,625.5580097272857,629.0998986072367,625.2422933193634,628.6361694335938,64051600
2025-08-11,628.912516593768,630.3825280073482,626.1500127592028,627.3931274414062,58742300
2025-08-12,629.7313011159781,634.2301547632397,628.2514142554742,634.0723266601562,64730800
2025-08-13,636.2626108017824,637.5254766532149,634.0625313268665,636.242919921875,60092800
2025-08-14,634.1709312549185,636.9630011917295,633.7270133914775,636.302001953125,59327500
2025-08-15,637.328112699525,637.4268079608856,633.9046697471923,634.8123168945312,68592500
2025-08-18,634.2399697526556,635.3646981112688,633.5690949992928,634.674072265625,43804900
2025-08-19,634.4965717210093,635.4732874420525,629.9187737835771,631.23095703125,69750700
2025-08-20,630.8264521540534,631.0829152899969,624.4629267215348,629.5537109375,88890300
2025-08-21,627.7483898591755,629.4156714771482,625.3114778468331,627.0281372070312,54805800
2025-08-22,629.2084743239826,637.831272612948,628.7053031285401,636.6572265625,84083200
2025-08-25,635.404241216521,636.6374803454853,633.736899505491,633.8552856445312,51274300
2025-08-26,633.5889446007113,636.8545593934813,632.9673872646679,636.5092163085938,51581600
2025-08-27,635.9271580330511,638.6896016147832,635.7791452521487,637.9595336914062,48341100
2025-08-28,638.5612839961418,640.7712386679527,636.6867968305069,640.21875,61519500
2025-08-29,638.7882298477452,639.1533240222955,634.5163329434167,636.4006958007812,74522200
2025-09-02,628.9519373540064,631.9018356294255,626.4065150056712,631.684814453125,81983500
2025-09-03,634.0526164459553,635.5720055927542,631.8722882029587,635.1082763671875,70820900
2025-09-04,635.7790859642552,640.4457033002755,634.8813144651941,640.4160766601562,65219200
2025-09-05,642.7444163544111,643.4646688785257,634.7037341963564,638.561279296875,85178900
2025-09-08,639.9227380309984,641.1264105300318,638.5513618994769,640.1299438476562,63133100
2025-09-09,640.2680535026645,642.1327252974712,638.5415189260096,641.60986328125,66133900
2025-09-10,644.8557277247635,645.7732503039375,641.9058297062181,643.4646606445312,78034500
2025-09-11,645.4082598463015,649.502637640468,644.8262047273438,648.81201171875,69934400
2025-09-12,648.7823644090812,650.2721267910674,648.0917987261137,648.5949096679688,72780100
2025-09-15,650.7951046545995,652.1762963553084,650.4991393056443,652.0480346679688,63772400
2025-09-16,652.6004065429622,652.9063076016578,650.3707611688836,651.150146484375,61169000
2025-09-17,651.1600740883537,652.8471065185831,645.5266166017295,650.3411865234375,101952200
2025-09-18,653.0148488941834,655.9746224265324,651.4165760040546,653.3798828125,90459200
2025-09-19,655.2606553211801,657.4569312262267,653.3215535907623,656.6160278320312,97945600
2025-09-22,655.1319233372403,660.1675606614807,655.1022145624661,659.722412109375,69452200
2025-09-23,659.6037721086419,660.2172101260659,654.914373896894,656.1312866210938,81708900
2025-09-24,657.4172768788721,657.5161853625601,652.6289106713185,654.0436401367188,68082200
2025-09-25,650.91749472694,652.3717757310584,647.4251431178142,651.0263061523438,89622100
2025-09-26,652.4707007820219,655.3001599546333,650.8580938277397,654.7560424804688,69179200
2025-09-29,657.2689872647139,658.1792111877495,654.7956708332731,656.5962524414062,73499000
2025-09-30,655.8542079251938,659.5345338964465,654.5482897020846,659.0695190429688,86288000
2025-10-01,656.0916952927918,662.2255322042525,655.9828838603935,661.3153686523438,72545400
2025-10-02,663.2939389771905,663.4126533220159,659.6631277666079,662.0770263671875,56896000
2025-10-03,662.838842966907,665.5001336306916,661.0283585893458,662.0671997070312,70494400
2025-10-06,664.451431246289,665.3319462864663,662.314512664693,664.4415283203125,54623300
2025-10-07,665.3616291701808,665.8068381763353,660.5436138980969,661.9781494140625,72020100
2025-10-08,663.0960778489103,666.0245059882836,662.2749199573431,665.925537109375,60702200
2025-10-09,666.3410972158545,666.7466945063586,662.0671995495462,663.996337890625,66501900
2025-10-10,664.9560020556908,666.7565834688588,645.8719162752307,646.0499877929688,159422600
2025-10-13,653.5985682812151,658.030731623523,652.7279561413051,655.9630126953125,79560500
2025-10-14,650.1556923521978,658.7232938317348,646.1983862715207,655.1616821289062,88779600
2025-10-15,659.70272543157,663.076302337462,651.8969246006144,658.0703125,81702600
2025-10-16,659.7027763115389,661.5726180936518,650.0963932050812,653.5887451171875,110563300
2025-10-17,652.4608239631079,658.6540174880462,651.1153544209424,657.2986450195312,96500900
2025-10-20,660.197387427611,665.0352086527322,660.1479331778372,664.1348876953125,60493400
2025-10-21,664.2733620876278,665.8068060270512,662.8289237149189,664.1249389648438,56249000
2025-10-22,664.8274246920023,664.8274246920023,656.2202718491607,660.6722412109375,80564000
2025-10-23,660.988802941274,665.5298380529869,660.6722112216523,664.5899658203125,65604500
2025-10-24,669.2398161192735,671.2283116328227,668.4384640813665,670.0213623046875,74356500
2025-10-27,675.4428672302427,678.2228723013301,674.8393925526769,677.9260864257812,63339800
2025-10-28,679.7167206093349,681.5568533012904,677.520444889974,679.7266235351562,61738100
2025-10-29,681.3689223981395,682.338503435176,675.5813864900747,680.0531616210938,85657100
2025-10-30,676.6003572463494,678.6185613884796,672.5737915039062,672.5737915039062,76335800
2025-10-31,677.7282029402567,677.7678146457715,671.9901213244605,674.780029296875,87164100
2025-11-03,678.3514739521635,678.4800912258883,672.6826525168186,676.04638671875,57315000
2025-11-04,668.8935461650569,672.7024895383894,667.3799079726423,668.0328369140625,78427000
2025-11-05,667.7756151314246,673.592860073814,666.9742630415905,670.347900390625,74402400
2025-11-06,669.2496813312496,670.150002278421,661.5824008089137,663.1554565429688,85035300
2025-11-07,660.781013040124,663.9172214121945,654.1525740278607,663.808349609375,100592400
2025-11-10,670.0115034227329,674.8987789977223,667.8251303916195,674.1666870117188,75842900
2025-11-11,672.6925273614432,676.2738842563608,671.485517700804,675.7099609375,58953400
2025-11-12,677.4808612736824,677.6490902522322,673.6818813898049,676.0859375,62312500
2025-11-13,673.2366670865612,673.5928101259233,663.3632081763918,664.866943359375,103457800
2025-11-14,658.2781019123212,668.448347404196,656.1906373926532,664.7581787109375,96846700
2025-11-17,662.551894702408,666.5191031831638,655.1022380100518,658.5648803710938,90456100
2025-11-18,655.0330052616243,658.0207904035176,648.8596179987588,653.0346069335938,114467500
2025-11-19,653.7272041810384,660.2171837101976,651.7188423695233,655.5574340820312,94703000
2025-11-20,665.7276649913678,668.3494043558474,644.9320631333248,645.5652465820312,165293500
2025-11-21,648.0582892153691,657.4568906385811,643.9031059831046,651.995849609375,123956200
2025-11-24,655.6167748873626,662.9081062970187,654.5285399004904,661.59228515625,80437900
2025-11-25,661.4933143363089,668.9924253407057,657.3875856310649,667.8151245117188,81077100
2025-11-26,670.3973686817876,674.4239350690651,669.4970476879164,672.4254760742188,71879600
2025-11-28,673.5928002628821,676.3728052050843,673.2366572287348,676.0958251953125,49212000
2025-12-01,671.5647168500374,675.7000943604489,671.4954567492206,673.0091552734375,61201200
2025-12-02,674.6415287588202,676.5212733146432,672.0792068673397,674.2557373046875,62953800
2025-12-03,673.3059439079583,677.5995871066391,672.4353317565424,676.5905151367188,57238500
2025-12-04,677.9854656605314,678.0547257643626,674.0677712084201,677.085205078125,61970300
2025-12-05,678.1535936302283,681.0424704296607,677.2731389541586,678.3712768554688,79241000
2025-12-08,679.2617413091358,679.3111955598065,674.2953027143022,676.3333129882812,55231500
2025-12-09,675.8583835190601,678.0744650894321,675.3043631264671,675.74951171875,58310100
2025-12-10,675.2747265375898,681.616283144729,674.0380683519487,680.2312622070312,85671300
2025-12-11,677.82719343181,681.8933109790751,674.8888622374254,681.8141479492188,86173700
2025-12-12,680.8247713558317,681.5272148787925,671.9208332382598,674.4832153320312,113160300
2025-12-15,678.4207075198718,678.4405133715769,671.999988545765,673.4641723632812,90811000
2025-12-16,671.9802275249427,673.8105178026394,667.7755898483048,671.6240844726562,122030600
2025-12-17,672.6331978735437,673.1773153631458,664.035948310003,664.2338256835938,110625200
2025-12-18,670.3675775068244,673.4740770479272,667.6964444022054,669.2496337890625,108650100
2025-12-19,671.3463691548195,675.8114935895343,671.2272434527378,675.3153686523438,103599500
2025-12-22,678.639344063116,680.0483218496023,675.3153313921905,679.5224609375,69556700
2025-12-23,678.6194459960617,682.8663040830753,678.569845619967,682.628173828125,64840000
2025-12-24,682.6183200290311,685.4760045408373,682.4694583215327,685.0294799804688,39445600
2025-12-26,685.2874813951044,686.2995351048382,683.9281038851597,684.9600219726562,41613300
2025-12-29,682.2114479341877,683.8586166189733,680.7528697076866,682.51904296875,62559500
2025-12-30,682.1221392108215,683.2235219572843,681.2588867271484,681.685546875,47160700
2025-12-31,681.8145855439083,682.0328514439952,676.4266760541103,676.635009765625,74144800
2026-01-02,680.3956585252009,681.5466416904673,674.5512924418268,677.8753051757812,89377200
2026-01-05,681.2192280630002,684.0868448237256,681.0604947255163,682.3900756835938,71927200
2026-01-06,682.5984300063299,686.9544213697425,682.4496288665487,686.4483642578125,69273800
2026-01-07,686.8254142672773,688.5817158514149,683.9776620917838,684.2356567382812,75588300
2026-01-08,683.4815439165204,685.2675815209567,682.1618346683338,684.1661987304688,64019200
2026-01-09,685.2775150455628,689.9212370510019,683.8387406584166,688.6908569335938,80125500
2026-01-12,685.3271398200249,690.6952455853734,685.2775394384523,689.7723999023438,63976000
2026-01-13,690.0998291255927,690.6952153647912,685.9919002674054,688.3931884765625,78309700
2026-01-14,685.6446369497345,686.3590277621203,680.7230559588451,685.0095825195312,94676700
2026-01-15,689.1870202593807,690.0602050162862,685.8927433241695,686.8750610351562,77862000
2026-01-16,688.2839991969948,688.869453251486,684.7515921796883,686.2994995117188,79289200
2026-01-20,676.2082832182709,679.4628915199756,671.3264313278333,672.32861328125,111623300
2026-01-21,674.3826370735425,683.402154325963,672.8743979165272,680.0880737304688,127844500
2026-01-22,684.5035723961656,685.7736813437502,681.5962874434288,683.6403198242188,77112200
2026-01-23,682.8167194920136,685.6049389887335,681.8343413244536,683.8883056640625,63059600
2026-01-26,685.1386369609629,688.7504412014587,684.5730472396109,687.3612670898438,60473800
2026-01-27,688.799947686109,691.1317710154308,688.1946898528689,690.0997924804688,55506100
2026-01-28,691.6477064811113,692.4316225777728,688.5618241580821,690.0303344726562,61172200
2026-01-29,690.9928952881424,691.657685737667,679.5224893166136,688.6610717773438,97486200
2026-01-30,686.4285800085149,688.8298685233847,681.7947896393288,686.607177734375,101835100
2026-02-02,684.2356737126761,691.5286859406688,684.0768798206813,690.0204467773438,79286500
2026-02-03,690.8142565672537,691.5584439188771,678.7286612443456,684.18603515625,107904600
2026-02-04,684.9996810996682,686.0911923060062,676.4762885369656,680.8719482421875,105204600
2026-02-05,675.6626239798336,678.3913111024622,670.5525129616972,672.3683471679688,113610800
2026-02-06,676.1785962582386,686.9444827733389,675.5732778299765,685.267578125,89127600
2026-02-09,684.0768565720822,690.4768800480663,683.0052703670985,688.57177734375,73885200
2026-02-10,689.5640042757049,691.1416475283962,686.2994637039938,686.7559204101562,65185700
2026-02-11,690.9928885783248,691.7370759669038,683.8387453470867,686.5972290039062,76353900
2026-02-12,688.8595645054852,689.9609473653614,675.097063165144,675.9901123046875,118829000
2026-02-13,676.4067760275798,680.96122930703,672.2691112734435,676.46630859375,96267500
2026-02-17,674.8688419019007,679.6316291710169,670.5426469985775,677.5578002929688,81354700
2026-02-18,678.7187643851827,683.8090109802145,677.53798463666,680.9711303710938,73570300
2026-02-19,678.5401770095443,680.8620077880265,676.2678860499572,679.1751708984375,58649400
2026-02-20,677.0319706522042,684.71197532004,676.4465165538227,684.0868530273438,100034000
2026-02-23,682.4992209190492,684.6523861034582,675.0970153480879,677.1013793945312,90558100
2026-02-24,676.6151751251432,683.0151380016027,674.7298762460771,682.0228881835938,73798700
2026-02-25,684.8310015582731,688.3038760705598,684.7516046120257,687.7780151367188,56369500
2026-02-26,687.9069589925494,687.926762805978,679.0461151309984,683.957763671875,71671000
2026-02-27,677.795973699009,681.5367144347911,676.35719931042,680.6734619140625,83308900
2026-03-02,673.4399535831263,683.2830546740443,672.765230984366,681.0604248046875,87477200
2026-03-03,669.8281968363514,677.3196712649806,664.4700232973693,675.057373046875,105003100
2026-03-04,676.3473157204403,681.7650220692323,674.3528836974749,679.8201904296875,79182200
2026-03-05,676.7937758642711,680.2170498641997,670.3738880206191,676.0297241210938,106606500
2026-03-06,668.1908700160953,670.869956423512,664.569194806431,667.1688842773438,100687000
2026-03-09,661.2253729422058,674.650481531912,657.2563736570586,673.0133056640625,102667700
2026-03-10,672.4675558251363,678.0638596518006,669.5305349566006,671.9317626953125,81505300
2026-03-11,672.3286912573745,674.8093159596237,668.1215614523004,671.08837890625,68441700
2026-03-12,665.9583993556241,666.4446526664856,660.7094193200438,660.89794921875,108882200
2026-03-13,664.0831110227487,667.1293254881115,656.2343803863124,657.1571655273438,97200200
2026-03-16,663.1999840519829,666.8613885560293,661.9497395049242,663.844970703125,82023100
2026-03-17,667.1788836379297,669.2129836950214,664.5097291491037,665.5912475585938,87128000
2026-03-18,663.1800557566115,664.5295009374192,656.0656417127632,656.3037719726562,82062600
2026-03-19,651.8783174953539,657.8417484417536,650.0922799802194,654.6864013671875,111272500
2026-03-20,653.2010079047443,653.380093364961,641.4703940766159,645.301025390625,163617500
2026-03-23,654.7531040433624,659.2801583045331,650.6439158314106,652.07666015625,134802700
2026-03-24,648.0371459178807,653.7183875512989,646.604401549905,649.8877563476562,96457500
2026-03-25,655.3500504609481,657.5588924447279,650.9423865337293,653.5093994140625,90653800
2026-03-26,648.773401781548,651.5493174066021,641.5699034672713,641.8385620117188,96494400
2026-03-27,639.2615657472361,639.4207325687934,629.9188801961861,630.8939819335938,103649400
2026-03-30,636.8836547011163,637.1423539459004,626.108284608157,628.78466796875,99275900
2026-03-31,635.719508676349,648.255975728372,634.7643255692599,647.0620727539062,152534100
2026-04-01,650.6041659517412,655.2008748639518,649.7086779392242,651.9373779296875,97841500
2026-04-02,643.161809607987,654.8824636102106,641.858414876014,652.5244140625,68358700
2026-04-06,652.5542919409455,656.3948220300638,652.2160396308291,655.6088256835938,39105800
2026-04-07,653.3402849463747,656.285326673986,647.7784337275787,655.8972778320312,69980400
2026-04-08,672.980811715349,673.6673363432215,668.0756676404139,672.6027221679688,93606100
2026-04-09,671.438579338256,677.7266707213284,670.3739652533407,676.4829711914062,57134400
2026-04-10,677.885949822129,678.5923930707559,675.0304203424645,676.0353393554688,42253500
2026-04-13,673.9956432299357,682.8408497944083,673.1698703787699,682.641845703125,54185800
2026-04-14,684.2238203737314,691.0791070995066,684.193942434314,690.959716796875,63480500
2026-04-15,691.7557051691649,696.7504224001667,690.7010502942645,696.412109375,58240400
2026-04-16,697.5264615426626,699.2378238459212,695.0092450197437,698.1234130859375,49972400
2026-04-17,702.5808909886877,708.7993894133457,702.2028014262665,706.5607299804688,70661900
2026-04-20,705.20752199003,706.3317705126415,702.5808139687996,705.1477661132812,43546800
2026-04-21,706.7000123508461,707.6949720613851,699.098505587723,700.53125,58941400
2026-04-22,705.5756906371417,707.8640857857167,704.6503246823615,707.6253051757812,42518500
2026-04-23,705.9239069650033,708.7694771316526,698.7403270820959,704.8792114257812,56174000
2026-04-24,707.1676287635845,710.8688498134599,705.4364085481575,710.341552734375,45182000
2026-04-27,709.5753882284523,712.023010938504,708.7097781525541,711.5653076171875,33135900
2026-04-28,708.2321938525355,709.2868486650957,705.6751402340362,708.1028442382812,43117400
2026-04-29,707.4163145996059,708.6102783309316,704.7995658491443,707.993408203125,41859200
2026-04-30,711.0280636665188,716.1620290590424,706.8691393587039,715.0377197265625,67240900
2026-05-01,717.6146516977453,721.216400793299,716.8385540170647,717.0177001953125,43049800
2026-05-04,716.4406056700121,718.4802608161392,711.3861936216806,714.3909912109375,51950600
2026-05-05,718.1320898558575,721.3855668152729,717.8534719876392,720.1220092773438,36933200
2026-05-06,724.489821452625,730.8874657022126,724.1515691652952,730.1312866210938,53288900
2026-05-07,731.3451201928577,732.4196936796947,726.0718458933673,727.8926391601562,51724600
2026-05-08,731.2257166531052,734.359863963193,730.8675457398152,733.9021606445312,47227100
2026-05-11,732.7380586745534,737.0561496205491,732.7380586745534,735.5736694335938,44024000
2026-05-12,733.1758744234386,735.1160580011854,728.1413807257971,734.4593505859375,54185300
2026-05-13,734.7478704606156,740.1604537310201,731.7629913201908,738.5685424804688,44200200
2026-05-14,739.9018102364839,745.7521781705404,739.8122371427646,744.3989868164062,45307600
2026-05-15,738.0511867146383,739.712813256131,734.2405345152865,735.4443969726562,60410800
2026-05-18,736.1010471042457,737.682999009625,729.6935042484962,734.927001953125,47843900
2026-05-19,731.0765556379026,733.9320852676053,727.8429364442825,730.0317993164062,54255900
2026-05-20,732.0018002736176,738.1307251173267,730.1909663879147,737.5138549804688,45768000
2026-05-21,734.9170485709385,741.1156280791548,733.3151780259534,738.9764404296875,43332200
2026-05-22,742.4787264390759,745.1651298094138,740.7275876279662,741.8817749023438,41762000
2026-05-26,746.2297301040182,748.3390397979183,744.5979816306177,746.8068237304688,41123600
2026-05-27,747.0953563113346,747.5928361692701,744.4487294597059,746.677490234375,42106300
2026-05-28,746.4685193943138,751.3438462445121,745.4536410614309,750.7965698242188,41562600
2026-05-29,752.0900813404212,754.2590862562773,750.8861582097875,752.6671142578125,55075700
2026-06-01,751.5527711685265,756.4480167905853,750.8861651495049,754.7167358398438,43634900
2026-06-02,753.2144012702464,756.5674107365072,752.9357833937803,755.7415771484375,31581900
2026-06-03,754.3287420712209,754.9754294579049,749.7718095132926,750.4384155273438,51402500
2026-06-04,748.3091480570178,754.4878695071194,747.6823186029123,753.2740478515625,49923000
2026-06-05,748.5181345185488,749.0255736853693,731.82274221843,733.83251953125,93989400
2026-06-08,739.6132273185567,741.5832888174093,734.4693026781229,735.4940795898438,49319100
2026-06-09,739.881873688386,743.1354112835509,718.9479438267383,733.3350219726562,87683500
2026-06-10,729.69352181897,734.6583610930755,721.6741489247238,721.7736206054688,60341300
2026-06-11,725.0868662900759,736.2702039965386,720.7587550057447,734.04150390625,86330500
2026-06-12,736.9766163198905,740.6877965432628,731.3252525489901,738.0113525390625,57079500
2026-06-15,748.0604304424444,752.8661028247,747.9709180763429,751.0254516601562,60176400
2026-06-16,750.7468576807364,751.6323864215939,746.100412710964,746.5481567382812,67093100
2026-06-17,747.5032315039188,748.3589429763433,735.4940609532621,737.225341796875,85945200
2026-06-18,745.907751654771,746.3765582049119,742.0173878962117,744.8902587890625,80875700
2026-06-22,745.8479411927095,748.321778689857,741.2892538871644,742.546142578125,46628100
2026-06-23,731.9922892059834,737.7978798883457,730.4860198600484,731.7628784179688,66846800
2026-06-24,733.3489180103626,738.1171068570358,729.0296875445486,731.4237060546875,57439500
2026-06-25,737.0796452204372,737.5385276888334,727.7927091295785,732.4810791015625,53934400
2026-06-26,727.144386135875,734.7056273477464,714.8050317832251,727.1842651367188,71034000
2026-06-29,734.7055914816465,739.7231001504891,730.27658724538,739.1644897460938,58035200
2026-06-30,739.4537599262709,746.1671307285668,739.0547872797607,744.9202270507812,55626000
2026-07-01,743.1545925484338,747.5835968507926,740.541087308444,743.9127197265625,47100900
2026-07-02,745.5486859530862,749.4489739445169,738.1969465958291,742.9351806640625,57447800
2026-07-06,746.885320136641,750.5462122974698,745.5585975722108,749.4190673828125,50673300
2026-07-07,748.3616416292718,749.0998597580657,743.364102770238,745.85791015625,43721500
2026-07-08,741.3191472958572,744.3017921335774,737.6782249675691,743.5536499023438,43767400
2026-07-09,745.4987759890873,750.1073272936331,743.7431866839036,749.8480224609375,41441700
2026-07-10,750.187115173852,753.5487626123848,746.2468873823584,753.0799560546875,42191300
2026-07-13,750.6060836597362,752.0425191788765,746.1471851864706,747.3142700195312,44013600
2026-07-14,749.0499474324819,751.4739818301254,746.8055207475287,749.9677124023438,35143100
2026-07-15,752.3717122204262,753.7084197839658,748.3417413555546,752.9403076171875,43844800
2026-07-16,750.8953984161742,752.7009125511715,746.0274814662645,748.8604125976562,46409800
2026-07-17,740.241827732839,745.438883195828,738.9649691671198,741.4487915039062,62651000
2026-07-20,745.2094908804986,746.8753371556621,739.6732506975046,740.2518310546875,50422300
2026-07-21,744.4413918284653,747.1845799829406,742.3366329839115,746.426513671875,34324300
2026-07-22,744.7705725456777,748.1621748950539,744.5211918106933,745.55859375,32836200
2026-07-23,737.5385562389782,740.7206569606348,733.3888874570794,736.3515014648438,55437300
2026-07-24,736.6806667930385,741.8777222786117,735.4636571620507,737.099609375,44782000
2026-07-27,743.0648074406847,743.6833276942111,734.0472217265344,737.25927734375,41461200
2026-07-28,737.3589950224286,740.9500533043114,734.156924420905,739.0248413085938,47322200
2026-07-29,738.1370526174048,740.8403618199718,727.2939826612791,727.6531372070312,70697200
2026-07-30,734.2267392747757,740.6109103701467,732.7703947650456,739.852783203125,66811300
2026-07-31,742.835410914187,747.0449895804718,735.8527500027326,745.1796264648438,62445900
2026-08-03,747.5836183167282,756.7009928898597,746.9451890027125,755.793212890625,59927500
2026-08-04,758.7458651152236,771.494176400126,758.6361522059436,769.4193725585938,69154800
2026-08-05,773.928165423025,774.9256883846499,767.6039039413469,767.8831787109375,44689100
2026-08-06,768.3021872511085,769.9081846177485,765.5589990885744,766.65625,38416900
2026-08-07,769.1101628301597,772.0029428489042,767.703621378493,771.3446044921875,43586300
2026-08-10,770.6861849056471,773.1301282404592,769.7086319253093,771.1151733398438,39249500
2026-08-11,772.6115040483734,772.6912620504304,767.2946895097219,768.6513061523438,36740600
2026-08-12,772.7910096110111,772.9805414027246,769.369513273419,770.5764770507812,33179100
2026-08-13,772.9506321027081,777.4394855444215,772.1925048911166,775.9531860351562,35634500
2026-08-14,776.6114939657781,776.8708596736758,773.509212209858,774.4169921875,31367900
2026-08-17,774.2573577843602,774.8559080861019,770.5964655970525,770.7560424804688,34356600
2026-08-18,766.7959149360092,767.5939211307613,765.0202948350139,765.5490112304688,43920900
2026-08-19,768.4517358705159,770.5564946026684,766.1973243479778,767.1549682617188,40306000
2026-08-20,764.0627220124634,766.2472997692572,760.1523881029335,760.7109985351562,45520300
2026-08-21,764.1524418077088,765.9479709365374,762.2770937955632,763.8232421875,39188700
2026-08-24,762.8856098637509,763.3244615010249,760.1922857963137,761.5787963867188,32430900
2026-08-25,764.262137078792,764.8806573052586,761.159855395616,764.0127563476562,27422300
2026-08-26,762.8356805789958,765.449185749943,762.0376744224566,764.182373046875,28751600
2026-08-27,766.5964060257239,770.4468300957561,765.2596984507333,769.18994140625,34557100
2026-08-28,769.8483393622295,773.3795487683207,766.4068729286823,767.4442749023438,36744300
2026-08-31,765.4292990280279,766.097622354185,762.8257178677422,765.1499633789062,38810800
2026-09-01,760.1224772031874,762.7758614763637,757.5987149009983,759.89306640625,41126300
2026-09-02,760.5614001563074,764.5315220914426,759.8431519587122,763.2646484375,29566200
2026-09-03,765.99791709853,772.112737807933,765.5490195828438,771.2548217773438,43531600
2026-09-04,770.0977256925568,770.9555808433835,767.0951717806925,768.2822265625,34054200
2026-09-08,767.1649647963771,767.7934091111229,763.2447069992287,764.0626831054688,44746100
2026-09-09,762.1873669257697,762.5763546117217,759.055130192088,760.5115356445312,32812400
2026-09-10,756.1523365872063,758.2271404471661,754.7657651010062,755.9528198242188,42740400
2026-09-11,762.8257171109622,764.4816392943262,761.7084962835214,762.3967895507812,45512700
2026-09-14,757.119891309806,761.6287143614769,756.0525344863368,758.9952392578125,43992400
2026-09-15,758.2371341657202,758.4665449596201,754.2769973083872,755.513916015625,46195000
2026-09-16,757.6187023523285,759.7833101686804,747.7432005092232,752.1821899414062,59217700
2026-09-17,761.2596848801362,761.6786274833105,758.0775841455181,760.7109985351562,49652800
2026-09-18,761.3099975585938,762.0,757.969970703125,761.6900024414062,65308100
2026-09-21,766.2509765625,774.8900146484375,766.030029296875,773.5,49311754
