Date,Open,High,Low,Close,Volume
2014-09-22,164.17564955605255,164.20023188161738,162.84814145692087,163.1923065185547,125553000
2014-09-23,162.6022826887144,163.28242277512675,162.20895303160856,162.25811767578125,111393000
2014-09-24,162.28273105470626,163.6348215468331,161.85662905451485,163.52828979492188,107276000
2014-09-25,163.10219136922763,163.1103938147843,160.8323396136104,160.8896942138672,150300000
2014-09-26,161.18463841344413,162.56950082657158,160.95519508503855,162.16796875,103547000
2014-09-29,160.7749640313389,162.15982685476516,160.65205239175026,161.87301635742188,95112000
2014-09-30,161.9958949049957,162.4957562715096,161.11089383786995,161.44686889648438,131302000
2014-10-01,161.1846738205826,161.24204091714753,158.89842997328216,159.2589874267578,177798000
2014-10-02,159.11965524807925,159.84077008406317,157.6200834926425,159.28355407714844,157285000
2014-10-03,160.34885819755314,161.38136604096098,159.8571991088271,161.03720092773438,121569000
2014-10-06,161.70915876536208,161.92222231684815,160.26694108818737,160.84873962402344,104778000
2014-10-07,160.02106449840716,160.3816219517862,158.33301142461104,158.36578369140625,147913000
2014-10-08,158.45595717564856,161.36498725139458,157.6283228457938,161.1355438232422,186461000
2014-10-09,160.88148372859766,161.10273716699956,157.80856793195136,157.93968200683594,210705000
2014-10-10,157.89872992574305,158.68538948034293,156.0959549007462,156.1369171142578,221909000
2014-10-13,156.07131297815982,156.63671884675747,153.48186688356776,153.57200622558594,230939000
2014-10-14,154.39967796092162,155.54690736765764,153.268840939579,153.80967712402344,215847000
2014-10-15,151.72831191809112,153.8015050286187,149.0733078439919,152.7689971923828,380715000
2014-10-16,150.0074419733047,153.71133297987618,149.8681379702252,152.6378631591797,270391000
2014-10-17,154.3996991108919,155.48956156990567,153.74414114634692,154.440673828125,214625000
2014-10-20,154.1620841918618,156.06318876227846,154.11291952679417,155.94027709960938,130011000
2014-10-21,157.07104231401354,159.13604498949212,156.9071559913906,159.02952575683594,154949000
2014-10-22,159.30817264229537,159.71789480072704,157.83317037119576,157.8987274169922,151822000
2014-10-23,159.48024246117586,160.77496592961484,159.1852420189527,159.73426818847656,154944000
2014-10-24,159.99647132236214,161.01258657627557,159.3736982656752,160.96340942382812,117927000
2014-10-27,160.38981996964324,160.9798208314797,159.81621149389306,160.7421875,82954000
2014-10-28,161.2830544095496,162.59415796031683,161.20929490998375,162.58596801757812,106736000
2014-10-29,162.7006300397205,163.16770667904382,161.26660285164087,162.34007263183594,142557000
2014-10-30,161.9058264332072,163.8479056645811,161.7583199389211,163.38082885742188,113330000
2014-10-31,165.34750536131352,165.38029014244142,164.51987094192486,165.24917602539062,146903000
2014-11-03,165.46216027750094,165.8964646741042,164.96229884884286,165.33924865722656,93600000
2014-11-04,164.89678763196594,165.19999055242735,163.93803921626957,164.76568603515625,93343000
2014-11-05,165.97026760912044,166.01124233093645,165.07707619068734,165.80638122558594,91709000
2014-11-06,165.8472892474016,166.56020160611078,165.2327061785214,166.47006225585938,107089000
2014-11-07,166.48647418671993,166.8388416895212,166.0275874420052,166.6257781982422,89540000
2014-11-10,166.6585485514635,167.1993721659655,166.45368752217072,167.15020751953125,66319000
2014-11-11,167.21575762526558,167.42061864607547,166.8797825502435,167.3140869140625,54499400
2014-11-12,166.63397340571314,167.36327820126,166.60118863752817,167.1338348388672,90120300
2014-11-13,167.2977443324766,167.8467704902002,166.51927478059176,167.32232666015625,85357900
2014-11-14,167.24859006337317,167.5681728467818,166.93719722179063,167.36331176757812,80417500
2014-11-17,167.0437313259903,167.64192218460738,166.87983245734725,167.46983337402344,80441000
2014-11-18,167.527153610452,168.73992737600364,167.527153610452,168.43673706054688,76068100
2014-11-19,168.24008303506892,168.43675414012444,167.41244891244637,168.1663360595703,82373000
2014-11-20,167.37970740310325,168.56791177728724,167.31415035114122,168.4613800048828,72840300
2014-11-21,170.14940391683788,170.3132902664267,168.78912345816937,169.36273193359375,142327300
2014-11-24,169.76426571286387,169.94454445022305,169.55121470676988,169.8380126953125,65880800
2014-11-25,170.06747347396438,170.27233455974977,169.46109266242578,169.71511840820312,79108300
2014-11-26,169.86258832275414,170.24772810976395,169.64953732506373,170.14939880371094,62167800
2014-11-28,170.02649471542804,170.3378750329878,169.55121554220537,169.78884887695312,57890100
2014-12-01,169.13331536404598,169.24803707732306,168.29749109748255,168.60887145996094,103968400
2014-12-02,168.64978202442651,169.9035304510674,168.6251997026276,169.69866943359375,74507200
2014-12-03,169.87079420282367,170.56731430766314,169.70690785484538,170.35426330566406,68952000
2014-12-04,170.06742968598317,170.66563290513906,169.37909961586632,170.165771484375,91316600
2014-12-05,170.3378194756,170.82949087477084,170.0756038987725,170.44435119628906,91025500
2014-12-08,170.05108672735784,170.54274581116482,168.74816077150885,169.30538940429688,108588200
2014-12-09,167.46979040238645,169.29715978829483,167.09285311017462,169.1906280517578,125180100
2014-12-10,168.73175829411525,168.78911288620185,166.28980557440164,166.47828674316406,159856400
2014-12-11,167.06830093831533,168.96121519200952,166.92899691355507,167.32232666015625,159012800
2014-12-12,166.0521607965465,167.01911138815058,164.5853612808096,164.61813354492188,202330200
2014-12-15,165.51137916585503,165.96207609410263,162.88915954295462,163.4873504638672,189965800
2014-12-16,162.7252346227588,165.85550503958038,162.13523378436992,162.17620849609375,259543800
2014-12-17,162.6105360899907,165.8063639999519,162.48761193731326,165.3556671142578,253910100
2014-12-18,167.77299584682268,174.5170175424843,167.10104565775663,169.4446563720703,257633900
2014-12-19,170.09149808917738,170.83307591675046,169.41585170164282,170.16566467285156,245084600
2014-12-22,170.35519849075743,170.94845581054688,170.11625356296958,170.94845581054688,148318900
2014-12-23,171.52518751296392,171.57462351516708,170.89072948163678,171.1791229248047,122167900
2014-12-24,171.4016246915783,171.66528760272422,171.1544320686209,171.1956329345703,42963400
2014-12-26,171.6405609325497,172.0855101459579,171.59112492500176,171.7476806640625,57326700
2014-12-29,171.5664252761834,172.18440058212315,171.50050640148774,171.97840881347656,79643900
2014-12-30,171.55817763276545,171.6900027998129,170.98139066438497,171.05555725097656,73540800
2014-12-31,171.37685241689863,171.54164325577312,169.23453379332477,169.35812377929688,130333800
2015-01-02,170.05029571624917,170.4622791732047,168.23755844745486,169.26751708984375,121465900
2015-01-05,168.2293645019027,168.3941554104928,165.90578377347907,166.2106475830078,169632600
2015-01-06,166.5154919065633,167.0345951519791,163.85408195469216,164.6450958251953,209151400
2015-01-07,165.9634319564337,167.0345915730801,165.51849530756698,166.69676208496094,125346700
2015-01-08,168.0974730491747,169.8690093256582,168.08100276449525,169.65476989746094,147217800
2015-01-09,170.06676614689192,170.0832490055506,167.68550226657175,168.2952423095703,158567300
2015-01-12,168.4270726875914,168.5836284061777,166.37539063350323,166.9768829345703,144396100
2015-01-13,168.18810419723846,169.3086995814917,165.21358345782082,166.50721740722656,214553300
2015-01-14,164.50503887961486,165.6998013228197,163.6151654085837,165.50204467773438,192991100
2015-01-15,166.13643959644816,166.44953844924805,163.87053076429905,163.9858856201172,176613900
2015-01-16,163.77991338204083,166.293015081969,163.59863964809597,166.13645935058594,211879600
2015-01-20,166.7709600459013,167.03463559081746,164.93351666845658,166.49081420898438,130991100
2015-01-21,166.0293228645679,167.8090943057838,165.56790343300892,167.33119201660156,122942700
2015-01-22,168.08102454992158,169.95142049511813,166.71323638005796,169.81959533691406,174356000
2015-01-23,169.56413505878655,169.81957534719535,168.75665105410798,168.88848876953125,117516800
2015-01-26,168.6742539205843,169.3746181767097,167.96564194967536,169.2839813232422,92009700
2015-01-27,167.24051894889425,168.18807560691968,166.22704344738466,167.05101013183594,134044600
2015-01-28,168.22932283050397,168.3281948366188,164.71922831331804,164.9087371826172,168514300
2015-01-29,165.1065029059678,166.68851795505324,163.70574902054628,166.43309020996094,173585400
2015-01-30,165.26300014063574,166.58133926184658,164.0764861306325,164.34014892578125,197729700
2015-02-02,164.83462798465027,166.46607939270476,163.03013794612085,166.3754425048828,163107000
2015-02-03,167.26527603406157,168.7896197856342,166.89449345395215,168.7813720703125,124212900
2015-02-04,168.02328652331434,169.22628342706494,167.68545716173728,168.13864135742188,134306700
2015-02-05,168.79780510275475,169.98431906706105,168.72365112316885,169.83599853515625,97953200
2015-02-06,170.19861139612718,170.7589154606612,168.84730609932362,169.3664093017578,125672000
2015-02-09,168.72373806397397,169.44058538148425,168.20463479392058,168.60838317871094,87219000
2015-02-10,169.63830363592191,170.66001451068226,168.64953333130174,170.4045867919922,96164200
2015-02-11,170.23983134662117,170.93196064564754,169.5971380585625,170.5034942626953,91087800
2015-02-12,171.2944579002742,172.20082641122664,170.53640995144835,172.1431427001953,97545900
2015-02-13,172.26676666191346,172.90121212565114,172.0113263605628,172.85177612304688,93670400
2015-02-17,172.53868091400219,173.29674160106663,172.29150087771853,173.1237030029297,76968200
2015-02-18,172.75294746480677,173.21436703520834,172.48927195443994,173.1402130126953,80652900
2015-02-19,172.54688600169723,173.37908792130824,172.4068131581628,173.01654052734375,91462500
2015-02-20,172.60458920743812,174.1289330590768,171.98661400910962,174.05477905273438,140896400
2015-02-23,173.80756998498592,174.03004455566406,173.42853970059855,174.03004455566406,74411100
2015-02-24,173.9559205595038,174.72221645817518,173.65929191691157,174.5244598388672,72472300
2015-02-25,174.40086241395255,174.87876479412583,174.03831491363218,174.3761444091797,73061700
2015-02-26,174.28549036653706,174.44204609650325,173.56863058052016,174.17013549804688,72697900
2015-02-27,174.0712310836819,174.33490650889712,173.52742252146405,173.5768585205078,108076000
2015-03-02,173.67575445825463,174.73043115902072,173.62631845239653,174.67276000976562,87491400
2015-03-03,174.2442955672373,174.72219791696278,173.09898198568862,173.95590209960938,110325800
2015-03-04,173.36265283818838,173.43681942392635,172.25854006884833,173.2225799560547,114497200
2015-03-05,173.5438887354121,173.6922093018008,172.90944333224982,173.4120635986328,76873000
2015-03-06,172.55511338885043,172.9835796145296,170.64351708758176,170.9730987548828,188128000
2015-03-09,171.17090718432462,172.03606246641996,171.0143514444442,171.6817626953125,89818900
2015-03-10,170.32221566618426,170.40460481846046,168.85554291190695,168.89674377441406,157121300
2015-03-11,169.15216429988467,169.32520288593318,168.41883424041714,168.50123596191406,110145700
2015-03-12,169.12741574830258,170.7094304479297,169.0779797534291,170.64352416992188,93993500
2015-03-13,170.3716684808634,171.32746069254085,168.5671786505692,169.59713745117188,162410900
2015-03-16,170.32223797593045,171.9536892484566,169.62186093978443,171.86305236816406,136099200
2015-03-17,171.12971349315757,171.73120590124896,170.54469137319978,171.35218811035156,94510400
2015-03-18,170.88247940984445,174.07947471554192,170.2480214339462,173.4120635986328,228808500
2015-03-19,173.00010882563075,173.4203274499487,172.2338130133591,172.62107849121094,117917300
2015-03-20,173.56541124859362,174.64962400770247,173.38332836688056,174.14476013183594,177715100
2015-03-23,174.15302924625576,174.72410621804497,173.805419921875,173.805419921875,71784500
2015-03-24,173.68128487019177,174.13647945569306,172.7625985389774,172.8288116455078,77805300
2015-03-25,173.03573424078624,173.26747381444505,170.25484672802094,170.2962188720703,159521700
2015-03-26,169.6340571728368,170.80102655997086,168.9388260518897,169.890625,153067200
2015-03-27,169.77479920123068,170.45346143952418,169.5844317850146,170.2796630859375,118939000
2015-03-30,171.30595823876573,172.65502362744044,171.2894144315767,172.35707092285156,96180400
2015-03-31,171.53771597981955,172.23294745000203,170.79284045395625,170.85076904296875,126768700
2015-04-01,170.81764381892094,170.84247215756182,169.26166724350648,170.24656677246094,137303600
2015-04-02,170.18036433094065,171.30596205906053,169.99828141691677,170.85903930664062,86900900
2015-04-06,169.9734029747544,172.52255039083195,169.84098940901742,172.00941467285156,114368200
2015-04-07,172.03429588521888,172.7791713582683,171.521160009512,171.55426025390625,81236300
2015-04-08,171.7777246639366,172.57225680282082,171.3887304982197,172.13360595703125,89351900
2015-04-09,171.96806125782373,173.12675909960655,171.47975378370523,172.89501953125,85548900
2015-04-10,173.14334319558077,173.87994679029248,172.94471646460497,173.83856201171875,72722900
2015-04-13,173.69785396671355,174.32687225591252,173.0026351902037,173.0522918701172,74436600
2015-04-14,172.85362386603953,173.5653989088068,172.23289025765612,173.38331604003906,75099900
2015-04-15,173.846819433349,174.66617982856766,173.76404988910943,174.16131591796875,99529300
2015-04-16,173.8302523325971,174.61651243919104,173.63161301592615,174.1116485595703,68934900
2015-04-17,172.9281070316124,173.1681184676077,171.33074599599726,172.10873413085938,191113200
2015-04-20,173.0274735235105,174.01237316154683,172.94471659516188,173.6813201904297,92189500
2015-04-21,174.35996932831137,174.51722389775097,173.17644304903084,173.47439575195312,72559800
2015-04-22,173.81374049557195,174.50897196787125,172.89505394215035,174.32688903808594,78264600
2015-04-23,173.92955829895035,175.41104963662303,173.81368852635512,174.76548767089844,102585900
2015-04-24,175.17930503845338,175.43587291116663,174.7240978632245,175.1710205078125,61327400
2015-04-27,175.73382715305146,175.85796882521973,174.2523358446019,174.4427032470703,79358100
2015-04-28,174.41787405170209,175.04687956901284,173.25089182364948,174.99722290039062,86863500
2015-04-29,174.11166732473544,174.8730991774174,173.47438979417575,174.27720642089844,125684900
2015-04-30,173.70612282130784,174.0951169506686,171.83563718765157,172.53086853027344,161304900
2015-05-01,173.30888481507532,174.4427672284767,173.20957144091497,174.40138244628906,103399700
2015-05-04,174.8233905609093,175.47723696146258,174.71580533499838,174.89788818359375,70927200
2015-05-05,174.6579072601889,175.01380114443174,172.75432140966632,172.89501953125,113326200
2015-05-06,173.44123586592173,173.74746038938505,171.12382798568237,172.18321228027344,135060200
2015-05-07,172.0839485085861,173.29231577668872,171.75289555700596,172.87020874023438,88244900
2015-05-08,174.53380618949348,175.34489486749254,174.4510366263077,175.14625549316406,155877300
2015-05-11,175.10483211158484,175.36967190434544,174.2358024678275,174.31028747558594,75708100
2015-05-12,173.48262434692913,174.3268255659375,172.6632514612277,173.78884887695312,119727600
2015-05-13,174.1944286578797,174.81516235263751,173.59025139772936,173.82199096679688,94667900
2015-05-14,174.8317049590112,175.7255629242263,174.5585806394573,175.634521484375,95934000
2015-05-15,175.82489013671875,175.96558825870497,175.34485456407552,175.82489013671875,76510100
2015-05-18,175.6593491846397,176.61940762185802,175.59313608054563,176.37112426757812,74549700
2015-05-19,176.48701289972237,176.76013724747122,176.0318056534743,176.31320190429688,72114600
2015-05-20,176.412541990653,176.93396242708732,175.87457774556415,176.1890869140625,76857500
2015-05-21,176.04839067438408,176.90913600162264,175.88285155515285,176.7022247314453,64764600
2015-05-22,176.32143194885973,176.7352543237789,176.21384671900327,176.28005981445312,57433500
2015-05-26,175.79177471205736,176.21388170073925,173.97095842671845,174.38478088378906,124308600
2015-05-27,174.83995667852528,176.27177858648724,174.43440619711916,176.0400390625,93214000
2015-05-28,175.73384804161094,175.94903117523288,175.15449912119854,175.84144592285156,74974600
2015-05-29,175.7752313862801,175.81660352901272,174.48410733731347,174.7489471435547,124919600
2015-06-01,175.41105243570655,175.74210532587335,174.31855516621133,175.10482788085938,93338800
2015-06-02,174.6496187981613,175.61796175173745,174.02888516416186,174.93101501464844,91531000
2015-06-03,175.46074436711126,176.0152650154497,174.90622371877285,175.39453125,87820900
2015-06-04,174.69105910126686,175.34489318023878,173.5985614962661,173.91307067871094,151882800
2015-06-05,173.7640518137594,174.28547216475346,172.96123521540898,173.61508178710938,121704700
2015-06-08,173.50748019391892,173.65646284624262,172.47292404588495,172.5474090576172,89063300
2015-06-09,172.5225830078125,173.06055978923862,171.89357740785732,172.5225830078125,105034700
2015-06-10,173.28402474351776,174.9724275682748,173.22609616215163,174.59170532226562,134551300
2015-06-11,175.0303409262258,175.53520482329432,174.79860136319687,175.1544952392578,73876400
2015-06-12,174.33509517706824,175.03031375824406,173.54055063511223,173.8136749267578,135382400
2015-06-15,172.67985349324155,173.35024392727638,171.97635018681504,173.06884765625,124384200
2015-06-16,172.9198318415462,174.09509863781517,172.74603349581696,174.0123291015625,85308200
2015-06-17,174.2937469482422,174.8979368543779,173.27574719606432,174.2937469482422,126708600
2015-06-18,174.88957786213487,176.56969538460768,174.32678559773314,176.10621643066406,165867900
2015-06-19,175.8650869624881,175.93993427775777,174.9502441415673,175.32449340820312,130478700
2015-06-22,176.23940003436905,176.80493020819955,176.0148453169754,176.22276306152344,70696000
2015-06-23,176.4305995037729,176.6801032203133,175.95655386360374,176.34742736816406,68476800
2015-06-24,176.08135086351967,176.45560020261894,175.04176231586064,175.06671142578125,92307300
2015-06-25,175.56573082290518,175.69047638090552,174.45960701090294,174.53445434570312,97107400
2015-06-26,174.89206382419744,175.13325548603285,173.95228435891167,174.50119018554688,104174800
2015-06-29,173.02911037205925,174.50948336281797,170.7669648083695,170.84181213378906,202621300
2015-06-30,172.3720785092808,172.42198941511714,170.7253739447675,171.19943237304688,182925100
2015-07-01,172.76295124025881,173.01245498872441,171.789898042502,172.57167053222656,135979900
2015-07-02,173.04571305074688,173.21204463770462,171.9977999413686,172.41363525390625,104373700
2015-07-06,171.13287379186576,172.69640598984356,170.93326826667652,171.92295837402344,117975400
2015-07-07,172.12261180127717,173.12892646473392,169.75234470486708,173.00418090820312,173820200
2015-07-08,171.67346540118666,171.95623039521413,169.86874149419305,170.1016082763672,164020100
2015-07-09,172.18913801615184,172.44696665569074,170.30125420507525,170.40936279296875,144113100
2015-07-10,172.39707996323096,172.9709349968492,170.45097282423293,172.5550994873047,129456900
2015-07-13,173.81092289415986,174.56773384227606,173.7693368070499,174.45962524414062,106069400
2015-07-14,174.4179728969849,175.52409640438327,174.359749859091,175.21636962890625,81709600
2015-07-15,175.25795376645004,175.71537516525748,174.68409898342682,175.1581573486328,97914100
2015-07-16,176.20608041745504,176.56370544433594,175.96490148001948,176.56370544433594,106683300
2015-07-17,176.5553594498472,176.77160194399303,176.14784894679494,176.71337890625,89030000
2015-07-20,176.93795623306366,177.29556857265433,176.48885960120506,176.8048858642578,70446800
2015-07-21,176.67174624097055,176.9295747383226,175.80681456335947,176.10621643066406,77965000
2015-07-22,175.42430027659478,176.12291333158248,175.3910390312564,175.7902374267578,88667900
2015-07-23,175.92329760142377,176.0230940219481,174.44292480897113,174.800537109375,90509100
2015-07-24,174.90033274412136,174.95854308817965,172.6548246233276,172.98748779296875,117755000
2015-07-27,172.1059746773746,172.61329442396672,171.54043187759277,171.98121643066406,132361100
2015-07-28,172.8128479541322,174.2350104248588,171.98950208870576,174.0936279296875,123544800
2015-07-29,174.21839731668058,175.51580174678963,174.0770148021471,175.291259765625,105791300
2015-07-30,174.78393420524174,175.4991715837956,174.16849325941527,175.3328399658203,91304400
2015-07-31,175.83184707402353,175.85679618394414,174.78394638648757,175.06671142578125,103266900
2015-08-03,175.0334421513048,175.09165250835423,173.52810734346542,174.47621154785156,113965700
2015-08-04,174.40136670830458,174.85878819288368,173.65286805374927,174.13523864746094,81820800
2015-08-05,175.02510217498823,175.74033950870202,174.42629823558653,174.70907592773438,85786800
2015-08-06,174.8919946629343,175.0001158955032,172.69638491494072,173.278564453125,116030800
2015-08-07,173.1205487372491,173.27024334837387,172.04768659637824,172.94589233398438,117858000
2015-08-10,174.0520309536673,175.20805263850974,174.0520309536673,175.12489318847656,80270700
2015-08-11,173.79419669743962,174.21003197447033,172.78786974329964,173.54469299316406,126081400
2015-08-12,172.24736322543484,173.9356541628801,170.79193912830678,173.752685546875,172123700
2015-08-13,173.59464834728124,174.2766245174708,172.99584433599424,173.53643798828125,89383300
2015-08-14,173.34515930826663,174.24336540161238,173.20377677833594,174.16851806640625,72786500
2015-08-17,173.5780232663594,175.1415557861328,173.12060177508673,175.1415557861328,79072600
2015-08-18,174.86709837687528,175.21639859111397,174.40136475789032,174.6342315673828,71692700
2015-08-19,173.89407010012215,174.6592058258124,172.44697081708915,173.25369262695312,172946000
2015-08-20,171.74834848098652,173.22872162889385,169.57768698136883,169.6359100341797,194327900
2015-08-21,167.7729763340102,169.6109747078585,164.27164875894206,164.5294647216797,346588500
2015-08-24,155.92992443127537,164.23830555387377,151.69671145793896,157.60157775878906,507244300
2015-08-25,162.53337032001124,162.55000728437562,155.45585847209603,155.7469482421875,369833100
2015-08-26,159.74731938075684,162.00114000948767,156.66181531070703,161.72669982910156,339257000
2015-08-27,163.85579140320547,165.85179633033704,162.35046922286938,165.72705078125,274143900
2015-08-28,165.086679769256,166.20111577089492,164.60430910654108,165.73538208007812,160414400
2015-08-31,164.76226889448333,165.61057648973326,163.84742612604842,164.39633178710938,163298800
2015-09-01,160.61226520831102,161.9845296798491,158.62457244980104,159.48951721191406,256000400
2015-09-02,161.85975766743235,162.5583707436198,160.030084551383,162.51678466796875,160269300
2015-09-03,163.22368832369426,164.7123859952052,162.142526557246,162.63320922851562,152087800
2015-09-04,160.38773608328512,161.22771911300313,159.35645961201206,160.17149353027344,207081000
2015-09-08,162.95758069865377,164.34646942985552,162.3171906210565,164.19676208496094,116025700
2015-09-09,165.76859346144022,165.89333897786784,161.63518947998506,162.00111389160156,149347700
2015-09-10,161.8098737348888,164.02212117578753,161.55205780950018,162.8827362060547,158611100
2015-09-11,162.49182165376186,163.68942946439893,161.78489649906183,163.62289428710938,119691200
2015-09-14,163.79761144375988,163.84750967652144,162.53346788919643,163.01583862304688,79452000
2015-09-15,163.51480958246202,165.49419030577366,162.97422859531255,165.05340576171875,113806200
2015-09-16,165.3527809302056,166.6751343476377,165.01179288461722,166.4838409423828,99581600
2015-09-17,166.35074967545955,168.73764013196967,165.73530888992636,166.10955810546875,276046600
2015-09-18,163.61247780284123,166.09536955900396,162.98548197154713,163.39511108398438,223657500
2015-09-21,164.22279374688873,165.2594189656685,163.1945238824885,164.23951721191406,105726200
2015-09-22,162.08260246227937,162.56748075732094,160.97908370330285,162.10768127441406,153890900
2015-09-23,162.27489386503237,162.74304874679908,161.2717030103517,161.84854125976562,92790600
2015-09-24,160.6362946995667,161.7230898073771,159.30706686497084,161.26329040527344,159378800
2015-09-25,162.71796688143738,163.01892540782544,160.3521009460491,161.22154235839844,155054800
2015-09-28,160.3270263658649,160.4357097343446,156.86600959913372,157.17532348632812,178515900
2015-09-29,157.39266450039486,158.62157725173503,156.27242234351033,157.2672576904297,159045600
2015-09-30,159.14828356626737,160.36884126163397,158.37081473254347,160.20164489746094,163452000
2015-10-01,160.57778086514307,160.92054157724473,158.6884384077522,160.6195831298828,131079000
2015-10-02,158.64671796087103,163.04404549533024,158.10331375152828,163.0189666748047,211003300
2015-10-05,164.23947085628345,166.1455371306783,164.13078749869322,165.91981506347656,126320800
2015-10-06,165.78605429593955,166.3461690364086,164.6909036275402,165.35133361816406,110274500
2015-10-07,166.2793230608517,167.05680468250551,165.09221224373042,166.7056884765625,124307300
2015-10-08,166.32113885633336,168.49473012450835,166.02018026160553,168.2104949951172,153055200
2015-10-09,168.35257803347145,168.78728599294183,167.68377987609506,168.31077575683594,107069200
2015-10-12,168.38604569865194,168.67028082629506,167.95969300718727,168.4696502685547,56395600
2015-10-13,167.7422906453634,169.00465049927638,167.2407016011464,167.40789794921875,88038700
2015-10-14,167.34936598496148,167.926204207173,166.31274101172406,166.60533142089844,99106200
2015-10-15,167.26575659835083,169.17182275874816,166.89791703121068,169.16346740722656,134142200
2015-10-16,169.56476231562704,169.94931263384134,168.80400427550015,169.93260192871094,114580100
2015-10-19,169.28889366911423,170.01620483398438,168.9795797725629,170.01620483398438,76523900
2015-10-20,169.58150464532827,170.40913111058862,169.33070372156925,169.79885864257812,78448500
2015-10-21,170.21678285015102,170.36725568604433,168.578228573843,168.7454376220703,102038000
2015-10-22,169.69009517772707,171.8051594337865,168.7454304280649,171.59616088867188,174911700
2015-10-23,173.25987988418584,173.8450735496707,172.46568756986602,173.47723388671875,144442300
2015-10-26,173.30164315856112,173.36015613380692,172.68300270499742,173.05084228515625,69033000
2015-10-27,172.38205574263753,173.05085386438054,172.03929495125809,172.71646118164062,77905800
2015-10-28,173.05084371720903,174.7061090853593,172.39041374283119,174.6810302734375,135906700
2015-10-29,174.1794756854417,174.94858916758312,174.06243695459986,174.58074951171875,90525500
2015-10-30,174.77300119377614,175.0906831731745,173.66949513082187,173.8283233642578,131076900
2015-11-02,174.15437055226596,176.07714758893806,174.02896373057234,175.88487243652344,86270800
2015-11-03,175.5337934948954,176.94662646070492,175.30807137302392,176.39486694335938,95246100
2015-11-04,176.68742605670448,176.8128201174033,175.3247510678855,175.8597869873047,96224500
2015-11-05,175.9183273318255,176.37812688635816,174.79809769442923,175.6842498779297,78408700
2015-11-06,175.34149700270723,175.82637535999683,174.2714250267109,175.59228515625,110471500
2015-11-09,174.98202035351434,175.13250600846715,173.00907266992726,173.95375061035156,131008700
2015-11-10,173.47724457347127,174.38848843328879,173.20973291974082,174.35504150390625,75874600
2015-11-11,174.62257383565452,174.67273147573775,173.60265929974028,173.66954040527344,67846000
2015-11-12,172.6328557922242,173.10101064828578,171.22839122403954,171.24510192871094,121315200
2015-11-13,170.83542589560682,171.10293741578366,169.23867385580832,169.322265625,153577100
2015-11-16,169.13838458610218,171.9556814897679,169.0213331300039,171.89715576171875,117645200
2015-11-17,172.2065714486549,173.0843557734681,171.27861672115768,171.7718505859375,121123700
2015-11-18,172.2483040638369,174.6392488842945,172.20651454314515,174.49713134765625,121342500
2015-11-19,174.38006807423167,174.76463110931041,174.05403076990362,174.3466339111328,88220500
2015-11-20,175.09904860954077,175.65916340382003,174.60581490721088,174.9820098876953,94011500
2015-11-23,175.0405130367167,175.5421020272082,174.32155733637617,174.78135681152344,64931200
2015-11-24,173.7781912351542,175.41674624331006,173.39364086749754,175.01547241210938,98874400
2015-11-25,175.14084458837866,175.3414878570116,174.7312026985185,174.99037170410156,51980100
2015-11-27,175.08231090258715,175.39163752221893,174.60580070108003,175.1909942626953,37317800
2015-11-30,175.34985149569619,175.46689021886348,174.35501597064206,174.4636993408203,112822700
2015-12-01,175.09067912625167,176.24435554581143,174.8147994278238,176.12730407714844,97858400
2015-12-02,176.0771817386264,176.39486377434818,174.0791551189211,174.3299560546875,108441300
2015-12-03,174.58074318982835,174.84825481223766,171.1698838993245,171.8888397216797,166224200
2015-12-04,171.88878686652546,175.53372248943268,171.88878686652546,175.24111938476562,192913900
2015-12-07,174.91510977830603,175.33310699034556,173.21804211792656,174.179443359375,102027100
2015-12-08,172.6245438339615,174.12932403349623,172.03098200607715,173.00909423828125,103372400
2015-12-09,172.37371691936968,174.4553351681212,170.69335972337288,171.66311645507812,162401500
2015-12-10,171.72997570891886,173.41031993494747,171.49589828707198,172.10617065429688,116128900
2015-12-11,169.99945100772518,170.65988091139582,168.4612117557226,168.77053833007812,211173300
2015-12-14,168.92944195314212,169.74871312337578,167.15712465335616,169.62330627441406,182385200
2015-12-15,171.12811191846671,172.30686750269817,169.59824009225994,171.40399169921875,154069600
2015-12-16,172.5241572691842,174.2128694997998,171.21165271708713,173.9119110107422,197017000
2015-12-17,174.2212403367473,174.28812142428936,171.24510210057215,171.26182556152344,173092500
2015-12-18,170.5234828257022,170.65802826719286,168.05102908372263,168.2108154296875,251393500
2015-12-21,169.37974112973552,169.77499798712034,168.2696547646083,169.598388671875,99094300
2015-12-22,170.4814497822374,171.4317500462609,169.49751636233177,171.1374053955078,111026200
2015-12-23,172.13808532723647,173.29862758839346,172.0455781494315,173.25657653808594,110987200
2015-12-24,173.0043338492044,173.51732601630175,172.75204030548423,172.97068786621094,48539600
2015-12-28,172.28109485418102,172.61747768253213,171.5074040832276,172.575439453125,65899900
2015-12-29,173.6686365292952,174.74507664683293,173.63500338970022,174.41709899902344,92640700
2015-12-30,174.1732746058439,174.25737672780107,173.03796012033254,173.18092346191406,63317700
2015-12-31,172.5081470546671,173.1472795122561,171.44851684570312,171.44851684570312,114877900
2016-01-04,168.6060143947127,169.06013237206923,167.0081643163703,169.05172729492188,222353500
2016-01-05,169.3713101473091,169.79179504125196,168.23600863297176,169.33767700195312,110845800
2016-01-06,166.79792443266626,168.24439331908383,166.17561507765387,167.20159912109375,152112600
2016-01-07,164.26662582004272,166.0410725383736,162.80333380862086,163.190185546875,213436100
2016-01-08,164.14891619534833,164.70395940691208,161.11301435487553,161.39894104003906,209817200
2016-01-11,162.31558354036966,162.65197917431388,159.63290054068452,161.5587158203125,187941300
2016-01-12,162.99680192411364,163.61070639481204,160.74299578460875,162.86224365234375,172330500
2016-01-13,163.52656949568546,163.87137018171097,158.4218896556032,158.80032348632812,221168900
2016-01-14,159.40584897331868,162.5258401527385,157.8164163570412,161.4073486328125,240795600
2016-01-15,157.06796280692814,158.74148481243708,156.01675035836897,157.94256591796875,324846400
2016-01-19,159.75068289104368,159.8768232708393,156.58862716085858,158.15283203125,195244400
2016-01-20,155.60465563792062,157.68185226499943,152.232371043732,156.1260528564453,286547800
2016-01-21,156.59697899195075,158.83394872018695,155.27665035705797,157.00064086914062,195772900
2016-01-22,159.59923539326783,160.4233821411335,158.8423677641108,160.2215576171875,168319600
2016-01-25,159.71698596011285,159.91040542483697,157.60615634093995,157.79957580566406,130371700
2016-01-26,158.45557374176562,160.2300210433145,158.11919085790737,159.95249938964844,141036800
2016-01-27,159.43101219351783,161.09612834464914,157.31176528978338,158.21160888671875,185681700
2016-01-28,159.75065722654782,159.952481801797,157.39593880190375,159.03582763671875,143798800
2016-01-29,159.80108819422082,163.0472322006176,159.68335293314658,162.9126739501953,210529300
2016-02-01,161.91192342078782,163.63591417149198,161.3316521739096,162.8538055419922,136061600
2016-02-02,161.43255607374383,161.44096115151413,159.3973980215029,159.91880798339844,182564900
2016-02-03,160.97002488710882,161.28117959209968,157.34544727362672,160.8775177001953,205054900
2016-02-04,160.38138953068196,162.0969626330107,159.75066204961968,161.12985229492188,139531800
2016-02-05,160.61688963131533,161.18874315984968,157.42960565491248,158.06033325195312,180788300
2016-02-08,156.22700761015,156.5213394242484,153.72932556978992,155.9326629638672,191526700
2016-02-09,154.2002088682213,157.2108820153618,154.0656506328656,155.94100952148438,184513100
2016-02-10,156.76520850756006,158.3882743210522,155.68035010646386,155.80650329589844,148214100
2016-02-11,153.34241627195277,154.82253119760546,152.29120411779243,153.77972412109375,219058900
2016-02-12,155.54583779834172,156.96706651074825,154.7048676850622,156.95025634765625,127632400
2016-02-16,158.74989866451398,159.62450175318617,157.7911934492347,159.59927368164062,120250700
2016-02-17,160.75982939154645,162.57632768383354,160.63367619136366,162.206298828125,136009500
2016-02-18,162.4753623648004,162.5342364100918,161.23073065709553,161.54188537597656,102343000
2016-02-19,160.76818011475066,161.61755491385702,160.1626808887134,161.4661865234375,114793000
2016-02-22,163.0387916416724,163.94704045758385,162.97151252580716,163.8040771484375,103640300
2016-02-23,163.14817495940142,163.41729151053508,161.61760344724144,161.7353515625,111455300
2016-02-24,160.31413164197713,162.75293975913436,159.2124628821816,162.4754180908203,150812200
2016-02-25,162.92111417848423,164.4516857348463,162.16424631288385,164.44326782226562,110728300
2016-02-26,165.30946406219283,165.40195843490505,163.90503299728428,164.0648193359375,129833700
2016-02-29,164.08162778086034,165.02350990560976,162.5847024759486,162.7781219482422,125918100
2016-03-01,163.99752628868575,166.6886400819756,163.52658522451452,166.6045379638672,141799700
2016-03-02,166.2933794558025,167.4034529630207,165.8812996179015,167.35299682617188,102415000
2016-03-03,167.17640731481302,168.0257951596379,166.6045539198895,168.00897216796875,95172200
2016-03-04,168.20235150334435,169.32926069685254,167.3782047588692,168.55555725097656,129293600
2016-03-07,167.63892745402748,169.09381453920702,167.56324324696448,168.6901397705078,100219000
2016-03-08,167.62210744243106,168.12668162537113,166.68863044698392,166.84840393066406,123974900
2016-03-09,167.65576917113228,168.01738008894603,166.8736604475755,167.67259216308594,94801200
2016-03-10,168.16036284896478,169.09384004006324,165.9906587606769,167.80714416503906,156838700
2016-03-11,169.25363580654263,170.55714201334786,167.79035606156657,170.5150909423828,137964500
2016-03-14,170.01047529591776,170.7505200699857,169.6824975535446,170.29640197753906,73612000
2016-03-15,169.33770678601047,170.32164007103475,169.07700815906168,170.01889038085938,93169100
2016-03-16,169.5395282788217,171.40648238765817,169.49747721954162,171.0028076171875,129303200
2016-03-17,170.91872933889795,172.5922512492663,170.5234724541356,172.08767700195312,134278500
2016-03-18,172.5863805581569,173.10201849920114,172.27362100155082,172.76390075683594,138372400
2016-03-21,172.50190223463002,173.23731560878278,172.2736656053394,173.0090789794922,72926700
2016-03-22,172.23982817229395,173.48243106046039,172.07923060372747,172.91607666015625,97471900
2016-03-23,172.53570440818353,172.72167307934697,171.6058610523664,171.77493286132812,81052500
2016-03-24,170.75208193230722,171.73264153802145,170.53230666828148,171.69882202148438,84360900
2016-03-28,172.11299145548446,172.32431824559737,171.3522201704235,171.80023193359375,62408200
2016-03-29,171.39447884002064,173.49929835753773,171.09016773987798,173.389404296875,92922900
2016-03-30,174.38687724392875,174.86869563885705,173.78670345904297,174.1501922607422,86365300
2016-03-31,174.05720835400936,174.47986195329642,173.56692863103262,173.7275390625,94584100
2016-04-01,172.7385622989475,175.09696413244765,172.4257898082557,174.91099548339844,114423500
2016-04-04,174.8348995022013,175.03777788495927,174.04030862602207,174.34461975097656,63497000
2016-04-05,173.0090306052794,174.3530660161623,172.34969199245515,172.60328674316406,99662200
2016-04-06,172.60334068711117,174.5475505190194,172.42582043662486,174.48837280273438,91839800
2016-04-07,173.40630819701744,173.76133565213593,171.67342596022496,172.400390625,113859000
2016-04-08,173.5754115375483,174.00652654940822,172.33280867695225,172.8653564453125,95040600
2016-04-11,173.49933441929358,174.19249264083268,172.3666256604711,172.45960998535156,83757500
2016-04-12,172.62865402950032,174.3446267787749,172.18909063165515,174.065673828125,115350600
2016-04-13,174.97863666827863,175.90847999349575,174.84338438490744,175.82394409179688,96336400
2016-04-14,175.8831114792108,176.33112335551004,175.48581598160706,175.83238220214844,65212900
2016-04-15,175.83234123349203,175.96759347741101,175.31670333961935,175.63792419433594,75761600
2016-04-18,175.6379162149449,176.90587692276193,174.97857767874913,176.8720703125,82531000
2016-04-19,177.29475331391956,177.6835874391158,176.61850491114927,177.42999267578125,88316100
2016-04-20,177.47225623087934,178.2922053029783,176.99888623015522,177.59906005859375,81100300
2016-04-21,177.61598874235912,177.72588283306285,176.3733858186248,176.64389038085938,85695000
2016-04-22,176.28886281670205,176.91438204472652,175.74786659060032,176.64389038085938,99251700
2016-04-25,176.04367588972843,176.3818065146266,175.43505366327625,176.33953857421875,66166500
2016-04-26,176.70302576233865,177.10878253811143,176.1282230108752,176.60159301757812,75864200
2016-04-27,176.22118295205223,177.35389143975695,175.86615549613123,176.96505737304688,77329400
2016-04-28,176.21273147612357,177.31162043566903,174.94477077046653,175.3589630126953,97216200
2016-04-29,174.7419313037964,175.08851040274934,173.313359860416,174.41226196289062,142424100
2016-05-02,174.91099343793363,175.97607604409657,174.47989133746998,175.79856872558594,62188000
2016-05-03,174.57286582903163,174.8095508392934,173.52468014189694,174.2685546875,106422100
2016-05-04,173.27952037985165,174.00648505761527,172.7976891046341,173.29641723632812,92243800
2016-05-05,173.76137777983067,174.11640532102402,172.839995858755,173.2626495361328,67619200
2016-05-06,172.493408466962,173.93888964948354,172.34125934162606,173.89662170410156,89315000
2016-05-09,173.769806865732,174.47140048943743,173.59228667889047,174.04029846191406,74374900
2016-05-10,174.7419824725848,176.22127072491284,174.6743563189597,176.20436096191406,77472200
2016-05-11,175.7478249814253,176.2803597523973,174.55593872070312,174.55593872070312,81727000
2016-05-12,175.22372960038683,175.39280136466272,173.60074127058297,174.60665893554688,89586300
2016-05-13,174.31081939665557,174.86026396777297,172.76390553077735,173.08511352539062,96474600
2016-05-16,173.25424105852412,175.26606425588082,173.19506333882882,174.79269409179688,77486800
2016-05-17,174.52215440321876,174.8095557954899,172.63710979883587,173.1612091064453,114924900
2016-05-18,172.81461861769614,174.3868906401381,172.12992179956848,173.2119140625,120062100
2016-05-19,172.49338236337454,172.89912620123482,171.41139019683777,172.61172485351562,115430500
2016-05-20,173.22031723308552,174.2177862482634,173.16960087438125,173.7021484375,104990400
2016-05-23,173.71911228682396,173.99806526563853,173.27956174296477,173.4655303955078,58682600
2016-05-24,174.2770453842593,176.02683809703316,174.2516871911787,175.7140655517578,93537800
2016-05-25,176.3902458986021,177.32008894643684,175.71399758184626,176.9058837890625,76621400
2016-05-26,177.04115514830409,177.26939172075558,176.64385970300023,176.9566192626953,55280700
2016-05-27,177.11721817510207,177.7258403964382,177.06650180638476,177.71739196777344,64211200
2016-05-31,177.98792534270186,178.09781943295886,176.82139699495033,177.37930297851562,109879400
2016-06-01,176.77068656293406,177.92030518970924,176.57626946455548,177.7427978515625,69936200
2016-06-02,177.3454608924536,178.30064929932263,176.8720909034982,178.28375244140625,63044700
2016-06-03,177.72592354205926,178.0978609511422,176.55094648974932,177.75128173828125,101757100
2016-06-06,178.10625841860303,179.01074348626975,177.94564795624228,178.6557159423828,64887000
2016-06-07,178.80782517233396,179.49252191834097,178.78246698902734,178.9346160888672,60974800
2016-06-08,179.06991718535417,179.6447329266397,178.94312623423025,179.51792907714844,66170900
2016-06-09,178.79094999932,179.39112388317923,178.52045835894236,179.2727813720703,73786900
2016-06-10,177.9033692622777,178.24148700246033,177.03269092949563,177.57369995117188,113829200
2016-06-13,176.97359394873342,177.8273499538067,176.11983794366014,176.20436096191406,117751200
2016-06-14,175.82390517781542,176.4494371761863,174.9109718146653,175.8577117919922,125059300
2016-06-15,175.8577586106169,176.97357065098475,175.4266564486757,175.6126251220703,109124500
2016-06-16,175.6126170167613,176.30577529439773,173.78674988863224,176.13670349121094,149533100
2016-06-17,176.03299949147097,176.05848954865775,174.8264225780127,175.48069763183594,117055700
2016-06-20,177.43503776949882,178.10629762797106,176.52584907431972,176.61082458496094,82789600
2016-06-21,176.99319416014075,177.52000603986713,176.5513448283531,177.11215209960938,72461700
2016-06-22,177.29056857800433,178.01282148859787,176.6787812330277,176.8232421875,95560500
2016-06-23,178.2762427665224,179.17692616715493,177.81740870098164,179.12594604492188,102731400
2016-06-24,173.02504824469295,179.15990572926566,172.25181530375218,172.69366455078125,333444400
2016-06-27,171.29167016429918,171.3001754944396,168.79354060616626,169.60076904296875,230775800
2016-06-28,171.19817759408187,172.6851580246095,170.89228395832714,172.65966796875,159382400
2016-06-29,174.0532345764532,175.8291115016937,173.9512743213602,175.59970092773438,137328600
2016-06-30,176.0670172955163,178.04681447145046,175.51470240011741,177.99583435058594,165021900
2016-07-01,177.99583369464284,178.85404227750905,177.83438800220492,178.3697052001953,106055300
2016-07-05,177.54550400441005,177.6559695836352,176.49188019805416,177.086669921875,109803700
2016-07-06,176.59379968060696,178.26771585187373,175.939524652718,178.1487579345703,96021500
2016-07-07,178.32724136980346,178.9900089584059,177.27361749327875,178.03834533691406,85593800
2016-07-08,179.32985951637392,180.9357980149797,179.10043602644689,180.6893768310547,133971000
2016-07-11,181.14819925492637,181.8959421041758,180.9442658509202,181.32662963867188,73633900
2016-07-12,182.28681824453608,182.94109330937678,181.3521395804779,182.64369201660156,101275600
2016-07-13,183.06004383663773,183.06853620035284,182.13387053950225,182.61819458007812,87324100
2016-07-14,183.87574847601795,184.10517194686253,183.24697647024917,183.63783264160156,91230900
2016-07-15,184.19869509879058,184.3941232431284,182.94963011045272,183.3914794921875,107155400
2016-07-18,183.51037539615245,184.04569248599302,183.25546187882645,183.88424682617188,58725900
2016-07-19,183.46790317859939,183.73130908147078,183.22149496910583,183.69732666015625,54345700
2016-07-20,183.69738453456006,184.70002834723914,183.69738453456006,184.4621124267578,58159500
2016-07-21,184.35163243052796,184.57255061947964,183.3234857396611,183.7653350830078,67777300
2016-07-22,183.88428332133688,184.64051869471388,183.6208773884837,184.58953857421875,62787500
2016-07-25,184.3855512610106,184.43653136661254,183.51035820700682,184.08815002441406,55873100
2016-07-26,183.9862667389897,184.53007636851208,183.33199152418422,184.17320251464844,70080500
2016-07-27,184.54702169940677,184.6149995044884,183.21298158488082,183.97772216796875,84083900
2016-07-28,183.78230340812408,184.47906627064395,183.32346937496968,184.19017028808594,65035700
2016-07-29,183.92681543713763,184.84448375826202,183.64641174134294,184.48760986328125,79519400
2016-08-01,184.5470357803996,184.9378919826407,183.88426833708508,184.33460998535156,73311400
2016-08-02,184.0881843732158,184.24113768399988,182.3208132105284,183.1535186767578,92295500
2016-08-03,183.09405309019246,183.74832822448334,182.79666473129126,183.6888427734375,53993600
2016-08-04,183.79927133191651,184.19863281712455,182.04888505995285,183.88424682617188,46585500
2016-08-05,183.88423384085706,185.4306865966664,183.88423384085706,185.38819885253906,71892200
2016-08-08,185.57517459706514,185.67714779806195,185.01438033607144,185.2777862548828,39906500
2016-08-09,185.3457240738509,185.88102816044992,185.06532052113752,185.38819885253906,51251700
2016-08-10,185.49869715161768,185.57516732528734,184.58101617125746,184.9293975830078,57941100
2016-08-11,185.4562139301453,186.0340188424602,185.1928080152213,185.78759765625,72504300
2016-08-12,185.4816834729981,185.83857018358276,185.22678291606667,185.6261444091797,61313500
2016-08-15,185.99159144064302,186.50991107431935,185.9830990735305,186.16152954101562,49813500
2016-08-16,185.74514932313355,185.81311417855213,185.2013397216797,185.2013397216797,53213600
2016-08-17,185.23534228265956,185.6856840500561,184.40263657611715,185.5497283935547,75134300
2016-08-18,185.52421510752194,186.00004688027445,185.4137624952037,185.966064453125,52989300
2016-08-19,185.498709461304,185.87258095575433,185.014385363815,185.6941375732422,75443000
2016-08-22,185.45624541430962,185.91509247631538,185.0908792033087,185.6856689453125,61368800
2016-08-23,186.2974251342365,186.59482643807337,186.00002383039967,186.05950927734375,53399200
2016-08-24,185.91509522657853,186.0085631135221,184.69152033038796,185.10787963867188,71728900
2016-08-25,184.72547889137803,185.3967517105413,184.57253853183752,184.9803924560547,69224800
2016-08-26,185.16735155854718,186.1869929804055,183.74834852693238,184.6320343017578,122506300
2016-08-29,184.7594733108918,185.80460465858852,184.72547792087752,185.54119873046875,70502200
2016-08-30,185.45628506828572,185.73668878492387,184.683064721074,185.23536682128906,58114500
2016-08-31,184.90395476022132,185.02291271590997,183.93529341662952,184.70852661132812,85269500
2016-09-01,184.69999754335961,185.00589124231146,183.56139826160006,184.7169952392578,97844200
2016-09-02,185.5667260919786,185.97458009603784,184.98042866808066,185.5497283935547,79293900
2016-09-06,185.83010051851176,186.18697433214592,185.11635289124345,186.11050415039062,56702100
2016-09-07,185.94907310831908,186.27196452176307,185.49023901619051,186.09352111816406,76554900
2016-09-08,185.76209274014715,186.0340039631219,185.36273123480345,185.6686248779297,74102900
2016-09-09,184.36009234743784,184.41107246165055,181.19919561183895,181.2246856689453,221589100
2016-09-12,180.46851826935722,184.22420602581997,180.40054043635772,183.82484436035156,168110900
2016-09-13,182.55025858479638,182.81366454014253,180.56195592304442,181.18223571777344,182828800
2016-09-14,181.2332310277172,182.4313159238154,180.56197105189648,181.11427307128906,134185500
2016-09-15,180.95281320717464,183.30648191855082,180.77436981654438,182.9241180419922,134427900
2016-09-16,182.31095052162055,182.4902953051473,181.53382454216947,182.21701049804688,155236400
2016-09-19,182.86602208219125,183.5065185723338,181.92662201760845,182.2511444091797,80250500
2016-09-20,183.1051341044178,183.25884700248145,182.2255199941184,182.25967407226562,69665300
2016-09-21,182.95995104852634,184.48859684581416,182.27675222741283,184.30926513671875,110284400
2016-09-22,185.31699021745638,185.76960670869244,185.0693373005467,185.470703125,76678700
2016-09-23,185.0778654450468,185.21450782267598,184.3605125088952,184.45445251464844,73630900
2016-09-26,183.62610686926803,183.80543861796872,182.7635631176334,182.95999145507812,89827300
2016-09-27,182.79770286955798,184.18970639548482,182.43047810181935,184.0957794189453,78494800
2016-09-28,184.31784825725526,185.16330848389094,183.36137747790448,185.00958251953125,87411000
2016-09-29,184.80458160763706,185.20596044958225,182.78915213586723,183.33570861816406,128070600
2016-09-30,184.1641333605662,185.41950784937663,183.9164803870787,184.71923828125,117202900
2016-10-03,184.3092983398103,184.49716534430019,183.6431699217955,184.27513122558594,83512100
2016-10-04,184.3861322416042,184.60816633315358,182.74646279471364,183.33570861816406,119948100
2016-10-05,183.959184145925,184.57406198303966,183.89086293836363,184.14706420898438,72816000
2016-10-06,183.9249899749344,184.49716534430019,183.3869817197929,184.27513122558594,62927400
2016-10-07,184.54841932786178,184.71921580924092,182.91728491417803,183.64317321777344,89788300
2016-10-10,184.59963989257812,185.06079165273607,184.45446224528888,184.59963989257812,51855000
2016-10-11,184.1726842375255,184.24100544553374,181.54237636842893,182.2682647705078,130367400
2016-10-12,182.40483593130497,183.02826182424138,181.9095171399416,182.50732421875,73866100
2016-10-13,181.1836120714625,182.40481886709594,180.3723192944624,181.9095001220703,101357000
2016-10-14,182.88307781127833,183.34424254419653,181.92660729994196,182.0034637451172,93346200
2016-10-17,181.97786565489582,182.23406686559122,181.19219149811556,181.3715362548828,58275700
2016-10-18,182.95994064292233,183.01971353224343,182.13156423696174,182.50732421875,76869700
2016-10-19,182.77207602266222,183.30154893374586,182.41339956377323,182.99411010742188,66519200
2016-10-20,182.6439938203751,183.2076339173306,181.99496200114302,182.6525421142578,73639800
2016-10-21,182.65253857722863,182.82333504941005,181.69605487732855,182.73793029785156,89089100
2016-10-24,183.60900043463656,183.8822852017601,183.1649192035282,183.5150604248047,60146600
2016-10-25,183.33569463099104,183.59189581303832,182.73790056016966,182.90016174316406,66542300
2016-10-26,182.08040340445953,183.11373075926912,181.84127265351864,182.53302001953125,75705500
2016-10-27,183.25032493308078,183.2844790136868,181.9693318999274,182.0461883544922,77220200
2016-10-28,182.02059647118577,182.69524716820135,180.79938918705093,181.50819396972656,140623200
2016-10-31,181.84121773548517,182.0632648590971,181.3544471778253,181.51670837402344,61272500
2016-11-01,181.84120744839947,181.89245811082677,178.9974146530381,180.2015380859375,122781800
2016-11-02,179.89413032457617,180.27843868899564,178.68145838977213,179.11700439453125,103330800
2016-11-03,179.3304897741683,179.5439886134976,178.02387791994784,178.29714965820312,88939300
2016-11-04,178.4081773824272,179.24508920344076,177.95556087497548,178.10073852539062,109122100
2016-11-07,178.10075768897855,182.06329614440926,178.10075768897855,182.0291290283203,109794900
2016-11-08,181.6362662008972,183.41257802536992,181.37152973736798,182.84893798828125,106772100
2016-11-09,181.3630215587675,185.40242968708276,181.33740273604562,184.7875518798828,258429000
2016-11-10,185.5732254640675,186.43575623122027,183.7969132535792,185.2487030029297,172113300
2016-11-11,184.53131524308765,185.06078818574503,183.882283473671,184.82167053222656,100552700
2016-11-14,185.34267912487482,185.54764277671057,184.22394688268503,184.9669189453125,94580000
2016-11-15,185.35118185568197,186.41014099121094,185.14623127076104,186.41014099121094,91652600
2016-11-16,185.79530674672785,186.29062582800998,185.67574786717287,186.06004333496094,65617700
2016-11-17,186.2136760562638,187.07620661018407,186.10265249838733,187.0164337158203,69797200
2016-11-18,187.08482146428074,187.25561797728727,186.41869291095958,186.59803771972656,86265800
2016-11-21,187.17019862550617,188.03272941911158,187.02502094921246,188.00711059570312,72402600
2016-11-22,188.3145274195932,188.55364509731695,187.64841202722897,188.3743133544922,67429000
2016-11-23,187.86189841231175,188.52801376045227,187.66548312527937,188.47677612304688,56620200
2016-11-25,188.81843217673273,189.211262855,188.74156266929893,189.17710876464844,37872300
2016-11-28,188.86961827830604,189.1428900193489,188.18641937929613,188.2888946533203,76572500
2016-11-29,188.32300931577677,189.1086832699942,188.02410580853982,188.65606689453125,69886700
2016-11-30,189.27101604264698,189.4332772633448,188.14373579207478,188.20352172851562,113291800
2016-12-01,188.50243524321448,188.50243524321448,187.153120702339,187.51181030273438,79040500
2016-12-02,187.59714711113205,188.09246595181148,187.24700590861025,187.60568237304688,74840300
2016-12-05,188.43405237374407,189.07454883052898,188.2376371089915,188.7329559326172,67837800
2016-12-06,188.92086588064257,189.36494714306397,188.4426305353899,189.33078002929688,59877400
2016-12-07,189.1770355384427,191.86711542201004,189.05747672208267,191.80734252929688,110738100
2016-12-08,191.78174798179285,192.74675389633438,191.51699846905584,192.2770538330078,99714400
2016-12-09,192.4990895226483,193.45556011767826,192.46492241229177,193.4384765625,88005800
2016-12-12,193.34455528054696,193.8228036553141,192.79799874032028,193.21646118164062,102016100
2016-12-13,193.87407883678983,195.00134621825774,193.85699527664897,194.5060272216797,110477500
2016-12-14,194.20710943946173,194.90737893607985,192.46495141491968,192.90049743652344,142501800
2016-12-15,193.13962554420834,194.54871290783137,192.9090431103826,193.69471740722656,124972600
2016-12-16,194.14910068653683,194.20923899620848,192.9980052029393,193.3158416748047,156420200
2016-12-19,193.49627408622837,194.15773005848882,193.35024073531872,193.73680114746094,90341100
2016-12-20,194.26935840000766,194.63016203178975,194.03743006095544,194.48411560058594,89838800
2016-12-21,194.35527756606604,194.5270807147422,193.9429473876953,193.9429473876953,67909000
2016-12-22,193.79689753600582,193.91716104060143,193.21275115101358,193.60791015625,56219100
2016-12-23,193.6509392657549,193.9000650650889,193.46196490771013,193.8914794921875,36697800
2016-12-27,194.15772506438944,194.76762827263357,194.14054081538862,194.3724822998047,42672500
2016-12-28,194.63015622632082,194.64732736428263,192.65438741838653,192.76605224609375,64095000
2016-12-29,192.8347788429552,193.1869837922266,192.28500094242335,192.72311401367188,48696100
2016-12-30,193.04955455809022,193.1354626883079,191.33149681565922,192.0187225341797,108998300
2017-01-03,193.31588512561513,193.9945253925662,192.3194214231025,193.48770141601562,91366500
2017-01-04,193.81412033132852,194.78482730354813,193.80553476004727,194.6387939453125,78744400
2017-01-05,194.37245076954795,194.63874760102672,193.69381067538663,194.48411560058594,78379000
2017-01-06,194.59581569011266,195.64383199684897,194.0546232885752,195.17996215820312,71559900
2017-01-09,194.92228126898283,195.0597290602939,194.50135232349612,194.5357208251953,46939700
2017-01-10,194.55289196830208,195.38615117997924,194.149147273665,194.5357208251953,63771900
2017-01-11,194.44980880377815,195.0854949951172,193.78835279054965,195.0854949951172,74650000
2017-01-12,194.57004011890174,194.78479733757604,193.24714141927393,194.59580993652344,72113200
2017-01-13,194.76764592594293,195.34319379609323,194.73329053256882,195.04254150390625,62717900
2017-01-17,194.4068100176669,194.8105546113968,193.96871003856708,194.3552703857422,61240800
2017-01-18,194.6044187040439,194.82777462704385,194.0546406830118,194.78482055664062,54793300
2017-01-19,194.86212305028965,194.9995708275679,193.63371794868652,194.063232421875,66608800
2017-01-20,194.74186135988379,195.26586954642843,194.1147738932784,194.77622985839844,129168600
2017-01-23,194.77620037162023,194.8363255733062,193.51342695107874,194.2693634033203,75061600
2017-01-24,194.48413895808795,195.92731433532342,194.37247411363907,195.51498413085938,95555300
2017-01-25,196.45989611624702,197.20726013183594,196.2966785368915,197.20726013183594,84437700
2017-01-26,197.0612085761651,197.32751852426006,196.72618785640532,197.00108337402344,59970700
2017-01-27,197.07845500559668,197.2244883800057,196.5114926524248,196.69189453125,59711100
2017-01-30,196.00460906777474,196.0303788843842,194.49272302648026,195.47201538085938,79737300
2017-01-31,194.98235027150696,195.51495703235008,194.41540123435126,195.45481872558594,75880800
2017-02-01,195.45485606765317,196.3654246579865,194.9480321326928,195.53216552734375,79117700
2017-02-02,195.53216379489243,195.9445071250719,194.84495112674284,195.66102600097656,69657600
2017-02-03,196.5630341786944,197.190121717151,196.25378319533692,197.0097198486328,80563200
2017-02-06,196.6059158139537,197.0010748264495,196.3224347391122,196.65745544433594,57790100
2017-02-07,197.04414319862005,197.28467035176664,196.47718072002593,196.66616821289062,57931200
2017-02-08,196.666071066777,197.05263143569059,196.12487868565375,196.9237823486328,51566200
2017-02-09,196.92377652459453,198.39270850457046,196.92377652459453,198.09205627441406,65955200
2017-02-10,198.43569449439863,199.0971504795477,198.109259287333,198.87379455566406,66015900
2017-02-13,199.36345988559958,200.21390334848192,199.33769006318585,199.95619201660156,55182100
2017-02-14,199.77578860936848,200.76367985599123,199.43218224134307,200.7550811767578,71109000
2017-02-15,200.54031168469666,201.99207275035496,200.48877204341161,201.80308532714844,86785800
2017-02-16,201.8288137984225,202.00921561370262,200.88388998372164,201.63124084472656,84722400
2017-02-17,200.96978909393363,201.94908142089844,200.9526048474284,201.94908142089844,77204100
2017-02-21,202.3184591857554,203.3235212717654,202.30986050911932,203.15171813964844,88946100
2017-02-22,202.74800120272272,203.1946867855585,202.58478361725787,202.97134399414062,62115200
2017-02-23,203.4867546919814,203.50392583111403,202.35283033771688,203.10877990722656,74615900
2017-02-24,202.2669601179496,203.40945707411748,202.22400604937198,203.36651611328125,82381600
2017-02-27,203.2805968021621,203.85614458778943,203.03148419049145,203.68434143066406,56515400
2017-02-28,203.30637042107935,203.54689746709954,202.74800687304838,203.1345672607422,96961900
2017-03-01,204.78390138887448,206.44183400167162,204.76671714050212,205.9779510498047,149158200
2017-03-02,205.78897348901947,205.79757216748763,204.62929226933713,204.6808319091797,70246000
2017-03-03,204.59493513304764,204.97290998987253,204.21696027622275,204.8096923828125,81974300
2017-03-06,204.01936622780934,204.55195995780062,203.5984373429105,204.19976806640625,55391500
2017-03-07,203.89910995184624,204.25131496349996,203.38368734417045,203.58985900878906,65103700
2017-03-08,203.88192506816966,204.1396363712053,203.07443576893735,203.21188354492188,78168800
2017-03-09,203.33215670968812,203.79603969868805,202.50749623017578,203.4696044921875,90683900
2017-03-10,204.4231595498751,204.46611362717488,203.2376951766697,204.18263244628906,81991700
2017-03-13,204.12242695585928,204.328598594417,203.79600491281758,204.28564453125,57256800
2017-03-14,203.74444852893532,203.79600126845767,202.89401838903945,203.50392150878906,59880800
2017-03-15,204.07091913324487,205.68589778433662,203.83897764218042,205.2649688720703,96081800
2017-03-16,205.40239844996398,205.47970790422042,204.53478398969114,204.8612060546875,78344000
2017-03-17,205.1225963206639,205.31240587517215,204.50140380859375,204.50140380859375,89002100
2017-03-20,204.50139874364774,204.78611306835853,203.8888423313486,204.27708435058594,52537000
2017-03-21,204.88106201136898,205.00184873594333,201.52490248773285,201.65431213378906,131809300
2017-03-22,201.68885445924116,202.41357489403939,201.06766175376634,202.1288604736328,97569200
2017-03-23,202.12880794496004,203.04333775569717,201.54213341156785,201.91311645507812,100410300
2017-03-24,202.2151062549792,202.78452182936317,200.9899800725699,201.76646423339844,112504900
2017-03-27,200.10137116515082,201.81828075159214,199.82529280928264,201.5594482421875,87454500
2017-03-28,201.2574499256847,203.44887000641816,201.14528612102265,203.026123046875,93483900
2017-03-29,202.74141628747404,203.44887766371772,202.51708866970682,203.21592712402344,61950400
2017-03-30,203.15554519863713,204.06145228376155,202.9829946026055,203.86300659179688,56737900
2017-03-31,203.52650607361866,204.05279389108298,203.33669648930265,203.3884735107422,73733100
2017-04-03,203.4402453756266,203.63867788894436,201.80961800237137,203.0347442626953,85546500
2017-04-04,202.75003001798098,203.25043592715895,202.370410834138,203.16415405273438,56466200
2017-04-05,203.83714730823257,204.8120773730439,202.35318832090323,202.5602569580078,108800600
2017-04-06,202.69825565164584,203.647290397291,202.25823654556245,203.129638671875,69135800
2017-04-07,202.87943596787073,203.61279239281885,202.43943001176115,202.92257690429688,74412300
2017-04-10,203.06068552654088,203.83716996364103,202.51713852170903,203.04342651367188,67615300
2017-04-11,202.66374260068065,202.90531604474356,201.31782965096872,202.80178833007812,88045300
2017-04-12,202.52568607883885,202.71549564311601,201.6888020449159,201.91311645507812,81864400
2017-04-13,201.57666019979496,202.31001661112745,200.6017303466797,200.6017303466797,92880400
2017-04-17,201.11941448685027,202.37905883789062,200.92098196170755,202.37905883789062,68405400
2017-04-18,201.64566056275982,202.30999403591392,201.09349087676208,201.7750701904297,83225800
2017-04-19,202.33590270620948,202.70688579774216,201.17978616556684,201.40411376953125,68699900
2017-04-20,202.0167324666649,203.4834457708289,201.6975131348212,203.04342651367188,92572200
2017-04-21,202.9657147675082,203.01747862452962,201.99942099706792,202.3962860107422,110389800
2017-04-24,204.63087634045624,204.8293220405731,202.3704331606191,204.62225341796875,119209900
2017-04-25,205.26066596986126,206.15793683375895,205.17438410237904,205.81283569335938,76698300
2017-04-26,205.77834596347805,206.6583711066453,205.64031338720525,205.68344116210938,84702500
2017-04-27,206.00265619951773,206.15794777150717,205.32106363863426,205.85598754882812,57410300
2017-04-28,206.1148099683487,206.140691897407,205.27792582275546,205.4073486328125,63532800
2017-05-01,205.9250030517578,206.3477631731403,205.51087901668387,205.9250030517578,66882500
2017-05-02,206.06304180758352,206.18382852892205,205.59715392949636,206.00265502929688,57375700
2017-05-03,206.00265092996418,206.09755572089628,205.07948494864596,205.75244140625,73137700
2017-05-04,206.05443376088857,206.1320795520473,205.14852670307175,205.99403381347656,61462700
2017-05-05,206.36506291839916,206.822327980985,205.92504370230344,206.80506896972656,62001300
2017-05-08,206.84822991746398,206.99489861542247,206.3478238607276,206.7705841064453,48385700
2017-05-09,207.02939164026435,207.22782418827242,206.23563511869597,206.58074951171875,51363200
2017-05-10,206.5375361945032,206.95166015625,206.3304676312481,206.95166015625,54293800
2017-05-11,206.50306399394864,206.69287358241365,205.45048833601197,206.52894592285156,62358300
2017-05-12,206.2787732193799,206.5721105758289,205.916412985278,206.18386840820312,53912700
2017-05-15,206.60662585289788,207.44351013176822,206.58936684252194,207.32272338867188,61918900
2017-05-16,207.61603570807566,207.64191763813506,206.74464667828815,207.1328887939453,51241800
2017-05-17,207.13292965472678,207.13292965472678,203.3971500902638,203.45755004882812,172174100
2017-05-18,203.37980044881323,205.1225912403326,203.12096804773407,204.27708435058594,107047700
2017-05-19,204.76026688843976,206.270107466075,204.70850303214038,205.60577392578125,115011400
2017-05-22,206.11476491929312,206.81361634542088,206.04575523339764,206.64968872070312,61010600
2017-05-23,207.0207127572947,207.27092228610908,206.64109358582823,207.10699462890625,48341700
2017-05-24,207.33996779319827,207.6936919099978,207.00347635602546,207.5901641845703,46927700
2017-05-25,208.09914382535894,208.8583820715962,207.89208842348594,208.58229064941406,64071700
2017-05-26,208.3924722629345,208.70306851735458,208.31482649052023,208.53915405273438,46629900
2017-05-30,208.2199407323412,208.60818279463714,208.06464917332852,208.3579864501953,35201900
2017-05-31,208.6513603457103,208.68587836361388,207.6160436096332,208.30625915527344,91796000
2017-06-01,208.76352414554896,209.98002756363837,208.4788097393089,209.9627685546875,68962000
2017-06-02,210.01450080915959,210.81688004503397,209.7211635249752,210.6615753173828,88666100
2017-06-05,210.48901235696735,210.7737267035966,210.3078257128346,210.5062713623047,44698800
2017-06-06,209.9454941438962,210.49766390691767,209.75568455366084,209.83334350585938,50375400
2017-06-07,210.1697785107593,210.44585675308898,209.50544508161033,210.22154235839844,54144300
2017-06-08,210.31651135502514,210.79965830020518,209.79884639103685,210.32513427734375,65950700
2017-06-09,210.59256449448196,211.38630769016876,208.7462456520709,210.00588989257812,132256400
2017-06-12,209.76433602843528,210.0145324167736,209.117261422826,209.9627685546875,86108100
2017-06-13,210.49770361828556,211.04125056239008,210.1526023880793,210.98948669433594,60067000
2017-06-14,211.2568650066931,211.26548792663178,209.90231618481425,210.72195434570312,78602300
2017-06-15,209.37605754936908,210.43726926369385,209.09997926055743,210.3164825439453,66464900
2017-06-16,210.47515280085526,210.52716909236761,209.48680357522417,210.36244201660156,84553100
2017-06-19,211.1860862137597,212.17443554257193,211.09071859304242,212.11375427246094,65123800
2017-06-20,211.75827945203483,211.76694442469216,210.66589759374787,210.6832275390625,56906400
2017-06-21,211.07332940863367,211.18602694405865,210.16300478071963,210.63116455078125,55977600
2017-06-22,210.63988871186203,211.13405673092268,210.36245084020524,210.5358428955078,44148100
2017-06-23,210.59649625304797,211.11667231734495,210.2150258685189,210.7872314453125,66986800
2017-06-26,211.45484928203297,211.87100612216315,210.71792968194868,210.92599487304688,56700500
2017-06-27,210.7092323557802,211.0040133980266,209.2093719138842,209.22671508789062,82247700
2017-06-28,210.24104157949424,211.29875014596385,210.0069550662031,211.09934997558594,70042600
2017-06-29,211.2467402358337,211.29875652280958,208.03894132566631,209.24403381347656,106949700
2017-06-30,210.0503599268905,210.42316544894348,209.4434810608396,209.63421630859375,86820700
2017-07-03,210.57057109402345,211.00405793291665,209.9897003173828,209.9897003173828,39153800
2017-07-05,210.3537524315126,210.6831933155326,209.54746032051654,210.47512817382812,54427600
2017-07-06,209.712202034356,209.8335777851548,208.36839057474916,208.5504608154297,65400800
2017-07-07,209.12263763885127,210.05029220021748,208.5590970507469,209.9029083251953,57972300
2017-07-10,209.90290286522583,210.50111654937825,209.5994569234503,210.12831115722656,36663300
2017-07-11,210.1283694415492,210.28443155542396,208.8105792057673,209.97232055664062,50354600
2017-07-12,210.9346119889543,211.71488268754106,210.9346119889543,211.55015563964844,59610400
2017-07-13,211.55887080924606,212.01836569210465,211.3334492394899,211.90565490722656,39471600
2017-07-14,211.90563280557174,213.24944419577673,211.8102652042291,212.89398193359375,60262700
2017-07-17,212.81601043408605,213.1974809343332,212.69463465936806,212.86802673339844,33531900
2017-07-18,212.46050827823697,213.0327139214029,212.12238916708705,212.98069763183594,42742500
2017-07-19,213.29282371100865,214.14245403505353,213.2841455094894,214.1337890625,51034300
2017-07-20,214.3851748339577,214.5065505771419,213.68292851775163,214.2291259765625,47135200
2017-07-21,213.6569511747282,214.0644297775078,213.43152959848751,214.03842163085938,82340800
2017-07-24,213.96035252957574,214.1250795867933,213.5182008725422,213.9863739013672,46622300
2017-07-25,214.73196960532394,214.83601541107564,214.2811529532698,214.50656127929688,54915600
2017-07-26,214.792650838959,214.8273239527601,214.2551315867777,214.5152130126953,47575400
2017-07-27,214.9747499863412,215.00942310480684,212.99803828069716,214.3158416748047,70766600
2017-07-28,213.83903152417315,214.19449387242534,213.38821478045384,214.064453125,50088400
2017-07-31,214.46324565748534,214.55861327840122,213.73499104083677,213.9430694580078,65838700
2017-08-01,214.54128238511666,214.57595550667546,213.89971719006266,214.41990661621094,55050400
2017-08-02,214.54985762483778,214.6625683734553,213.59618181875393,214.5238494873047,47211200
2017-08-03,214.4111903222331,214.4371984660233,213.83031972931158,214.10775756835938,40856000
2017-08-04,214.59323136010767,214.82730462237134,214.11639340722564,214.49786376953125,60191800
2017-08-07,214.5672723285956,214.89671325683594,214.4632265148137,214.89671325683594,31995000
2017-08-08,214.58463280614788,215.798403793894,213.99509710301749,214.36788940429688,61719400
2017-08-09,213.68292322041066,214.411177661462,213.32746097098197,214.35916137695312,62632600
2017-08-10,213.52686132494037,213.65691526529,211.28140351525025,211.3334197998047,120479500
2017-08-11,211.55887943410963,212.23511771301636,211.32479288249857,211.64556884765625,74869900
2017-08-14,212.91996932035988,213.96033463333754,212.88529620914446,213.74359130859375,73291900
2017-08-15,214.1250841424076,214.14242731431625,213.41417284172098,213.7176055908203,55242700
2017-08-16,214.2378227507355,214.63663638266544,213.66561706408348,214.09043884277344,56715500
2017-08-17,213.4835531173293,213.79566409729918,210.75257873535156,210.75257873535156,128490400
2017-08-18,210.58784005945023,211.7062431881432,209.98096130653698,210.42312622070312,136748000
2017-08-21,210.36246699989866,210.84797008362776,209.66022052315,210.58787536621094,65469700
2017-08-22,211.1687721001403,212.94605744745016,211.15142892353683,212.79000854492188,63140100
2017-08-23,211.8276231274505,212.45184506535176,211.68023922946892,212.0270233154297,50203800
2017-08-24,212.4085058976072,212.56455477652642,211.32478903078268,211.53286743164062,50741700
2017-08-25,212.3217911113928,212.9373480772828,211.87963941744812,212.0270233154297,64445900
2017-08-28,212.55588170528304,212.58188985077862,211.61954878054664,212.03570556640625,40565600
2017-08-29,210.72653744061483,212.53850854228116,210.6138266733943,212.27842712402344,51135700
2017-08-30,212.26111158888938,213.55290679326467,212.0790413434407,213.2841339111328,62030800
2017-08-31,213.89971791404133,214.81004279839868,213.31884721595745,214.56729125976562,103803900
2017-09-01,214.94005648507263,215.29551877510065,214.72331312222116,214.87069702148438,62007000
2017-09-05,214.36786495407853,214.59328653283174,212.36515826603326,213.32749938964844,91398800
2017-09-06,214.00376983111823,214.38524034883343,213.47491538227993,214.0557861328125,57916900
2017-09-07,214.35920881876066,214.37655199375652,213.62227601455146,214.02975463867188,58034700
2017-09-08,213.7436492217128,214.23783048592747,213.5355840401203,213.77833557128906,63832800
2017-09-11,215.04407066925324,216.1364655911094,215.02674072656248,216.05844116210938,71364800
2017-09-12,216.4225853869284,216.82138576355234,216.24051514266796,216.78671264648438,56896000
2017-09-13,216.5006268937401,216.92544867786958,216.387916103693,216.89076232910156,59228000
2017-09-14,216.56999462499903,217.02082457342183,216.39660256144148,216.8214111328125,95446300
2017-09-15,216.67762799637953,217.2003856134073,216.5730791318973,217.11326599121094,95432400
2017-09-18,217.47923233742642,217.92357837152673,217.19170962314323,217.5750732421875,46235200
2017-09-19,217.81901441542607,217.8800101208788,217.4705093102084,217.79287719726562,47108100
2017-09-20,217.8800133835203,217.98456225772762,216.8780379254347,217.8712921142578,59574100
2017-09-21,217.71445138886594,217.8015710121978,217.11326882102426,217.2875213623047,48211400
2017-09-22,216.99130333548783,217.49664504082952,216.96516611750616,217.3311004638672,51214000
2017-09-25,217.0783852528558,217.4269035897625,216.14612695268764,216.88670349121094,57064400
2017-09-26,217.31370202233495,217.55765828782063,216.78222302367988,217.01747131347656,54082000
2017-09-27,217.7144487638807,218.24592764987884,216.83445150490712,217.86256408691406,81001400
2017-09-28,217.58377743703832,218.20238931967907,217.49665780352635,218.1239776611328,44778800
2017-09-29,218.11522044563844,218.96908045781802,217.93225993918287,218.89065551757812,85578000
2017-10-02,219.11720188713397,219.84036254882812,218.94293605473234,219.84036254882812,59023000
2017-10-03,219.84038408200522,220.33700452806738,219.76195913189625,220.3108673095703,66810200
2017-10-04,220.1627343243042,220.81619132358347,220.0494641901518,220.57223510742188,55953600
2017-10-05,220.90328184235207,221.89653581860907,220.6070512324157,221.87911987304688,63522800
2017-10-06,221.4347983118458,221.91400278857896,221.1734261378252,221.62648010253906,80646000
2017-10-09,221.85303373291265,221.91401614564896,220.99917359766056,221.26055908203125,35803100
2017-10-10,221.82688336786683,222.2189549238786,221.28668318694972,221.84429931640625,43057400
2017-10-11,221.7484203318604,222.19277954101562,221.58288908146568,222.19277954101562,47674300
2017-10-12,221.87916935636886,222.22767446994501,221.62649184860092,221.8617401123047,47065100
2017-10-13,222.2973499810082,222.4106201111444,221.86171199693516,222.13180541992188,54800400
2017-10-16,222.3583491714976,222.61972133035232,222.01855207037005,222.42803955078125,38221700
2017-10-17,222.3757888583203,222.62846636500922,222.1579698396109,222.58489990234375,31561000
2017-10-18,222.9595271588733,223.00309361859325,222.61102207034773,222.80270385742188,40888300
2017-10-19,222.02730608387463,222.89858224636933,221.60909724837057,222.8637237548828,61903800
2017-10-20,223.65657889461002,224.03994249441706,222.8462852323601,224.01377868652344,89176400
2017-10-23,224.33615704313655,224.3622942599157,223.06407492192818,223.14248657226562,63915300
2017-10-24,223.5694349022459,223.76981137229262,223.1773500525499,223.53457641601562,66935900
2017-10-25,223.20347464282193,223.31674477473658,221.30409938385668,222.42803955078125,103715300
2017-10-26,223.03795734568504,223.30803749521493,222.59359805856283,222.715576171875,69798000
2017-10-27,223.45617099962706,224.6933946976007,222.72430230377432,224.5365447998047,85562500
2017-10-30,223.45617803770907,224.44072426563199,223.40390359987563,223.70013427734375,54285700
2017-10-31,224.07472119682785,224.30126143090556,223.7523533801661,224.048583984375,60304800
2017-11-01,224.82403580337584,225.16381957060437,223.9788971351421,224.34481811523438,54202700
2017-11-02,224.27515302350042,224.57138366575603,223.2121952651795,224.43197631835938,56449500
2017-11-03,224.58878657471539,225.22482757480614,224.17928582464648,225.1812744140625,59589700
2017-11-06,225.05055220346011,225.6604559633775,224.9808618313813,225.52976989746094,49652600
2017-11-07,225.6342969112226,225.96538597231876,224.8675699464163,225.3729248046875,57502200
2017-11-08,225.19874475358787,225.85220185796175,224.919930007638,225.75634765625,50469600
2017-11-09,224.5539838265763,225.1290292048759,223.36031331434606,224.93734741210938,95085500
2017-11-10,224.55396815576478,225.04188057798726,224.240294976203,224.86761474609375,59984700
2017-11-13,224.1880140299429,225.30324618964931,224.15315554673057,225.0767059326172,50228600
2017-11-14,224.27514039902618,224.65850393547925,223.49969205826346,224.553955078125,61315200
2017-11-15,223.58684649448855,224.1096174208197,222.72429174904417,223.43002319335938,80811500
2017-11-16,224.3709977699362,225.69535437682566,224.32744460333475,225.32940673828125,67777000
2017-11-17,224.98087898188828,225.30324683213357,224.58879416501952,224.66720581054688,75756800
2017-11-20,224.9112021225821,225.24226467162944,224.66721931396768,225.0505828857422,48075500
2017-11-21,225.81726369851617,226.70598206403469,225.01570482324928,226.5229949951172,69176800
2017-11-22,226.53172953926637,226.66241560384688,226.15708729105887,226.3226318359375,45033400
2017-11-24,226.81062708057902,226.95003446348147,226.67121969767658,226.845458984375,27856500
2017-11-27,226.888955235085,227.18518584375184,226.53172893336713,226.7321319580078,52274900
2017-11-28,227.19395365237457,229.0584705922239,227.0980994594827,229.03233337402344,98971700
2017-11-29,229.16302253191307,229.69451476141595,228.44859636179388,228.89292907714844,77512100
2017-11-30,229.8078011967744,231.80300439577496,229.7293895355647,230.8968963623047,127894400
2017-12-01,230.67906235051507,231.1582535565381,227.19395804711638,230.41766357421875,164390900
2017-12-04,232.02950900702822,232.45642573769004,230.08655395847,230.13885498046875,94040600
2017-12-05,229.31118774414062,231.01888167006166,229.18050163054153,229.31118774414062,77994500
2017-12-06,229.40694972345096,229.78161859421627,228.8929000975546,229.35467529296875,75898600
2017-12-07,230.07785034179688,230.3914969262056,229.09330424757107,230.07785034179688,77218600
2017-12-08,231.0275523480179,231.34119895197028,230.04300619244404,231.33250427246094,76563900
2017-12-11,232.0294647216797,232.09046041134206,231.30631748029006,232.0294647216797,83077500
2017-12-12,232.81366820273482,232.90952239559513,232.06438355507768,232.43902587890625,85195800
2017-12-13,232.6829962995612,233.1186343554788,232.32576990300038,232.41290283203125,102905400
2017-12-14,232.70914483746373,232.82241499178923,231.41095187624578,231.46322631835938,100666700
2017-12-15,232.46243006770646,233.85483690706474,232.40988843038323,233.3907012939453,144610300
2017-12-18,234.78302719502065,235.22089183853052,234.6779439566002,234.87060546875,83653600
2017-12-19,235.11590793630995,235.1596837291014,233.89863088498865,233.9687042236328,82382900
2017-12-20,234.9319041475629,234.9844457707853,233.54826352747463,233.84600830078125,76751500
2017-12-21,234.46787875849827,235.03712448594098,234.08255552383775,234.3277587890625,67032300
2017-12-22,234.34529196452561,234.38032863839314,233.7322704350268,234.2664794921875,78720900
2017-12-26,233.86351482231504,234.20506210067137,233.7234216428828,233.9861297607422,45244400
2017-12-27,234.15262404427233,234.45913480077266,233.82860831388518,234.10008239746094,57751000
2017-12-28,234.5991967337634,234.6254675506704,234.21387360236463,234.5816650390625,45116100
2017-12-29,235.15965417474374,235.17715914463068,233.50453922807466,233.69717407226562,96007400
2018-01-02,234.55535956521518,235.40481815322119,234.17003649075016,235.36978149414062,86655700
2018-01-03,235.53620614609844,237.007452062863,235.53620614609844,236.8585662841797,90070400
2018-01-04,237.49781651640686,238.3385092309832,236.91983192352953,237.85684204101562,80636400
2018-01-05,238.64511460793756,239.56462012410364,238.15470810262897,239.44203186035156,83524000
2018-01-08,239.3456281426395,240.037461932517,239.05664916593514,239.8798370361328,57319200
2018-01-09,240.30019081716375,241.04456630336588,240.0199509382166,240.4228057861328,57254000
2018-01-10,239.66966951537498,240.31772758977445,239.00413319524756,240.05499267578125,69574300
2018-01-11,240.60662112202832,241.80636596679688,240.44023041982015,241.80636596679688,62361500
2018-01-12,242.06920275998172,243.54916128836368,241.77143115943943,243.38279724121094,90816100
2018-01-16,244.635113908474,245.28314537911018,241.85903880898815,242.55087280273438,106555100
2018-01-17,243.4790909737871,245.2480550819238,242.55081976875894,244.86273193359375,113258800
2018-01-18,244.74885562066106,245.16918861704332,243.96067780216504,244.45111083984375,100728000
2018-01-19,245.0290998315473,245.5633087158203,244.451141888114,245.5633087158203,140920100
2018-01-22,245.35310814296204,247.5599365234375,245.30053979389277,247.5599365234375,91322400
2018-01-23,247.60370575133692,248.37435184877444,247.27969017062765,248.0853729248047,97084700
2018-01-24,248.72468428390306,249.32020065816042,246.81560037784456,247.98907470703125,134816100
2018-01-25,248.84727266033102,248.94359006748257,247.3059803447801,248.09413146972656,84587300
2018-01-26,248.92611472279938,251.01035524522612,248.67214568032333,250.966552734375,107743100
2018-01-29,250.39733523984498,250.83519999984549,249.14504844027815,249.30267333984375,90118300
2018-01-30,247.4811692868912,249.35521657465551,246.27265826550448,246.7455596923828,131796400
2018-01-31,247.59500397492036,248.09414946433438,245.79974251690325,246.86813354492188,108364800
2018-02-01,246.14130200277143,247.88399519129385,245.7997546627316,246.58790588378906,90102500
2018-02-02,245.27434763550696,245.40572846260181,241.18470515238724,241.21974182128906,173174800
2018-02-05,239.468264594396,241.5700102435903,230.58835381573178,231.1313018798828,294681800
2018-02-06,227.6371327146444,236.18426134989403,226.55123666595557,235.68508911132812,355026800
2018-02-07,235.133368376804,238.51367138461782,234.32768548587262,234.40652465820312,167376100
2018-02-08,234.70424157328853,234.84436148223213,225.57912960124474,225.61416625976562,246449500
2018-02-09,228.3902136018895,230.8510110430975,221.48947511397188,229.00323486328125,283565300
2018-02-12,231.04369827517536,233.82853834866464,229.1433802587504,232.36605834960938,143736000
2018-02-13,231.16634649666958,233.48702462091063,230.58836174636198,232.94407653808594,81223600
2018-02-14,231.46407028619402,236.44697345743825,231.45530443883456,236.08792114257812,120735700
2018-02-15,237.82190606873294,239.1092297156834,235.36984702803554,239.1004638671875,111200300
2018-02-16,238.47869455702082,241.10588339525876,238.4348920412954,239.17050170898438,160420100
2018-02-20,238.2246874768384,239.66089664066095,236.8848224521223,237.6729736328125,86369700
2018-02-21,238.11093499533328,240.58049952544155,236.39451201472374,236.49082946777344,98883700
2018-02-22,237.41027782276615,239.11793434884385,236.13172020872975,236.79725646972656,110511300
2018-02-23,238.01449468417462,240.5716094970703,237.54159333790062,240.5716094970703,92766400
2018-02-26,241.64004610826674,243.46157852169455,241.05332228121208,243.365234375,86491400
2018-02-27,243.54915568994895,244.25852128064295,240.26516956236426,240.32647705078125,99099200
2018-02-28,241.42112642680044,241.86775706876602,237.5766874322221,237.89193725585938,121907800
2018-03-01,237.68176475917994,239.22305734767247,232.9440645992234,234.4328155517578,176855100
2018-03-02,232.76887437600675,236.20174553860167,231.9106766292142,235.64126586914062,139083200
2018-03-05,234.4590761754729,238.97784374741312,234.3539661829814,238.3648223876953,97307400
2018-03-06,239.33692298788952,239.4157621812176,237.48038024819,238.96913146972656,79213200
2018-03-07,236.8147762535979,239.2317714301234,236.622114700202,238.88148498535156,87063500
2018-03-08,239.55579306900455,240.16004855957954,238.5662411871151,240.03746032714844,66901200
2018-03-09,241.4386435020961,244.21469116210938,241.1233669724046,244.21469116210938,113625300
2018-03-12,244.50371957523032,245.12548011979828,243.52287995579383,243.908203125,71924800
2018-03-13,245.06408881949423,245.56326094413018,241.72756226031754,242.33181762695312,91968900
2018-03-14,243.2864228406217,243.47031856209327,240.5366459654681,241.0883331298828,105895100
2018-03-15,241.59625351918692,242.23551893629133,240.326435081549,240.8256072998047,83433000
2018-03-16,241.35055235478387,242.13308615079202,241.03403991966823,241.0867919921875,100343700
2018-03-19,240.33944568211206,241.26263382369024,236.1806449023751,237.82481384277344,109208400
2018-03-20,238.22043183337917,238.8622843868566,237.55220324796042,238.22923278808594,59757300
2018-03-21,238.18523026091694,240.26901706572676,237.56097968128907,237.77198791503906,78709600
2018-03-22,235.55635543832057,236.40041532902674,231.55581154014723,231.82839965820312,148785900
2018-03-23,232.2680532723436,232.59336667364272,226.69366700379408,226.88710021972656,183534800
2018-03-26,230.47434344958265,233.37581411607934,228.0828183137865,233.09445190429688,141956100
2018-03-27,234.02650655323708,234.5540272479464,227.58168480032617,229.129150390625,129941400
2018-03-28,229.26102769532312,230.9227983594075,227.35307176606125,228.45211791992188,146452300
2018-03-29,229.58629004243443,233.22634297453382,228.46086810427252,231.3711395263672,111601600
2018-04-02,230.84366364360935,231.35363612969078,223.91528520575702,226.3771514892578,186286300
2018-04-03,227.608019944904,229.75335982524743,225.82317036263714,229.278564453125,119956900
2018-04-04,225.74401362024673,232.43499175794102,225.6121334870007,231.7316131591797,123715300
2018-04-05,233.4813004051032,234.43969204280026,232.3998564114378,233.56045532226562,82652600
2018-04-06,231.60861043926135,233.0944962072635,226.84313433809155,228.3554229736328,179521200
2018-04-09,229.80610248528535,232.85705504696494,228.54880038656336,229.4807891845703,105442900
2018-04-10,232.35592118123972,233.91218763520737,231.22172492246017,233.12965393066406,103529000
2018-04-11,231.6526369780917,233.56059359737847,231.5823098049702,231.90762329101562,91140200
2018-04-12,233.22644739495652,234.7563113998013,233.050589237812,233.81552124023438,68890500
2018-04-13,235.11673787057833,235.23104295840426,232.12733783776815,233.12965393066406,85079200
2018-04-16,234.75625035031916,235.81134535442877,233.93856647983353,235.04638671875,63405300
2018-04-17,236.8049078422157,238.1589404406564,236.2949621486706,237.56106567382812,64682000
2018-04-18,238.000622501896,238.53694409515595,237.27964185296193,237.7368621826172,57303900
2018-04-19,237.086277508423,237.28851170003776,235.3893563533083,236.41807556152344,77655900
2018-04-20,236.34767731833705,236.56748655112685,233.53410840575484,234.41334533691406,99953100
2018-04-23,234.98481880536292,235.5387422425581,233.30547341862905,234.37814331054688,65558000
2018-04-24,235.39811619816612,235.61792543371928,229.727027188022,231.22174072265625,112885500
2018-04-25,231.16020694260604,232.23287717469967,229.34898083742598,231.7932586669922,103840900
2018-04-26,232.81307559249913,234.97599019692552,232.37345727594735,234.14950561523438,67731900
2018-04-27,234.7562511462982,235.0551884709674,233.4373958027797,234.369384765625,57053600
2018-04-30,234.98487240228866,235.53879596582644,232.49661684420343,232.5669708251953,82182300
2018-05-01,232.0042576088842,233.0857287538209,230.45679193785602,232.980224609375,74203400
2018-05-02,232.7867838895088,233.59566685895032,231.02830998632697,231.41517639160156,86368900
2018-05-03,230.588684729737,231.55582388230098,227.76631487895474,230.9051971435547,136311500
2018-05-04,229.93804120526443,234.57163717893877,229.61272782167768,233.8946075439453,91222100
2018-05-07,234.65959808187765,235.65311344714152,233.9737673978864,234.68597412109375,55304900
2018-05-08,234.31668273988203,235.04643771298495,233.12970731078494,234.68597412109375,67499200
2018-05-09,235.3540977861297,237.27962850508365,234.8353512992768,236.95431518554688,59666100
2018-05-10,237.69287153678732,239.49532306278292,237.5873674147149,239.16998291015625,72063900
2018-05-11,239.2930742589877,240.16351004485756,238.78310192402338,239.89974975585938,59871500
2018-05-14,240.3305962473945,240.9812229270874,239.46893447879592,240.0140838623047,54790600
2018-05-15,238.79196254326607,238.80953762286538,237.42035503340827,238.36114501953125,87036100
2018-05-16,238.39627956188048,239.82063888909622,238.36987669890897,239.36341857910156,53942600
2018-05-17,239.0996255813715,240.2338484147851,238.3874460151331,239.1611785888672,56536400
2018-05-18,238.81835600077213,239.17884640022527,238.2116803080564,238.56336975097656,64368000
2018-05-21,240.0405431691683,240.89340427888447,239.65367667617198,240.3570556640625,58025900
2018-05-22,240.87571103208705,241.13069722219612,239.36342263255682,239.68873596191406,52966400
2018-05-23,238.4226710120053,240.37457791350718,238.26438798482874,240.34817504882812,64694200
2018-05-24,239.95253445059927,240.22509573036155,238.0797556474602,239.85580444335938,76043800
2018-05-25,239.28433227539065,239.90858300131285,238.7831607706077,239.28433227539062,56374800
2018-05-29,237.66655664241893,238.42271443207736,235.42451297511536,236.53233337402344,115908600
2018-05-30,237.83355915625907,240.1283543707057,237.76323201701084,239.68873596191406,69678400
2018-05-31,239.28426686243395,239.5832041259748,237.62252342213708,238.22039794921875,93519900
2018-06-01,239.51297088807289,240.8582025174482,239.44261689720378,240.55926513671875,71258400
2018-06-04,241.37689612487935,241.95719567720292,241.13951183027507,241.70220947265625,45385200
2018-06-05,241.83415009808652,242.25619355952372,241.06921812538312,241.8781280517578,51135000
2018-06-06,242.48472543993108,244.00578793670007,241.86924894489002,243.90028381347656,62732200
2018-06-07,244.383919597681,244.67405598337328,242.96833416348434,243.8739471435547,72969400
2018-06-08,243.4166291722068,244.64755489960763,243.24957209147007,244.5948028564453,72139700
2018-06-11,244.81472291664812,245.63240678836053,244.70041782727702,244.92022705078125,58892500
2018-06-12,245.33345854568515,245.59721886927935,244.59490280744205,245.23675537109375,72329000
2018-06-13,245.47414161244484,245.72912781539785,244.25198949499742,244.4542236328125,79070600
2018-06-14,245.31591794669737,245.59725338734566,244.48063208428616,245.06973266601562,77097600
2018-06-15,244.28891692622713,245.09261831491185,243.18493594495592,244.7570037841797,120041600
2018-06-18,243.30861721127397,244.37729042408938,242.83171673643022,244.25363159179688,52917600
2018-06-19,241.99277270640738,243.53834698464172,241.57767453643166,243.3175506591797,97531500
2018-06-20,243.99747336540864,244.39491733639957,243.39691412482676,243.73252868652344,53785500
2018-06-21,243.72368412555193,243.74136507228985,241.71002374180586,242.20460510253906,71061400
2018-06-22,243.4587823001094,243.57360066346325,242.4254439825922,242.646240234375,54898500
2018-06-25,241.4980670579802,241.65703386202372,237.66504805095363,239.3430938720703,137854200
2018-06-26,239.90836656004487,240.72088159957022,239.15765398139763,239.87303161621094,68547400
2018-06-27,240.4558893455939,241.87780385987236,237.73566521434685,237.8858184814453,105110700
2018-06-28,237.8328704421767,240.00549776015927,237.12630634708913,239.2459716796875,76650500
2018-06-29,240.33224982493448,241.69236199968046,239.47555946815228,239.5903778076172,97592500
2018-07-02,238.02719794520482,240.2616549168198,237.78872074552748,240.1026611328125,63554800
2018-07-03,240.994682013276,241.09184637679854,238.8308949763959,239.2548065185547,42187100
2018-07-05,240.3764958576425,241.26849446350255,239.3078225014754,241.2066650390625,56925900
2018-07-06,241.23316543663134,243.61774878084054,240.85337540008626,243.246826171875,66493700
2018-07-09,244.2447829600739,245.49007695257492,244.20063449439598,245.4370880126953,50550400
2018-07-10,245.8875299733104,246.41744634420857,245.5960638406166,246.32028198242188,51966800
2018-07-11,244.7747011260493,245.56074866119906,244.21829030052362,244.51856994628906,77054700
2018-07-12,245.77268329342385,246.788340498217,245.17212405352254,246.7353515625,60124700
2018-07-13,246.5587496627562,247.2299518841817,246.10831672196744,246.92967224121094,48216000
2018-07-16,246.9738797670635,247.11516565639909,246.26731555704208,246.7089080810547,48201000
2018-07-17,245.94043305030436,248.09540577430576,245.8874441269811,247.70680236816406,52315500
2018-07-18,247.78634335888864,248.3339136623,247.34475092676163,248.22793579101562,44593500
2018-07-19,247.56560956155548,247.94537268029526,246.81489684712972,247.2918243408203,61412100
2018-07-20,247.08859289188766,247.7156734832136,246.85014270743562,247.0091094970703,82337700
2018-07-23,246.80608651802618,247.67159066471092,246.4616313923837,247.46847534179688,47047600
2018-07-24,248.87269311489285,249.55273581935538,247.84819534471634,248.7136993408203,68026900
2018-07-25,248.46644802989135,251.15133823423943,248.42229955672244,250.83340454101562,78882900
2018-07-26,250.1180062972427,250.92168094019362,250.02084193048978,250.24163818359375,57919500
2018-07-27,250.56840315355595,250.66556751675208,247.62740902904164,248.54592895507812,76768700
2018-07-30,248.6254319263729,248.7843987666531,246.72656250768478,247.24766540527344,63742500
2018-07-31,248.00715369388632,249.07579989372553,247.6273906492765,248.46640014648438,68570500
2018-08-01,248.6696320457284,249.17305409717716,247.40668363118806,248.0513916015625,53853300
2018-08-02,246.7530785758447,249.57041402631015,246.5499363158962,249.4026336669922,63426400
2018-08-03,249.52625329547863,250.5242566432012,249.34960551701437,250.4712677001953,53935400
2018-08-06,250.50661599135427,251.69889422516871,250.1180124201648,251.38980102539062,39400900
2018-08-07,252.05214459683614,252.59971490730823,251.91964530335906,252.2199249267578,43196600
2018-08-08,252.0521959432252,252.511442469155,251.65475188715615,252.11399841308594,42114600
2018-08-09,252.17588046633273,252.5644841280962,251.6371504072865,251.76962280273438,35717000
2018-08-10,250.3388185946928,250.87754854951353,249.37612315111235,250.0826873779297,77076000
2018-08-13,250.35648946503812,250.9658893599437,248.8550639654535,249.1465301513672,65732900
2018-08-14,249.8707628635741,250.97474433803862,249.4821592283488,250.73626708984375,43842000
2018-08-15,249.393792750599,249.5351055895304,247.43312090851205,248.86387634277344,102925400
2018-08-16,250.29464283867094,251.7430792872292,250.25930788920945,250.87754821777344,69967900
2018-08-17,250.6743692338246,252.20228888038022,250.26811170886324,251.7606964111328,65618500
2018-08-20,252.21116035768992,252.56442898598036,251.7607273588351,252.2994842529297,39807500
2018-08-21,252.81164514357084,253.74781886107743,252.33471781210088,252.89112854003906,67272000
2018-08-22,252.48489667123744,253.262103674568,252.21992503683106,252.74102783203125,44993300
2018-08-23,252.56440811087106,253.4210986138187,252.08748067813048,252.4054412841797,49204900
2018-08-24,252.9794091890009,254.06573599379462,252.926420267075,253.92442321777344,57487400
2018-08-27,255.11684015677477,256.03536022591345,254.95787330423272,255.92938232421875,57072400
2018-08-28,256.38853558039983,256.4945403961893,255.59367465427576,256.0529479980469,46943500
2018-08-29,256.26494502760124,257.66036537146607,256.02649479713034,257.4307556152344,61485500
2018-08-30,256.95383162780604,257.3247542134845,255.79686149898535,256.3885803222656,61229500
2018-08-31,255.9823323995439,256.8390229116999,255.49659143965482,256.3974304199219,66140800
2018-09-04,255.9822897550722,256.30906383212346,254.95779211049984,255.95579528808594,57594400
2018-09-05,255.60265879103227,255.80580111131383,254.26022684911058,255.2670440673828,72452400
2018-09-06,255.37301728414374,255.6732970438029,253.47417433039195,254.49867248535156,65909900
2018-09-07,253.45638176676854,254.97546068984587,253.21790462279685,254.0039520263672,73524800
2018-09-10,255.01084209101677,255.27581377697265,254.25131588714777,254.44561767578125,50210900
2018-09-11,253.80081712990852,255.72615356673754,253.45638906587405,255.28456115722656,50530500
2018-09-12,255.2935228827247,255.94707133435404,254.56049099395184,255.3465118408203,59810800
2018-09-13,256.4061920251334,257.042086095802,256.1235664486899,256.8565979003906,51034200
2018-09-14,257.0598762875576,257.24533762857527,256.1237021531427,256.9009094238281,55079900
2018-09-17,256.847910461356,256.8832184612494,255.26700150429582,255.54078674316406,68244000
2018-09-18,255.75265618865916,257.51902588302914,255.7261617213501,256.92730712890625,61930400
2018-09-19,256.98037559487085,257.61626995974973,256.8567167407164,257.201171875,49080600
2018-09-20,258.45526183517813,259.60339151190027,257.2187813185035,259.2854309082031,100360600
2018-09-21,260.02439890895715,260.1397370028223,258.88880602844426,259.0484924316406,105479700
2018-09-24,258.4718322384059,258.613784734562,257.6112638442955,258.18792724609375,53409600
2018-09-25,258.64045746369817,258.74691509115587,257.7089261487671,257.9484558105469,44370000
2018-09-26,258.0904332322394,259.27037481660574,256.75965861130874,257.1766357421875,79739700
2018-09-27,257.6468534809221,258.97762816274417,257.37182887932,257.895263671875,59249500
2018-09-28,257.27425202331585,258.41872595233053,257.2387841884643,257.9219055175781,70091400
2018-10-01,259.154977845118,259.88247430397746,258.15248393435553,258.81787109375,62078900
2018-10-02,258.6670837402344,259.3768193389714,258.29448202703463,258.6670837402344,47258200
2018-10-03,259.7138766436996,260.1308536305416,258.4540922662074,258.8089599609375,64694600
2018-10-04,258.32991396912035,258.38314277789755,255.20703986393897,256.7862243652344,111545900
2018-10-05,257.0080728548497,257.52262713688714,253.92954643343037,255.3490447998047,105951700
2018-10-08,254.66589648913015,255.70391262272844,253.29077352229592,255.3490447998047,87742200
2018-10-09,254.96757175041503,256.271704954829,254.4174954691894,254.97642517089844,74339000
2018-10-10,254.47068495382157,254.541674754797,246.53041344296443,246.90301513671875,214731000
2018-10-11,245.82062860978044,247.43530800271876,239.858758375963,241.46458435058594,274840500
2018-10-12,245.54566110620283,245.82956620105847,241.64206081331795,244.8181915283203,183186500
2018-10-15,244.46323280673184,245.78515371440125,243.35425420195685,243.44297790527344,102263700
2018-10-16,245.394903896644,249.13881847056706,244.92469783503523,248.7661895751953,118255800
2018-10-17,248.80159008760788,249.4314824048031,246.24649884503972,248.8104705810547,110626000
2018-10-18,247.8789411434179,248.47336570550362,243.94872669197238,245.21739196777344,134557500
2018-10-19,245.86504549229036,247.79021756865455,244.39231836527114,245.08432006835938,139901600
2018-10-22,245.74963119462092,246.06900400105394,243.4518310327724,243.98414611816406,82415800
2018-10-23,240.38224352192685,243.8599857033554,238.30621148621196,242.74212646484375,146352700
2018-10-24,242.493754414769,242.8752637396362,234.83738670124848,235.38743591308594,177806700
2018-10-25,237.21495881264082,241.14517240728236,236.1947039326662,239.61033630371094,138061500
2018-10-26,235.91971729336254,240.42659505910345,232.6992386438329,235.39625549316406,201574600
2018-10-29,238.47480394347747,239.76123025482744,230.53453152674683,234.0921173095703,160749100
2018-10-30,233.92354560397084,237.8714935755172,233.43557872568383,237.56097412109375,157116000
2018-10-31,240.11603102911778,242.40497792574146,239.64582520534188,240.09829711914062,128296300
2018-11-01,240.95888921985446,242.84859319283507,239.8765249621915,242.65341186523438,99495000
2018-11-02,243.75356303564863,244.1794206815585,239.17569487216855,241.2162322998047,122634100
2018-11-05,241.70416230807044,243.09704625212134,240.73713599252275,242.5469970703125,65622500
2018-11-06,242.48482303305352,244.24142774806884,242.42271373563915,244.0817413330078,60085900
2018-11-07,246.24656494163546,249.38720102651303,245.82070726200857,249.30735778808594,102752100
2018-11-08,248.50885923276533,249.49364660842488,247.7192803078386,248.85487365722656,65584900
2018-11-09,247.55073946212318,247.73704036243043,245.02226180207452,246.4240264892578,98812600
2018-11-12,245.9182698520506,246.15779952677357,241.3049071986375,241.81948852539062,99673600
2018-11-13,242.280801799956,244.26808305260565,240.64838833175432,241.36700439453125,98176600
2018-11-14,243.23012598112277,243.62934213793963,238.164317976971,239.71688842773438,125335900
2018-11-15,238.45710185733932,242.680102596526,236.8867973241285,242.21875,135101400
2018-11-16,241.12738942688958,243.75344259238304,240.6128083080112,242.84852600097656,126668000
2018-11-19,242.2453236381277,242.538109209669,237.82716932830735,238.740966796875,103061700
2018-11-20,235.42289807982084,236.87789138228501,233.4622309792524,234.3227996826172,136021300
2018-11-21,235.86643094270022,237.01090445560573,235.11234714337104,235.12120056152344,75563700
2018-11-23,233.4888397822827,234.9438330498042,233.3912626379554,233.5509490966797,42807900
2018-11-26,235.795501037842,237.54325266330042,235.40513834461535,237.3214569091797,79981400
2018-11-27,236.29232395519756,238.1199188232422,235.68904599528867,238.1199188232422,75502400
2018-11-28,239.1845227391462,243.60267639160156,238.0577830930989,243.60267639160156,127629600
2018-11-29,242.8309082939206,244.4633221477671,241.6953148706064,243.07046508789062,82346400
2018-11-30,242.9195429217145,245.11088572475035,242.60017007981762,244.5519561767578,98204200
2018-12-03,248.6596866412099,248.7661442848815,246.20219911752253,247.7902374267578,103176300
2018-12-04,246.96512140499067,247.3909789815745,239.45068049374675,239.76119995117188,177986000
2018-12-06,235.91971868896132,239.51279906111833,232.83231205737232,239.3974609375,204185400
2018-12-07,239.06031726102623,240.62176796352492,233.00086944453446,233.83482360839844,161018900
2018-12-10,233.65734252371468,235.24540740375193,229.44322399250612,234.27838134765625,151445900
2018-12-11,237.46340468272,237.64970553153896,232.86780324734315,234.33164978027344,121504400
2018-12-12,237.2948278377277,238.65221668607788,235.43173820331026,235.51158142089844,97976700
2018-12-13,236.45200246750798,237.3125710570535,234.32276869095844,235.43174743652344,96662700
2018-12-14,233.29362587845694,234.24291815292884,230.5344998415258,231.0845489501953,116961100
2018-12-17,230.1352693427575,231.2442481147202,224.92750936156915,226.55105590820312,165492300
2018-12-18,228.18349538620993,228.84888268565493,224.70572585491885,226.3026580810547,134515100
2018-12-19,226.38247815956686,230.13525835424576,221.21908028326692,222.91358947753906,214992800
2018-12-20,221.67158961440535,223.233027135777,217.04935929605315,219.28506469726562,252053400
2018-12-21,220.18184659021884,222.83216813756005,214.14945865139123,214.79196166992188,255345600
2018-12-24,213.3106229790265,214.9168804385262,209.05405773183995,209.11651611328125,147311600
2018-12-26,210.57105762691342,219.6820831298828,208.5989279125675,219.6820831298828,218485400
2018-12-27,216.46071205816327,221.56502090465517,213.2392779193472,221.36871337890625,186267300
2018-12-28,222.7161880021992,224.34028325034785,219.92308458520284,221.08316040039062,153100200
2018-12-31,222.69826454088533,223.26045798305222,220.83322782867842,223.01951599121094,144299400
2019-01-02,219.50366137573045,224.1707342291096,219.47689154888744,223.2515869140625,126925200
2019-01-03,221.51142537562873,221.81483936556182,217.442249303845,217.92413330078125,144140700
2019-01-04,220.94035994976915,225.8662121607663,220.56556877081383,225.2237091064453,142628800
2019-01-07,225.49141469210105,228.40051582840488,224.59905087670086,226.99951171875,103139100
2019-01-08,229.17683667012506,229.61408613944522,226.66036466825665,229.1322021484375,102512600
2019-01-09,229.83723728481584,231.04193396167105,228.61470313427708,230.20310974121094,95006600
2019-01-10,228.67717821153101,231.26502803517397,227.99897294347033,231.01516723632812,96823900
2019-01-11,229.94428092089964,231.13113993995213,229.36424993914574,231.1043701171875,73858100
2019-01-14,229.2125434323212,230.49754943156907,228.8109960780443,229.69442749023438,70908200
2019-01-15,230.06924024283958,232.63925233057913,230.0603078903963,232.32691955566406,85208300
2019-01-16,232.7552380236273,233.77254582759014,232.55001177856187,232.8891143798828,77636700
2019-01-17,232.02354866778882,235.5126948195252,231.9789141326726,234.656005859375,96118400
2019-01-18,236.45852457830043,238.24325183903332,234.69163478637523,237.77920532226562,127900300
2019-01-22,236.31577927521437,236.5299378647704,232.96048279733822,234.5667266845703,115531200
2019-01-23,235.59296459520885,236.28900723752506,232.6035405576887,235.0575408935547,86030300
2019-01-24,234.87906418069994,235.762522845976,233.8706887465937,235.18246459960938,59204100
2019-01-25,237.0207105042033,237.9934109070511,235.2806176199218,237.17242431640625,96883400
2019-01-28,235.0397180517145,235.43233307573223,233.6119305026941,235.36988830566406,85613700
2019-01-29,235.51265512487782,236.07482141719495,234.22764913402008,235.0575408935547,66136300
2019-01-30,236.56565691157263,239.61752596151732,235.80714220909275,238.77870178222656,92473700
2019-01-31,238.7162728356407,241.3576623238347,238.50208698383028,240.8757781982422,104012100
2019-02-01,241.0720697261744,242.00906803486546,240.20647577024255,240.99176025390625,85782500
2019-02-04,241.036377352639,242.74972786238473,240.36710449040405,242.687255859375,60744800
2019-02-05,243.11567205956223,244.00803613928966,242.6159503535381,243.7046356201172,79552800
2019-02-06,243.42788952738272,243.91867864543855,242.6515375033268,243.3832550048828,58347800
2019-02-07,241.77705153770148,242.32138038708896,239.41229290069123,241.06317138671875,95482000
2019-02-08,239.82273836561768,241.45575191327555,239.0017517997669,241.35760498046875,75788900
2019-02-11,242.00902597214602,242.26779181577442,240.96494854856473,241.49143981933594,68021400
2019-02-12,243.09775917507974,244.97170137499526,243.02635482048785,244.596923828125,72270200
2019-02-13,245.42683071953022,246.2299527449873,245.00741861705612,245.39112854003906,65277200
2019-02-14,244.31131709030282,245.97112762732067,243.49926290724264,244.84674072265625,83234400
2019-02-15,246.61362701514128,247.55062527003284,246.40840078649993,247.51492309570312,97088700
2019-02-19,246.72070350232892,248.5946453184186,246.71177115163894,247.9432373046875,59120800
2019-02-20,247.90758469716386,248.8981226746034,247.4078631485972,248.44300842285156,76610800
2019-02-21,247.8094463542468,248.16638643950316,246.60474973782155,247.55958557128906,64214700
2019-02-22,248.175306220895,249.2907610737079,247.54173548967697,249.09446716308594,78114600
2019-02-25,250.5133279021836,251.03088698269073,249.3532384904223,249.4335479736328,69030700
2019-02-26,249.08548411864552,250.12953439804548,248.88023066369644,249.25503540039062,56844100
2019-02-27,248.5411973303144,249.49603329183844,247.61315843074175,249.1480255126953,56921600
2019-02-28,248.93379021020638,249.3710669767745,248.36269155717653,248.68392944335938,69268300
2019-03-01,250.25448603032754,250.64712824922503,248.80886114837762,250.2366485595703,78880500
2019-03-04,251.2896116987926,251.53054008280552,247.04195196952872,249.32640075683594,106494600
2019-03-05,249.45138180546053,249.64770292882656,248.44300636420704,248.98733520507812,59114600
2019-03-06,249.10335674714386,249.1122890999003,247.15801014103693,247.479248046875,75039800
2019-03-07,247.0330013295276,247.1757827722608,244.57009633251332,245.40892028808594,94885100
2019-03-08,243.5617990820547,245.08773368851894,243.09777966921686,244.91818237304688,85795800
2019-03-11,245.6320318937752,248.6303607456137,245.60526207305443,248.46974182128906,65098900
2019-03-12,249.0230284007584,249.92432451181233,248.8356396365524,249.40673828125,79667500
2019-03-13,250.29018221282456,251.98566780868583,250.12953604873607,251.05760192871094,80639200
2019-03-14,251.08442248246263,251.50383459858804,250.45978410134654,250.89703369140625,67518400
2019-03-15,251.4465054317037,252.94330215979753,251.25826386372844,252.1366424560547,81309000
2019-03-18,252.35168794163573,253.34658899070135,252.12761433225663,253.05079650878906,62199800
2019-03-19,254.10842636778548,254.87025470242583,252.22620271448926,253.113525390625,90268100
2019-03-20,252.89842310146625,254.0994542767426,251.24924474051664,252.35166931152344,84609200
2019-03-21,251.53610874655385,255.60526619804367,251.49127760863934,255.2019500732422,79550400
2019-03-22,253.84855861316004,254.3683974478117,250.22752075745402,250.29026794433594,122659300
2019-03-25,249.94963816631585,251.13275344885716,248.84721345767517,250.10202026367188,85575200
2019-03-26,251.84980118259705,252.91639390365796,250.56810651871353,251.96632385253906,68125900
2019-03-27,251.9572942642795,252.53990748012842,249.10708476578716,250.64871215820312,72224700
2019-03-28,251.27617827358043,252.0469784441076,250.12892236327448,251.5988311767578,56238500
2019-03-29,253.1046395045264,253.50795565376936,251.98427127984064,253.185302734375,82186800
2019-04-01,255.17507631798742,256.48365873807614,254.90617153397596,256.1878662109375,77617900
2019-04-02,256.37610167557364,256.5463998289137,255.5246109088733,256.3133544921875,40070400
2019-04-03,257.52333435925203,257.9177061153034,256.1161454730113,256.7166748046875,68243200
2019-04-04,257.03934532302384,257.6488190413837,256.3492083789462,257.3978576660156,48997500
2019-04-05,258.0610604303663,258.69742170866954,257.77423969689164,258.6436462402344,58621700
2019-04-08,258.22246643485846,258.94846283525817,257.56816156356155,258.8409118652344,53566300
2019-04-09,257.8818883722807,258.2045413051788,256.9676777096618,257.514404296875,66142300
2019-04-10,257.9265487126492,258.4822740425788,257.5142610767763,258.39263916015625,52601500
2019-04-11,258.8767431671362,258.885714865524,257.756374978226,258.321044921875,55093100
2019-04-12,259.9253762346362,260.3466356971258,258.36583273010336,260.06878662109375,69727800
2019-04-15,260.140488185737,260.23909479705657,259.10078335831236,259.89849853515625,49596700
2019-04-16,260.7768668564986,260.83064233232835,259.47722903423164,260.06878662109375,52153200
2019-04-17,261.1801610882623,261.20704882392914,259.02008848058534,259.4324035644531,58268300
2019-04-18,260.0150782631088,260.2122641762959,258.7244118045645,259.943359375,68708500
2019-04-22,259.18148687000274,260.3197710128511,259.091851951437,260.1673889160156,40160100
2019-04-23,260.5348854922284,262.73978971372134,260.3018675160108,262.5067443847656,52246600
2019-04-24,262.42605599753017,262.7576805629462,261.7807229084622,261.92413330078125,50392900
2019-04-25,261.825595092061,262.41715285764775,260.5797597219598,261.7628479003906,57770900
2019-04-26,261.8075462172482,263.05338095527367,261.0367189673241,262.981689453125,50916400
2019-04-29,263.0712986587577,263.913817328566,262.98166377527735,263.3939514160156,57197700
2019-04-30,263.0534379566247,263.81529367659437,261.64627651929874,263.5284729003906,81111700
2019-05-01,264.1558268173081,264.36198432958724,261.53863572703256,261.547607421875,71671900
2019-05-02,261.4311489173669,262.34538672821753,259.49514969482624,260.9830017089844,65030200
2019-05-03,262.45296687976565,263.81532469782667,261.09058170896674,263.5374755859375,56543700
2019-05-06,259.2531943561762,262.892147981565,258.93948579824854,262.4529724121094,107198100
2019-05-07,260.0598124870552,260.6513700683735,256.1698981063263,258.0700378417969,144729900
2019-05-08,257.7115783691406,259.41453259316427,257.1200206665922,257.7115783691406,91568300
2019-05-09,255.6500378691589,257.53223405255756,253.92016904937915,256.9317321777344,103471100
2019-05-10,255.99956198160442,258.9752654873306,253.0238584758782,258.2223815917969,112429300
2019-05-13,253.1314596676614,254.0904738238759,250.8996681600601,251.73321533203125,127290500
2019-05-14,252.74606346082595,255.53355342659626,252.62059646112044,254.0098419189453,77003200
2019-05-15,252.38755306053397,256.1340573290502,252.1813954882787,255.49769592285156,73956400
2019-05-16,256.1967699119321,259.2172774500788,256.12507840020066,257.8638916015625,76749600
2019-05-17,255.56941814436465,258.67058934984783,255.55147474922455,256.1968078613281,100353000
2019-05-20,254.6013868725707,256.30434077404203,253.75886794240608,254.5028076171875,62877600
2019-05-21,256.1878013017382,257.1737305545002,255.93683997855635,256.79730224609375,46847100
2019-05-22,255.84724901110678,256.95864532113876,255.5335404986103,256.0085754394531,49482500
2019-05-23,253.79476478142155,253.8395685672471,251.4733652092416,252.88055419921875,98733800
2019-05-24,254.31464360757246,254.72695885411594,252.83576285695116,253.45420837402344,55268100
2019-05-28,253.73201669108084,254.6820867101874,251.07899252561756,251.09690856933594,70029400
2019-05-29,249.98547626642363,250.38879233781626,248.01361763049988,249.41183471679688,104972900
2019-05-30,250.16475488218688,250.99832958897656,248.99958292616304,250.0930633544922,62523800
2019-05-31,247.55650542499086,248.38108089285245,246.696043172354,246.72293090820312,86862800
2019-06-03,246.75879961480473,247.8701958753177,244.76902502898528,246.09555053710938,96428000
2019-06-04,248.3811022651635,251.5719081732355,247.93295506062827,251.43746948242188,77231900
2019-06-05,253.05088474061253,253.6424425579614,251.24935089291995,253.6155548095703,71169700
2019-06-06,253.91133830720477,255.93694576990882,253.26600501617003,255.2647247314453,69430400
2019-06-07,256.2775249265868,258.89471736243144,256.10722675339446,257.81915283203125,74272200
2019-06-10,259.36070955978926,260.6603473979614,258.9125623539002,259.002197265625,60799100
2019-06-11,260.8127051852287,261.1801891806901,258.29412004685184,258.939453125,58641300
2019-06-12,258.70649553284676,259.26219382786803,257.9715273704515,258.482421875,47096300
2019-06-13,259.3876542480068,259.907520438509,258.68854554743615,259.5489807128906,48945200
2019-06-14,259.2622375488281,259.8627397355885,258.5003815131245,259.2622375488281,52324700
2019-06-17,259.495125935518,260.1225429109013,259.1903891440477,259.3606872558594,39205700
2019-06-18,261.1712383067742,263.12515353382963,260.81269866463964,262.07647705078125,85434800
2019-06-19,262.2109718257297,263.1969013470161,261.2429857020286,262.6680908203125,78674400
2019-06-20,265.33899659915994,265.5809862354007,262.73077666429657,265.1776428222656,116570000
2019-06-21,264.9092951972342,266.1611896327849,264.57605770329127,264.7922058105469,83309500
2019-06-24,264.99936948825126,265.3145763201404,264.3148638254183,264.4679870605469,47582700
2019-06-25,264.52200860882357,264.5490271209979,261.76601042395885,261.87408447265625,82028700
2019-06-26,262.76568952002185,263.270053340462,261.50477996892147,261.61285400390625,51584900
2019-06-27,262.3694314566564,263.044921742749,261.9911722884758,262.5405578613281,40355200
2019-06-28,263.51319292272876,264.3868279303758,262.999841309143,263.8914794921875,59350900
2019-07-01,267.2059187927584,267.42209435949115,265.0893772140861,266.2872619628906,78705600
2019-07-02,266.24223128349144,267.0348109497761,265.40462992580103,266.98077392578125,61504500
2019-07-03,267.6562712698563,269.1333565933882,267.51216337347967,269.1153259277344,40898900
2019-07-05,267.8904251985188,268.971220578247,266.60249706914334,268.80908203125,51677300
2019-07-08,267.5031576476492,268.6289747449363,266.7916335461484,267.33203125,45841800
2019-07-09,266.17921005141125,267.96248683915957,266.12517302667766,267.665283203125,41101300
2019-07-10,268.7280352609248,269.8898862091427,268.1966528857291,268.9441833496094,58448500
2019-07-11,269.5836918467792,269.81784313562406,268.5749640265412,269.5746765136719,50826100
2019-07-12,270.060982268774,270.85356181926977,269.75476334894904,270.781494140625,40326000
2019-07-15,271.21386536805954,271.21386536805954,270.36724865283577,270.8716125488281,33900000
2019-07-16,270.78155022134894,270.9887104831493,269.6917668565987,269.99798583984375,36650100
2019-07-17,269.97093667976446,270.1330477432379,268.1606140136719,268.1606140136719,36036300
2019-07-18,267.66533690419124,269.5206817543314,267.22402528507104,269.14239501953125,51392600
2019-07-19,270.23221123306587,270.2592297513728,267.4762124226513,267.6473388671875,58678600
2019-07-22,268.0435207619146,268.8451157071079,267.53016906834114,268.3047180175781,43638100
2019-07-23,269.42154655627746,270.2231140136719,268.59293310299523,270.2231140136719,44564500
2019-07-24,269.4665712532843,271.4930419921875,269.37650038995713,271.4930419921875,47213200
2019-07-25,271.0426307816245,271.0966677856445,269.3944197017327,270.1960144042969,55394100
2019-07-26,270.8806220571784,272.20458412713305,270.7545173430064,272.0064392089844,45084100
2019-07-29,271.8893034379059,272.0063927994392,270.9616313625273,271.5110168457031,38126500
2019-07-30,270.11507713282856,271.2499096855078,269.7367904533448,270.8446044921875,45849000
2019-07-31,271.08776437141046,271.2769214493316,265.8729989303073,267.8814392089844,104245200
2019-08-01,268.0345188041901,270.9796462027079,264.7561264832074,265.5487060546875,142646600
2019-08-02,264.6570998538528,264.900266462213,262.0001603982473,263.5492858886719,116749700
2019-08-05,259.46936295661266,259.5774370203091,253.73220236060624,255.6235809326172,178745400
2019-08-06,257.50590864289825,259.42430546615407,256.0378386800961,259.2081298828125,120711700
2019-08-07,256.14592653629853,260.1268282910362,254.02039683355144,259.36126708984375,140572300
2019-08-08,260.8473060496784,264.4499206542969,260.29792051564283,264.4499206542969,87713900
2019-08-09,263.5133016745195,264.10773653712675,260.8743923871046,262.648681640625,93730000
2019-08-12,261.1534842703851,262.6395570659091,258.5055607500272,259.4512634277344,65527600
2019-08-13,259.1540643328322,264.9272573466739,258.8118115588366,263.4862060546875,94299800
2019-08-14,259.4512788383251,260.0547013343165,255.5694641754447,255.69554138183594,135622100
2019-08-15,256.5782845571381,257.2627903089228,254.33566516669413,256.3711242675781,99556600
2019-08-16,258.01932440574643,260.5861658852784,256.4251495030518,260.15386962890625,83018300
2019-08-19,263.1620087111855,263.9635762174009,262.4865184312846,263.2880859375,53571800
2019-08-20,262.78369081572106,263.3150731411027,261.14452215391043,261.2705993652344,51596400
2019-08-21,263.4232587515526,263.76548414054434,262.73875300201854,263.396240234375,49524700
2019-08-22,264.09862455897024,264.72906549091715,261.54975986946556,263.3150329589844,51666400
2019-08-23,262.0181829782447,263.67538246569245,255.30830200906564,256.55120849609375,149161500
2019-08-26,258.73075758618586,259.38824462890625,257.208650757384,259.38824462890625,72423800
2019-08-27,260.77533291189644,261.1446043021233,257.614028987942,258.3705749511719,66668900
2019-08-28,257.71302205360644,260.35193037965183,256.911427194521,260.1898193359375,59696700
2019-08-29,262.7386652204971,264.0356085832633,261.7389254473887,263.5132141113281,57899400
2019-08-30,264.99038771940667,265.0083909022667,262.4685678302421,263.396240234375,62901200
2019-09-03,261.7029833463762,262.61262500129374,260.53211690558965,261.8560791015625,69101400
2019-09-04,264.01763373547163,264.8462197315112,263.2700757868123,264.8282165527344,46887300
2019-09-05,267.3049938922983,269.14230747577426,264.79216261230954,268.232666015625,83258100
2019-09-06,268.5480124555917,269.07939501172183,267.87252196268025,268.4399108886719,49584300
2019-09-09,269.4216597116222,269.5117031259932,267.63835483744583,268.5750427246094,51260300
2019-09-10,267.81841132882255,268.57498473811705,266.5665167900906,268.5119323730469,57947100
2019-09-11,268.8180718772411,270.50228965378903,268.1696002080379,270.4212341308594,68821100
2019-09-12,271.32187631898194,272.4116593959006,270.56533065094027,271.35791015625,72908700
2019-09-13,271.7993097824489,272.15057796681884,270.8085850793493,271.1778564453125,62104800
2019-09-16,270.05205515889173,271.2229216903592,269.700814439494,270.34027099609375,58191200
2019-09-17,270.1420991494671,271.11479314596744,269.97097273102594,271.0247497558594,41475500
2019-09-18,270.6374764872449,271.29496371666545,268.6110052506445,271.1868896484375,73375800
2019-09-19,271.5740673040189,272.56479171883785,270.83552478699335,271.16876220703125,76560500
2019-09-20,271.76969472435155,272.05021223575903,269.1005122024297,269.8876953125,89565000
2019-09-23,269.22709988546444,270.5390897940951,268.97375334735597,269.82427978515625,43476800
2019-09-24,270.9100462786687,271.29910921668215,266.74790122291455,267.7070007324219,94869400
2019-09-25,267.7883518824578,269.73369361350143,266.3135028024092,269.29034423828125,71854000
2019-09-26,269.2994065324365,269.5074957799329,267.32692148656855,268.7293701171875,56179700
2019-09-27,269.4804578779437,269.5890586383506,265.7345462186397,267.2817687988281,84746600
2019-09-30,267.7974924652988,269.2270847903198,267.75226286244816,268.5213317871094,51662400
2019-10-01,269.3989277068557,270.05039396321035,265.1101242932585,265.3272705078125,88242400
2019-10-02,263.75300095877276,263.7620579252307,259.355622841825,260.64044189453125,122539500
2019-10-03,260.4142414543203,262.80296115805885,257.70885927355687,262.77581787109375,85278800
2019-10-04,263.42728392308186,266.5850726230297,263.37296973654117,266.33172607421875,65091200
2019-10-07,265.5353853258112,267.15500779739347,264.9020053879857,265.1824951171875,59610500
2019-10-08,263.33682468669383,264.06972112299644,261.0295346060289,261.06573486328125,95708100
2019-10-09,263.0743680413565,264.47681708385716,262.45004489012706,263.54486083984375,62359400
2019-10-10,263.463358532377,266.2049399418917,263.3004988714615,265.3272705078125,55296300
2019-10-11,268.06891544679235,270.3038044768641,267.9513129611668,268.0779724121094,98720400
2019-10-14,267.76133552866014,268.4309160029819,267.4356160649668,267.7794494628906,40394800
2019-10-15,268.819824109997,271.1723423498939,268.70219405609885,270.4303894042969,46754500
2019-10-16,269.9690115035742,270.68382140216397,269.561862279844,269.99615478515625,48928200
2019-10-17,271.1543085338405,271.66100152133464,270.10472231326054,270.7923889160156,45736600
2019-10-18,270.2585831298609,270.9009925949094,268.7565903144165,269.60711669921875,64304000
2019-10-21,270.9191530022715,271.63393547659007,270.4848327697691,271.43487548828125,39048600
2019-10-22,271.96869222968974,272.2582390304072,270.4576699114692,270.54815673828125,48594700
2019-10-23,270.2947369187683,271.3895526721118,270.08662003478764,271.33526611328125,34352200
2019-10-24,272.2672321483224,272.4120055147308,270.95524249897534,271.77862548828125,35453100
2019-10-25,271.2086957119938,273.4345560321508,271.15440912981506,272.89166259765625,45205400
2019-10-28,274.104059618288,274.9274427834081,274.0769163320841,274.4297790527344,42147000
2019-10-29,274.1582636553359,275.2711932800511,274.03157661605553,274.3482666015625,44284900
2019-10-30,274.54735182453754,275.56073778143866,273.2444191334657,275.1897888183594,49643900
2019-10-31,275.18071493545364,275.18071493545364,273.0091697880757,274.45684814453125,69053800
2019-11-01,275.89554738047116,277.0446497636023,275.7326600812259,276.9994201660156,71141500
2019-11-04,278.5466859006218,278.6824023272669,277.74138908135876,278.11236572265625,60606900
2019-11-05,278.3114722053701,278.6100760066018,277.5152322190266,277.8047790527344,42933200
2019-11-06,277.80475948454966,278.13953590688425,276.92708969043014,277.86810302734375,46487100
2019-11-07,279.1980439936019,280.1752294988642,278.3746611746068,278.84515380859375,54272300
2019-11-08,278.5013675900096,279.58715399039016,277.8046716775941,279.5328674316406,49032100
2019-11-11,278.1576150386581,279.171001145757,278.0218710031677,278.99908447265625,35797300
2019-11-12,279.36101598647036,280.4829752793879,278.8181226595838,279.58721923828125,46484600
2019-11-13,278.6009741782715,280.07582378648766,278.37477092824327,279.6777038574219,53917700
2019-11-14,279.3972302414338,280.16632685867756,278.7638500595382,280.0848693847656,51219900
2019-11-15,281.4149096673068,282.1568629025422,280.7272706119639,282.11163330078125,62023600
2019-11-18,281.87641361689356,282.55502341704454,281.4240070834595,282.31976318359375,49228000
2019-11-19,282.91689092495204,282.92594789001487,281.59587182260094,282.23828125,67804700
2019-11-20,281.6502452957048,282.16599543485967,279.64155893352347,281.18878173828125,79406200
2019-11-21,281.2973048182035,281.40587795167755,279.94008542437876,280.7362976074219,54664700
2019-11-22,281.47819526115194,281.6139116511986,280.35623628650774,281.3605651855469,44850200
2019-11-25,282.2835536082596,283.5412292480469,282.2835536082596,283.5412292480469,48647200
2019-11-26,283.5773846335351,284.3645673561452,283.26069462912875,284.18359375,37569000
2019-11-27,284.66313758126563,285.4503479003906,284.4459913485111,285.4503479003906,44444600
2019-11-29,284.88948193732534,285.1337991829254,284.1656423943597,284.391845703125,36592700
2019-12-02,284.6451648847005,284.708508432103,281.5507193819938,281.9759826660156,75767800
2019-12-03,279.27054315997344,280.16632685867756,277.89523726060673,280.0848693847656,73941700
2019-12-04,281.1254102128774,282.4102292100744,280.78157685476225,281.81304931640625,49080000
2019-12-05,282.50979380878255,282.52788012954665,281.0168301582875,282.31976318359375,40709000
2019-12-06,284.2198278152459,285.2965573907383,284.21077085005226,284.8984375,48927000
2019-12-09,284.5093785762691,285.17893130524726,283.9302850497049,284.002685546875,34838500
2019-12-10,283.94837758133656,284.6088732952171,283.03450775915456,283.68597412109375,52649800
2019-12-11,284.1384121824113,284.7446490140432,283.6045758505534,284.4913024902344,53429100
2019-12-12,284.50035315953534,287.7214853233215,284.26512054939514,286.943359375,96389600
2019-12-13,286.7080880016024,288.33676795280417,285.93899143681557,287.1152648925781,81503900
2019-12-16,288.83442200600217,289.6758915127746,287.0519391986686,289.0877685546875,82749700
2019-12-17,289.46775204589784,289.7663281501422,289.06963216510667,289.15106201171875,61097700
2019-12-18,289.54019666119984,289.76639993984145,289.11493339284556,289.1692199707031,48133000
2019-12-19,289.3592227573256,290.42692321729913,289.1058761899618,290.3545227050781,85310500
2019-12-20,291.38189255833026,292.7548861145354,290.40900397558755,291.6274108886719,147142100
2019-12-23,292.409389830018,292.4639432977859,291.92748236576335,292.0729675292969,52990000
2019-12-24,292.30030617360654,292.3457581508804,291.78202044007725,292.08209228515625,20270000
2019-12-26,292.46394678754814,293.6460033496912,292.4548730417836,293.63690185546875,30911200
2019-12-27,294.3643330916827,294.4188865662466,293.0368189631918,293.5641784667969,42528800
2019-12-30,293.64599037883215,293.7823740438549,291.4637407446412,291.9456481933594,49729100
2019-12-31,291.44557119091616,292.9003950592716,291.10004740048026,292.6548767089844,57077300
2020-01-02,294.1824790593536,295.4099876573277,293.2641160474281,295.39178466796875,59151200
2020-01-03,292.01848272129286,294.2734616635699,291.9639292406983,293.1550598144531,77709700
2020-01-06,291.4092714821987,294.35529824023683,291.29106302220333,294.2734680175781,55653900
2020-01-07,293.7096192068169,294.18245291277395,293.00039639633826,293.4459533691406,40496400
2020-01-08,293.63692440584015,296.2192238536559,293.39143377910256,295.0099182128906,68296000
2020-01-09,296.5647551368362,297.08304088810894,295.9828144164329,297.0102844238281,48473300
2020-01-10,297.59219676942917,297.74675568148257,295.69184361108466,296.1555480957031,53029300
2020-01-13,296.77381530405864,298.20133448643156,296.34646137408055,298.1922607421875,47086800
2020-01-14,297.7557545795474,298.80139936878965,297.18291560629376,297.7375793457031,62832800
2020-01-15,297.64677659951207,299.1652278624306,297.56494638909675,298.4105529785156,72056600
2020-01-16,299.78355255111995,300.8928527832031,299.55623715723783,300.8928527832031,54050300
2020-01-17,301.6020303434294,302.0384580750324,300.8291525707732,301.829345703125,95846000
2020-01-21,300.87464321259114,302.03849689387584,300.80191449746235,301.23834228515625,77742400
2020-01-22,302.093018484724,302.7386140999866,301.1201298116937,301.2746887207031,48914900
2020-01-23,300.6291779260028,302.02944860930927,299.51987762466234,301.6202697753906,51963000
2020-01-24,302.27483696389464,302.35666715329256,297.65577389588447,298.9378356933594,87578400
2020-01-27,293.7186726961124,295.61902545785193,293.3822504593696,294.1460266113281,84062500
2020-01-28,295.5645211349526,298.1013683192747,294.23700720360983,297.2284851074219,63834000
2020-01-29,298.5832802273967,298.8105955905337,296.78293256190744,296.98297119140625,53888900
2020-01-30,294.92790191697907,298.15579530512815,294.1823289421222,297.9466552734375,75491800
2020-01-31,297.32860381871427,297.48319053155427,291.62754241384044,292.53680419921875,113845600
2020-02-03,294.0096870424728,296.5647094244046,293.8914786175827,294.7098083496094,69083000
2020-02-04,298.3014390790439,300.06540868055777,297.9831919914277,299.20159912109375,62573200
2020-02-05,302.1203078450114,302.8659089327399,300.66551164748887,302.6567687988281,65951100
2020-02-06,303.6115159327302,303.86610804710017,302.6022212214516,303.6751708984375,50359700
2020-02-07,302.62037823914807,303.68419851140686,301.51107824895325,302.056640625,64139400
2020-02-10,301.1748004532797,304.3753920471197,301.1384222111712,304.3117370605469,42070000
2020-02-11,305.65731897728693,306.4392704707863,304.31160210077036,304.8389892578125,54864500
2020-02-12,306.2665508261337,307.0121519449544,305.9028517615865,306.80303955078125,43992700
2020-02-13,305.3845221871912,307.43946184215287,305.1117548650529,306.47564697265625,54501900
2020-02-14,306.88484460300674,307.084883234379,305.6937143088903,306.9666748046875,64582200
2020-02-18,305.97565102151555,307.0303978801557,304.7935942108236,306.1756896972656,57226200
2020-02-19,307.1394741196409,308.31240156841585,306.857605252249,307.6395568847656,48814700
2020-02-20,307.0939068095637,307.91226418959036,303.402308100626,306.3756103515625,74163400
2020-02-21,305.0298800362003,305.33902553887464,302.4021016407909,303.220458984375,113788200
2020-02-24,293.81876238067053,303.29325128301434,292.0911434027477,293.1640930175781,161088400
2020-02-25,294.5461478579809,295.15533747281677,283.40769541596455,284.28057861328125,218913200
2020-02-26,285.67170741329534,289.2450976481431,282.50749586116564,283.2348937988281,194773800
2020-02-27,277.7430167478903,283.28951758192875,270.514404296875,270.514404296875,284353500
2020-02-28,262.5037634964114,270.8598775435434,259.63049429346006,269.3777770996094,384975800
2020-03-02,271.1508409072188,281.1072645783154,267.7411105744401,281.0436096191406,238703600
2020-03-03,281.41647571156864,285.36266787315276,270.56899107802036,272.9967041015625,300139100
2020-03-04,278.3431734580503,284.68982980097513,275.8063256703997,284.4715881347656,176613400
2020-03-05,277.30664657710474,280.4799610686068,272.7876147640359,275.0152893066406,186366800
2020-03-06,266.5500180417733,271.66916501204014,263.89498985282967,270.46893310546875,228667200
2020-03-09,250.3197364704086,258.4030863530408,248.63762451369897,249.3468475341797,309417300
2020-03-10,258.81222939877176,262.3401410197597,248.68304208033334,262.2492370605469,276444100
2020-03-11,255.22972362169153,256.35719904402856,246.30076870068223,249.46498107910156,255316300
2020-03-12,232.7709352018375,242.46366575529143,225.2058731481479,225.59686279296875,392220700
2020-03-13,239.21761484421114,246.8463324718078,225.96968144230854,244.88232421875,329566100
2020-03-16,219.295624237367,233.5892123682055,215.82225343543516,218.08631896972656,297240000
2020-03-17,222.8054346579501,232.92553359423098,215.55863317608555,229.86131286621094,262070500
2020-03-18,214.81301736831665,225.83326169260155,207.32979952636524,218.22274780273438,327597100
2020-03-19,217.5408131695705,224.93311358035257,211.14870595523684,218.6864776611328,289322000
2020-03-20,221.81991016314782,223.59425218036205,208.98795912832034,209.26234436035156,347158800
2020-03-23,208.70443213492814,210.0671893215918,199.6223661157914,203.91188049316406,326025200
2020-03-24,214.4024524745698,223.25586710368103,213.83539985668068,222.38697814941406,235494500
2020-03-25,223.96006448156098,234.45977474421133,219.27727582041112,225.7161102294922,299430300
2020-03-26,228.21304450745478,240.35902646613818,227.78317753221316,238.8956756591797,257632800
2020-03-27,231.64284363681386,238.53898394691296,229.61241213301977,231.780029296875,224341200
2020-03-30,233.8653195877224,240.02062901450944,231.88062142056566,239.30723571777344,171369500
2020-03-31,238.31029629114397,240.84375080740338,234.3409002868605,235.74024963378906,194881100
2020-04-01,226.80451761479742,235.65793147048535,223.07291481173678,225.1307830810547,189554600
2020-04-02,224.25280722102684,231.1032143313986,223.70403666870678,230.3258056640625,177660400
2020-04-03,229.3471021274164,231.68851038207237,224.28017983592915,226.99656677246094,135561200
2020-04-06,235.82257866876083,244.20039326267332,226.97831890956317,242.2431182861328,188061200
2020-04-07,250.79469636061012,251.5446817524612,242.27056950109602,242.4900665283203,201427200
2020-04-08,245.07844752732382,252.4319065328866,242.59986669510207,250.630126953125,153774500
2020-04-09,253.87691974147597,257.1878247130065,251.94710992928742,254.44400024414062,189999200
2020-04-13,253.47460225000063,253.81300291467014,248.23388572088413,252.1209716796875,114839100
2020-04-14,256.9866545266391,260.5719034927361,251.9837459245979,259.55670166015625,134143400
2020-04-15,253.86783290758441,259.6938833213936,251.9379948776648,254.04161071777344,121775000
2020-04-16,255.3128396006162,256.11769917577556,252.2123327276994,255.26712036132812,131798300
2020-04-17,261.0108843332455,262.76691639123914,258.2853419351938,262.1632995605469,146684800
2020-04-20,258.47732359770725,262.3004058085209,257.32493663084665,257.54443359375,100109300
2020-04-21,253.09950011214448,254.29763444548425,248.7916760256004,249.72459411621094,126385700
2020-04-22,254.58116430226596,257.0048701286276,253.2641264359367,255.26712036132812,92951600
2020-04-23,256.5384565598926,259.69386615566833,254.947047152438,255.2488555908203,104709700
2020-04-24,256.7580486318894,259.4744369338839,254.71846167335374,258.8067626953125,85063200
2020-04-27,260.77311225237196,263.6541227954052,260.3158081054895,262.5382995605469,77896600
2020-04-28,266.1692816947441,266.5168372940742,261.02918781823894,261.3310241699219,105270000
2020-04-29,266.63576694119143,269.69971044755005,265.61141007125656,268.17230224609375,118745600
2020-04-30,266.80036532536803,268.27289912485736,263.94679204552654,265.6754150390625,122901700
2020-05-01,260.9468619298038,265.8400213562658,257.4804890548701,258.6420593261719,125180000
2020-05-04,256.76714197902675,259.65730774517107,255.294635917444,259.3554992675781,80873200
2020-05-05,262.1633855136958,264.5505002253176,259.48356148093865,261.7518005371094,79569900
2020-05-06,263.44375944285997,263.82787926465915,259.54751949484415,259.9773864746094,73632600
2020-05-07,263.1785312311904,265.03518491368027,262.6114785663358,263.114501953125,75250400
2020-05-08,266.2333213332557,267.9345072510261,265.10834309873604,267.4680480957031,76452400
2020-05-11,265.5473311983813,268.89480043068914,265.12661925786074,267.52288818359375,79514200
2020-05-12,268.7028030813547,269.11436010431197,262.0535823124858,262.1907958984375,95870800
2020-05-13,261.63273226447177,262.6662436518927,255.13901062631533,257.5535888671875,144721100
2020-05-14,255.1299635672098,260.7639254068416,249.67887870539946,260.6358947753906,121977900
2020-05-15,258.25795394887507,261.8797951803383,257.31590846985506,261.8340759277344,111146300
2020-05-18,268.0259508942396,271.4100127656581,267.70586031884966,269.8094482421875,119703800
2020-05-19,269.2150111696037,270.9161695416545,267.0199564040135,267.0382385253906,95189300
2020-05-20,270.5594137391396,272.4343494490496,270.33076168126627,271.5746154785156,85861700
2020-05-21,271.4465815641365,272.2514412639975,268.6112904984,269.6996765136719,78293900
2020-05-22,269.4161483468762,270.3856308209663,268.18142167542106,270.21185302734375,63958200
2020-05-26,276.147685456707,276.3854925534355,270.2301684648863,273.5410461425781,88951400
2020-05-27,276.32142205120357,277.6476150920947,271.51972905102286,277.61102294921875,104817400
2020-05-28,278.6354735674192,280.63846841265257,276.43126373599137,277.09893798828125,90405200
2020-05-29,276.63243212883435,278.91895299063503,273.89776210984286,278.3336181640625,119090800
2020-06-01,277.6933394698057,280.06217137761803,277.1811611065829,279.4585266113281,55758300
2020-06-02,280.3732027105034,281.8182996586592,279.0470372355985,281.7725524902344,74267200
2020-06-03,283.74796666125695,286.4735084502443,283.4735954358911,285.5223083496094,92567600
2020-06-04,284.5438088351626,286.2724321264174,282.6871548806483,284.7724609375,75794400
2020-06-05,290.14111331971145,293.83610963798606,290.0770840592824,292.0709228515625,150524700
2020-06-08,292.87586716507536,295.79346983737577,292.33625162443076,295.6014099121094,73641200
2020-06-09,292.9490092600261,295.6745518741366,292.089275278113,293.3971862792969,77479200
2020-06-10,293.9733738449627,294.86054489707874,291.04661650084495,291.760009765625,95000800
2020-06-11,284.8639052224834,285.49498720882065,274.3916564962647,274.9403991699219,209243600
2020-06-12,281.91871767838563,282.68698493096565,273.10191242691445,278.23284912109375,194678900
2020-06-15,272.57150356014085,281.9553918611026,271.4008062757648,280.8304138183594,135782700
2020-06-16,288.5406401343892,288.6869808136118,281.3975514551438,286.2358093261719,137627500
2020-06-17,287.2509309624957,287.5436122107938,284.3150192913641,285.0467224121094,83398900
2020-06-18,283.53770864356693,285.63214141110257,283.0804045248097,285.15655517578125,80828700
2020-06-19,288.606925057698,288.7998301267632,281.58855589183077,283.5268859863281,135549600
2020-06-22,282.9297852607961,285.74080016258773,281.79068924514235,285.3457946777344,74649400
2020-06-23,287.98222696658627,288.910055192761,286.2551925803986,286.6593933105469,68471200
2020-06-24,284.6291534248059,285.24464967116955,277.5189452723247,279.3470153808594,132813500
2020-06-25,278.7775875200807,282.60829987594445,276.7657787916315,282.3418884277344,89468000
2020-06-26,281.2487273580822,281.4600230740783,275.0571489247479,275.6358642578125,127961000
2020-06-29,276.88516190649545,279.82477053732015,274.6069420891826,279.6869812011719,79773300
2020-06-30,279.25523166814565,284.95996268018115,279.09907976025323,283.2696533203125,113394800
2020-07-01,284.3811913050776,286.5124263442875,283.921874858754,285.2538757324219,72396500
2020-07-02,288.6713547511239,290.0125797190178,286.16350347551,286.8249206542969,69344200
2020-07-06,290.62799115972723,291.8313984510452,289.88390048446837,291.2526550292969,61713800
2020-07-07,289.71850628424903,291.68436650450917,287.87204481586895,288.2486877441406,82910000
2020-07-08,289.0111086325023,290.5636006128082,287.25654430949635,290.453369140625,54638600
2020-07-09,291.0596951993123,291.29854876580123,285.40091218882344,288.79986572265625,83354200
2020-07-10,288.73557224712687,292.01509919724424,287.3117021320966,291.7486877441406,57550400
2020-07-13,294.0819575281441,296.4520180972743,288.57016007630955,289.2223815917969,102997500
2020-07-14,287.80768781432056,293.74207676938335,286.6134762105575,292.9704284667969,93657000
2020-07-15,296.1764500267383,296.7551932653832,293.2919291339535,295.6620178222656,87196500
2020-07-16,293.76966043976955,295.13841466446394,293.12660611390436,294.68829345703125,54622500
2020-07-17,295.6896177123011,296.3234767747621,293.723729481606,295.5426330566406,62774900
2020-07-20,295.2762584601807,298.6752124646105,294.5321678217421,297.9311218261719,56308800
2020-07-21,299.887775262516,300.3287011916338,297.5819972984977,298.56494140625,57292200
2020-07-22,298.20664479704493,300.57673367466816,298.096413320775,300.2643737792969,57792900
2020-07-23,299.9060815666081,300.604251536004,295.32211240358737,296.6816711425781,75738000
2020-07-24,294.8353987122696,295.7907572562229,293.2737107303029,294.7710876464844,73766600
2020-07-27,295.45993962173293,297.09510525887373,294.6699006548691,296.9205627441406,48293000
2020-07-28,296.19478131867083,297.30634724530006,294.7433537595441,295.0373229980469,57495000
2020-07-29,295.91011607919677,299.22639644389915,295.8733629022706,298.666015625,48454200
2020-07-30,295.70796004076783,298.0137378647775,293.631868503502,297.600341796875,61861700
2020-07-31,299.38247841301813,300.05309057149844,295.1843190245131,299.9520263671875,84986800
2020-08-03,301.60553393405814,302.79974538526255,301.0635439348531,302.03729248046875,53077900
2020-08-04,301.182975853342,303.2039794921875,301.182975853342,303.2039794921875,41917900
2020-08-05,304.49927818527294,305.344432870868,304.2328667686408,305.0871887207031,42697700
2020-08-06,304.5084142775808,307.24592211226786,304.1868871868465,307.1264953613281,43679400
2020-08-07,306.16200149282446,307.63181988230866,305.2617310710826,307.3470458984375,57308300
2020-08-10,307.7971437576196,308.4493652808026,305.86800901982497,308.2656555175781,44282100
2020-08-11,309.44158091644624,310.07544003010565,304.99539985279966,305.7210998535156,69601100
2020-08-12,308.1461938418484,310.7551076734617,308.11863597876425,309.98345947265625,53774400
2020-08-13,309.22102584901387,310.72759735332505,308.50449326474353,309.4231262207031,41816100
2020-08-14,309.0373370596852,309.96516537922156,308.31160912555913,309.4323425292969,47260400
2020-08-17,310.4428105517088,310.81025811201846,309.4415040352229,310.4152526855469,35481000
2020-08-18,310.8103002489864,311.5084703323429,309.22105499298743,311.0859069824219,38733900
2020-08-19,311.4625096622481,311.97694190316844,309.23023818456306,309.7906188964844,68054200
2020-08-20,308.07270663056715,311.2328059543693,307.9441126063458,310.755126953125,42207800
2020-08-21,310.4245090715658,312.0780374355691,310.0845912760767,311.8575744628906,55106600
2020-08-24,314.28268549668286,315.0910869399419,311.8299513355394,315.0176086425781,48588700
2020-08-25,315.57797452610504,316.2026382005386,314.4204880441908,316.1199645996094,38463400
2020-08-26,316.70788938447674,319.55562896318577,316.16589933451434,319.28924560546875,50790200
2020-08-27,320.1528325405538,321.42971797916806,318.33392889941973,319.9874572753906,58034100
2020-08-28,321.00718557847676,322.1830349455076,319.82214090847793,322.0544128417969,48588900
2020-08-31,321.8430202781473,322.71570465324675,320.65797606793086,320.88763427734375,66099200
2020-09-01,321.71445732028485,324.0110398362748,320.8233821827026,323.9100036621094,54908700
2020-09-02,325.81163541808746,329.5596463783221,324.672511235466,328.5950927734375,69540000
2020-09-03,326.91390709312424,327.38241887389745,314.71446250184243,317.2866516113281,148011100
2020-09-04,317.9664987849258,319.5281583295149,307.62268047691174,314.6961669921875,139156300
2020-09-08,309.3129330288969,314.76044843805005,305.79458070733585,306.09771728515625,114465300
2020-09-09,310.0845162424743,314.59500703013146,309.22099909582585,312.14227294921875,91462300
2020-09-10,314.0071344529514,314.6593560242993,305.76699543534016,306.7223815917969,90569500
2020-09-11,308.49540445893774,309.551827020083,304.06758575680686,306.87860107421875,84680200
2020-09-14,310.02939619225884,312.68425862482945,307.02547682042814,310.92047119140625,65605700
2020-09-15,313.3641091586168,314.19087331685137,310.92973712374885,312.4914245605469,52920900
2020-09-16,313.7223455643582,315.1462154132683,310.97561399935194,311.251220703125,82096000
2020-09-17,306.419220280496,310.2223743451593,305.89559274386187,308.5137023925781,91523300
2020-09-18,309.31525102875935,309.4259237792602,302.4901593299551,304.9619445800781,105877900
2020-09-21,300.3965468690944,301.7154441541818,296.73497298801254,301.56787109375,99450800
2020-09-22,303.04342914695485,305.19239924460896,300.5439485694505,304.6390075683594,63612100
2020-09-23,305.19242034775965,305.4691302783531,297.07610235711314,297.57415771484375,93112200
2020-09-24,296.2645346304888,301.4110140489383,294.95484153622937,298.3674011230469,76681300
2020-09-25,297.5188098317548,303.97498118619103,296.65186414481286,303.1910400390625,71069400
2020-09-28,307.3321647407757,308.9369752665523,306.3452862039653,308.226806640625,64584600
2020-09-29,308.0239809607782,308.76181796353166,305.85654606350835,306.54827880859375,51304000
2020-09-30,307.2123525503483,312.00837765160077,307.01867525700635,308.8725280761719,104081100
2020-10-01,311.4549036577027,312.4233180156539,308.9831193152461,310.85540771484375,88698700
2020-10-02,305.9303537431645,310.827819440157,305.4599664586662,307.9040832519531,89431100
2020-10-05,309.95151622947265,313.5485198308616,309.9054119851824,313.36407470703125,45713100
2020-10-06,313.5025398765093,315.5869704435292,308.40216435314886,308.909423828125,90128900
2020-10-07,311.8515557905092,315.08887396765715,311.8238876072292,314.2864685058594,56999600
2020-10-08,316.21397480265557,317.13628476086853,315.30086880429167,317.07171630859375,45242500
2020-10-09,318.71350178822684,320.3644448823741,318.0955697331776,319.9032897949219,59528600
2020-10-12,322.4303863309191,326.5162133421552,321.9415631009819,325.04974365234375,80388500
2020-10-13,324.91142804821567,325.08666923359056,321.96925633166603,322.928466796875,73255500
2020-10-14,323.50033584861643,324.5886552411015,320.1708091953333,320.8994140625,57727900
2020-10-15,317.00718356557996,320.9823376815257,316.47225611409266,320.50274658203125,60357700
2020-10-16,321.84932413381205,323.50026709141184,320.1338408607783,320.30908203125,89501900
2020-10-19,321.5634563511587,322.1906205529244,314.54468900491094,315.4393310546875,68425600
2020-10-20,316.7766838154975,319.9309973867883,316.02041077038155,316.7029113769531,60051900
2020-10-21,316.6567571723614,318.81498786798693,315.7990154182925,316.1033935546875,63575000
2020-10-22,316.31550456028447,318.41837073196325,314.184970207926,317.8373107910156,55399300
2020-10-23,319.05484484338615,319.11018121824065,316.4723868612409,318.91650390625,49143900
2020-10-26,315.5500092529845,316.3339785921289,309.54576053915537,313.02288818359375,91473000
2020-10-27,313.3641216886395,313.6961398493141,311.7316146253023,311.9437561035156,65994100
2020-10-28,306.2992612343689,311.9714640421637,300.79306752806804,301.2818908691406,127094300
2020-10-29,301.5124944740212,307.49827992799277,299.8338828006587,304.343994140625,90597700
2020-10-30,302.7759531166456,304.07641371211474,297.53723859702774,301.171142578125,120287300
2020-11-02,304.54693603515625,306.53910193087637,301.81687671037344,304.54693603515625,86068300
2020-11-03,307.76574732319943,311.97148032731906,304.6298977179073,309.9239501953125,93294200
2020-11-04,314.37865106265446,320.90862324436983,313.20732720493976,316.8504638671875,126959700
2020-11-05,322.107657910906,324.8284847044749,321.75717547412864,323.02996826171875,82039700
2020-11-06,322.7440657543736,324.2013319224955,320.64119920578634,322.9562072753906,74973000
2020-11-09,335.6932240544699,336.07137459090427,326.553127154814,327.0142822265625,172304200
2020-11-10,326.02741100790297,327.5861174374779,323.2789447318522,326.5346984863281,85552000
2020-11-11,328.71137691264624,329.7812602109788,327.4754845197472,328.9604187011719,58649000
2020-11-12,327.9550663459089,329.00651354142656,323.97070745695135,325.7691955566406,67546200
2020-11-13,327.669173455097,331.01716438135384,327.1526819336186,330.2793273925781,62892200
2020-11-16,332.9355382509408,334.5956853129893,331.6535135928725,334.4020080566406,74541100
2020-11-17,332.0040500584204,333.80256645757106,330.5006797195766,332.6035461425781,66111000
2020-11-18,332.8709473128143,333.41510690360417,328.56374668695173,328.60064697265625,70591300
2020-11-19,327.9735317794911,330.3530798490243,326.63617065322336,329.9841613769531,59940900
2020-11-20,329.7259129229104,329.9288223028838,327.65071486954946,327.7244873046875,70417300
2020-11-23,329.5230167831691,330.94338250005325,327.3002456235461,329.68902587890625,63230600
2020-11-24,332.22539331938475,335.54571610904793,331.3768835849959,335.0015563964844,62415900
2020-11-25,334.91859445437876,334.9462626417011,333.3967878582888,334.485107421875,45330900
2020-11-27,335.5733419142613,335.88692400664513,334.4112220479706,335.41656494140625,28514100
2020-11-30,334.6418399539096,334.90931782692627,331.26620896255025,333.9316711425781,83872700
2020-12-01,337.16902261455584,339.1150840650687,336.5787304430176,337.58404541015625,74231400
2020-12-02,336.47726746171054,338.45099696751333,335.90543955018524,338.2942199707031,45927000
2020-12-03,338.1927332221173,339.5854307786495,337.10441382598,338.20196533203125,62882000
2020-12-04,338.783041556463,341.1164855957031,338.69080489293344,341.1164855957031,50749900
2020-12-07,340.3509588633568,340.9043507086095,339.151966654208,340.41552734375,48944300
2020-12-08,339.15185862048065,341.9741251709159,339.10575437584504,341.4115295410156,42458900
2020-12-09,342.0663961179011,342.22317308272335,337.51941379129926,338.3494873046875,74098300
2020-12-10,336.984534864023,339.28107867484596,336.11756086582494,338.2388916015625,57735400
2020-12-11,336.5510866383938,338.2481345344906,335.0385120959371,337.8423156738281,57698600
2020-12-14,340.0003631645478,341.0702179679605,336.1543181789462,336.3295593261719,69216200
2020-12-15,338.8567558775116,340.8766174316406,337.49175481944405,340.8766174316406,63865300
2020-12-16,341.08871538855783,342.32460749948893,340.2125095671252,341.4115295410156,58420500
2020-12-17,343.0440274518557,343.52361858028996,342.22315793664603,343.3207092285156,64119500
2020-12-18,343.6078706270574,343.7745873422909,339.94920475396054,341.94989013671875,136542300
2020-12-21,338.05047081899306,350.54546365353127,335.3273176661251,340.727294921875,96386700
2020-12-22,341.0514707752179,341.1626152638314,339.0322705209926,340.15301513671875,47949000
2020-12-23,341.11633348883834,342.35749412526934,340.13451942917413,340.4587097167969,46201400
2020-12-24,340.9310178427268,341.8109587265613,340.34750934079955,341.7831726074219,26457900
2020-12-28,344.32108544977285,345.1083965593925,343.70051933120067,344.7193908691406,39000400
2020-12-29,346.2384414390911,346.41442964061537,343.47823072745575,344.061767578125,53680500
2020-12-30,344.8769552575382,345.5809082481186,344.16375906795685,344.5527648925781,49455300
2020-12-31,344.3582309785791,347.0258123167665,343.8488092128349,346.3033447265625,78520700
2021-01-04,347.6277697833951,347.7574571892461,337.91150340640877,341.58868408203125,110210800
2021-01-05,340.9496326301057,345.0250911405823,340.90330357734024,343.9413757324219,66426200
2021-01-06,342.4408544416183,349.17465054566816,341.8943751612788,345.99761962890625,107997700
2021-01-07,348.3595497218485,351.87925728639124,348.1835615169557,351.1382751464844,68766800
2021-01-08,352.51841303741696,353.35202512177233,349.2858377443825,353.1390075683594,71677200
2021-01-11,349.9804746734245,352.5090967320955,349.86005871507695,350.7585144042969,51034700
2021-01-12,350.9436617396313,351.84208887461585,348.60024356700484,350.8324890136719,52547700
2021-01-13,350.7584722249537,352.7684008880122,349.98043258764204,351.77734375,45303600
2021-01-14,352.51834010082484,353.01851855461456,350.2120072157381,350.5454406738281,49989100
2021-01-15,348.9338006185688,349.73035497253096,346.1365606500185,347.9890441894531,107160000
2021-01-19,350.43433335620296,351.25870215945235,348.96161222679353,350.7214660644531,51233300
2021-01-20,353.00009321370976,356.408685431744,352.61108738302664,355.5750732421875,61836100
2021-01-21,356.1307609286557,356.55685258078455,354.9822299475426,355.8992004394531,47840100
2021-01-22,354.0559284746663,355.79726758341997,353.676165944212,354.63946533203125,52860500
2021-01-25,355.37122119584785,356.39006461227206,350.5454808302178,356.0381164550781,70402000
2021-01-26,356.9828067931668,357.390355390859,355.2507393863011,355.4822998046875,42665300
2021-01-27,352.1756829435316,352.26831278333765,344.57124514864984,346.7942199707031,123351100
2021-01-28,348.6003272642872,353.7595005336595,348.1650207830178,349.77667236328125,94198100
2021-01-29,347.92416289657984,348.88746214768764,341.1070095092321,342.7742614746094,126765100
2021-02-01,346.1551043861422,349.5080953515023,343.0614600074217,348.47998046875,75817600
2021-02-02,351.64770841562836,354.9543985638464,348.5633355300297,353.4075622558594,64450700
2021-02-03,354.2319040558715,355.3989777290151,352.41647810504685,353.6854248046875,52427100
2021-02-04,354.7136116064699,357.75168409192344,353.7966411152287,357.70538330078125,47142600
2021-02-05,359.56703683096254,359.8171119122872,357.6589812031138,359.1131591796875,48669800
2021-02-08,360.558106078852,361.7529658186462,359.7059795212632,361.7066650390625,38365200
2021-02-09,360.8730425291398,362.05865913101644,360.4655221555642,361.4658508300781,35551100
2021-02-10,363.19795194487796,363.3461540337932,358.91871909408604,361.30841064453125,59154400
2021-02-11,362.3827526178569,362.79957264230774,359.4743687079311,361.891845703125,42913300
2021-02-12,361.09534309546916,363.92036905749677,361.0212279279476,363.6795654296875,50593300
2021-02-16,364.90221935362916,365.09675048774824,362.6514585158837,363.3646545410156,50972400
2021-02-17,361.6233007480512,363.69807313250533,360.6136724097959,363.447998046875,52290600
2021-02-18,360.854465504746,362.64210502833146,359.1409128726459,361.901123046875,59712800
2021-02-19,363.1515954538638,363.4387281237623,360.8174482448131,361.2620544433594,83241000
2021-02-22,358.51112352371484,360.88230010289743,358.2147193846534,358.48333740234375,67414200
2021-02-23,356.28817782496253,360.26176310227765,352.1571472693643,358.918701171875,107284100
2021-02-24,357.8350210952394,363.29987092323375,356.8532069417338,362.873779296875,72433900
2021-02-25,361.61402308071797,362.97559950131625,352.69431104645696,354.1299743652344,146670500
2021-02-26,356.00102164898425,357.1402809088511,350.33242667147107,352.3052978515625,152701600
2021-03-01,357.1495498565867,362.0864341700933,352.49982648838284,360.8452453613281,105348800
2021-03-02,361.0675516711816,361.29911209964035,357.5293015403347,358.02947998046875,79595300
2021-03-03,357.33475007346016,358.298020972788,353.1851775841055,353.2870788574219,119940200
2021-03-04,353.1018549094259,355.6768056530186,344.4507609972597,348.9152526855469,183433000
2021-03-05,352.3979683617633,356.38082529964976,345.15477853579273,355.33416748046875,152039600
2021-03-08,356.28815545159534,359.0853953645612,353.2871412226747,353.56500244140625,123149200
2021-03-09,357.3904216073474,361.1509612373541,356.8902430962981,358.6130676269531,113633600
2021-03-10,360.94714665159455,362.53101211553303,359.53926937994413,360.8452453613281,109899400
2021-03-11,363.29983372649673,366.46756487354185,362.8459560202513,364.5039367675781,86245000
2021-03-12,363.15156966022903,365.1337120879891,362.3457439492556,364.9947814941406,64653600
2021-03-15,365.2449404075043,367.43088589690996,363.1145954350534,367.1715393066406,73427200
2021-03-16,367.7827566296584,368.48668101999846,365.9395166356945,366.70831298828125,73722500
2021-03-17,365.4300905372964,368.75529442760387,364.2908032144401,367.958740234375,97959300
2021-03-18,365.38388907793455,367.45866174204525,361.92899685898453,362.60516357421875,115349100
2021-03-19,362.305939150035,363.87641702535865,359.76900680699566,361.9342346191406,113624500
2021-03-22,362.44527604125085,366.19955652443446,362.38952178707973,364.82421875,73778600
2021-03-23,364.19231584732245,365.6326813357805,361.172170876682,361.9527587890625,90686600
2021-03-24,363.3466815716018,364.9729135223698,360.0663405424219,360.11279296875,97588600
2021-03-25,358.6817356717282,362.928502774503,356.7488269231494,362.1386413574219,116128600
2021-03-26,363.28162946554033,368.3740689250356,362.6869079495488,367.9744873046875,114409100
2021-03-29,366.506169777318,368.6899723870586,365.0286254649994,367.78857421875,108107600
2021-03-30,366.5247931234567,367.48194559201005,365.2237849563697,366.8128662109375,76262200
2021-03-31,367.379739547907,369.85161555750506,367.35186241979716,368.2997131347656,112734200
2021-04-01,370.22331734295256,372.3327906716872,370.01887561856495,372.2770080566406,99682900
2021-04-05,374.92552877258004,378.1594180969661,374.851199202024,377.62042236328125,91684800
2021-04-06,377.062782829176,378.43809222549146,376.72822894950895,377.3973083496094,62021000
2021-04-07,377.23005259846207,378.17790328320166,376.7747167341118,377.8340759277344,55836300
2021-04-08,379.0792639385405,379.6832872078952,378.1499886443853,379.6275329589844,57863100
2021-04-09,379.50681154051,382.5548338572635,379.3860011955182,382.3875427246094,61104600
2021-04-12,381.79281150001924,382.796416474297,381.1887881496238,382.5269470214844,56704900
2021-04-13,382.42475109343,384.2833021211937,382.04374472962985,383.6606750488281,56551000
2021-04-14,383.63277915671523,384.68286497352676,381.8114071791653,382.35040283203125,61659900
2021-04-15,384.47840249341357,386.7272614837685,384.43195006619254,386.457763671875,60229800
2021-04-16,387.7401793717676,388.35350456848977,386.3276909048911,387.7494812011719,82037300
2021-04-19,386.82020814297175,387.2662422093501,384.52489664561284,385.8444519042969,78498500
2021-04-20,384.63636975752553,385.7329078820872,381.55116873929074,383.0194396972656,81851800
2021-04-21,382.4060920583846,386.8480269077358,382.26667807443886,386.6435852050781,66793000
2021-04-22,386.4764281229823,387.3034686285627,382.05306736111277,383.1124267578125,97582800
2021-04-23,383.6699137247093,388.66941970392514,383.5955841738986,387.2662048339844,73209200
2021-04-26,387.9167155807785,388.6415492403517,387.33126755588586,388.0746765136719,52182400
2021-04-27,388.3721257652972,388.5672940504344,386.8574020736745,387.9911193847656,51303100
2021-04-28,388.26058398462,389.37572589844,387.41493989916654,387.87957763671875,51238900
2021-04-29,390.59306111989224,390.96476562535156,386.9874678625414,390.3514404296875,78544300
2021-04-30,388.09338948839974,388.93903372264003,386.8946159740106,387.7867126464844,85527000
2021-05-03,389.7660376531201,390.14704403223993,388.13053196720887,388.623046875,68128300
2021-05-04,386.6437102709858,387.13622521044107,382.55490325447636,386.22552490234375,101591200
2021-05-05,387.86091462560825,388.0932334418477,385.78862057542915,386.34619140625,60162200
2021-05-06,386.4206161525747,389.5615718594526,384.42267951252586,389.4314880371094,74321400
2021-05-07,390.1935416865544,392.9163123631469,389.5151602955038,392.26580810546875,67733800
2021-05-10,392.6188718952487,392.84188892503846,388.2605678296134,388.3813781738281,81852400
2021-05-11,383.88370947193107,385.9002213981806,381.0587040499787,384.9151916503906,116888000
2021-05-12,382.1459075857726,383.40970843345315,375.4272366804108,376.7375183105469,134811000
2021-05-13,378.28009580912413,383.1866681631853,378.2336150294906,381.2630615234375,106394000
2021-05-14,383.9858697174596,387.9631671876168,383.95799259058225,387.1175231933594,82201600
2021-05-17,386.0116948349033,386.9409701694624,384.1252386808852,386.1324768066406,65129200
2021-05-18,386.39271466558824,386.6343353537289,382.6477357955868,382.80572509765625,59810200
2021-05-19,378.1407743642917,381.9786581081242,376.66320145918377,381.8020935058594,106467100
2021-05-20,382.6756265415183,387.16404293504047,382.5548445523857,385.9095153808594,78022200
2021-05-21,387.38700043150294,388.6229524956767,385.1381700248017,385.593505859375,76578700
2021-05-24,387.82373290586355,390.59298338499224,387.5821122637456,389.5243225097656,51376700
2021-05-25,390.6023385429732,390.95546775246584,388.084010006822,388.66015625,57451400
2021-05-26,389.2456215946333,389.93327638516723,388.2141394088324,389.4314880371094,43088600
2021-05-27,390.453631092409,390.9647211844155,389.3570646409822,389.6358642578125,56707700
2021-05-28,391.19713572899053,391.4573317528187,390.10059736851764,390.3329162597656,58520200
2021-06-01,392.68396807601084,392.8233537338611,389.55231407294144,389.98907470703125,54216600
2021-06-02,390.6395043968989,391.43869600618797,389.6358994197464,390.6023254394531,49097100
2021-06-03,388.29779234029263,390.2864272607624,386.8388229277106,389.1527099609375,58138800
2021-06-04,390.99262682035794,393.0091669281305,389.21770739294345,392.7117919921875,55938800
2021-06-07,392.7025150607527,392.87907966771104,391.4015350825624,392.330810546875,51555000
2021-06-08,393.18568426469994,393.2786174726193,390.5930264269201,392.4143981933594,47134300
2021-06-09,393.25073913778317,393.32509704758354,391.6059319636749,391.8289489746094,48436300
2021-06-10,393.0463062654877,394.5982086261025,391.7360245783089,393.65032958984375,51020100
2021-06-11,394.19863560369777,394.4123507955599,392.91623101558656,394.30084228515625,45570800
2021-06-14,394.4124317172902,395.28595304031893,393.17650766109523,395.1837463378906,42358500
2021-06-15,395.33238351653245,395.36953411673755,393.58534109284255,394.4588623046875,51508500
2021-06-16,394.59823144884797,394.82124847769757,390.22135210226025,392.2564392089844,80386100
2021-06-17,391.84757149634856,393.1020706024834,389.66376862836967,392.1263427734375,90949700
2021-06-18,388.85956550548985,389.54947004298504,386.6313456995703,386.8364562988281,118676300
2021-06-21,388.58912956449535,392.5608031135424,387.7780195471861,392.37432861328125,72822000
2021-06-22,392.36506231212155,395.30185103388027,391.64716102430225,394.4720764160156,57700300
2021-06-23,394.54664482628675,395.34842259301394,393.91267704068656,393.99658203125,49445400
2021-06-24,396.13158375367453,396.74688700384473,395.879840335682,396.3273620605469,45110300
2021-06-25,397.0732018408674,398.1826596628426,396.7468856958135,397.7351379394531,58129500
2021-06-28,398.2573344759455,398.70482783005764,397.0639714449484,398.5370178222656,53159600
2021-06-29,398.91915273160606,399.5531204304721,398.21991612055984,398.7513427734375,35970500
2021-06-30,398.2945621373876,399.75830454102925,398.2665938058792,399.0870361328125,64827900
2021-07-01,399.8421598624358,401.45507598441856,399.7768909463528,401.29656982421875,53441000
2021-07-02,402.4526561515775,404.7181760542259,401.38047053367126,404.3638916015625,57697700
2021-07-06,404.4198543106815,404.63429713848,400.9050347893744,403.62738037109375,68710400
2021-07-07,404.3080832828328,405.3336363787054,402.30360995345774,405.0539245605469,63549500
2021-07-08,399.75834018924974,402.5086829915684,398.5836132571109,401.7535095214844,97595200
2021-07-09,403.25449948236826,406.3404621035636,401.55767811817753,406.0421142578125,76238600
2021-07-12,405.95820582921755,407.74826443657537,405.529348587086,407.49652099609375,52889600
2021-07-13,406.71336030742225,408.2050710020873,405.8463136021785,406.10736083984375,52911300
2021-07-14,407.7948073005834,408.27962958567196,405.47335073456526,406.71331787109375,64130400
2021-07-15,405.3801859332363,406.0514543731517,403.4316495407636,405.3242492675781,55126400
2021-07-16,406.4989768804911,406.5455812846176,401.7534933885176,402.1450500488281,75874700
2021-07-19,397.3436335763946,402.21032270665535,393.40926015344803,396.2062072753906,147987000
2021-07-20,396.86798899225414,403.1518137611364,396.07551525907985,401.88385009765625,99608200
2021-07-21,403.07734671744265,405.2776264574665,401.8373794156442,405.13775634765625,64724400
2021-07-22,405.3148461793383,406.22852564545667,404.33592624936387,405.9861145019531,47878500
2021-07-23,407.90677774508174,410.49861439865873,407.2262054551255,410.1629943847656,63766600
2021-07-26,409.5755177575135,411.1791015467012,409.5289133635764,411.1697692871094,43719200
2021-07-27,410.1349768235407,410.16294515467484,406.48028699392114,409.2958984375,67397100
2021-07-28,409.9205257266722,410.4985568598125,407.71094225553276,409.1280517578125,52472400
2021-07-29,410.05111111743514,411.897078053185,410.04177885549115,410.8249206542969,47435300
2021-07-30,408.27034735445915,410.274820300012,408.1398095072434,408.8297424316406,68951200
2021-08-02,410.53585279390853,411.08591559023773,407.6177003787268,407.97198486328125,58783300
2021-08-03,408.76444835011597,411.4122212036647,406.5828332901923,411.291015625,58053900
2021-08-04,410.0137549202648,411.2630544145641,409.03483491751217,409.2679138183594,46732200
2021-08-05,410.4240280683783,411.94370724678896,410.10704413730144,411.85980224609375,38969700
2021-08-06,412.17675592861804,412.9598976629853,411.89704416147674,412.54034423828125,46930000
2021-08-09,412.51236355148603,412.8293474498061,411.44020627292963,412.2047119140625,41222600
2021-08-10,412.6521383148961,413.4259760914882,411.97156622812196,412.7174072265625,43339300
2021-08-11,413.78034258511013,413.83627924848605,412.66155241355983,413.7430419921875,44034300
2021-08-12,413.59383009177725,415.1228412890176,412.69881510793675,414.98297119140625,38909400
2021-08-13,415.43047911757316,415.75679524781077,414.94568527825686,415.7381591796875,39470300
2021-08-16,414.4421890240444,416.8475503845794,412.894541950952,416.717041015625,73740000
2021-08-17,414.17191970261024,414.84318814832017,411.0113842575715,413.9854736328125,92673900
2021-08-18,412.978558984422,414.5355387391959,409.2120240010242,409.45440673828125,89351900
2021-08-19,406.741308348979,411.28170912890874,406.60146670220803,410.08831787109375,92812200
2021-08-20,410.4332861309736,413.67772604605483,409.948463834136,413.3514099121094,72008700
2021-08-23,415.02961932645024,417.89183507049324,413.42603534317016,416.98748779296875,54973000
2021-08-24,417.6494445800781,418.18087133123964,417.1366823512831,417.6494445800781,38744700
2021-08-25,417.8359438685796,419.03861064787276,417.4629948233235,418.5258483886719,40529700
2021-08-26,418.2460333600454,418.4791122297858,415.9618775077955,416.05511474609375,57829600
2021-08-27,416.85696346783124,420.1480365315559,416.80102680571815,419.7751159667969,77235100
2021-08-30,420.4463974226872,422.4042660135,420.203986244658,421.6211242675781,48357400
2021-08-31,421.5278561630646,421.8634761216063,420.39976225528045,420.9964294433594,59300200
2021-09-01,421.92881443747484,422.44157672025335,420.9871664233345,421.2202453613281,48721400
2021-09-02,422.63737991545406,423.3179521993094,421.3228113021193,422.51617431640625,42501000
2021-09-03,421.387988849166,422.92630380282,420.9870715426401,422.41351318359375,47170500
2021-09-07,422.06856215515467,422.16179940000075,420.2318993945348,420.9031677246094,51671500
2021-09-08,420.37186685720667,421.09907201222666,418.4792385496857,420.3905029296875,56181900
2021-09-09,420.19461777386266,421.938043250285,418.34862279482104,418.5910339355469,57970400
2021-09-10,420.51165319314345,420.93117815889764,415.16947434641764,415.2906799316406,89948200
2021-09-13,418.2741120636888,418.5351593108477,414.0506948028417,416.353515625,83738600
2021-09-14,417.7893195077674,417.99443010602226,413.2209781306569,414.106689453125,78197100
2021-09-15,414.52613294221675,418.0596168232787,413.4260074279271,417.56549072265625,78792200
2021-09-16,417.04340609771833,418.01299380157405,413.9667476565997,416.903564453125,77786700
2021-09-17,416.13472017341735,416.55558909091354,412.4870182961472,412.8424377441406,118425000
2021-09-20,406.7442992472896,408.31560037858753,401.1137607120605,405.9586486816406,166445500
2021-09-21,408.28750519431475,409.5782269140936,405.0513672813698,405.57513427734375,92526100
2021-09-22,407.838568692879,411.5610822337272,405.687384755819,409.5314636230469,102350100
2021-09-23,411.39277968477785,416.1067119256756,411.1589540771979,414.50732421875,76396000
2021-09-24,412.8799566078013,415.9009940953473,412.6648267475049,415.1901550292969,62094800
2021-09-27,414.1612437208706,415.32100953578424,413.31011513170654,414.00225830078125,61371100
2021-09-28,411.2430883900673,411.5704499178845,404.9297975915055,405.6593322753906,130436300
2021-09-29,407.03430833854253,408.7646237192778,405.78100637960586,406.3421936035156,82329200
2021-09-30,407.81055870084094,408.5120355292715,401.0389781842043,401.3757019042969,140506000
2021-10-01,403.09671547477393,407.8199820779621,399.5893308061185,406.1457824707031,129240100
2021-10-04,404.9859554641585,405.88383781213133,398.7755335780304,400.9080505371094,128570000
2021-10-05,402.40448811569496,407.3148256262935,401.6095039247003,405.0794677734375,90682500
2021-10-06,401.49724350728303,406.96876815418193,399.8791886529931,406.76300048828125,113032200
2021-10-07,410.0272027671516,413.1043268864109,409.8494930407309,410.27972412109375,72437500
2021-10-08,411.04667737060987,411.4301547502559,408.90482704747944,409.5314636230469,74557400
2021-10-11,408.8767873502811,411.7762304048919,406.5011113392327,406.56658935546875,65233300
2021-10-12,407.48324414407466,407.8854173602366,404.7802062753356,405.56585693359375,71181200
2021-10-13,406.5853090624002,407.83861088635894,403.62041636017756,407.02490234375,72974000
2021-10-14,410.6726212052408,414.02102023777945,410.20496994150267,413.8713684082031,70236800
2021-10-15,415.97578121085803,417.38809710044063,415.35847814408345,417.0233154296875,66260200
2021-10-18,415.24619873026535,418.5945686911891,414.5914756470946,418.25787353515625,62213200
2021-10-19,419.87601973520236,421.55019069451413,419.26805026281613,421.4847412109375,46996800
2021-10-20,421.94304215430157,423.4395319365722,421.8308104156858,423.1402282714844,49571600
2021-10-21,422.5415781375362,424.468298903712,422.1113470020355,424.24383544921875,41305400
2021-10-22,423.81356137612727,425.2539349972513,421.86811649039765,423.80419921875,58845100
2021-10-25,424.8891720800844,426.40435739743305,423.1214653908989,426.0769958496094,45214500
2021-10-26,427.62030473700503,428.82682438361206,426.0863949710087,426.46051025390625,56075100
2021-10-27,426.9188157990134,427.58287254810574,424.4963573294037,424.5711975097656,72438000
2021-10-28,425.9927757181125,428.7425667516378,425.9834421045025,428.6677551269531,51437900
2021-10-29,426.3763014877547,429.8275696350324,426.08636002655044,429.5376281738281,70162400
2021-11-01,430.5196484527775,430.8937922170224,428.55553640630086,430.2764892578125,48433600
2021-11-02,430.44493394260024,432.3249011723894,430.31397788693596,432.0162353515625,48908400
2021-11-03,431.4549400945778,435.0558596625653,431.01534687131965,434.6536865234375,52509800
2021-11-04,435.2523210060828,436.7862306774894,434.90626367716334,436.7020568847656,52847100
2021-11-05,438.9187009079529,440.2000606050428,436.71140098602126,438.21722412109375,66390600
2021-11-08,439.3114790776635,439.80718812937977,437.9085256999956,438.5912780761719,50405200
2021-11-09,438.9560903412489,439.18991592053965,435.73864808675563,437.1416015625,51149100
2021-11-10,435.45815451293214,437.14171625142313,432.1472039925876,433.6249694824219,69429700
2021-11-11,435.1119743121017,435.1868144801551,433.7464409483171,433.76513671875,34848500
2021-11-12,435.0278324259744,437.59055177805936,434.0831679013753,437.0387268066406,53466700
2021-11-15,438.32015203819657,438.4791374698599,436.06606971793025,437.18841552734375,46980500
2021-11-16,436.92650252909095,440.05040906326917,436.85169089743965,438.918701171875,48857500
2021-11-17,438.6568243884033,438.8345341273656,437.2351750198691,437.85247802734375,47858300
2021-11-18,438.88131251708705,439.6015136712342,436.16894112064045,439.3396301269531,50625600
2021-11-19,439.2274065320901,440.4713748786704,438.18923442659184,438.55401611328125,57315600
2021-11-22,440.42451592160756,442.9030613202092,437.11353777117984,437.3193054199219,72762000
2021-11-23,436.9920474001148,438.7504207161458,434.4012696782756,437.8992919921875,73206500
2021-11-24,435.9070933030563,439.1900143055321,435.09338467174774,439.06842041015625,61858800
2021-11-26,432.4277214537044,433.88679095900204,428.1533825042478,429.2757568359375,112669600
2021-11-29,434.0457642896097,436.3746579851634,431.85716023659006,434.5414733886719,86268800
2021-11-30,432.10974551490875,434.0084084065052,425.84320748519656,426.0863952636719,148559600
2021-12-01,431.77301163649753,434.6069767536424,421.1573237370427,421.3537292480469,131939200
2021-12-02,421.56892113358685,429.3693408365679,421.17608151058477,427.807373046875,127637800
2021-12-03,429.4628278206349,430.5196955865321,419.8759779470982,424.0848388671875,137331600
2021-12-06,426.61951391631123,430.9780267874127,424.2157797535011,429.107421875,98977500
2021-12-07,434.3637525195676,438.54455501882705,428.97640203913613,437.9833679199219,95484700
2021-12-08,438.37629263787375,439.59217446913857,436.62725298872556,439.1432189941406,72238800
2021-12-09,437.8618472439546,439.24610518022257,435.9819086816433,436.1783142089844,61272600
2021-12-10,438.8719839338528,440.4339230591345,436.3279600988827,440.2842712402344,77159800
2021-12-13,439.76991547544293,440.11597285770756,436.10351686035926,436.3841247558594,87724700
2021-12-14,433.129161990558,435.60770751030805,430.4729067407916,433.3816833496094,97264100
2021-12-15,433.437885904042,440.3965100644385,430.9312535760348,440.1533508300781,116899300
2021-12-16,441.99589716215934,442.276476487203,434.7285786686983,436.2718505859375,116568600
2021-12-17,433.20548381703225,436.19958323758465,429.9298193213432,431.628662109375,135511600
2021-12-20,426.5696462517917,427.4331314987916,423.43476458066107,427.0389404296875,107134800
2021-12-21,430.4460118667737,434.76352423036354,428.2872700067012,434.62274169921875,69806300
2021-12-22,434.3693368416024,439.0810403325154,434.17221265287645,438.9684143066406,58890200
2021-12-23,439.96328236392037,443.19202853023717,439.8600513958449,441.6996765136719,56439700
2021-12-27,443.07004291771364,447.9976320744908,443.02312495455095,447.9507141113281,56808600
2021-12-28,448.3824616482978,449.4055195900255,446.8244014321464,447.58465576171875,47274600
2021-12-29,447.6878713629644,449.1708283192884,446.6929700259556,448.15716552734375,54503000
2021-12-30,448.57947325578937,449.58376955280687,446.45828329869533,446.9181823730469,55329000
2021-12-31,446.430131900379,447.5751820751698,445.51970014618337,445.7918701171875,65237400
2022-01-03,447.0496642498278,448.5044935235423,444.7501397489699,448.3730773925781,72668200
2022-01-04,449.79032507237594,450.50366140781244,446.3738496168056,448.2228698730469,71178700
2022-01-05,447.85686371156027,448.62651310720656,439.522193776869,439.6160583496094,104538900
2022-01-06,439.1561765159226,441.90623388075556,436.847228237835,439.2030944824219,86858900
2022-01-07,439.21243352735695,440.385668974707,436.1150747602866,437.4666442871094,85111600
2022-01-10,434.2849014246999,437.1381897824005,428.5595059644335,436.9223327636719,119362000
2022-01-11,436.6594768734693,440.9957505518421,433.674744093411,440.9018859863281,74303100
2022-01-12,442.62881319251585,444.13995511433944,440.14156014966744,442.09381103515625,67605400
2022-01-13,443.1920935855011,443.83972192368026,434.97944444252323,436.00250244140625,91173100
2022-01-14,432.8675400643002,436.52802870303964,431.6567531379873,436.1807556152344,95890900
2022-01-18,431.50661955919577,431.71311015183727,427.34867984369737,428.4562072753906,109709100
2022-01-19,429.99552299874756,431.3846155465078,423.73512555326494,424.00732421875,109357600
2022-01-20,425.88441828475294,430.5679644846723,417.20247697536684,419.3143005371094,122379700
2022-01-21,418.19743405643766,420.5439049938418,411.05479027183264,411.08294677734375,202271200
2022-01-24,405.4983019869836,413.33552001842463,394.9204221606559,412.82867431640625,251783900
2022-01-25,406.4651000702844,412.7161024030997,400.9180390545414,407.78851318359375,167997300
2022-01-26,413.6546462199283,416.7707663219055,402.52297383173703,406.7654113769531,186391100
2022-01-27,411.3458376115937,414.47132495992946,403.07687456604026,404.7569274902344,149878300
2022-01-28,406.10844039096463,414.85609154872685,401.5469143096676,414.8091735839844,164457400
2022-01-31,414.1427300497246,422.62757707476004,412.800555532894,422.2803039550781,152251400
2022-02-01,423.0030224285111,425.77186972605006,419.49271090214194,425.1336364746094,123155400
2022-02-02,427.52709418411104,429.9861916577175,425.2275407272775,429.26348876953125,117361000
2022-02-03,423.2564492415284,425.15238749253155,418.33822656188164,419.173583984375,118024400
2022-02-04,418.9389039958587,424.97402004258834,416.5736430884237,421.14459228515625,118454400
2022-02-07,421.904914890702,423.2940075029743,418.4696776323214,419.7930908203125,84472900
2022-02-08,419.29559079665904,424.16686670467533,417.87831319896964,423.2470397949219,81012000
2022-02-09,427.26417963134577,429.7608280199488,427.0670841027158,429.44171142578125,92589900
2022-02-10,423.62250082711057,429.6013045752705,419.73675960069767,421.7265625,140103700
2022-02-11,421.8109911505724,423.87586832148435,411.98397004230856,413.4106140136719,153214600
2022-02-14,412.9037733723224,414.480594825984,408.6050229613756,412.05902099609375,123006300
2022-02-15,416.4798347763938,418.8732237029998,415.96359397809533,418.70428466796875,88482700
2022-02-16,416.66754036033973,420.5439150243388,414.79975861551924,419.173583984375,84863600
2022-02-17,416.0011909472556,419.14546811188006,409.6188006839309,410.219482421875,102259100
2022-02-18,410.4728641481939,411.72120279634646,405.30126139332725,407.5632629394531,132642900
2022-02-22,405.36689318747625,408.75518302234633,399.70717854023343,403.1893615722656,124391800
2022-02-23,406.0896264136833,406.65278513498924,395.47419479431903,396.037353515625,132578000
2022-02-24,385.7785700815535,402.4291467489523,385.42193057202616,401.99737548828125,213942900
2022-02-25,403.22697217896933,410.95156547095496,401.5844423836347,410.8670959472656,121804500
2022-02-28,405.498374768783,411.2894782206661,404.25006470919953,409.8158874511719,145615000
2022-03-01,408.32350426508583,410.3227021337157,400.8804765076019,403.5742492675781,137785900
2022-03-02,405.8175082648305,412.71613952126535,405.06664891646875,410.99853515625,117726500
2022-03-03,413.42002135958006,414.02070302306777,407.1596243152398,408.95233154296875,105501700
2022-03-04,405.23554101174136,406.7560496342077,401.6032084928617,405.6297607421875,113978200
2022-03-07,405.04780577504613,405.75174706324987,393.60641107929933,393.672119140625,137896600
2022-03-08,393.85044666663845,400.97432894741854,389.62679900774907,390.6874084472656,164772700
2022-03-09,399.0314934618867,403.1331202623526,396.85396145942144,401.1620788574219,116990800
2022-03-10,396.57234376713836,400.2422276939095,394.620092580412,399.3505859375,93972700
2022-03-11,401.82838993543686,402.4384665585123,393.7659204470378,394.27276611328125,95636300
2022-03-14,395.0423875897676,398.47759507678234,390.2555822065654,391.3912658691406,95729200
2022-03-15,393.99124132149103,400.62706816648796,392.72416989957503,399.99822998046875,106219100
2022-03-16,403.48973577211655,408.92414137534934,398.7122961456911,408.8678283691406,144954800
2022-03-17,406.96253340051334,413.9831848144531,406.587103776138,413.9831848144531,102676900
2022-03-18,412.3788887995638,418.8375945905653,411.6445165852454,418.5174865722656,106345500
2022-03-21,418.34795760108,420.34394183547073,414.9020489062175,418.3950500488281,88349800
2022-03-22,419.77904208379323,424.22294298577435,419.77904208379323,423.2908630371094,74650400
2022-03-23,420.76766221116077,422.25522626407883,417.754837158317,417.8395690917969,79426100
2022-03-24,419.8543513228499,424.1476078293655,418.7433833523975,424.13818359375,64736900
2022-03-25,424.7690334312819,426.48257795134367,422.1987166511893,426.20953369140625,77101300
2022-03-28,425.61638352750333,429.2411804199219,423.73337514000565,429.2411804199219,68529800
2022-03-29,433.11070836365906,435.0408090198134,430.43684015134215,434.55120849609375,86581500
2022-03-30,433.41212475893184,434.22183347017983,429.7685073894001,431.8680725097656,79666900
2022-03-31,431.1053791315065,431.9244832020018,424.7690454159792,425.2209777832031,121699900
2022-04-01,426.7932275717615,426.9344474423609,422.86717150697194,426.4260559082031,89048800
2022-04-04,426.6237972828837,430.1826819640368,425.80469323655575,430.0791015625,59601000
2022-04-05,428.5916034503726,431.04891596697667,423.5074858006422,424.6466979980469,74214500
2022-04-06,420.7488628977492,422.66951094806757,417.52890560703577,420.4004821777344,106898000
2022-04-07,419.5247922838507,424.3264687550642,417.5852962112796,422.5187683105469,78097200
2022-04-08,421.7656645610829,424.2700693409283,419.8544120623101,421.3890686035156,79272700
2022-04-11,418.131430249241,418.9693828064198,413.6875578619317,414.1865539550781,89770500
2022-04-12,417.1617012912827,419.67553034639525,411.1078357022038,412.65191650390625,84363600
2022-04-13,412.4071540225824,418.13148789412384,412.22826589543115,417.3782958984375,74070400
2022-04-14,417.6041972684777,418.7151941165963,412.0775719357156,412.18115234375,97869500
2022-04-18,411.25843764326237,414.0264622248378,410.1286211368297,412.3505859375,66002500
2022-04-19,412.24702736869455,419.7225732355812,412.0775635034835,419.0070495605469,77821000
2022-04-20,420.77706452379897,421.38903649977607,417.53828781709484,418.6963195800781,65224400
2022-04-21,422.3022452526152,423.6862573902188,411.53143635114475,412.4352722167969,85417300
2022-04-22,411.35261559680123,412.4541594531157,400.55356095514185,401.11846923828125,132471800
2022-04-25,398.88709289400344,403.6134335850115,394.33961156529534,403.4439697265625,119647700
2022-04-26,400.9207048061077,401.11844136754604,391.73164371973945,391.7598876953125,103996300
2022-04-27,392.8332367337777,398.18100288274366,390.7337005773798,392.8614807128906,122030000
2022-04-28,397.58781923542455,404.5078808966821,393.17216221026155,402.784912109375,105449100
2022-04-29,398.8117805304688,400.95840906428657,387.15595335566474,387.8997497558594,145491100
2022-05-02,387.96562121333255,391.5904179300961,381.3279997296009,390.2346496582031,158312500
2022-05-03,390.7336728773015,394.4243533044233,389.18016793893156,392.0235290527344,100028200
2022-05-04,392.6825909354839,404.52673082205837,389.5097261213919,403.9618225097656,144247900
2022-05-05,399.7155659383141,400.1392542887666,385.48945235975316,389.60382080078125,172929100
2022-05-06,387.05249050606017,390.53603977988104,381.99661613667513,387.2784423828125,151770800
2022-05-09,381.40340215959606,382.6367705084989,373.30645933793636,374.8787841796875,155586100
2022-05-10,380.8291132331161,382.32610181137966,371.72478159187983,375.7449951171875,132497200
2022-05-11,374.7846276976837,380.4054095794836,369.03202142087446,369.77581787109375,142361000
2022-05-12,366.5935320489902,372.647397923669,362.62038267397736,369.3898010253906,125090800
2022-05-13,373.50412408755506,379.59565742635624,372.46846371843355,378.2210693359375,104174400
2022-05-16,376.58294122722305,380.3395345985358,374.3421561522526,376.6864929199219,78622400
2022-05-17,382.74969701428194,384.67037360597254,379.03074397272616,384.43499755859375,83029700
2022-05-18,379.8968645068077,380.17930421421573,367.70437619757337,368.937744140625,117674500
2022-05-19,365.8873016619092,371.0844224400129,364.46562134290997,366.67816162109375,98510700
2022-05-20,370.2465895747261,373.80547490627424,358.2800772040546,366.8383483886719,131432200
2022-05-23,369.851096171746,374.46448991142154,367.5444280343373,373.7018737792969,76414900
2022-05-24,369.59693477146396,372.03542752036105,364.3245048157043,370.8491516113281,91448800
2022-05-25,369.36150985252755,376.08386362206704,368.966094179277,374.1255187988281,91472900
2022-05-26,375.34947110301795,383.22985621992024,375.1423390412836,381.6010437011719,82168300
2022-05-27,384.0489633714319,391.08200055963175,383.85125554393176,390.9690246582031,84768700
2022-05-31,389.35905760743515,392.0988383279228,386.04497310590705,388.77532958984375,95937000
2022-06-01,390.8843473141323,391.8917350641577,383.1263324544133,385.6307373046875,86585800
2022-06-02,385.4707269388475,393.02158154719785,383.2299419693613,392.9745178222656,79609600
2022-06-03,388.2763611795485,389.82044199768814,385.55542873821975,386.5251770019531,71874300
2022-06-06,390.517114758432,392.2400548190691,386.5345416096812,387.7020263671875,57508900
2022-06-07,384.22782218120017,391.8728307412038,383.76646564228656,391.4208984375,59272400
2022-06-08,389.7168124827089,391.4962691477678,386.37448418684187,387.16534423828125,64350000
2022-06-09,385.3953983656172,387.65500312470635,377.95751953125,377.95751953125,86289800
2022-06-10,371.78117890548924,372.6285269294592,366.9512578167044,366.9983215332031,132893900
2022-06-13,357.6303263600916,359.4756662902733,351.46345746861897,353.06402587890625,170004900
2022-06-14,354.80590682519255,355.83214308056677,348.91208061939693,352.0002136230469,104011800
2022-06-15,355.28597872744456,361.44342367912293,350.3525063636279,357.01837158203125,125666800
2022-06-16,348.83676669769454,349.2416066501107,342.7828722240161,345.2025451660156,134473300
2022-06-17,345.61585040188254,349.27520751315717,342.45764503453995,345.94677734375,111113900
2022-06-21,351.6485465469434,356.0359826472647,351.57288467855716,354.65545654296875,76811900
2022-06-22,350.4476289196659,358.10676218449237,350.03157524112396,354.012451171875,90059400
2022-06-23,356.13997099447135,358.2107454929241,352.5940787916053,357.482666015625,79292100
2022-06-24,360.6408080172429,368.85782309929124,360.61244203879954,368.8483581542969,98050300
2022-06-27,369.7656112640716,370.05873603154885,366.3521130366236,367.43951416015625,66009600
2022-06-28,368.99029067465796,371.76080759717377,359.81823772369825,359.93170166015625,86548900
2022-06-29,360.48012203098745,361.46349531064214,357.8230692449071,359.6385498046875,65676000
2022-06-30,355.7617301279105,359.94116789384236,352.2820347335468,356.7167663574219,112508300
2022-07-01,356.0642966004514,360.9245465265662,353.45451079691634,360.48956298828125,74839700
2022-07-05,355.4213793094931,361.1893705698523,352.6035661740261,361.1704406738281,81438000
2022-07-06,361.31220220280136,364.8675591963436,358.93883808157653,362.3901672363281,70426200
2022-07-07,364.15842313963157,368.61205598920736,362.4091104215268,367.8177795410156,64525900
2022-07-08,366.19131407700297,369.37791296325037,364.66895843815024,367.51513671875,72397800
2022-07-11,364.84868487322194,365.81315719235283,362.6265865895648,363.3168640136719,58366900
2022-07-12,362.76841613095786,365.14180928001315,358.36205049936086,360.1018981933594,62219200
2022-07-13,354.68376178018957,361.1325642695577,354.2677081449695,358.2107238769531,84224600
2022-07-14,353.27487695591316,358.4187870987838,350.84478066367626,357.3408508300781,89704800
2022-07-15,361.7282567851243,364.2813106084498,359.82767826526884,364.1678466796875,79060400
2022-07-18,367.2409659059459,367.91231341217645,359.94115471730987,361.16094970703125,63203600
2022-07-19,365.0661316858812,371.48656848607965,364.413714078224,370.9192199707031,78506000
2022-07-20,371.1083701548272,374.6920934702504,369.7467451710396,373.2831726074219,71843800
2022-07-21,372.70635127041953,377.13161760377886,370.31405726547354,377.0843505859375,64903900
2022-07-22,377.2073085647602,378.3987087577949,371.3731210571291,373.58575439453125,72197300
2022-07-25,374.20980770925064,374.89062013717165,371.8080487473427,374.03961181640625,53631500
2022-07-26,372.4037671603326,372.61179398374196,368.7255101067166,369.6143493652344,52946400
2022-07-27,372.8955360021085,380.9518230694224,372.60241116676775,379.21197509765625,82342100
2022-07-28,380.0156283887417,384.6583576476985,376.47917243204495,383.9681091308594,73966600
2022-07-29,385.39594499465454,390.5493202190506,384.63003453579483,389.56591796875,87003700
2022-08-01,386.880471670519,390.90861443486426,386.17129323209457,388.41229248046875,69997500
2022-08-02,386.85206507545166,390.520885762128,384.67726296854556,385.8497619628906,63435400
2022-08-03,387.9678546966585,393.0550324074595,387.6841948771705,391.8919982910156,67820600
2022-08-04,391.8163247050197,392.49713710795265,389.9913792556796,391.6272277832031,45656600
2022-08-05,387.36270800499386,391.6083135328843,387.3059760405287,390.96533203125,56814900
2022-08-08,392.64844425670384,394.8894434033857,389.4145780273554,390.5114440917969,53886100
2022-08-09,389.78339679657284,390.2845484240548,387.89225422395475,388.96075439453125,44931800
2022-08-10,395.9862990766892,397.27229089166696,394.0384247471789,397.13043212890625,68665700
2022-08-11,399.9671456794408,401.82048597583395,396.392887760029,397.13043212890625,59489700
2022-08-12,399.0594018073081,403.9574535679473,398.1138306323642,403.85345458984375,61694500
2022-08-15,401.6502565276743,406.0377206189218,401.59352456585145,405.51763916015625,54048300
2022-08-16,404.44920466821014,408.2314897011034,403.6454633274114,406.3119812011719,59289000
2022-08-17,402.7282040772565,406.1228009765339,401.4327762441567,403.42791748046875,63563400
2022-08-18,403.6264978547886,405.2812474108149,402.34053490810277,404.6004638671875,49023200
2022-08-19,401.8488709739081,402.1136297635589,398.29351392155985,399.1634521484375,68016900
2022-08-22,394.3505254404988,394.52075021683424,389.9536243733682,390.8519287109375,77695600
2022-08-23,390.4263025639095,392.80916021108453,389.3578026007289,389.90625,49105200
2022-08-24,389.6793622511617,392.51607606132626,388.99857863900553,391.15447998046875,49177800
2022-08-25,392.6389975097295,396.7238722445992,391.551596341063,396.6766052246094,50942300
2022-08-26,396.5631405668187,397.102094248587,383.1927492346699,383.2494812011719,103087000
2022-08-29,380.3088043159643,383.75066898657906,379.36323297639854,380.71539306640625,65370800
2022-08-30,381.8689239380466,382.10531673126604,374.44618445964664,376.535888671875,85652400
2022-08-31,378.16233169722864,379.40102781992005,373.53850294031076,373.6708679199219,76029700
2022-09-01,371.50548804103204,375.18374505731157,368.8106043103933,374.8433532714844,78740100
2022-09-02,378.4932391584454,379.70356914138836,369.08479416646423,370.8908386230469,99632100
2022-09-06,371.73239306497686,372.66849927504563,367.2787610013706,369.49139404296875,76637400
2022-09-07,369.17937898507915,376.89524390582346,368.96191606413413,376.12933349609375,70964200
2022-09-08,373.86940805077325,379.0416547769603,372.6685141668355,378.5877990722656,80821700
2022-09-09,380.81934883699086,385.329742082949,380.5545900462263,384.4692687988281,76706900
2022-09-12,386.530576252988,389.32002270766344,386.2279865572964,388.60137939453125,69256300
2022-09-13,379.95876496118325,381.15965854477736,370.5881821708981,371.7039489746094,122947100
2022-09-14,372.9995076387831,374.6353563576037,369.8318380483669,373.1224365234375,85023700
2022-09-15,371.5716492033494,374.4083627921359,367.6191685285438,368.88623046875,87633800
2022-09-16,364.7239022587895,366.7272397445629,362.7964794998418,366.0721130371094,103084800
2022-09-19,362.9388349935968,368.910888671875,362.8628623346067,368.910888671875,73278500
2022-09-20,365.59739527124015,366.60381595599796,361.9325103201576,364.6764221191406,77274900
2022-09-21,366.5941948401459,369.63246357967904,358.30546809821095,358.3149719238281,106746600
2022-09-22,357.5459378785754,359.1790024904426,354.5646626886457,355.30523681640625,89472600
2022-09-23,351.8492472849376,351.8872336223703,344.92773674852214,349.3522033691406,122346900
2022-09-26,347.8900111292315,351.49793062480813,344.6808467381226,345.8961486816406,92581200
2022-09-27,349.41858073488055,351.6782893189801,342.62998013123286,345.01312255859375,108294100
2022-09-28,345.9625820630532,353.4822530130937,344.2725525183402,351.8017272949219,110802200
2022-09-29,348.2697422736175,348.55456731120603,341.51912810704937,344.45294189453125,112952300
2022-09-30,343.51294405259347,347.4152207218765,338.9935561579165,339.12646484375,153711200
2022-10-03,342.82934672559077,349.92177979795235,341.0538697447387,348.079833984375,89756500
2022-10-04,353.57718804598346,358.8941441243227,348.0418757679158,358.86566162109375,103602800
2022-10-05,354.5171835950493,360.2803561426698,352.2005099841954,358.0301513671875,88065700
2022-10-06,356.63448871251217,359.5778067097025,353.843087080186,354.3368225097656,82333500
2022-10-07,350.32056946949496,354.42222386124985,342.69644356252195,344.45294189453125,107789500
2022-10-10,345.5637629110446,345.80112674980717,339.5917095898351,341.8229064941406,76042800
2022-10-11,340.13296143778496,344.68086182889056,337.73083995304165,339.6582336425781,92482800
2022-10-12,340.0664801784366,341.63307591693376,338.29097410138615,338.537841796875,76991800
2022-10-13,331.55940386010286,348.93445987265227,330.51499683611013,347.4722900390625,147254500
2022-10-14,349.921841160499,351.545431058521,338.9176545048849,339.5538024902344,123737000
2022-10-17,345.61138962626944,349.38073003421215,339.2215421309147,348.27935791015625,93168200
2022-10-18,356.1692206517508,356.4730533438476,348.94384975105197,352.37139892578125,97162900
2022-10-19,350.33958306364724,353.0550409179747,347.07345375673924,349.8743591308594,79746900
2022-10-20,349.42815136875413,353.8336393624102,346.18100039281916,346.9405822753906,88283100
2022-10-21,346.6652142635387,355.8559372584329,345.1650872068647,355.3717346191406,131038400
2022-10-24,356.8908256086108,360.85003863790973,354.2513116223034,359.7201843261719,85436900
2022-10-25,359.64424976923016,365.77772406360737,359.53031974752065,365.46441650390625,78846300
2022-10-26,362.3311611391799,367.98990714811197,362.0748186150192,362.7109375,104087300
2022-10-27,363.7078921191661,365.54033411277726,360.15690917044486,360.7740783691406,81971800
2022-10-28,360.66966547964233,369.83190549665636,360.4892666119688,369.357177734375,100302000
2022-10-31,366.9075331139263,368.7684575139983,365.7871827386335,366.68914794921875,96631300
2022-11-01,370.42058959281826,370.65795347224923,363.9168135013934,365.0846252441406,85407600
2022-11-02,364.49591366436715,368.986848031428,355.817906580174,355.9223327636719,126990400
2022-11-03,352.69424875731005,355.2862727989772,350.1497148774445,352.25750732421875,87100100
2022-11-04,357.94474652084614,359.72022378402096,351.29855759340336,357.3276062011719,103505200
2022-11-07,358.61886625865293,361.33432433939305,356.5490600064299,360.74566650390625,68286900
2022-11-08,361.84701770864893,365.65434401980673,358.62837822141654,362.6920471191406,84641100
2022-11-09,360.72658686650783,361.87544877434425,354.7260217229651,355.2197570800781,78495500
2022-11-10,368.43620204058976,375.07291581213747,366.14803974108565,374.7406005859375,141455800
2022-11-11,375.59507007118657,379.16503175995996,373.71513788878525,378.36749267578125,93839900
2022-11-14,376.61106501327595,379.9531383229995,374.8735450242789,375.1488952636719,71903500
2022-11-15,380.8740965559295,381.9754684954277,374.55071897532395,378.3485412597656,93194500
2022-11-16,376.7249517855088,377.67440728463805,374.8355446142679,375.4621887207031,68508500
2022-11-17,370.7244135980539,374.98748880867356,370.420609836842,374.3133544921875,74496300
2022-11-18,377.63640863793864,377.7028774747301,373.1739853225882,376.0128479003906,92922500
2022-11-21,374.69315056273854,375.81350115294237,372.8132181507224,374.6456604003906,51243200
2022-11-22,376.5824862104235,379.8486149853694,375.17728183861897,379.68719482421875,60429000
2022-11-23,379.3549636956731,382.5641281776776,379.12710362952333,382.0799255371094,68261600
2022-11-25,381.5197180169349,382.54514625609033,381.2443967643648,381.99444580078125,30545400
2022-11-28,378.9181565167745,380.5512209827744,375.13931354978837,375.8988952636719,67881600
2022-11-29,376.031857943791,377.218677377997,373.4208551885378,375.2533264160156,52310000
2022-11-30,375.5001700531818,387.07403564453125,373.59178408114326,387.07403564453125,144566700
2022-12-01,388.1089126426204,389.27675333365096,384.29211197998836,386.7891845703125,76398200
2022-12-02,381.91846008966655,387.2448913304231,381.81403389674875,386.3429260253906,85342700
2022-12-05,383.5325548004845,384.4630026318405,378.04470325554814,379.3929138183594,77289800
2022-12-06,379.23146151769544,379.7726290359641,371.84470019254604,373.9239807128906,77972200
2022-12-07,373.0790824780339,375.6426241653655,372.1581093951866,373.2879638671875,65927900
2022-12-08,375.1679022862841,377.27566591677703,373.3923959629349,376.2122802734375,60737900
2022-12-09,374.9779244191876,377.5224579807687,373.2783911110442,373.4018249511719,81447700
2022-12-12,374.1898882628355,378.7852783203125,373.52528680664847,378.7852783203125,75405800
2022-12-13,389.48562607620295,389.74196862339903,378.89920332598314,381.6526184082031,123782500
2022-12-14,381.31081297545614,385.00420881267286,376.27871036892407,379.2125244140625,108111300
2022-12-15,374.37028116191146,375.27227545068706,368.28429708214924,369.93634033203125,117705900
2022-12-16,367.39063871161915,368.7259745587609,363.4418577702044,365.56884765625,119858000
2022-12-19,365.759577222778,366.0934184203677,360.8092731762787,362.4689025878906,79878100
2022-12-20,361.7154089937889,364.5768550701663,360.39913914135377,362.96490478515625,74427200
2022-12-21,365.5498006476777,369.51767673215966,365.0156662813186,368.3921813964844,78167400
2022-12-22,365.3589430278992,368.3730029019242,357.4613534216276,363.1365661621094,100120900
2022-12-23,362.1159255279706,365.3684387691408,360.5707496010849,365.2253723144531,59857300
2022-12-27,365.11100414194533,365.45436371312377,362.1160098220325,363.7851867675781,51638200
2022-12-28,363.71843147410067,365.6833180737436,359.03522324607314,359.2641296386719,70911500
2022-12-29,362.0969229072174,366.5989324853657,361.57230700428545,365.73095703125,66970900
2022-12-30,363.0603000709137,364.91067512789425,360.9523471240934,364.7676086425781,84022200
2023-01-03,366.61799691898324,368.5828541871979,360.3800364563273,363.2319641113281,74850700
2023-01-04,365.48293416385536,368.05824707832414,362.4498085414863,366.0361633300781,85934100
2023-01-05,364.0903838205467,364.20483700123856,361.26709863365966,361.85845947265625,76970500
2023-01-06,364.9392455332869,371.27259288151197,361.8870541421074,370.1566162109375,104189600
2023-01-09,372.3408937056104,375.5171151232303,369.76560972422254,369.9468078613281,73978100
2023-01-10,369.3650063190875,372.60797279309605,368.43025676671084,372.54119873046875,65358100
2023-01-11,374.1150200893582,377.32937328940335,373.3042711879849,377.2530517578125,68881100
2023-01-12,378.3499708858858,380.08589280712,374.2962553998828,378.6265563964844,90157700
2023-01-13,375.4407746169057,380.6676929521993,375.1737074965992,380.09539794921875,63903900
2023-01-17,380.07639986503904,381.74557694149377,378.7219690868492,379.399169921875,62677300
2023-01-18,380.58182787980417,381.6405488233354,373.2088256024032,373.40911865234375,99632300
2023-01-19,371.3775455516614,373.01810918357603,369.37455652309,370.6908264160156,86958900
2023-01-20,372.08341391228544,377.74908002985853,370.44285016934947,377.5964660644531,91806400
2023-01-23,378.3975929821439,384.05371051595347,377.4437777174287,382.12701416015625,84178800
2023-01-24,380.4579061003212,382.6230566629975,379.2751842732551,381.7169494628906,59524900
2023-01-25,377.66323376967637,382.19385709358215,375.38360090426846,381.8600158691406,84800300
2023-01-26,384.5116168819161,386.2189546426973,381.55478324321655,386.0567932128906,72287400
2023-01-27,385.01709018056243,389.3092590605459,384.80724964877123,386.94378662109375,68346200
2023-01-30,384.19688290612737,386.4192893861794,381.79327825530487,382.0889587402344,74202000
2023-01-31,382.6039606559222,387.75455778693544,382.2605719895161,387.7068786621094,86811800
2023-02-01,386.49550726473996,394.5648060301805,383.7676093537023,391.82733154296875,101459200
2023-02-02,395.699880930703,398.9905560204561,393.8113448862697,397.5312194824219,101654500
2023-02-03,392.5808161913244,397.71234690587056,392.1039085651864,393.30572509765625,94736800
2023-02-06,390.8640289856019,392.294752115139,389.2520785976726,390.90216064453125,60295300
2023-02-07,389.98652766410515,397.25459690875016,388.746579192855,396.0146484375,90990700
2023-02-08,394.04976837031427,395.38510413414,390.99754738888123,391.6842956542969,76227500
2023-02-09,395.2706317979571,395.42324575045114,387.067813777245,388.2886962890625,78694900
2023-02-10,387.115514984604,389.57637508525863,386.304795158678,389.1948547363281,70769700
2023-02-13,389.84344339763004,393.89715897184107,389.3856015126722,393.76361083984375,64913500
2023-02-14,392.24703262517374,395.8810669412816,389.6431352333331,393.5823974609375,88389300
2023-02-15,391.39811939038964,394.9367660502503,390.55875725790736,394.8604736328125,61555700
2023-02-16,389.9101917236614,393.83990637535055,389.2902175572194,389.4237365722656,76431500
2023-02-17,387.3062461554366,388.689290011422,385.3890680493917,388.4508361816406,89257800
2023-02-21,384.44485161266954,385.49405442565177,380.4006834333242,380.658203125,82655900
2023-02-22,381.06829584759197,382.60395368803114,378.68375748701857,380.1335754394531,83742300
2023-02-23,383.0141899369639,383.6246458927599,377.9494314305459,382.15576171875,96242400
2023-02-24,377.15764870927023,378.9031178542997,375.4598586847204,378.07330322265625,108194400
2023-02-27,381.4021421594611,382.7565727740271,378.42624290281987,379.3609924316406,80444700
2023-02-28,378.8841254999914,380.83943554893773,377.85398850305495,377.95892333984375,96438600
2023-03-01,377.1481328157973,378.36901530523187,375.21188881048784,376.5090637207031,99706800
2023-03-02,374.54420891841545,380.2766485518157,374.2103677204858,379.4372863769531,85127800
2023-03-03,381.2495406253721,385.770645358477,380.6009531474197,385.52264404296875,90120000
2023-03-06,386.34290347544555,388.63208364699216,385.35095644978605,385.7897033691406,72795900
2023-03-07,385.74205640878506,385.9805102708599,379.26564136455426,379.8760681152344,108310600
2023-03-08,379.99057269709033,381.24958704047157,378.2736873246154,380.49609375,74746600
2023-03-09,381.2781550603871,382.93781363415775,372.4935234600931,373.4759521484375,111945300
2023-03-10,372.9322836127058,375.0020758920174,366.5703510301064,368.0869140625,189253000
2023-03-13,364.17625337042944,372.3600057541109,363.0698240200609,367.5622863769531,157790000
2023-03-14,372.4649191205908,375.27868623479475,369.17424429944623,373.63812255859375,149752400
2023-03-15,368.06785035886526,371.5015626213284,365.98851059869224,371.30126953125,172996900
2023-03-16,368.95487198316505,378.1591845711939,368.4493509964938,377.8157958984375,143254200
2023-03-17,376.49072469808146,377.62051539098667,372.019393803673,373.39813232421875,140553400
2023-03-20,374.17372499584104,377.4003756726055,373.4748009433892,376.9886474609375,93055800
2023-03-21,380.33963500083723,382.41732640991324,378.75025527455585,381.9385986328125,91524200
2023-03-22,381.7663294027596,385.3663430375663,375.3896708071276,375.4279479980469,111746600
2023-03-23,378.281200344851,382.30252630568356,373.74286930103284,376.4429016113281,119351300
2023-03-24,375.16934006849203,378.9991618689698,372.8331464326629,378.9129943847656,107682400
2023-03-27,381.18223941875726,381.94822147173227,378.7311552876925,379.62158203125,74010400
2023-03-28,378.9322213165427,379.62159057011246,376.9407263724681,378.76947021484375,62871700
2023-03-29,382.9152413925595,384.5142052275328,381.7184217978642,384.27484130859375,77497900
2023-03-30,386.8982643494234,387.14721217774354,384.6674054592339,386.5248718261719,69840000
2023-03-31,387.4440026260915,392.26958723104974,387.3386673117375,391.9727783203125,112062600
2023-04-03,391.4557374933837,393.86851514556844,391.06317718146,393.4664001464844,67391100
2023-04-04,394.10789340859714,394.3951476376342,389.9142329500153,391.2834167480469,66601500
2023-04-05,390.55568949256184,391.3120875440854,388.61205593172843,390.2588806152344,65200200
2023-04-06,389.4642249836437,392.05895083799805,388.4206018294357,391.7812805175781,63743300
2023-04-10,389.31104357827485,392.26002346239954,388.69828713147245,392.18341064453125,63681000
2023-04-11,392.8057304769011,393.68657323624444,391.52274352274435,392.2886962890625,59297900
2023-04-12,394.3471842150149,394.6344383907978,390.1056634475445,390.689697265625,86420400
2023-04-13,391.7716578689955,396.23340427170086,390.6322834184287,395.879150390625,85814800
2023-04-14,395.24728574948534,397.4302835798645,392.61428257068803,394.91217041015625,78161500
2023-04-17,394.8259199321895,396.34827067116134,393.6003780607341,396.3291320800781,66436400
2023-04-18,397.89941712105417,398.0334749409728,395.21855291496564,396.58770751953125,63560000
2023-04-19,394.6823936174116,397.4207029205089,394.62494861239765,396.5207214355469,55227300
2023-04-20,393.7153338921518,396.0994183553833,392.815323233928,394.3568420410156,75840400
2023-04-21,394.6536546185458,395.122798546293,392.719604685716,394.6632385253906,73457400
2023-04-24,394.4621959673284,395.49626456860597,393.13134763213804,395.0749816894531,64332100
2023-04-25,393.1121085624426,393.6674491748633,388.7461133509764,388.8035583496094,97766700
2023-04-26,389.4163794213185,390.48872511908525,386.6014573550663,387.1567687988281,80447000
2023-04-27,389.6844798717997,395.13240528174725,389.43553203327593,394.86431884765625,92968400
2023-04-28,393.983452291085,398.2441420130027,393.9260072843417,398.23455810546875,89433100
2023-05-01,397.7940605397827,399.85258413885225,397.60255774112403,397.8323669433594,62122300
2023-05-02,397.12387775512695,397.1717680701673,390.4695783796922,393.361083984375,103998500
2023-05-03,393.85890883632186,396.2621316646499,390.4216468499389,390.6610107421875,91531800
2023-05-04,389.6174515879438,389.94298302849234,386.56316548431346,387.89404296875,94901900
2023-05-05,391.51324503248986,396.1186049794172,391.2547424917862,395.0749816894531,87891800
2023-05-08,395.4004621354889,395.6589646428425,393.7823597445963,395.18023681640625,50046800
2023-05-09,393.63876845358556,394.557917748492,393.2174856060807,393.447265625,49220100
2023-05-10,396.27173108441946,396.9036552910025,391.4748691458095,395.2855529785156,96142900
2023-05-11,394.42388691061444,394.88344694585095,392.5281141075764,394.5962219238281,70157100
2023-05-12,395.83132277822824,396.04196418738917,391.6663849084535,394.07916259765625,70481500
2023-05-15,394.68235310668433,395.8408662145273,392.7770257910844,395.4387512207031,54289400
2023-05-16,394.3376320009185,395.2568103742265,392.7865586723953,392.796142578125,57705500
2023-05-17,394.80682372550075,398.1674730228259,393.1695828258179,397.5643005371094,87287000
2023-05-18,397.24830507598523,401.81538678686417,397.0281089980014,401.39410400390625,97177200
2023-05-19,402.29419356642416,402.82078253891825,399.59416135067175,400.81011962890625,103793300
2023-05-22,400.8292878724486,402.50483542937735,399.59416177767093,400.972900390625,60745400
2023-05-23,399.33549968357823,400.905740621065,396.0801570507846,396.47271728515625,86383500
2023-05-24,394.8738657064858,395.2568421165078,392.44192021304394,393.6004333496094,89213700
2023-05-25,397.0951701927873,398.4547701518932,394.8643112540631,397.0090026855469,90961600
2023-05-26,397.6600433469777,402.8686044347789,397.5834597512282,402.1505126953125,93830000
2023-05-30,404.0750403987033,404.60162936229705,400.92500286690074,402.3037414550781,72216000
2023-05-31,400.4845443720238,401.38455501215435,398.51218808898716,400.0728454589844,110811800
2023-06-01,400.3026119453019,404.9271388982078,399.05793134165066,403.8739318847656,88865000
2023-06-02,406.43990546910896,410.4995078956091,405.9133165725639,409.71441650390625,91426200
2023-06-05,410.05914256559197,411.3421297490295,408.2303985985282,408.9293518066406,65460200
2023-06-06,408.5176374533879,410.3463521322916,407.86654536905576,409.81976318359375,64022200
2023-06-07,410.21222326892666,411.3420137091633,407.9813356645179,408.4026184082031,85373300
2023-06-08,408.4696715682205,411.32289955281317,407.7037188355954,410.8728942871094,61952800
2023-06-09,411.6676134571485,413.6112472123868,410.62399032938276,411.61016845703125,85742800
2023-06-12,412.5868209414102,415.4208816171955,411.86872917016797,415.3442687988281,76104300
2023-06-13,416.7995935234062,418.72405947829276,416.13894679853814,418.08258056640625,95899700
2023-06-14,418.41766273627127,420.3804349424088,415.1431518715733,418.5804138183594,100612100
2023-06-15,417.7666014534157,425.0145475724995,417.6708792659641,423.7698669433594,110303100
2023-06-16,425.7476786538035,426.3146724181942,421.85559038647375,422.32647705078125,114165800
2023-06-20,420.39477647392715,421.278891227802,418.0691141682308,420.1352844238281,76160400
2023-06-21,419.15507151836675,419.9526987151209,417.39640282400495,417.9826354980469,76982300
2023-06-22,417.03123579350665,419.59712182011833,416.69487567418776,419.4914245605469,70637200
2023-06-23,416.0510471242086,418.09800801134094,415.60898967891455,416.32012939453125,92074500
2023-06-26,415.75312807727073,417.6655331304873,414.37888755488666,414.619140625,72823600
2023-06-27,415.493629733563,419.77973592551575,415.0419528273242,419.1647033691406,72813700
2023-06-28,418.0883469905335,420.3851802319676,417.47331443133595,419.3761291503906,75636000
2023-06-29,418.962851943863,421.1924071877769,418.55924326128763,421.0290222167969,67882300
2023-06-30,424.22923858544607,426.97771946925525,423.91208812792,425.99749755859375,104964000
2023-07-03,425.65153394679413,426.7662822836005,425.37283219871017,426.48760986328125,32793400
2023-07-05,424.6809269189928,426.5837417319984,424.6713074116075,425.8533630371094,58418400
2023-07-06,422.2879821858995,422.9414634252197,420.0199782059898,422.51861572265625,80658300
2023-07-07,421.52880169929125,425.3824701498979,421.21165123791485,421.451904296875,86134200
2023-07-10,421.0963071478734,422.6915908752238,420.52931348483696,422.51861572265625,62443500
2023-07-11,423.2777668364668,425.6995066312158,422.307135286397,425.2093811035156,64463800
2023-07-12,428.9862143541203,430.03371404566207,427.5639058584264,428.630615234375,91924500
2023-07-13,430.43733958982216,432.82066029903234,430.0049017154937,432.0326232910156,72425200
2023-07-14,432.9167455493579,433.76241157020985,431.00431150899965,431.7635192871094,69815800
2023-07-17,431.6194032211896,434.3102255823968,431.5713350157398,433.2627258300781,52680200
2023-07-18,432.93600974084484,437.12600898753516,432.5035425061128,436.4821472167969,80668200
2023-07-19,437.27013362266524,438.6347544080096,436.40519925341147,437.4527282714844,65891700
2023-07-20,436.4629408876448,437.35667523001575,433.8393669208048,434.5505065917969,70591600
2023-07-21,436.26110720174216,436.4629408876448,434.54091641230104,434.5505065917969,71275600
2023-07-24,435.6941036910491,437.29900699604326,434.6658135812287,436.49176025390625,54023400
2023-07-25,436.2226217872533,438.93265359810636,436.1745535859872,437.683349609375,55191200
2023-07-26,436.7512104988631,439.17295065598853,435.7037107326863,437.75067138671875,71052900
2023-07-27,441.12379698695344,441.5274350037331,433.94503488324995,434.848388671875,92194400
2023-07-28,438.1062824263063,439.9321998907834,434.8484367232918,439.1057434082031,80011800
2023-07-31,439.57655264920487,440.2973117315323,438.2695609294814,439.9417419433594,62040400
2023-08-01,438.48102764934566,439.42283016702106,437.7314393035273,438.682861328125,55291500
2023-08-02,435.57876710355214,435.8382298320832,431.83082549706114,432.5804138183594,93933400
2023-08-03,430.5719307015857,433.21471435225743,429.92803959884134,431.3407287597656,64276100
2023-08-04,433.14742331097347,435.2424228845315,428.87090725675444,429.3898620605469,100128900
2023-08-07,431.21576252551705,433.29155233174345,430.5238325901082,433.1377868652344,58357500
2023-08-08,430.610350839472,433.1282275391779,427.90990879603123,431.2542419433594,71361300
2023-08-09,431.52333486681067,431.6867198555809,427.6120079214979,428.3712158203125,78789600
2023-08-10,430.71607007168745,434.08923235537964,427.3621468022029,428.52496337890625,93005500
2023-08-11,426.660622377887,429.284196455691,426.0647994577727,428.2751159667969,68690900
2023-08-14,427.36210409794415,430.6391296386719,427.0545731790082,430.6391296386719,47867400
2023-08-15,428.87090781167177,429.22650696420783,425.0556881700834,425.6227111816406,75707500
2023-08-16,425.2094830101528,426.8624252963623,422.39372408289853,422.49945068359375,80107200
2023-08-17,423.9601232533812,424.2195859756661,418.7610440069637,419.2799987792969,95711300
2023-08-18,416.4738084450364,420.51007098994324,416.12785816689336,419.4817810058594,98852000
2023-08-21,420.4908700639508,422.9510589127824,418.3478316599045,422.2110900878906,68719000
2023-08-22,423.9793707816351,423.9793707816351,420.5101306907519,421.0675048828125,64994200
2023-08-23,422.12460773274086,426.37229454971487,421.98046176867535,425.7572326660156,68441000
2023-08-24,427.35254280721006,427.861878130185,419.82780041318796,419.8566589355469,88517300
2023-08-25,421.576814401286,424.09466161039535,418.0402966316632,422.8165283203125,102325100
2023-08-28,424.99802710166506,426.1128047760357,422.8165399597136,425.4977722167969,61595400
2023-08-29,425.3920855016939,431.9269866887697,425.20949081985793,431.6482849121094,83081900
2023-08-30,431.9845986592022,434.0603885077203,431.2830492029172,433.4261169433594,69053900
2023-08-31,434.04117430376084,435.17516171345255,432.6092754445361,432.7918701171875,66084600
2023-09-01,435.5019359140747,435.98244204092543,432.14798320577563,433.59912109375,58944100
2023-09-05,433.1570257317341,433.4741468434639,431.65784909348326,431.72509765625,55166200
2023-09-06,430.91787558724553,431.0236021823755,426.5068329962555,428.8228759765625,70758500
2023-09-07,425.8341358343982,428.17900813567496,425.4881854921281,427.5063171386719,70355400
2023-09-08,427.5543236104539,429.67815236910445,427.19875378748577,428.150146484375,61659700
2023-09-11,430.7641392036296,431.27347454388655,429.0631580094359,430.9659729003906,60180100
2023-09-12,429.5244606027526,431.0428471374366,428.02528375613423,428.60186767578125,67565400
2023-09-13,428.8228607530232,430.25475953176647,427.72729277869223,429.1015625,60199300
2023-09-14,431.5617375492493,433.4933520471616,430.26436526823954,432.8014221191406,83430800
2023-09-15,431.2226976956846,431.5505908236283,427.15292033053095,427.5868835449219,111848900
2023-09-18,427.2783073434339,429.12997218957395,426.80575976702727,427.8376770019531,55752200
2023-09-19,426.92147805226983,427.5097785871883,424.27902594225344,426.9504089355469,66514600
2023-09-20,428.2041638924205,428.61884971067485,422.8227839687489,423.02532958984375,82562600
2023-09-21,420.1899872517448,420.45036521142913,415.8791088874586,416.0334167480469,104095800
2023-09-22,417.05566583396023,418.64692328267273,414.6832156713709,415.0979309082031,100829700
2023-09-25,413.89240765921994,416.8820302302398,413.4584149989299,416.8434753417969,70874500
2023-09-26,413.8152657492611,414.5192898301892,409.8901424025337,410.71954345703125,96168400
2023-09-27,411.88640908082164,412.445778671282,407.2572916755206,410.8834228515625,104705800
2023-09-28,410.33377256481566,414.93395949847536,409.7454720420047,413.2655334472656,92258300
2023-09-29,416.30348156781014,416.47706688820205,410.74851586552904,412.26263427734375,115111300
2023-10-02,411.4332235195831,413.34275029290137,409.3501114299314,412.0986633300781,83798600
2023-10-03,409.92872106622235,412.15648738227026,405.2224344904491,406.5822448730469,103760600
2023-10-04,407.0451710291783,410.28554771633696,405.5889145488821,409.54296875,87453000
2023-10-05,409.25361095296023,410.2276663727646,406.1771957071079,409.3886413574219,70142700
2023-10-06,406.9487069673823,415.78263268562836,405.627480956343,414.2492370605469,113273300
2023-10-09,412.35898219183764,417.47033030159264,411.80929543558074,416.9013366699219,80374400
2023-10-10,417.5282094394434,421.6558488736504,417.1328010827686,419.0712585449219,78607300
2023-10-11,420.13211651194507,421.0386273478204,417.75966631617496,420.78790283203125,62451700
2023-10-12,421.39548619007036,421.7715876841516,415.8791053042313,418.22259521484375,81154200
2023-10-13,419.71738853134207,420.9132670312688,414.57713879227015,416.13946533203125,95143100
2023-10-16,418.3769095461698,421.578731455087,418.135809030701,420.51788330078125,75433200
2023-10-17,417.40284337508905,422.54312271495667,417.0556727686725,420.4985656738281,75324700
2023-10-18,418.7337471858001,419.6884958400442,413.8152906244154,414.8954162597656,93559800
2023-10-19,415.60908569425885,417.4125128642148,410.5749056891377,411.2499694824219,121323000
2023-10-20,410.81596589128515,411.35602864539834,406.0903726459754,406.19647216796875,123919900
2023-10-23,404.6726536491172,409.3403845890626,402.9270886227728,405.4924011230469,92035100
2023-10-24,407.6044970323164,409.6972623098232,405.76248569133276,408.54962158203125,78564200
2023-10-25,406.8715964855641,406.90052736992106,402.1749337627123,402.6860656738281,94223200
2023-10-26,401.6252356371067,402.4738846980561,396.9478799231693,397.8640441894531,115156800
2023-10-27,399.4456991403426,399.8411075241665,394.6429661954743,396.0606384277344,107367700
2023-10-30,398.83807208389743,401.84700148905324,397.54577698969393,400.7958068847656,86562700
2023-10-31,401.3648771149318,403.6312280389458,399.4650037145309,403.31298828125,79665200
2023-11-01,404.27737373849845,408.42429101289605,403.74693492260894,407.61419677734375,98068100
2023-11-02,411.39458907062107,415.5801196181461,411.37531162600504,415.4258117675781,94938900
2023-11-03,417.72107011423,420.75893033677426,417.59569315312746,419.21588134765625,100167800
2023-11-06,419.96812824031423,420.62391451827705,418.24184046839486,420.1802978515625,67831700
2023-11-07,420.1803410344543,422.0126990847071,419.04235365317487,421.3761901855469,64256100
2023-11-08,421.97409276953505,422.4948781019278,419.38950241519393,421.6847839355469,61746000
2023-11-09,422.8228118894829,422.86139621479384,417.9718704320272,418.3962097167969,83174400
2023-11-10,420.4600443494357,425.2338171560556,418.3865562589062,424.9252014160156,89462200
2023-11-13,423.5943238724324,425.6195446365516,422.8131605648516,424.5201416015625,52236100
2023-11-14,430.43192160638574,434.0387757848984,430.2100985439841,432.7561340332031,97176900
2023-11-15,434.0870186065259,435.31182811938703,432.82365419982955,433.6723327636719,77327600
2023-11-16,433.22867282179436,434.52096798557363,432.1678247228073,434.2027282714844,66665800
2023-11-17,434.2123590781554,435.3503758373704,433.29619481153003,434.7427978515625,83133200
2023-11-20,434.4920338445369,438.92828895080976,434.482380406505,438.0892639160156,69936200
2023-11-21,437.0476372941105,437.96383085338925,435.87106582224123,437.1344299316406,49244600
2023-11-22,438.78368021370784,440.1338372741124,437.73248545127797,438.8222351074219,59394900
2023-11-24,438.87043049439643,439.2851162959046,438.54253734218906,439.09222412109375,29737400
2023-11-27,438.4653845031241,439.2754786903425,437.9156682731926,438.30145263671875,50506000
2023-11-28,437.91566497815336,440.02770779834395,437.3563247451927,438.73541259765625,62115000
2023-11-29,440.87631632625397,442.004679482677,438.0313484211019,438.4267272949219,63146000
2023-11-30,439.2658732507552,440.5003067450598,437.2020386572685,440.1531066894531,79752700
2023-12-01,439.5455132066452,443.28739788218263,438.95724208115644,442.7569885253906,89183400
2023-12-04,439.3816359735592,442.77632102780984,438.16647981739976,440.4328308105469,72430900
2023-12-05,439.05365215206086,441.3006958020075,438.6775212551753,440.345947265625,69793500
2023-12-06,442.47728857768345,442.50621946104377,438.1374794863498,438.57147216796875,69124700
2023-12-07,440.6449509609681,442.5641016519375,440.0470263897846,441.91796875,66995400
2023-12-08,441.1753589138319,444.3482499376319,440.93425839840177,443.8178405761719,83194400
2023-12-11,443.3259545711253,445.7176821092958,443.1137849553907,445.5440673828125,65002200
2023-12-12,445.1969357013274,447.67545610374924,444.20360273884916,447.5790100097656,68327600
2023-12-13,447.9550337360085,454.0018525473876,447.59820973831967,453.7510986328125,93278000
2023-12-14,455.6799450229731,456.86617007826965,452.545638522815,455.2073974609375,119026000
2023-12-15,454.61281921772417,455.7844980857444,452.6180987398149,454.4578857421875,141553700
2023-12-18,456.0556931170115,457.9923175277246,455.0002363592381,457.0143127441406,70375300
2023-12-19,457.5565059029809,459.87078595804843,457.47905393883144,459.7933044433594,55761800
2023-12-20,458.9411749679152,460.81970272542947,452.9957542950649,453.42181396484375,102921000
2023-12-21,456.39451800386655,457.99225657048584,453.98343038961036,457.72113037109375,86667500
2023-12-22,458.84435899601766,460.3162123050925,456.7528308577729,458.6410217285156,67160400
2023-12-26,459.0477166286851,461.4781598644946,458.97023511368405,460.57763671875,55387000
2023-12-27,460.374329818143,461.5556718202345,459.84176995718065,461.4104309082031,68000300
2023-12-28,461.76869846768426,462.41745105376606,461.16834966842947,461.584716796875,77158100
2023-12-29,461.39104484329897,461.91394167612276,458.3021267345069,460.2484436035156,122283100
2024-01-02,457.1982355112993,458.66039620914324,455.5811413344983,457.6726989746094,123623700
2024-01-03,455.5231057691351,456.25903250476523,453.3347402693324,453.9350891113281,103585900
2024-01-04,453.4605375615008,456.03625125353045,452.2501474553143,452.4728698730469,84232200
2024-01-05,452.6761936894624,455.53272607542186,451.6497852739501,453.09259033203125,86118900
2024-01-08,453.58641462800097,459.70615398593577,453.46052933115607,459.5609130859375,74879100
2024-01-09,456.9173918638988,459.88042430514423,456.41388024759897,458.86370849609375,65931400
2024-01-10,459.1348885576282,462.32064377730035,458.85406976244286,461.4588317871094,67310600
2024-01-11,462.45619075983615,462.96939501130794,457.29510006298005,461.2554931640625,77940700
2024-01-12,462.69825780727723,463.43418447136196,460.1709773696293,461.57501220703125,58026400
2024-01-16,460.2000527294099,461.5072505223364,458.0697541289019,459.8804931640625,85014900
2024-01-17,456.8690498182248,457.8083137942025,454.9808292885089,457.32415771484375,68843900
2024-01-18,458.9896569986018,461.9429972701223,457.4500442083185,461.39105224609375,91856200
2024-01-19,462.514291382207,467.42364106257526,461.4394790826515,467.142822265625,110834500
2024-01-22,468.6727761250073,469.8444255597238,467.4817415348223,468.1305236816406,75844900
2024-01-23,468.67274693324026,469.737866598163,467.5882421140563,469.49578857421875,49945300
2024-01-24,472.3523626504235,473.28193407003323,469.5152150522186,470.0090637207031,81765000
2024-01-25,472.12958588323926,472.8364643322263,470.0090096373567,472.5653381347656,72525000
2024-01-26,472.13928542085506,473.6208017271318,471.122569553023,471.9649963378906,76641600
2024-01-29,472.2748334350306,475.8479071625746,471.7325810664014,475.70263671875,61322800
2024-01-30,475.0152487629975,476.0416573704858,474.5794964359973,475.3348083496094,58618400
2024-01-31,473.136623371545,473.58203863496095,467.55913657540736,467.5785217285156,126011100
2024-02-01,469.2730794881658,473.7273208849261,468.4693639281419,473.6982727050781,91891600
2024-02-02,474.1340104537586,480.33120193919586,473.79509531108175,478.6850891113281,99228200
2024-02-05,478.0556601095021,478.71410519650345,474.6956161898589,476.94207763671875,75757100
2024-02-06,477.8813679101815,478.6560353058455,476.4579479680973,478.3268127441406,55918600
2024-02-07,480.5636415654776,482.73265130891053,479.66308881437243,482.3162841796875,70556500
2024-02-08,482.3162670291635,482.9069232309363,481.5028884042988,482.529296875,52343600
2024-02-09,483.03288294060275,485.7538380198827,482.69396774040007,485.318115234375,63979400
2024-02-12,485.2889926510743,487.5451468627196,484.38843993132826,485.1050109863281,56502300
2024-02-13,478.8593972990049,481.3382739920692,475.1701304413372,478.42364501953125,113099200
2024-02-14,481.0477983876243,483.25554889436194,478.73351817874396,482.7713928222656,68387800
2024-02-15,483.4685762738627,486.28636814510776,482.9940832312684,486.1023864746094,61683000
2024-02-16,485.8021547710952,486.93506329206355,482.9456224770808,483.6815490722656,75532900
2024-02-20,481.9483091532552,482.6164468795506,478.78193916164605,481.01873779296875,71736700
2024-02-21,479.7211799226085,481.609370733512,477.92010410161913,481.4544372558594,59293400
2024-02-22,488.0389961871901,492.3770155291545,487.0803471035888,491.41839599609375,76402500
2024-02-23,493.1322803007743,493.9650440524054,491.03105964418,491.7572937011719,61321800
2024-02-26,492.1929751015984,492.62872731944213,489.83029147041157,489.9561767578125,50386700
2024-02-27,490.64373169951057,491.089146972122,488.755511365846,490.8664245605469,48854500
2024-02-28,489.3171596556616,490.798676044666,488.9588888927158,490.21771240234375,56506600
2024-02-29,491.9703479594554,493.5874126583201,489.3365378000111,491.9800109863281,83924800
2024-03-01,492.85151281479995,497.02490613181874,492.4448087227075,496.5988464355469,76844800
2024-03-04,495.80488009764395,497.90610083671146,495.7758023657051,496.0662841796875,49799300
2024-03-05,494.0715531499916,494.5169979894073,488.9104626936786,491.1085205078125,72855600
2024-03-06,494.37174481528393,495.84359816125266,492.3092648064121,493.59710693359375,68382400
2024-03-07,496.8797004283906,499.54255878511856,493.65520448812254,498.49676513671875,58652100
2024-03-08,499.12617653924883,501.7986682913954,494.9333685962926,495.5046691894531,86532500
2024-03-11,494.30403635490205,495.6596675628064,492.38676750694464,495.07867431640625,62557200
2024-03-12,497.17989237365043,500.9853520856395,494.67193786467755,500.4043884277344,73114400
2024-03-13,500.72385457506516,500.89814366049285,498.18688160759467,499.6199645996094,55104100
2024-03-14,500.5882438210127,500.74320684304695,495.60147230683197,498.6322937011719,110171800
2024-03-15,495.57751113868864,497.0247990949515,493.5474544938414,495.2084045410156,107646300
2024-03-18,499.25883960128044,500.69637526560086,497.74358168127196,498.1515197753906,88893300
2024-03-19,497.461870313395,501.2014309193572,496.46138163610317,500.9197692871094,60755300
2024-03-20,500.9780657234889,505.688947116047,500.30785211015336,505.5529479980469,69594600
2024-03-21,508.37950670617295,509.0788290865272,506.9419118942698,507.2236328125,60256100
2024-03-22,507.13617688228,507.62183717523607,506.0288571860112,506.26202392578125,79070800
2024-03-25,504.8924510759777,506.0094935131632,504.70789778508725,504.86334228515625,48512100
2024-03-26,506.28145712240774,506.62145492992863,503.5326622935472,503.9308776855469,65463700
2024-03-27,506.7477118115157,508.20469276971767,504.59134916532923,508.1658020019531,82999800
2024-03-28,508.2047247122474,509.5645381212143,507.78706392547616,508.0687255859375,96294900
2024-04-01,508.8069627833215,509.3411773364756,506.0289403944362,507.184814453125,62477500
2024-04-02,503.3772549881494,504.0960228561583,501.6677209860127,503.9600830078125,74230300
2024-04-03,502.8721678960329,506.0095743423354,502.82361371377027,504.5137023925781,59155800
2024-04-04,508.50587432277524,508.8458128822942,498.05445323196415,498.3555603027344,96858100
2024-04-05,499.7056226929599,505.5141009734885,499.2685165612303,503.5617370605469,74546500
2024-04-08,504.26119543845846,505.2616249915614,503.0373217973172,503.8434753417969,48401800
2024-04-09,505.5723596612767,505.8151898052063,499.59871440672913,504.42620849609375,68049200
2024-04-10,498.75370676862974,501.3568389879978,497.4036161258989,499.3753662109375,82652800
2024-04-11,500.89063294902877,504.5816396156678,497.3939022721514,503.14410400390625,70099000
2024-04-12,499.61822644383983,501.0266533234711,494.47993161292834,496.1991882324219,92561100
2024-04-15,500.3564559239092,500.5215638494566,489.13768362770764,489.9827575683594,92101400
2024-04-16,490.45867707344763,491.97393499543114,487.80696088879887,489.089111328125,73484000
2024-04-17,491.5368440989878,491.7019816659058,484.8055985468662,486.194580078125,75910300
2024-04-18,487.583531326544,489.6718647132033,484.2616017919348,485.1940612792969,74548100
2024-04-19,485.1163881622374,486.1071245547147,479.6964023315547,480.9591369628906,102212600
2024-04-22,483.552617207762,487.9721446001498,481.22145323365453,485.388427734375,67961000
2024-04-23,487.3893089914972,491.5756989172583,485.2038373746558,491.1483154296875,64633600
2024-04-24,492.0322045112339,492.81897189579723,488.7005816711836,490.9151916503906,55928100
2024-04-25,484.8639027532391,489.8079219959981,483.2223682538086,489.05029296875,69122400
2024-04-26,491.82824557353393,495.2570064811488,491.1968930428971,493.6834716796875,64306100
2024-04-29,495.4610232039241,496.10209848886353,492.70247568962515,495.431884765625,46415400
2024-04-30,493.97486496700367,494.9461856908876,487.5835876464844,487.5835876464844,77483600
2024-05-01,487.00079486473084,493.6154866987963,485.5340910693037,486.0003356933594,80242800
2024-05-02,489.6913450667022,491.38146331084295,485.22326373492274,490.5461120605469,62550200
2024-05-03,496.5003409855499,497.8504614761827,493.9749009908093,496.6266174316406,72756700
2024-05-06,499.0159955422608,501.7939584375333,498.57888938265427,501.755126953125,47264700
2024-05-07,502.71677601484447,503.6978194793967,501.6386241870498,502.308837890625,52561300
2024-05-08,500.4826581745873,502.89151427383246,500.3661044462176,502.3572998046875,42047200
2024-05-09,502.541928571153,505.2907828616112,501.89116027589216,505.25189208984375,43643700
2024-05-10,506.8448626028078,507.65107540024,504.68855906076743,505.9027099609375,52233200
2024-05-13,507.57331435188917,507.6801453946088,504.8341830162767,505.9706115722656,36716400
2024-05-14,506.1648891476387,508.8069121408392,505.630674647656,508.2920837402344,57535900
2024-05-15,510.7496357077859,514.8777491307729,510.11825347038337,514.5863647460938,59504900
2024-05-16,514.6834008229457,516.2763809484062,513.381805041238,513.5275268554688,50244800
2024-05-17,513.6440266439718,514.3336855890079,512.1967684847502,514.2656860351562,59187600
2024-05-20,514.3822777046638,516.3151962899514,513.9937257353356,514.8582153320312,37764200
2024-05-21,514.1006064390205,516.2763551432357,513.8966077662355,516.1209106445312,33437000
2024-05-22,515.4313166919542,516.1403617816678,512.4687413388463,514.6348266601562,48390000
2024-05-23,517.6751302863473,517.7819613409337,509.67139747589715,510.8758850097656,57211200
2024-05-24,512.7117381597728,515.0623775365141,511.7695852978517,514.2561645507812,41291100
2024-05-28,515.0621852566261,515.2952927113275,511.99277901051346,514.6153564453125,36269600
2024-05-29,510.6037807178312,512.187037960543,510.30267371806593,511.01171875,45190300
2024-05-30,509.4771429084137,510.1376338577683,506.3786275625725,507.62188720703125,46377600
2024-05-31,508.5739213312315,512.3717598545443,503.49387285830494,512.2454833984375,90785800
2024-06-03,513.8480669180504,514.1297285627861,507.61214568816797,512.6630249023438,46835700
2024-06-04,511.3614424211813,513.9742970941719,509.90446158385646,513.236083984375,34632700
2024-06-05,515.5478835476441,519.3554439193825,513.566351467224,519.3359985351562,47610400
2024-06-06,519.6371847519142,520.0645682770622,517.4031587596616,519.3263549804688,30808500
2024-06-07,518.3549484930342,521.4923544849469,517.2670741151577,518.6949462890625,43224500
2024-06-10,517.8887511155715,520.6181598447974,517.2962597313128,520.297607421875,35686100
2024-06-11,518.7531294189747,521.6088139660627,516.7910431026629,521.550537109375,36383400
2024-06-12,526.0964430443454,528.5150221365492,524.8045698950608,525.8341674804688,63251300
2024-06-13,527.5728807070939,527.7477113251548,524.1149812633378,526.8929443359375,44760900
2024-06-14,525.3679678522572,527.2426097707814,524.3674790309985,527.2135009765625,40089900
2024-06-17,526.533556163689,532.7985867082562,526.0770045940598,531.4095458984375,55839500
2024-06-18,531.4677705153928,532.8859199795279,531.0501097581155,532.7596435546875,41376400
2024-06-20,533.6824026084769,534.3428935144076,529.5445672911499,531.3123779296875,70328200
2024-06-21,530.4929219620788,531.7109897848462,529.148170327666,530.60009765625,64338600
2024-06-24,530.4247748607555,532.9778406049528,528.7584364421938,528.8753662109375,45528700
2024-06-25,530.0934194702492,531.272530660959,528.5830271026286,530.9119873046875,37936200
2024-06-26,529.8010709636176,532.2859175813455,529.1579572826417,531.5745849609375,38550600
2024-06-27,531.4380824208646,532.9874907686532,530.6974877125363,532.4125366210938,35041500
2024-06-28,533.1823416161415,536.2226934820135,529.0799274394088,530.3174438476562,76144500
2024-07-01,531.6915058832783,531.9351194589271,528.6609672764391,531.408935546875,40297800
2024-07-02,529.8107580224772,534.985107421875,529.7620472078919,534.985107421875,40434800
2024-07-03,534.6733620352073,537.7331629819162,534.6344052723863,537.3726196289062,32789900
2024-07-05,537.6746345682784,540.8708135451888,537.0412155224441,540.4713134765625,41488400
2024-07-08,541.250918262468,542.0402238948535,540.0328503436032,541.0950317382812,36110500
2024-07-09,542.0499170234392,542.9463982576794,541.3288304126829,541.6211547851562,27289700
2024-07-10,542.8394031248168,547.3218702629297,542.5470786551114,546.9808349609375,38701200
2024-07-11,547.0975967198616,547.9648752769439,541.6309226493873,542.2642822265625,53054200
2024-07-12,543.3849335691044,549.270615886068,542.9172145567801,545.6846313476562,53084400
2024-07-15,547.6725298408394,550.4107438001307,545.3338159394242,547.185302734375,40584300
2024-07-16,548.4911431126284,550.72262227623,547.7407941926679,550.4302978515625,36475300
2024-07-17,544.5249949514538,546.191333044454,542.3909378748594,542.7125244140625,57119000
2024-07-18,544.2424015949905,545.2266098112565,536.3687953408241,538.5418090820312,56270400
2024-07-19,538.3080081974957,539.9256355832753,533.9132099479913,534.9656372070312,65509100
2024-07-22,538.8732666357521,541.0852970880696,536.9438660153718,540.4811401367188,43346700
2024-07-23,540.3738360482369,542.5176472841652,539.1460736583557,539.63330078125,34439600
2024-07-24,534.8390224206132,535.1411009025868,526.4879411580819,527.4039306640625,74515300
2024-07-25,527.5208430163394,533.474804346627,523.7205067049787,524.6559448242188,61158300
2024-07-26,528.427065396124,533.2116094688655,527.6572084941715,530.5318603515625,53763800
2024-07-29,532.0715719711993,533.0752290029756,528.8558251034021,530.84375,39515800
2024-07-30,532.305359200303,533.3577863863941,524.7630932312389,528.1541748046875,46853600
2024-07-31,534.9558678357408,539.3604200179711,533.5916675899294,536.7391357421875,65663400
2024-08-01,538.4543324851468,540.695565949453,525.6499860266209,529.1385498046875,76428700
2024-08-02,522.063852889589,523.2721666167066,515.0964813658185,519.2866821289062,82789100
2024-08-05,498.5698192467497,510.2048061292907,497.23479185731094,504.1631774902344,146267400
2024-08-06,505.95622791185696,516.2172621622026,504.6407381507272,508.8114318847656,84826300
2024-08-07,514.9698250199898,518.0101770927619,504.8160280713854,505.4104309082031,70698300
2024-08-08,510.52630556896884,517.7177827712244,508.5092375881122,517.0941772460938,63276600
2024-08-09,516.2755107587682,520.8554568034616,515.0574431658156,519.374267578125,45619600
2024-08-12,520.5632672781688,522.044397411093,517.3865366569688,519.6472778320312,42542100
2024-08-13,522.8239831490899,528.4270952564345,522.5803695792055,528.1931762695312,52333100
2024-08-14,528.9825253913183,531.0386692920978,526.3222840215557,529.8595581054688,42446900
2024-08-15,535.4626581650564,539.2240376315274,534.8585012342127,538.9414672851562,60846800
2024-08-16,537.3335929699142,540.8416642629177,537.1777064456791,540.1497802734375,44430700
2024-08-19,540.5589895349276,545.3143310546875,539.7112190916396,545.3143310546875,39121800
2024-08-20,544.8661286211883,546.5129587158026,543.0926147134523,544.4276123046875,33732300
2024-08-21,545.4703215908407,547.7505114259203,540.55903368272,546.298583984375,41514600
2024-08-22,548.18892980085,548.7930866218962,540.8025506157201,542.0108642578125,56121500
2024-08-23,545.2364013003757,548.7054559638492,543.053573875613,547.7699584960938,50639400
2024-08-26,548.7932548639113,549.5045875863843,544.7687531917659,546.4642944335938,35788600
2024-08-27,545.197411094177,547.7017657101911,544.057316249273,547.2145385742188,32693900
2024-08-28,546.8735372102509,547.3022994954773,540.8611111576025,544.037841796875,41066000
2024-08-29,545.9964997373786,549.2804060501943,542.9464529460971,544.0865478515625,38715200
2024-08-30,546.4446989296116,549.7870696872616,542.9074254374239,549.2803344726562,62700100
2024-09-03,546.1523719656589,546.4837125964749,535.4723909219692,537.9767456054688,60600100
2024-09-04,536.144708671945,540.2666308743978,535.4236220855641,536.8755493164062,47224900
2024-09-05,536.817154296066,539.6527901961324,533.1239343608661,535.56982421875,44264300
2024-09-06,535.8914419191495,537.5090100138885,525.6596709710985,526.55615234375,68493800
2024-09-09,530.7365485093424,533.718376233379,528.8168426461983,532.4515380859375,40445800
2024-09-10,534.3516827554222,535.1215396263949,529.4989199451313,534.7706909179688,36394600
2024-09-11,534.683107736862,541.1729474655668,526.1663863296421,540.2569580078125,75248600
2024-09-12,540.831888043875,545.1097566752126,538.619857760852,544.8076782226562,51819600
2024-09-13,545.4117215837606,548.6469163083269,545.1583540035298,547.6529541015625,39310500
2024-09-16,547.3898567571744,548.7248541652143,545.5968944537451,548.4617919921875,36656100
2024-09-17,550.6640241107275,552.1062567166426,546.4641290442629,548.6859130859375,49321000
2024-09-18,549.3388444863224,554.1624050516696,546.5032087102647,547.0586547851562,59044900
2024-09-19,556.4231830771506,558.2454079377469,553.5680389935643,556.3939208984375,75315500
2024-09-20,555.0314034219361,556.4682163688195,552.4215869805491,555.43212890625,77503100
2024-09-23,556.4976160471946,557.4652754060183,555.2855361955778,556.8201293945312,44116900
2024-09-24,557.6118194350487,558.4719742881841,554.796778035406,558.413330078125,46805700
2024-09-25,558.2569249779147,558.9900073797687,556.0771860686909,557.1817016601562,38428600
2024-09-26,561.4237844305269,561.7463573647025,557.0448583405533,559.3906860351562,48336000
2024-09-27,560.4562017753216,561.2674367221593,557.5531642883332,558.5794677734375,42100900
2024-09-30,557.5530628987858,561.423758958094,555.2658795088603,560.8177490234375,63557400
2024-10-01,560.465907913519,561.1109941219235,553.232804974523,555.793701171875,72668800
2024-10-02,554.9042964358707,557.0448994143397,552.519332659213,556.0283203125,38097800
2024-10-03,554.5621954422553,556.9471593905891,552.7343813129046,555.0118408203125,40846500
2024-10-04,559.4395649274686,560.4267920576441,555.2854315259468,560.0553588867188,42939100
2024-10-07,558.4133612174717,559.0585072225006,553.8487175811873,554.9923095703125,49964700
2024-10-08,557.5531808736639,560.8374356454558,556.6833016920415,560.2411499023438,37398700
2024-10-09,560.2313175326061,564.6787318135322,559.6350914993983,564.12158203125,37912200
2024-10-10,562.7825341526946,564.5517040960426,561.5313781232933,563.1343994140625,44138100
2024-10-11,563.0561277259117,567.2396131412746,562.9192713637127,566.5065307617188,42268000
2024-10-14,568.1095385598273,572.0682314590191,567.6306009114653,571.1396484375,36217200
2024-10-15,571.4035871421002,571.7065921692961,565.4900076351577,566.7020874023438,54203600
2024-10-16,566.7021056174783,569.6832957534668,565.900594951752,569.1652221679688,30725400
2024-10-17,572.6937458614649,572.8990304200946,569.0283336899422,569.2140502929688,34393700
2024-10-18,570.8953358633636,572.1855682246422,569.4389548394798,571.4036254882812,37416800
2024-10-21,570.6802188403536,571.6576620923939,567.5035282712228,570.4652099609375,36439000
2024-10-22,567.9434160693424,571.3156073773309,567.2885457643838,570.1622314453125,34183800
2024-10-23,568.1485895916966,568.5884509212708,561.462852493989,564.9523315429688,49314600
2024-10-24,566.897492764615,566.9757049256177,563.5644376745634,566.1741943359375,34979900
2024-10-25,568.39295320261,571.27642231265,565.0403304898274,565.9786376953125,47268200
2024-10-28,569.4389192842264,569.5659916825215,567.4253885260767,567.7283935546875,30174700
2024-10-29,566.7703610094676,569.7613345267463,565.3824085036434,568.6470947265625,42899700
2024-10-30,568.1778539048111,570.1620919492663,566.2229677881332,566.9267578125,41435800
2024-10-31,562.5771216497128,562.6455498224844,555.6177318794403,555.813232421875,60182500
2024-11-01,558.432953502388,562.5675198682408,557.7487312114673,558.1592407226562,45667500
2024-11-04,558.2959404133777,559.5861724591027,555.0801741045641,556.9568481445312,38217000
2024-11-05,557.8658847297456,563.7305435334926,557.6508758763042,563.6914672851562,39478300
2024-11-06,575.9095457320777,578.57794657906,572.1854895240832,577.7080078125,68182000
2024-11-07,579.7019657221982,583.1914447197324,579.6237535704865,582.1748657226562,47233200
2024-11-08,582.722322897382,586.1140819812399,582.722322897382,584.69677734375,46444900
2024-11-11,586.2802096893201,586.6320749270757,583.5335966542183,585.25390625,37586800
2024-11-12,585.175669871058,585.7718958867575,580.9628921945897,583.4358520507812,43006100
2024-11-13,583.8951708775321,585.7132006975053,581.5395592925206,583.71923828125,47388600
2024-11-14,583.846484643943,584.3254223529462,579.2818407813407,579.9660034179688,38904100
2024-11-15,576.4178358264271,576.8870491794336,570.6900323906797,572.5374145507812,75988800
2024-11-18,572.9967827127789,576.1930413945956,572.1366874944769,574.88330078125,37001700
2024-11-19,571.5208668268807,577.7080396739373,570.856212572816,576.9847412109375,49412000
2024-11-20,577.0629483995475,577.463673880748,571.4426497345274,577.1802368164062,50032600
2024-11-21,580.014817427747,581.6959910919024,574.1990184692589,580.2786865234375,46750300
2024-11-22,580.2689037579424,582.7027874385594,579.7704578390868,582.0772094726562,38226400
2024-11-25,585.9967993093868,587.3065398623395,581.7742372889147,584.0516967773438,42441400
2024-11-26,585.2929516850081,587.7659115133398,584.5794372696156,587.1012573242188,45621300
2024-11-27,586.9155638447446,587.2967213513849,583.807301635719,585.3223266601562,34000200
2024-11-29,586.1335489255529,589.7403166328984,585.8598958585202,588.9583740234375,30177400
2024-12-02,589.3688312028335,590.6884151690585,588.8801096579482,590.0139770507812,31746000
2024-12-03,589.7794898104154,590.5320805361104,588.7531863419945,590.2877197265625,26906600
2024-12-04,591.9688854405287,594.1974247464545,591.3042312735546,593.9530639648438,42787600
2024-12-05,593.9530901421784,594.7546007001943,592.6237817496434,592.9756469726562,28762200
2024-12-06,593.738143242676,595.3313805479372,593.3276337729875,594.0997924804688,31241500
2024-12-09,593.9825191407734,594.1486677967985,590.4539631589937,591.0404052734375,34742700
2024-12-10,591.7148563090614,592.135149776554,588.5479495058842,589.2028198242188,37234500
2024-12-11,592.1156538163269,594.705842866487,591.8419410457041,593.7577514648438,28677700
2024-12-12,592.8974892997352,593.4643633790662,590.6982421875,590.6982421875,31543800
2024-12-13,592.7215967057723,593.4351111707817,589.2125492712078,590.5809936523438,35904700
2024-12-16,592.3306244931046,594.0705021581772,591.5584657830842,593.102783203125,43695200
2024-12-17,590.5613981975558,591.5192734247074,589.2907339933267,590.6591186523438,55773500
2024-12-18,590.3561794711514,592.7313595079198,572.6742637557415,573.0554809570312,108248700
2024-12-19,578.020816522432,579.6238377441589,572.6350947579137,572.8794555664062,85919500
2024-12-20,570.5609748943081,584.2716011168147,569.7174991420582,579.76025390625,125716700
2024-12-23,579.5052825841503,583.8302883719545,576.3374745859168,583.2320556640625,57635800
2024-12-24,584.5756905048978,589.7539893082886,583.997031715741,589.7147216796875,33160100
2024-12-26,587.9493315050056,590.8718961830699,586.5567076471659,589.75390625,41219100
2024-12-27,586.0271828680434,586.2626090728168,579.3778441686201,583.5459594726562,64969300
2024-12-30,576.5630589676712,580.3388565581548,573.1500678896946,576.8866577148438,56578800
2024-12-31,578.5441892688881,579.2601650774656,573.1599745686183,574.7880249023438,57052700
2025-01-02,578.0341524534392,579.7406180456738,569.3154229960469,573.3756713867188,50204000
2025-01-03,576.2100381173573,581.1823013188991,575.1311959956543,580.5448608398438,37888500
2025-01-06,584.7815995417147,588.1455060566466,582.1629997160619,583.8890991210938,47679400
2025-01-07,585.909501046868,586.2331597023842,575.4745472605013,577.2888793945312,60393100
2025-01-08,577.357566647636,579.2013495963691,573.9250009242365,578.13232421875,47304700
2025-01-10,574.5917674597674,574.6604259424307,567.4029789022777,569.3056030273438,73105000
2025-01-13,564.6767004472727,570.5414650673235,564.2647494580999,570.1884155273438,47910100
2025-01-14,573.101074063849,573.7287574980859,567.2068596443902,570.972900390625,48420600
2025-01-15,578.9560183196553,582.4964494087538,577.8477854521145,581.3588256835938,56900200
2025-01-16,582.7221292073649,582.8986539701259,579.5445637592774,580.2409057617188,43319700
2025-01-17,585.4583566167607,587.8120797540519,584.1343312340456,586.06640625,58070600
2025-01-21,589.0968809186732,591.4408471810177,587.1354148968001,591.4310302734375,42532900
2025-01-22,594.2457369774064,596.1091536661693,593.6965288784859,594.7557373046875,48196000
2025-01-23,594.1279244823332,598.0018310546875,593.8533504222348,598.0018310546875,41152100
2025-01-24,598.0606782414739,599.0120202031255,595.1086628774257,596.256103515625,34604700
2025-01-27,583.3496990163546,588.1356800712656,583.1829911938827,587.8218383789062,70361100
2025-01-28,589.0478589949998,593.7063408187366,585.742793521421,592.8727416992188,44433300
2025-01-29,592.0880171861997,592.4901511824414,587.6747192887742,590.21484375,37177400
2025-01-30,592.3234809305729,594.9125703683252,589.1458559611356,593.3826293945312,39281300
2025-01-31,595.7952876097377,598.2079122989969,589.4695478929073,590.2247314453125,66566900
2025-02-03,581.2509726905776,588.7241528776601,579.1129820721995,586.2527465820312,65857200
2025-02-04,586.3116394651887,590.6954873423298,585.7722482747779,590.185546875,33457800
2025-02-05,589.0674493379312,592.7255640609287,587.0471418694162,592.5784301757812,30653100
2025-02-06,594.3144028610088,594.7655616068429,591.0191542265169,594.6380615234375,35771500
2025-02-07,595.1970887375172,596.4131881290857,588.4888484089631,589.1950073242188,50788500
2025-02-10,592.3921407355843,593.8337894109928,591.1269569453736,593.1962890625,26048700
2025-02-11,590.9405676549386,594.1867909987916,590.8228845015021,593.6473999023438,30056700
2025-02-12,587.6552840737671,592.9021822024266,586.9785758420322,591.735107421875,45076100
2025-02-13,592.8333911581238,598.1882142232939,591.5780842005947,597.9822387695312,40921300
2025-02-14,598.1882471856823,599.2180047928703,597.3350143232245,597.952880859375,26910400
2025-02-18,599.1101412981178,599.7083740234375,596.6583089558027,599.7083740234375,26749000
2025-02-19,598.3255406648384,601.4148133650798,597.8155404050764,601.12060546875,31011100
2025-02-20,599.7574359511714,599.8947529370754,595.3245635051746,598.6198120117188,36554000
2025-02-21,598.4040443652323,598.5413613568134,587.9200057904889,588.3809814453125,76519800
2025-02-24,590.4208138598086,591.4113636230724,584.9973324269623,585.7034912109375,50737200
2025-02-25,585.6446153828091,586.3703480772401,578.2008270937978,582.7906494140625,58266500
2025-02-26,584.4481941378576,588.0278934374002,580.4566037497201,583.0849609375,43321600
2025-02-27,585.3504072406853,586.4979078319449,573.3855137517263,573.7777709960938,74196700
2025-02-28,574.2780198233005,583.2615078706541,571.2181376161361,582.73193359375,88744100
2025-03-03,584.6932674866979,585.8309510440972,568.726968794248,572.5223999023438,74249200
2025-03-04,568.5407916793482,574.1113483546197,561.224501400552,565.7456665039062,109648200
2025-03-05,565.5788471805596,573.611051865237,562.038415848593,571.8261108398438,71230500
2025-03-06,564.3921264239905,568.991765926103,559.1354126670572,561.675537109375,80094900
2025-03-07,559.9003705252755,566.2653167181951,554.731889596849,564.8236083984375,81158800
2025-03-10,556.6542444695278,558.5666258451241,544.8854490052353,549.779296875,99326600
2025-03-11,548.6219753669684,553.1529563050404,541.3841622094388,545.208984375,88102100
2025-03-12,551.3386407379146,552.2605321303586,543.022044250635,548.1022338867188,69588200
2025-03-13,547.7295658893665,548.337615563181,539.0893105175023,540.7957763671875,74079400
2025-03-14,545.3954461726303,552.966736502375,540.8644642362766,551.9663696289062,62660300
2025-03-17,551.9466761244148,558.7333912461695,551.5151512314662,556.2227172851562,49008700
2025-03-18,553.9178933850532,554.1336857355857,548.2884964881091,550.2107543945312,66041400
2025-03-19,551.9859243939003,559.9494708906026,550.8090329217521,556.2030639648438,66556000
2025-03-20,552.4763086964069,559.5768056668136,551.7603329396793,554.5946655273438,62958200
2025-03-21,550.1544463020149,555.6728954208427,548.9248421290533,554.7777099609375,83763000
2025-03-24,561.4863807824129,565.7654388953832,560.8961948547495,564.712890625,58766800
2025-03-25,565.9128895780813,567.0047634369732,564.329174156886,566.0703125,38355700
2025-03-26,565.8047856022024,566.9261989456277,557.9353193986783,559.3125,51848300
2025-03-27,557.925492752828,561.5848258877031,555.7220517439531,557.8271484375,42164200
2025-03-28,556.3023301483869,557.0302460332103,546.0129833491962,546.5933227539062,71662700
2025-03-31,540.8585640195936,551.5610423029548,537.9468400615768,550.2625732421875,95328200
2025-04-01,548.3542481941281,553.7546597137996,544.6457430717568,551.8167724609375,54609600
2025-04-02,545.9933271249679,558.1614830372098,545.7572527723408,555.308837890625,76014500
2025-04-03,536.2155597389653,539.02887941269,527.9428100585938,527.9428100585938,125986000
2025-04-04,515.1253487932553,517.2894637749819,496.8190194100305,497.0354309082031,217965100
2025-04-07,481.20799599577117,514.6335325434056,473.93856260259804,496.150146484375,256611400
2025-04-08,513.344881818952,516.413968489066,481.1784603514281,488.3790283203125,165816600
2025-04-09,485.38869689536773,539.6683349609375,485.0050459934576,539.6683349609375,241867300
2025-04-10,523.4866290700438,524.7949444304113,501.0094937975821,516.0205078125,162331200
2025-04-11,514.47613358467,527.6771446389012,511.58410272380377,525.227783203125,97866300
2025-04-14,535.172792794898,535.3990807406135,525.149059337469,530.3232421875,68034000
2025-04-15,530.8642142693149,534.3661235223595,528.0508951584542,528.8378295898438,56892900
2025-04-16,523.0047395671859,529.1134345891107,511.8005721602226,517.0829467773438,83484800
2025-04-17,519.0305887702018,522.5029590498531,515.3614098145464,517.8206176757812,79868100
2025-04-21,512.656330465215,513.1875578394483,500.1635713405903,505.4951477050781,69368100
2025-04-22,511.6529994400941,520.6635112296127,510.71848838241135,518.64697265625,75948100
2025-04-23,531.6118557355538,536.5302712837308,525.1687433752924,526.68359375,90590700
2025-04-24,527.9623626642604,538.4976302405015,526.7131259585628,537.7697143554688,64150400
2025-04-25,537.7303874976484,542.0585570888795,534.8186639244827,541.6552734375,61119600
2025-04-28,542.3931048050576,544.5178341418862,536.127047500035,541.8618774414062,47613800
2025-04-29,539.9535089190233,546.3868353532918,539.5993973829874,545.2752685546875,47775100
2025-04-30,538.6354556420874,547.4394329210733,532.6841838633078,545.49169921875,93101500
2025-05-01,551.2265048528457,554.8661444027258,548.7574506167018,549.3574829101562,63186100
2025-05-02,555.5153624660799,559.105829955879,553.203731094349,557.5122680664062,60717300
2025-05-05,553.390643044351,557.4040871519024,552.5348434974896,554.3153076171875,38659200
2025-05-06,548.8263293740373,554.157875203981,547.872185543118,549.68212890625,48264700
2025-05-07,551.0101522781708,554.6202527049248,546.9671688153295,551.9938354492188,55588000
2025-05-08,556.0170215722441,561.0043020556944,552.5348050390884,555.8399658203125,65130800
2025-05-09,557.2368112120467,558.2401872369107,553.577538715433,555.1317749023438,37603400
2025-05-12,571.9822603015932,573.487324465949,567.6245507869492,573.4774780273438,78993600
2025-05-13,573.8906230635715,579.4681503640297,573.3299764411289,577.2647094726562,67947200
2025-05-14,578.2188228927168,579.3697154326957,575.9858428026291,578.00244140625,66283500
2025-05-15,576.0055507079343,581.3272505737436,575.553034807254,580.8256225585938,71268100
2025-05-16,581.6026394160758,584.799609527031,579.6648125061226,584.5045166015625,76052100
2025-05-19,578.5039990308309,585.8226035943907,578.5039990308309,585.1438598632812,68168500
2025-05-20,583.4126480536456,584.3569454237166,579.9795435318993,583.176513671875,60614500
2025-05-21,578.8385171464103,582.910979810613,572.3265394745135,573.3495483398438,95197700
2025-05-22,573.1527690961759,577.0481757894836,571.9231652201731,573.5758056640625,70860400
2025-05-23,566.5818333658885,572.3167232636762,566.2080289447406,569.6607666015625,76029000
2025-05-27,576.5072061511252,581.6616963869777,568.9918522772189,581.5043334960938,72588500
2025-05-28,581.9075989404909,583.0978771602481,577.412159762467,578.1400756835938,68445500
2025-05-29,583.3831371525944,583.5208672055215,576.5072014152614,580.4222412109375,69973300
2025-05-30,579.320555390729,581.4846704969287,573.7233954302501,579.7730712890625,90601200
2025-06-02,578.1696356443219,583.1175308206884,575.51367904973,583.0388793945312,61630500
2025-06-03,582.6748967264019,587.3375451970118,582.1928415555221,586.3637084960938,63606200
2025-06-04,587.2195824432733,588.1934192676081,585.7735368258813,586.2063598632812,57314200
2025-06-05,587.8785767379185,589.2262178754949,581.405924678812,583.373291015625,92278700
2025-06-06,588.8917438854173,591.0263796061765,587.1211261759919,589.3639526367188,66588700
2025-06-09,589.9344673159251,591.4395314497265,588.7245561772476,589.8951416015625,53016400
2025-06-10,590.426305457828,593.6232758793388,589.3147986704665,593.2396850585938,66247000
2025-06-11,594.3315698285918,595.1873694307895,589.491865174911,591.5477294921875,73658200
2025-06-12,590.2197770479303,593.8987426757812,589.7377818775473,593.8987426757812,64129000
2025-06-13,588.7344360351562,592.0297509680191,585.7636933525403,587.2589111328125,89506000
2025-06-16,590.6033640975234,594.5872686908244,590.42624830293,592.8461303710938,79984100
2025-06-17,590.4164759991057,591.9313264126861,587.0227571759267,587.7802124023438,82209400
2025-06-18,588.675394655937,591.4100028153547,586.7375074721152,587.6917114257812,76605000
2025-06-20,590.3565237964918,591.4220592916591,584.910520395366,586.3115234375,94051400
2025-06-23,587.0611954614843,592.4874469643536,583.9534693671619,592.1027221679688,87426000
2025-06-24,596.2266992885851,599.699459496435,595.3189919942236,598.6438598632812,67735300
2025-06-25,599.7586334214261,600.4492593088346,597.4204170810242,598.979248046875,62114800
2025-06-26,600.8242007377552,604.0996909412141,600.2125189749694,603.6655883789062,78548400
2025-06-27,604.6621068443518,608.1250520914118,602.639606635459,606.6648559570312,86258400
2025-06-30,609.1016386885779,610.9169326524568,606.7929889413094,609.5653076171875,92502500
2025-07-01,608.0953617899536,610.5322734636828,607.2666588703396,609.3681030273438,70030100
2025-07-02,608.9636353224103,612.1700572103479,608.3420779544849,612.130615234375,66510400
2025-07-03,614.1038145937416,617.8824764279548,614.0840634968408,616.955078125,51065800
2025-07-07,615.0014790783108,615.6625385416997,609.5851029977032,612.357421875,74814500
2025-07-08,613.0184402574613,613.7682592313246,611.2130216520668,612.0220336914062,59024600
2025-07-09,614.4193967168262,616.3432013077288,612.5842913923066,615.6920776367188,66113300
2025-07-10,615.8301939872533,618.4643754376677,614.6561481365566,617.428466796875,57529000
2025-07-11,614.389851486408,616.4814202079069,613.196114561925,615.258056640625,63670200
2025-07-14,614.804168244691,616.7773507170579,613.4624186155016,616.4320678710938,51898500
2025-07-15,619.1057784945341,619.4411858079188,613.7189684346675,613.7979125976562,74317300
2025-07-16,615.3764310442137,616.3531467698953,609.7627242916457,615.8499755859375,88987500
2025-07-17,616.0276278697462,619.9739930445255,615.8105464724214,619.6187744140625,68885700
2025-07-18,620.8618249379944,621.0295285799061,618.0599396747441,619.1649169921875,65621600
2025-07-21,620.3389892578125,623.0718060276608,619.9147622533486,620.3389892578125,63375000
2025-07-22,620.6645676893623,621.2861250306559,617.7936134788556,620.4277954101562,60046300
2025-07-23,623.0816882564411,625.7060546875,621.2860849659141,625.7060546875,70511000
2025-07-24,626.0907872079496,627.6200518287297,625.488980993582,625.9132080078125,71307100
2025-07-25,626.5742531786653,629.0308557161836,626.3276053702117,628.5572509765625,56865400
2025-07-28,628.9322127301592,629.4847014583399,627.0182231688269,628.3994750976562,54917100
2025-07-29,629.7904764849706,630.1061928990167,625.8342963044605,626.741943359375,60556300
2025-07-30,627.3930824208583,629.129492632239,623.0718079865017,625.9526977539062,80418900
2025-07-31,630.8856625012866,631.2703873241156,622.3121821287813,623.6046142578125,103385200
2025-08-01,617.9020271938194,617.9415293786636,610.9860135753424,613.3834228515625,140103600
2025-08-04,617.2805351933534,622.7561046288977,617.191775701563,622.706787109375,73218000
2025-08-05,623.3185298505434,624.1275419868148,618.6322209191569,619.5497436523438,68051400
2025-08-06,620.6151401423151,624.9462896680084,619.7074931606843,624.295166015625,64357500
2025-08-07,627.7088284528788,628.4388963678413,620.674427785601,623.7723388671875,74205800
2025-08-08,625.5580097272857,629.0998986072367,625.2422933193634,628.6361694335938,64051600
2025-08-11,628.912516593768,630.3825280073482,626.1500127592028,627.3931274414062,58742300
2025-08-12,629.7313011159781,634.2301547632397,628.2514142554742,634.0723266601562,64730800
2025-08-13,636.2625497647373,637.5254154950222,634.0624705008762,636.2428588867188,60092800
2025-08-14,634.1709312549185,636.9630011917295,633.7270133914775,636.302001953125,59327500
2025-08-15,637.3280514224831,637.4267466743545,633.9046087993034,634.812255859375,68592500
2025-08-18,634.2400917394748,635.3648203144131,633.569216857079,634.6741943359375,43804900
2025-08-19,634.4965103700933,635.4732259966958,629.9187128752989,631.2308959960938,69750700
2025-08-20,630.8264521540534,631.0829152899969,624.4629267215348,629.5537109375,88890300
2025-08-21,627.7482676486437,629.4155489420286,625.3113561107211,627.0280151367188,54805800
2025-08-22,629.2084743239826,637.831272612948,628.7053031285401,636.6572265625,84083200
2025-08-25,635.4041800322128,636.6374190424261,633.7368384817344,633.855224609375,51274300
2025-08-26,633.5889446007113,636.8545593934813,632.9673872646679,636.5092163085938,51581600
2025-08-27,635.9271580330511,638.6896016147832,635.7791452521487,637.9595336914062,48341100
2025-08-28,638.5613448732837,640.7712997557803,636.6868575289449,640.2188110351562,61519500
2025-08-29,638.7881685836082,639.1532627231435,634.5162720889837,636.400634765625,74522200
2025-09-02,628.9519373540064,631.9018356294255,626.4065150056712,631.684814453125,81983500
2025-09-03,634.05255551225,635.5719445130327,631.8722274787872,635.1082153320312,70820900
2025-09-04,635.7791465574808,640.4457643382553,634.8813749728572,640.4161376953125,65219200
2025-09-05,642.7443549194211,643.4646073746923,634.7036735299132,638.5612182617188,85178900
2025-09-08,639.9228600617976,641.1265327903665,638.5514836687598,640.1300659179688,63133100
2025-09-09,640.268114410177,642.1327863823664,638.54157966928,641.6099243164062,66133900
2025-09-10,644.8557277247635,645.7732503039375,641.9058297062181,643.4646606445312,78034500
2025-09-11,645.4082598463015,649.502637640468,644.8262047273438,648.81201171875,69934400
2025-09-12,648.7823644090812,650.2721267910674,648.0917987261137,648.5949096679688,72780100
2025-09-15,650.7951046545995,652.1762963553084,650.4991393056443,652.0480346679688,63772400
2025-09-16,652.6005288851532,652.9064300011956,650.3708830930857,651.1502685546875,61169000
2025-09-17,651.1600740883537,652.8471065185831,645.5266166017295,650.3411865234375,101952200
2025-09-18,653.0148488941834,655.9746224265324,651.4165760040546,653.3798828125,90459200
2025-09-19,655.2606553211801,657.4569312262267,653.3215535907623,656.6160278320312,97945600
2025-09-22,655.131983947701,660.1676217378205,655.1022751701781,659.7224731445312,69452200
2025-09-23,659.6037721086419,660.2172101260659,654.914373896894,656.1312866210938,81708900
2025-09-24,657.4173382288552,657.5162467217733,652.6289715744526,654.043701171875,68082200
2025-09-25,650.91749472694,652.3717757310584,647.4251431178142,651.0263061523438,89622100
2025-09-26,652.4707616041429,655.3002210405111,650.8581544995363,654.756103515625,69179200
2025-09-29,657.2689872647139,658.1792111877495,654.7956708332731,656.5962524414062,73499000
2025-09-30,655.8542079251938,659.5345338964465,654.5482897020846,659.0695190429688,86288000
2025-10-01,656.0916952927918,662.2255322042525,655.9828838603935,661.3153686523438,72545400
2025-10-02,663.2939389771905,663.4126533220159,659.6631277666079,662.0770263671875,56896000
2025-10-03,662.838842966907,665.5001336306916,661.0283585893458,662.0671997070312,70494400
2025-10-06,664.451431246289,665.3319462864663,662.314512664693,664.4415283203125,54623300
2025-10-07,665.3616291701808,665.8068381763353,660.5436138980969,661.9781494140625,72020100
2025-10-08,663.0960778489103,666.0245059882836,662.2749199573431,665.925537109375,60702200
2025-10-09,666.3410972158545,666.7466945063586,662.0671995495462,663.996337890625,66501900
2025-10-10,664.9560020556908,666.7565834688588,645.8719162752307,646.0499877929688,159422600
2025-10-13,653.5985682812151,658.030731623523,652.7279561413051,655.9630126953125,79560500
2025-10-14,650.1556923521978,658.7232938317348,646.1983862715207,655.1616821289062,88779600
2025-10-15,659.7027866181304,663.0763638369173,651.896985063197,658.0703735351562,81702600
2025-10-16,659.7027147054259,661.5725563129243,650.0963324960569,653.5886840820312,110563300
2025-10-17,652.4608239631079,658.6540174880462,651.1153544209424,657.2986450195312,96500900
2025-10-20,660.197387427611,665.0352086527322,660.1479331778372,664.1348876953125,60493400
2025-10-21,664.273301038831,665.806744837326,662.8288627988705,664.1248779296875,56249000
2025-10-22,664.8274246920023,664.8274246920023,656.2202718491607,660.6722412109375,80564000
2025-10-23,660.988802941274,665.5298380529869,660.6722112216523,664.5899658203125,65604500
2025-10-24,669.2398161192735,671.2283116328227,668.4384640813665,670.0213623046875,74356500
2025-10-27,675.4428672302427,678.2228723013301,674.8393925526769,677.9260864257812,63339800
2025-10-28,679.7167206093349,681.5568533012904,677.520444889974,679.7266235351562,61738100
2025-10-29,681.3688612448931,682.338442194909,675.5813258562629,680.0531005859375,85657100
2025-10-30,676.6003572463494,678.6185613884796,672.5737915039062,672.5737915039062,76335800
2025-10-31,677.7282029402567,677.7678146457715,671.9901213244605,674.780029296875,87164100
2025-11-03,678.3514739521635,678.4800912258883,672.6826525168186,676.04638671875,57315000
2025-11-04,668.8935461650569,672.7024895383894,667.3799079726423,668.0328369140625,78427000
2025-11-05,667.7755543304748,673.5927987432043,666.9742023136038,670.3478393554688,74402400
2025-11-06,669.2496813312496,670.150002278421,661.5824008089137,663.1554565429688,85035300
2025-11-07,660.781013040124,663.9172214121945,654.1525740278607,663.808349609375,100592400
2025-11-10,670.0115034227329,674.8987789977223,667.8251303916195,674.1666870117188,75842900
2025-11-11,672.6925273614432,676.2738842563608,671.485517700804,675.7099609375,58953400
2025-11-12,677.4808612736824,677.6490902522322,673.6818813898049,676.0859375,62312500
2025-11-13,673.2366670865612,673.5928101259233,663.3632081763918,664.866943359375,103457800
2025-11-14,658.2781019123212,668.448347404196,656.1906373926532,664.7581787109375,96846700
2025-11-17,662.5519561070769,666.5191649555097,655.1022987242936,658.56494140625,90456100
2025-11-18,655.0330664835586,658.0208519047019,648.8596786437042,653.03466796875,114467500
2025-11-19,653.7272650457925,660.2172451791961,651.7189030472904,655.5574951171875,94703000
2025-11-20,665.7276649913678,668.3494043558474,644.9320631333248,645.5652465820312,165293500
2025-11-21,648.0583498819193,657.4569521849606,643.9031662606766,651.9959106445312,123956200
2025-11-24,655.6167144034767,662.9080451404715,654.5284795169995,661.5922241210938,80437900
2025-11-25,661.4933143363089,668.9924253407057,657.3875856310649,667.8151245117188,81077100
2025-11-26,670.3973686817876,674.4239350690651,669.4970476879164,672.4254760742188,71879600
2025-11-28,673.5928002628821,676.3728052050843,673.2366572287348,676.0958251953125,49212000
2025-12-01,671.5647168500374,675.7000943604489,671.4954567492206,673.0091552734375,61201200
2025-12-02,674.6415287588202,676.5212733146432,672.0792068673397,674.2557373046875,62953800
2025-12-03,673.3059439079583,677.5995871066391,672.4353317565424,676.5905151367188,57238500
2025-12-04,677.9854045442221,678.05466464181,674.0677104452674,677.0851440429688,61970300
2025-12-05,678.1535936302283,681.0424704296607,677.2731389541586,678.3712768554688,79241000
2025-12-08,679.2617413091358,679.3111955598065,674.2953027143022,676.3333129882812,55231500
2025-12-09,675.8583224740703,678.074403844281,675.3043021315176,675.7494506835938,58310100
2025-12-10,675.2747265375898,681.616283144729,674.0380683519487,680.2312622070312,85671300
2025-12-11,677.82719343181,681.8933109790751,674.8888622374254,681.8141479492188,86173700
2025-12-12,680.8247713558317,681.5272148787925,671.9208332382598,674.4832153320312,113160300
2025-12-15,678.4207075198718,678.4405133715769,671.999988545765,673.4641723632812,90811000
2025-12-16,671.9802275249427,673.8105178026394,667.7755898483048,671.6240844726562,122030600
2025-12-17,672.6331978735437,673.1773153631458,664.035948310003,664.2338256835938,110625200
2025-12-18,670.3675775068244,673.4740770479272,667.6964444022054,669.2496337890625,108650100
2025-12-19,671.3463691548195,675.8114935895343,671.2272434527378,675.3153686523438,103599500
2025-12-22,678.6394050189502,680.0483829319917,675.3153920494597,679.5225219726562,69556700
2025-12-23,678.6194459960617,682.8663040830753,678.569845619967,682.628173828125,64840000
2025-12-24,682.6183200290311,685.4760045408373,682.4694583215327,685.0294799804688,39445600
2025-12-26,685.2874813951044,686.2995351048382,683.9281038851597,684.9600219726562,41613300
2025-12-29,682.2114479341877,683.8586166189733,680.7528697076866,682.51904296875,62559500
2025-12-30,682.1222002850684,683.2235831301442,681.2589477241032,681.6856079101562,47160700
2025-12-31,681.8145855439083,682.0328514439952,676.4266760541103,676.635009765625,74144800
2026-01-02,680.3956585252009,681.5466416904673,674.5512924418268,677.8753051757812,89377200
2026-01-05,681.2191671325683,684.086783636805,681.060433809282,682.3900146484375,71927200
2026-01-06,682.5984300063299,686.9544213697425,682.4496288665487,686.4483642578125,69273800
2026-01-07,686.8254142672773,688.5817158514149,683.9776620917838,684.2356567382812,75588300
2026-01-08,683.4815439165204,685.2675815209567,682.1618346683338,684.1661987304688,64019200
2026-01-09,685.2775150455628,689.9212370510019,683.8387406584166,688.6908569335938,80125500
2026-01-12,685.3271398200249,690.6952455853734,685.2775394384523,689.7723999023438,63976000
2026-01-13,690.0998291255927,690.6952153647912,685.9919002674054,688.3931884765625,78309700
2026-01-14,685.6446980414748,686.3590889175136,680.7231166120667,685.0096435546875,94676700
2026-01-15,689.1870202593807,690.0602050162862,685.8927433241695,686.8750610351562,77862000
2026-01-16,688.2839991969948,688.869453251486,684.7515921796883,686.2994995117188,79289200
2026-01-20,676.2082832182709,679.4628915199756,671.3264313278333,672.32861328125,111623300
2026-01-21,674.3826370735425,683.402154325963,672.8743979165272,680.0880737304688,127844500
2026-01-22,684.5035723961656,685.7736813437502,681.5962874434288,683.6403198242188,77112200
2026-01-23,682.8167194920136,685.6049389887335,681.8343413244536,683.8883056640625,63059600
2026-01-26,685.138576123168,688.7503800429489,684.5729864520383,687.3612060546875,60473800
2026-01-27,688.799947686109,691.1317710154308,688.1946898528689,690.0997924804688,55506100
2026-01-28,691.6477064811113,692.4316225777728,688.5618241580821,690.0303344726562,61172200
2026-01-29,690.9928952881424,691.657685737667,679.5224893166136,688.6610717773438,97486200
2026-01-30,686.4285189892349,688.8298072906449,681.7947290319643,686.6071166992188,101835100
2026-02-02,684.2357342361453,691.528747109235,684.0769403301045,690.0205078125,79286500
2026-02-03,690.8142565672537,691.5584439188771,678.7286612443456,684.18603515625,107904600
2026-02-04,684.9996810996682,686.0911923060062,676.4762885369656,680.8719482421875,105204600
2026-02-05,675.6626239798336,678.3913111024622,670.5525129616972,672.3683471679688,113610800
2026-02-06,676.1785962582386,686.9444827733389,675.5732778299765,685.267578125,89127600
2026-02-09,684.0769172088077,690.4769412520913,683.0053309088385,688.5718383789062,73885200
2026-02-10,689.5640042757049,691.1416475283962,686.2994637039938,686.7559204101562,65185700
2026-02-11,690.9928885783248,691.7370759669038,683.8387453470867,686.5972290039062,76353900
2026-02-12,688.8595645054852,689.9609473653614,675.097063165144,675.9901123046875,118829000
2026-02-13,676.4067760275798,680.96122930703,672.2691112734435,676.46630859375,96267500
2026-02-17,674.8688419019007,679.6316291710169,670.5426469985775,677.5578002929688,81354700
2026-02-18,678.7187643851827,683.8090109802145,677.53798463666,680.9711303710938,73570300
2026-02-19,678.5401160314528,680.86194660128,676.2678252760687,679.1751098632812,58649400
2026-02-20,677.0319706522042,684.71197532004,676.4465165538227,684.0868530273438,100034000
2026-02-23,682.4992209190492,684.6523861034582,675.0970153480879,677.1013793945312,90558100
2026-02-24,676.6151751251432,683.0151380016027,674.7298762460771,682.0228881835938,73798700
2026-02-25,684.8310015582731,688.3038760705598,684.7516046120257,687.7780151367188,56369500
2026-02-26,687.9069589925494,687.926762805978,679.0461151309984,683.957763671875,71671000
2026-02-27,677.795973699009,681.5367144347911,676.35719931042,680.6734619140625,83308900
2026-03-02,673.4400139353526,683.2831159083878,672.765291276125,681.0604858398438,87477200
2026-03-03,669.8281968363514,677.3196712649806,664.4700232973693,675.057373046875,105003100
2026-03-04,676.3472549970834,681.7649608594664,674.3528231531807,679.8201293945312,79182200
2026-03-05,676.7938369684096,680.2171112774074,670.3739485451397,676.02978515625,106606500
2026-03-06,668.1909311447467,670.8700177972564,664.5692556037578,667.1689453125,100687000
2026-03-09,661.2254329083217,674.6505427155427,657.2564332632285,673.0133666992188,102667700
2026-03-10,672.4675558251363,678.0638596518006,669.5305349566006,671.9317626953125,81505300
2026-03-11,672.3286912573745,674.8093159596237,668.1215614523004,671.08837890625,68441700
2026-03-12,665.9583993556241,666.4446526664856,660.7094193200438,660.89794921875,108882200
2026-03-13,664.0831110227487,667.1293254881115,656.2343803863124,657.1571655273438,97200200
2026-03-16,663.1999840519829,666.8613885560293,661.9497395049242,663.844970703125,82023100
2026-03-17,667.1788836379297,669.2129836950214,664.5097291491037,665.5912475585938,87128000
2026-03-18,663.1800557566115,664.5295009374192,656.0656417127632,656.3037719726562,82062600
2026-03-19,651.8783782687178,657.8418097710767,650.0923405870744,654.6864624023438,111272500
2026-03-20,653.2010079047443,653.380093364961,641.4703940766159,645.301025390625,163617500
2026-03-23,654.7531040433624,659.2801583045331,650.6439158314106,652.07666015625,134802700
2026-03-24,648.0371459178807,653.7183875512989,646.604401549905,649.8877563476562,96457500
2026-03-25,655.3500504609481,657.5588924447279,650.9423865337293,653.5093994140625,90653800
2026-03-26,648.773401781548,651.5493174066021,641.5699034672713,641.8385620117188,96494400
2026-03-27,639.2615657472361,639.4207325687934,629.9188801961861,630.8939819335938,103649400
2026-03-30,636.8836547011163,637.1423539459004,626.108284608157,628.78466796875,99275900
2026-03-31,635.719508676349,648.255975728372,634.7643255692599,647.0620727539062,152534100
2026-04-01,650.6041659517412,655.2008748639518,649.7086779392242,651.9373779296875,97841500
2026-04-02,643.161809607987,654.8824636102106,641.858414876014,652.5244140625,68358700
2026-04-06,652.5542919409455,656.3948220300638,652.2160396308291,655.6088256835938,39105800
2026-04-07,653.3402849463747,656.285326673986,647.7784337275787,655.8972778320312,69980400
2026-04-08,672.980811715349,673.6673363432215,668.0756676404139,672.6027221679688,93606100
2026-04-09,671.438579338256,677.7266707213284,670.3739652533407,676.4829711914062,57134400
2026-04-10,677.885949822129,678.5923930707559,675.0304203424645,676.0353393554688,42253500
2026-04-13,673.9956432299357,682.8408497944083,673.1698703787699,682.641845703125,54185800
2026-04-14,684.2238203737314,691.0791070995066,684.193942434314,690.959716796875,63480500
2026-04-15,691.7557051691649,696.7504224001667,690.7010502942645,696.412109375,58240400
2026-04-16,697.5264615426626,699.2378238459212,695.0092450197437,698.1234130859375,49972400
2026-04-17,702.5808909886877,708.7993894133457,702.2028014262665,706.5607299804688,70661900
2026-04-20,705.20752199003,706.3317705126415,702.5808139687996,705.1477661132812,43546800
2026-04-21,706.7000123508461,707.6949720613851,699.098505587723,700.53125,58941400
2026-04-22,705.5756906371417,707.8640857857167,704.6503246823615,707.6253051757812,42518500
2026-04-23,705.9239069650033,708.7694771316526,698.7403270820959,704.8792114257812,56174000
2026-04-24,707.1676287635845,710.8688498134599,705.4364085481575,710.341552734375,45182000
2026-04-27,709.5753882284523,712.023010938504,708.7097781525541,711.5653076171875,33135900
2026-04-28,708.2321938525355,709.2868486650957,705.6751402340362,708.1028442382812,43117400
2026-04-29,707.4163145996059,708.6102783309316,704.7995658491443,707.993408203125,41859200
2026-04-30,711.0280636665188,716.1620290590424,706.8691393587039,715.0377197265625,67240900
2026-05-01,717.6146516977453,721.216400793299,716.8385540170647,717.0177001953125,43049800
2026-05-04,716.4406056700121,718.4802608161392,711.3861936216806,714.3909912109375,51950600
2026-05-05,718.1320898558575,721.3855668152729,717.8534719876392,720.1220092773438,36933200
2026-05-06,724.489821452625,730.8874657022126,724.1515691652952,730.1312866210938,53288900
2026-05-07,731.3451201928577,732.4196936796947,726.0718458933673,727.8926391601562,51724600
2026-05-08,731.2257166531052,734.359863963193,730.8675457398152,733.9021606445312,47227100
2026-05-11,732.7380586745534,737.0561496205491,732.7380586745534,735.5736694335938,44024000
2026-05-12,733.1758744234386,735.1160580011854,728.1413807257971,734.4593505859375,54185300
2026-05-13,734.7478704606156,740.1604537310201,731.7629913201908,738.5685424804688,44200200
2026-05-14,739.9018102364839,745.7521781705404,739.8122371427646,744.3989868164062,45307600
2026-05-15,738.0511867146383,739.712813256131,734.2405345152865,735.4443969726562,60410800
2026-05-18,736.1010471042457,737.682999009625,729.6935042484962,734.927001953125,47843900
2026-05-19,731.0765556379026,733.9320852676053,727.8429364442825,730.0317993164062,54255900
2026-05-20,732.0018002736176,738.1307251173267,730.1909663879147,737.5138549804688,45768000
2026-05-21,734.9170485709385,741.1156280791548,733.3151780259534,738.9764404296875,43332200
2026-05-22,742.4787264390759,745.1651298094138,740.7275876279662,741.8817749023438,41762000
2026-05-26,746.2297301040182,748.3390397979183,744.5979816306177,746.8068237304688,41123600
2026-05-27,747.0953563113346,747.5928361692701,744.4487294597059,746.677490234375,42106300
2026-05-28,746.4685193943138,751.3438462445121,745.4536410614309,750.7965698242188,41562600
2026-05-29,752.0900813404212,754.2590862562773,750.8861582097875,752.6671142578125,55075700
2026-06-01,751.5527711685265,756.4480167905853,750.8861651495049,754.7167358398438,43634900
2026-06-02,753.2144012702464,756.5674107365072,752.9357833937803,755.7415771484375,31581900
2026-06-03,754.3287420712209,754.9754294579049,749.7718095132926,750.4384155273438,51402500
2026-06-04,748.3091480570178,754.4878695071194,747.6823186029123,753.2740478515625,49923000
2026-06-05,748.5181345185488,749.0255736853693,731.82274221843,733.83251953125,93989400
2026-06-08,739.6132273185567,741.5832888174093,734.4693026781229,735.4940795898438,49319100
2026-06-09,739.881873688386,743.1354112835509,718.9479438267383,733.3350219726562,87683500
2026-06-10,729.69352181897,734.6583610930755,721.6741489247238,721.7736206054688,60341300
2026-06-11,725.0868662900759,736.2702039965386,720.7587550057447,734.04150390625,86330500
2026-06-12,736.9766163198905,740.6877965432628,731.3252525489901,738.0113525390625,57079500
2026-06-15,748.0604304424444,752.8661028247,747.9709180763429,751.0254516601562,60176400
2026-06-16,750.7468576807364,751.6323864215939,746.100412710964,746.5481567382812,67093100
2026-06-17,747.5032315039188,748.3589429763433,735.4940609532621,737.225341796875,85945200
2026-06-18,745.907751654771,746.3765582049119,742.0173878962117,744.8902587890625,80875700
2026-06-22,745.8479411927095,748.321778689857,741.2892538871644,742.546142578125,46628100
2026-06-23,731.9922892059834,737.7978798883457,730.4860198600484,731.7628784179688,66846800
2026-06-24,733.3489180103626,738.1171068570358,729.0296875445486,731.4237060546875,57439500
2026-06-25,737.0796452204372,737.5385276888334,727.7927091295785,732.4810791015625,53934400
2026-06-26,727.144386135875,734.7056273477464,714.8050317832251,727.1842651367188,71034000
2026-06-29,734.7055914816465,739.7231001504891,730.27658724538,739.1644897460938,58035200
2026-06-30,739.4537599262709,746.1671307285668,739.0547872797607,744.9202270507812,55626000
2026-07-01,743.1545925484338,747.5835968507926,740.541087308444,743.9127197265625,47100900
2026-07-02,745.5486859530862,749.4489739445169,738.1969465958291,742.9351806640625,57447800
2026-07-06,746.885320136641,750.5462122974698,745.5585975722108,749.4190673828125,50673300
2026-07-07,748.3616416292718,749.0998597580657,743.364102770238,745.85791015625,43721500
2026-07-08,741.3191472958572,744.3017921335774,737.6782249675691,743.5536499023438,43767400
2026-07-09,745.4987759890873,750.1073272936331,743.7431866839036,749.8480224609375,41441700
2026-07-10,750.187115173852,753.5487626123848,746.2468873823584,753.0799560546875,42191300
2026-07-13,750.6060836597362,752.0425191788765,746.1471851864706,747.3142700195312,44013600
2026-07-14,749.0499474324819,751.4739818301254,746.8055207475287,749.9677124023438,35143100
2026-07-15,752.3717122204262,753.7084197839658,748.3417413555546,752.9403076171875,43844800
2026-07-16,750.8953984161742,752.7009125511715,746.0274814662645,748.8604125976562,46409800
2026-07-17,740.241827732839,745.438883195828,738.9649691671198,741.4487915039062,62651000
2026-07-20,745.2094908804986,746.8753371556621,739.6732506975046,740.2518310546875,50422300
2026-07-21,744.4413918284653,747.1845799829406,742.3366329839115,746.426513671875,34324300
2026-07-22,744.7705725456777,748.1621748950539,744.5211918106933,745.55859375,32836200
2026-07-23,737.5385562389782,740.7206569606348,733.3888874570794,736.3515014648438,55437300
2026-07-24,736.6806667930385,741.8777222786117,735.4636571620507,737.099609375,44782000
2026-07-27,743.0648074406847,743.6833276942111,734.0472217265344,737.25927734375,41461200
2026-07-28,737.3589950224286,740.9500533043114,734.156924420905,739.0248413085938,47322200
2026-07-29,738.1370526174048,740.8403618199718,727.2939826612791,727.6531372070312,70697200
2026-07-30,734.2267392747757,740.6109103701467,732.7703947650456,739.852783203125,66811300
2026-07-31,742.835410914187,747.0449895804718,735.8527500027326,745.1796264648438,62445900
2026-08-03,747.5836183167282,756.7009928898597,746.9451890027125,755.793212890625,59927500
2026-08-04,758.7458651152236,771.494176400126,758.6361522059436,769.4193725585938,69154800
2026-08-05,773.928165423025,774.9256883846499,767.6039039413469,767.8831787109375,44689100
2026-08-06,768.3021872511085,769.9081846177485,765.5589990885744,766.65625,38416900
2026-08-07,769.1101628301597,772.0029428489042,767.703621378493,771.3446044921875,43586300
2026-08-10,770.6861849056471,773.1301282404592,769.7086319253093,771.1151733398438,39249500
2026-08-11,772.6115040483734,772.6912620504304,767.2946895097219,768.6513061523438,36740600
2026-08-12,772.7910096110111,772.9805414027246,769.369513273419,770.5764770507812,33179100
2026-08-13,772.9506321027081,777.4394855444215,772.1925048911166,775.9531860351562,35634500
2026-08-14,776.6114939657781,776.8708596736758,773.509212209858,774.4169921875,31367900
2026-08-17,774.2573577843602,774.8559080861019,770.5964655970525,770.7560424804688,34356600
2026-08-18,766.7959149360092,767.5939211307613,765.0202948350139,765.5490112304688,43920900
2026-08-19,768.4517358705159,770.5564946026684,766.1973243479778,767.1549682617188,40306000
2026-08-20,764.0627220124634,766.2472997692572,760.1523881029335,760.7109985351562,45520300
2026-08-21,764.1524418077088,765.9479709365374,762.2770937955632,763.8232421875,39188700
2026-08-24,762.8856098637509,763.3244615010249,760.1922857963137,761.5787963867188,32430900
2026-08-25,764.262137078792,764.8806573052586,761.159855395616,764.0127563476562,27422300
2026-08-26,762.8356805789958,765.449185749943,762.0376744224566,764.182373046875,28751600
2026-08-27,766.5964060257239,770.4468300957561,765.2596984507333,769.18994140625,34557100
2026-08-28,769.8483393622295,773.3795487683207,766.4068729286823,767.4442749023438,36744300
2026-08-31,765.4292990280279,766.097622354185,762.8257178677422,765.1499633789062,38810800
2026-09-01,760.1224772031874,762.7758614763637,757.5987149009983,759.89306640625,41126300
2026-09-02,760.5614001563074,764.5315220914426,759.8431519587122,763.2646484375,29566200
2026-09-03,765.99791709853,772.112737807933,765.5490195828438,771.2548217773438,43531600
2026-09-04,770.0977256925568,770.9555808433835,767.0951717806925,768.2822265625,34054200
2026-09-08,767.1649647963771,767.7934091111229,763.2447069992287,764.0626831054688,44746100
2026-09-09,762.1873669257697,762.5763546117217,759.055130192088,760.5115356445312,32812400
2026-09-10,756.1523365872063,758.2271404471661,754.7657651010062,755.9528198242188,42740400
2026-09-11,762.8257171109622,764.4816392943262,761.7084962835214,762.3967895507812,45512700
2026-09-14,757.119891309806,761.6287143614769,756.0525344863368,758.9952392578125,43992400
2026-09-15,758.2371341657202,758.4665449596201,754.2769973083872,755.513916015625,46195000
2026-09-16,757.6187023523285,759.7833101686804,747.7432005092232,752.1821899414062,59217700
2026-09-17,761.2596848801362,761.6786274833105,758.0775841455181,760.7109985351562,49652800
2026-09-18,761.3099975585938,762.0,757.969970703125,761.6900024414062,65308100
2026-09-21,766.2509765625,774.8900146484375,766.030029296875,773.5,49311754
