Date,Open,High,Low,Close,Volume
2016-08-12,185.48169871991223,185.83858545983358,185.22679814202752,185.62615966796875,61313500
2016-08-15,185.99149997148285,186.50981935025376,185.98300760854679,186.16143798828125,49813500
2016-08-16,185.74514932313355,185.81311417855213,185.2013397216797,185.2013397216797,53213600
2016-08-17,185.23532704972422,185.68566878008664,184.40262141165985,185.54971313476562,75134300
2016-08-18,185.52421510752194,186.00004688027445,185.4137624952037,185.966064453125,52989300
2016-08-19,185.4987247040344,185.87259622920638,185.0144005667477,185.69415283203125,75443000
2016-08-22,185.45626065424574,185.91510775395741,185.0908944132207,185.68568420410156,61368800
2016-08-23,186.2974251342365,186.59482643807337,186.00002383039967,186.05950927734375,53399200
2016-08-24,185.9151105519079,186.00857844655619,184.69153555485576,185.10789489746094,71728900
2016-08-25,184.72550936690118,185.39678229680928,184.57256898212898,184.9804229736328,69224800
2016-08-26,185.16735155854718,186.1869929804055,183.74834852693238,184.6320343017578,122506300
2016-08-29,184.75944292189087,185.80457409768573,184.7254475374681,185.54116821289062,70502200
2016-08-30,185.45620868334956,185.7366122844962,184.6829886546085,185.23529052734375,58114500
2016-08-31,184.90390893542113,185.0228668616284,183.93524783189295,184.70848083496094,85269500
2016-09-01,184.69995177120478,185.0058453943504,183.56135277161167,184.71694946289062,97844200
2016-09-02,185.56671083179174,185.97456480231085,184.98041345610827,185.54971313476562,79293900
2016-09-06,185.83011575431115,186.18698959720462,185.11636806852422,186.1105194091797,56702100
2016-09-07,185.94899687359404,186.2718881546602,185.49016296957663,186.09344482421875,76554900
2016-09-08,185.76213853955875,186.03404982957287,185.36277693575295,185.66867065429688,74102900
2016-09-09,184.36012339300706,184.41110351580465,181.19922612512465,181.22471618652344,221589100
2016-09-12,180.4684883089777,184.22417544194204,180.4005104872635,183.82481384277344,168110900
2016-09-13,182.5502432107953,182.81364914395792,180.561940716494,181.18222045898438,182828800
2016-09-14,181.2331852212836,182.43126981456757,180.56192541512283,181.11422729492188,134185500
2016-09-15,180.95276792412224,183.3064360464979,180.77432457814706,182.924072265625,134427900
2016-09-16,182.31091998830942,182.49026474179965,181.53379413901084,182.21697998046875,155236400
2016-09-19,182.86605270272938,183.50654930012172,181.92665248084597,182.2511749267578,80250500
2016-09-20,183.10516476355983,183.25887768736118,182.22555050597774,182.25970458984375,69665300
2016-09-21,182.95996619560697,184.48861211944993,182.27676731793207,184.3092803955078,110284400
2016-09-22,185.31700546359937,185.76962199207247,185.06935252631513,185.47071838378906,76678700
2016-09-23,185.0778501346866,185.21449250101216,184.3604972578772,184.45443725585938,73630900
2016-09-26,183.62609155492524,183.80542328866972,182.7635478752264,182.95997619628906,89827300
2016-09-27,182.7977331719538,184.18973692863324,182.43050834334028,184.09580993652344,78494800
2016-09-28,184.31783305551744,185.1632932124232,183.36136235505222,185.0095672607422,87411000
2016-09-29,184.8046123697199,185.20599127847757,182.78918256246698,183.3357391357422,128070600
2016-09-30,184.1640725088284,185.41944658283643,183.91641961717067,184.71917724609375,117202900
2016-10-03,184.30934412466502,184.49721117582357,183.64321554117518,184.27517700195312,83512100
2016-10-04,184.38616293403305,184.60819706254165,182.74649321420745,183.3357391357422,119948100
2016-10-05,183.95919938914597,184.57407727721062,183.89087817592335,184.14707946777344,72816000
2016-10-06,183.92503566432185,184.49721117582357,183.38702727553206,184.27517700195312,62927400
2016-10-07,184.54838865985104,184.71918511284747,182.91725451722704,183.6431427001953,89788300
2016-10-10,184.59962463378906,185.06077635582875,184.45444699850003,184.59962463378906,51855000
2016-10-11,184.17263798286655,184.24095917371605,181.5423307743674,182.26821899414062,130367400
2016-10-12,182.40488168196612,183.0283077312698,181.90956276636723,182.5073699951172,73866100
2016-10-13,181.18367286306528,182.40488006844393,180.3723798138563,181.90956115722656,101357000
2016-10-14,182.88307781127833,183.34424254419653,181.92660729994196,182.0034637451172,93346200
2016-10-17,181.9778809646954,182.234082196945,181.19220674181636,181.37155151367188,58275700
2016-10-18,182.95998653281447,183.01975943712776,182.13160991908106,182.5073699951172,76869700
2016-10-19,182.77210650321214,183.30157950259496,182.41342998450736,182.994140625,66519200
2016-10-20,182.64394804615029,183.20758800184637,181.99491638957852,182.65249633789062,73639800
2016-10-21,182.65252332556983,182.8233197834896,181.69603970553706,182.7379150390625,89089100
2016-10-24,183.60907676763617,183.88236164837423,183.16499535190695,183.51513671875,60146600
2016-10-25,183.33569463099104,183.59189581303832,182.73790056016966,182.90016174316406,66542300
2016-10-26,182.08038818350684,183.11371545193575,181.841257452556,182.5330047607422,75705500
2016-10-27,183.25030957336313,183.28446365110642,181.96931664758029,182.04617309570312,77220200
2016-10-28,182.0205811693207,182.69523180962065,180.79937398784872,181.5081787109375,140623200
2016-10-31,181.84124830762158,182.06329546856531,181.35447766812322,181.51673889160156,61272500
2016-11-01,181.84126903891988,181.89251971870604,178.99747528035175,180.20159912109375,122781800
2016-11-02,179.89414564956775,180.27845404672607,178.68147361145748,179.1170196533203,103330800
2016-11-03,179.3304437324993,179.54394251701447,178.023832213741,178.29710388183594,88939300
2016-11-04,178.408207952685,179.2451199171035,177.95559136767739,178.10076904296875,109122100
2016-11-07,178.10075768897855,182.06329614440926,178.10075768897855,182.0291290283203,109794900
2016-11-08,181.63631167367112,183.41262394284482,181.3715751438649,182.84898376464844,106772100
2016-11-09,181.3630365347768,185.40244499664522,181.33741770993944,184.78756713867188,258429000
2016-11-10,185.57319489302805,186.4357255180889,183.7968829751666,185.24867248535156,172113300
2016-11-11,184.53133047790513,185.06080346427555,183.88229865490476,184.82168579101562,100552700
2016-11-14,185.34266383508754,185.54762747001487,184.2239316851872,184.96690368652344,94580000
2016-11-15,185.35118185568197,186.41014099121094,185.14623127076104,186.41014099121094,91652600
2016-11-16,185.7952457984158,186.2905647172134,185.67568695808095,186.0599822998047,65617700
2016-11-17,186.2137064428469,187.07623713751602,186.10268286685348,187.01646423339844,69797200
2016-11-18,187.08477556849542,187.25557203960201,186.4186471785894,186.59799194335938,86265800
2016-11-21,187.17019862550617,188.03272941911158,187.02502094921246,188.00711059570312,72402600
2016-11-22,188.31451216564693,188.55362982400158,187.64839682723974,188.37429809570312,67429000
2016-11-23,187.86189841231175,188.52801376045227,187.66548312527937,188.47677612304688,56620200
2016-11-25,188.8184017170154,189.2112323319122,188.74153222198203,189.1770782470703,37872300
2016-11-28,188.86967950170788,189.1429513313337,188.1864803812343,188.28895568847656,76572500
2016-11-29,188.32305501132936,189.10872915618629,188.0241514315651,188.65611267089844,69886700
2016-11-30,189.2710313879842,189.4332926218375,188.14375104601663,188.2035369873047,113291800
2016-12-01,188.50238922501075,188.50238922501075,187.153075013537,187.5117645263672,79040500
2016-12-02,187.59717762732174,188.09249654857405,187.24703636784292,187.605712890625,74840300
2016-12-05,188.43408284299034,189.0745794033417,188.23766754647798,188.7329864501953,67837800
2016-12-06,188.92085065488982,189.36493188152127,188.44261534817971,189.3307647705078,59877400
2016-12-07,189.17705058798379,191.8671306855542,189.05749176211253,191.80735778808594,110738100
2016-12-08,191.78173276231044,192.74673860027067,191.5169832705835,192.27703857421875,99714400
2016-12-09,192.4990591532714,193.455529597405,192.4648920483052,193.43844604492188,88005800
2016-12-12,193.34457054945193,193.82281896198756,192.79801396606234,193.2164764404297,102016100
2016-12-13,193.87404841836303,195.00131562296514,193.85696486090256,194.50599670410156,110477500
2016-12-14,194.20707871517268,194.9073481010056,192.46492096624655,192.9004669189453,142501800
2016-12-15,193.1395798990274,194.54866692963725,192.90899751969582,193.69467163085938,124972600
2016-12-16,194.14910068653683,194.20923899620848,192.9980052029393,193.3158416748047,156420200
2016-12-19,193.49627408622837,194.15773005848882,193.35024073531872,193.73680114746094,90341100
2016-12-20,194.26937364194734,194.63017730203725,194.03744528469852,194.484130859375,89838800
2016-12-21,194.35526227483624,194.52706540999546,193.94293212890625,193.94293212890625,67909000
2016-12-22,193.79692808337322,193.91719160692546,193.2127816063045,193.60794067382812,56219100
2016-12-23,193.65083258674096,193.89995824883582,193.46185833279898,193.89137268066406,36697800
2016-12-27,194.15774030631945,194.7676435624427,194.14055605596963,194.37249755859375,42672500
2016-12-28,194.63020244535886,194.64737358739828,192.65443316823655,192.76609802246094,64095000
2016-12-29,192.83483991347555,193.1870449742898,192.2850618388298,192.72317504882812,48696100
2016-12-30,193.0495852394987,193.13549338336978,191.3315272240164,192.0187530517578,108998300
2017-01-03,193.3158546351365,193.99449479504997,192.31939108978972,193.4876708984375,91366500
2017-01-04,193.8140747489132,194.78478149283592,193.80548917965118,194.6387481689453,78744400
2017-01-05,194.37246601957602,194.63876287194785,193.69382587217012,194.484130859375,78379000
2017-01-06,194.59580047699106,195.6438167017955,194.05460811776294,195.17994689941406,71559900
2017-01-09,194.92225069076343,195.05969846051255,194.5013218113095,194.5356903076172,46939700
2017-01-10,194.55286144803023,195.38612052899077,194.14911681673016,194.5356903076172,63771900
2017-01-11,194.44976317657327,195.08544921875,193.78830731855393,195.08544921875,74650000
2017-01-12,194.57007063243853,194.7848278847922,193.2471717253465,194.59584045410156,72113200
2017-01-13,194.76761545137668,195.34316323147314,194.73326006337803,195.04251098632812,62717900
2017-01-17,194.40687106900864,194.81061578953012,193.96877095232824,194.35533142089844,61240800
2017-01-18,194.6044034593869,194.8277593648899,194.05462548142256,194.78480529785156,54793300
2017-01-19,194.86212305028965,194.9995708275679,193.63371794868652,194.063232421875,66608800
2017-01-20,194.74184610378717,195.26585424928098,194.11475868630788,194.77621459960938,129168600
2017-01-23,194.77623096881686,194.83635617994787,193.51345734990758,194.26939392089844,75061600
2017-01-24,194.48415413642564,195.92732962629242,194.37248928326196,195.51499938964844,95555300
2017-01-25,196.4599721210582,197.20733642578125,196.29675447855837,197.20733642578125,84437700
2017-01-26,197.0612085761651,197.32751852426006,196.72618785640532,197.00108337402344,59970700
2017-01-27,197.07845500559668,197.2244883800057,196.5114926524248,196.69189453125,59711100
2017-01-30,196.00463966850268,196.0304094891354,194.49275339116883,195.4720458984375,79737300
2017-01-31,194.98238071531566,195.514987559318,194.41543158963867,195.45484924316406,75880800
2017-02-01,195.4548713204092,196.36543998180076,194.9480473458977,195.5321807861328,79117700
2017-02-02,195.53217904363206,195.94452240596848,194.84496632188961,195.66104125976562,69657600
2017-02-03,196.56301895450204,197.19010644438944,196.25376799509664,197.00970458984375,80563200
2017-02-06,196.60590055916362,197.00105954099877,196.32241950631763,196.65744018554688,57790100
2017-02-07,197.0440361818143,197.284563204328,196.47707401114363,196.6660614013672,57931200
2017-02-08,196.66608630559708,197.0526467044636,196.12489388253917,196.92379760742188,51566200
2017-02-09,196.92383719978613,198.39276963236222,196.92383719978613,198.0921173095703,65955200
2017-02-10,198.43569449439863,199.0971504795477,198.109259287333,198.87379455566406,66015900
2017-02-13,199.36341424492775,200.21385751311638,199.33764442841354,199.95614624023438,55182100
2017-02-14,199.77580379372446,200.76369511543385,199.43219739958258,200.75509643554688,71109000
2017-02-15,200.54034201131242,201.99210329651262,200.48880236223332,201.80311584472656,86785800
2017-02-16,201.82887489338543,202.0092767632744,200.88395079264967,201.6313018798828,84722400
2017-02-17,200.96978909393363,201.94908142089844,200.9526048474284,201.94908142089844,77204100
2017-02-21,202.31853516676898,203.32359763023166,202.3099364869037,203.15179443359375,88946100
2017-02-22,202.74801644472154,203.19470206113783,202.58479884698647,202.9713592529297,62115200
2017-02-23,203.48672411761166,203.5038952541643,202.352799933722,203.10874938964844,74615900
2017-02-24,202.2669601179496,203.40945707411748,202.22400604937198,203.36651611328125,82381600
2017-02-27,203.28062725924806,203.85617513110842,203.0315146102534,203.6843719482422,56515400
2017-02-28,203.30640096446803,203.54692804662338,202.74803733255226,203.1345977783203,96961900
2017-03-01,204.7838710482061,206.44180341536486,204.76668680237975,205.97792053222656,149158200
2017-03-02,205.78895814761938,205.7975568254465,204.6292770143903,204.68081665039062,70246000
2017-03-03,204.59485891910185,204.97283363512682,204.2168842030769,204.8096160888672,81974300
2017-03-06,204.01936622780934,204.55195995780062,203.5984373429105,204.19976806640625,55391500
2017-03-07,203.89917107971428,204.2513761969572,203.38374831751756,203.5899200439453,65103700
2017-03-08,203.8818791408661,204.1395903858486,203.07439002353223,203.2118377685547,78168800
2017-03-09,203.33215670968812,203.79603969868805,202.50749623017578,203.4696044921875,90683900
2017-03-10,204.4231595498751,204.46611362717488,203.2376951766697,204.18263244628906,81991700
2017-03-13,204.12245744905488,204.3286291184119,203.79603535725005,204.28567504882812,57256800
2017-03-14,203.74450963623073,203.79606239121486,202.89407924127278,203.5039825439453,59880800
2017-03-15,204.07091913324487,205.68589778433662,203.83897764218042,205.2649688720703,96081800
2017-03-16,205.402413749063,205.47972320907772,204.53479922416713,204.86122131347656,78344000
2017-03-17,205.12264223608113,205.3124518330771,204.50144958496094,204.50144958496094,89002100
2017-03-20,204.50139874364774,204.78611306835853,203.8888423313486,204.27708435058594,52537000
2017-03-21,204.88106201136898,205.00184873594333,201.52490248773285,201.65431213378906,131809300
2017-03-22,201.68885445924116,202.41357489403939,201.06766175376634,202.1288604736328,97569200
2017-03-23,202.12885377022735,203.04338378830042,201.5421791038283,201.9131622314453,100410300
2017-03-24,202.21512154769727,202.78453716514386,200.98999527263658,201.7664794921875,112504900
2017-03-27,200.10132571992898,201.81823491644124,199.82524742676122,201.5594024658203,87454500
2017-03-28,201.25740454810082,203.44882413473405,201.14524076872837,203.0260772705078,93483900
2017-03-29,202.74138584115474,203.4488471111567,202.5170582570755,203.2158966064453,61950400
2017-03-30,203.15545396361622,204.0613606419073,202.98290344507524,203.8629150390625,56737900
2017-03-31,203.52650607361866,204.05279389108298,203.33669648930265,203.3884735107422,73733100
2017-04-03,203.44023008636267,203.6386625847675,201.80960283565494,203.03472900390625,85546500
2017-04-04,202.75006047335296,203.2504664576976,202.37044123248683,203.1641845703125,56466200
2017-04-05,203.83713195325583,204.81206194462604,202.35317307771257,202.56024169921875,108800600
2017-04-06,202.69828610441428,203.64732099263955,202.2582669322238,203.12966918945312,69135800
2017-04-07,202.87942071232564,203.61277708212893,202.43941478930236,202.9225616455078,74412300
2017-04-10,203.0606550063687,203.83713932676267,202.5171080832324,203.04339599609375,67615300
2017-04-11,202.66375784908317,202.90533131132202,201.31784479810486,202.8018035888672,88045300
2017-04-12,202.52573199408363,202.71554160139317,201.68884777042805,201.9131622314453,81864400
2017-04-13,201.57661420095337,202.30997044493742,200.6016845703125,200.6016845703125,92880400
2017-04-17,201.11941448685027,202.37905883789062,200.92098196170755,202.37905883789062,68405400
2017-04-18,201.64564531375706,202.30997873667243,201.09347566951593,201.77505493164062,83225800
2017-04-19,202.33591803559278,202.70690115523192,201.17980140736037,201.4041290283203,68699900
2017-04-20,202.01670210339964,203.48341518711555,201.69748281953486,203.04339599609375,92572200
2017-04-21,202.96573006922685,203.01749393015078,201.99943622593705,202.39630126953125,110389800
2017-04-24,204.63078478386376,204.82923039519142,202.37034261540123,204.62216186523438,119209900
2017-04-25,205.2606964055646,206.1579674025081,205.17441452528865,205.8128662109375,76698300
2017-04-26,205.7783306976484,206.65835577553025,205.64029813161565,205.6834259033203,84702500
2017-04-27,206.00265619951773,206.15794777150717,205.32106363863426,205.85598754882812,57410300
2017-04-28,206.1147946570055,206.14067658414115,205.2779105735806,205.40733337402344,63532800
2017-05-01,205.92498779296875,206.34774788302525,205.5108637885809,205.92498779296875,66882500
2017-05-02,206.06305707084547,206.1838438011308,205.5971691582496,206.00267028808594,57375700
2017-05-03,206.00269676199866,206.09760157404546,205.07953057529195,205.7524871826172,73137700
2017-05-04,206.05447955067797,206.13212535909125,205.14857229154882,205.99407958984375,61462700
2017-05-05,206.36500201310355,206.822266940735,205.92498292687233,206.8050079345703,62001300
2017-05-08,206.84812306583103,206.99479168802486,206.3477172675895,206.77047729492188,48385700
2017-05-09,207.0293304725549,207.22776296193527,206.23557418550524,206.5806884765625,51363200
2017-05-10,206.53759710752405,206.95172119140625,206.33052848319932,206.95172119140625,54293800
2017-05-11,206.50307925082552,206.69288885331403,205.45050351512236,206.52896118164062,62358300
2017-05-12,206.27872742194222,206.57206471326526,205.9163672682905,206.18382263183594,53912700
2017-05-15,206.60661064681307,207.44349486408936,206.58935163770735,207.3227081298828,61918900
2017-05-16,207.61600511931388,207.64188704556003,206.74461621791102,207.1328582763672,51241800
2017-05-17,207.13286751699474,207.13286751699474,203.3970890732269,203.45748901367188,172174100
2017-05-18,203.37980044881323,205.1225912403326,203.12096804773407,204.27708435058594,107047700
2017-05-19,204.76026688843976,206.270107466075,204.70850303214038,205.60577392578125,115011400
2017-05-22,206.1148714543292,206.81372324167398,206.0458617327645,206.64979553222656,61010600
2017-05-23,207.02077376702337,207.27098336957536,206.64115448368182,207.1070556640625,48341700
2017-05-24,207.33995255279973,207.693676643599,207.0034611403605,207.59014892578125,46927700
2017-05-25,208.09918949569263,208.8584279085556,207.89213404837835,208.58233642578125,64071700
2017-05-26,208.39250275904723,208.70309905891992,208.31485697527032,208.5391845703125,46629900
2017-05-30,208.2199864783797,208.60822862597266,208.06469488524934,208.3580322265625,35201900
2017-05-31,208.651299209437,208.68581721722663,207.61598277671482,208.3061981201172,91796000
2017-06-01,208.76346345900726,209.979966523465,208.47874913553227,209.96270751953125,68962000
2017-06-02,210.014531232999,210.81691058511038,209.7211939063202,210.66160583496094,88666100
2017-06-05,210.48902761450537,210.77374198177247,210.3078409572391,210.50628662109375,44698800
2017-06-06,209.9454941438962,210.49766390691767,209.75568455366084,209.83334350585938,50375400
2017-06-07,210.16983953088658,210.44591785337207,209.50550590885683,210.2216033935547,54144300
2017-06-08,210.3165266131886,210.7996735934203,209.79886161164447,210.3251495361328,65950700
2017-06-09,210.59261039873047,211.3863537674347,208.74629115386514,210.0059356689453,132256400
2017-06-12,209.7642750509624,210.01447136656984,209.1172006334546,209.96270751953125,86108100
2017-06-13,210.49764272539258,211.04118951225954,210.1525415950174,210.9894256591797,60067000
2017-06-14,211.25691089926207,211.26553382107394,209.90236178312665,210.7220001220703,78602300
2017-06-15,209.37604235880931,210.43725399614152,209.09996409002758,210.31646728515625,66464900
2017-06-16,210.4751833347845,210.52719963384294,209.4868339657722,210.3624725341797,84553100
2017-06-19,211.18607102170412,212.17442027941766,211.09070340784731,212.11373901367188,65123800
2017-06-20,211.75824877873487,211.76691375013706,210.66586707867998,210.68319702148438,56906400
2017-06-21,211.07335999027543,211.18605754202875,210.1630352304678,210.63119506835938,55977600
2017-06-22,210.63985817920226,211.1340261266323,210.36242034776063,210.5358123779297,44148100
2017-06-23,210.59657247795712,211.11674873053062,210.21510195535575,210.7873077392578,66986800
2017-06-26,211.45480339089076,211.8709601407042,210.71788395073696,210.9259490966797,56700500
2017-06-27,210.70924772268842,211.004028786433,209.20938717140842,209.2267303466797,82247700
2017-06-28,210.24107197299102,211.29878069236827,210.00698542585917,211.09938049316406,70042600
2017-06-29,211.2467402358337,211.29875652280958,208.03894132566631,209.24403381347656,106949700
2017-06-30,210.05031405965292,210.42311950029898,209.44343532612194,209.63417053222656,86820700
2017-07-03,210.57052519103027,211.0040119354262,209.98965454101562,209.98965454101562,39153800
2017-07-05,210.3537524315126,210.6831933155326,209.54746032051654,210.47512817382812,54427600
2017-07-06,209.71221737814497,209.83359313782432,208.36840582021688,208.55047607421875,65400800
2017-07-07,209.1226680429866,210.05032273922362,208.55912737294966,209.90293884277344,57972300
2017-07-10,209.9029638349086,210.50117769282184,209.59951780499233,210.1283721923828,36663300
2017-07-11,210.12832363116158,210.284385711013,208.810533682673,209.97227478027344,50354600
2017-07-12,210.93468806090848,211.71495904089392,210.93468806090848,211.55023193359375,59610400
2017-07-13,211.5588860430641,212.01838095900973,211.3334644570759,211.90567016601562,39471600
2017-07-14,211.9056631814736,213.24947476430907,211.81029556646038,212.89401245117188,60262700
2017-07-17,212.81593415878388,213.19740452230835,212.69455842756813,212.86795043945312,33531900
2017-07-18,212.46049305671633,213.03269865888714,212.12237396979063,212.98068237304688,42742500
2017-07-19,213.29280851214529,214.142438775647,213.2841303112444,214.13377380371094,51034300
2017-07-20,214.3851748339577,214.5065505771419,213.68292851775163,214.2291259765625,47135200
2017-07-21,213.6569511747282,214.0644297775078,213.43152959848751,214.03842163085938,82340800
2017-07-24,213.9603983003764,214.12512539283267,213.51824654875693,213.98641967773438,46622300
2017-07-25,214.73198488014728,214.83603069330022,214.2811681960246,214.50657653808594,54915600
2017-07-26,214.7926966745299,214.82736979573008,214.25517730764497,214.5152587890625,47575400
2017-07-27,214.97481120914838,215.00948433748863,212.99809894055528,214.31590270996094,70766600
2017-07-28,213.83901628145244,214.19447860436682,213.3881995698679,214.06443786621094,50088400
2017-07-31,214.46319976981857,214.5585673703291,213.73494530899112,213.94302368164062,65838700
2017-08-01,214.5412671176901,214.57594023678143,213.89970196829188,214.41989135742188,55050400
2017-08-02,214.5499644493107,214.66267525404692,213.5962881683912,214.52395629882812,47211200
2017-08-03,214.4111903222331,214.4371984660233,213.83031972931158,214.10775756835938,40856000
2017-08-04,214.5932466256809,214.82731990459592,214.11640863887794,214.4978790283203,60191800
2017-08-07,214.56728756399264,214.896728515625,214.46324174282293,214.896728515625,31995000
2017-08-08,214.58457170928014,215.7983423514395,213.99503617400325,214.36782836914062,61719400
2017-08-09,213.68295364171507,214.41120818644552,213.32749134168043,214.35919189453125,62632600
2017-08-10,213.52687674210125,213.6569306918411,211.2814187702836,211.33343505859375,120479500
2017-08-11,211.55883367649233,212.2350718091369,211.32474717551133,211.64552307128906,74869900
2017-08-14,212.92003012032828,213.96039573038553,212.88535699921184,213.74365234375,73291900
2017-08-15,214.12513000605298,214.1424731816764,213.41421855309565,213.7176513671875,55242700
2017-08-16,214.237838020029,214.63665168038344,213.66563229259435,214.0904541015625,56715500
2017-08-17,213.48358403036036,213.7956950555248,210.7526092529297,210.7526092529297,128490400
2017-08-18,210.58788587164997,211.70628924364524,209.98100698671368,210.4231719970703,136748000
2017-08-21,210.36243651498586,210.84793952835773,209.66019014000403,210.5878448486328,65469700
2017-08-22,211.16874181507407,212.94602690749204,211.1513986409579,212.78997802734375,63140100
2017-08-23,211.82760788301152,212.4518297759899,211.68022399563662,212.02700805664062,50203800
2017-08-24,212.40847525370182,212.56452411010807,211.32475854322377,211.5328369140625,50741700
2017-08-25,212.32177583139043,212.9373327529811,211.87962416926572,212.02700805664062,64445900
2017-08-28,212.55588170528304,212.58188985077862,211.61954878054664,212.03570556640625,40565600
2017-08-29,210.7265525878525,212.53852381976515,210.61384181253018,212.2784423828125,51135700
2017-08-30,212.2610964032894,213.552891515247,212.07902617086643,213.28411865234375,62030800
2017-08-31,213.89971791404133,214.81004279839868,213.31884721595745,214.56729125976562,103803900
2017-09-01,214.94008701250172,215.29554935301522,214.7233436188667,214.8707275390625,62007000
2017-09-05,214.36783428767083,214.59325583417635,212.3651278861229,213.3274688720703,91398800
2017-09-06,214.003739320956,214.38520978428556,213.4748849475156,214.05575561523438,57916900
2017-09-07,214.35919353648387,214.37653671024327,213.6222607848127,214.0297393798828,58034700
2017-09-08,213.74366447802606,214.23784577751377,213.5355992815826,213.77835083007812,63832800
2017-09-11,215.04407066925324,216.1364655911094,215.02674072656248,216.05844116210938,71364800
2017-09-12,216.42257015376887,216.8213705023228,216.24049992232366,216.7866973876953,56896000
2017-09-13,216.50061166239803,216.92543341664026,216.38790088028037,216.8907470703125,59228000
2017-09-14,216.5699336606164,217.02076348213075,216.3965416458687,216.82135009765625,95446300
2017-09-15,216.67764322455182,217.20040087831916,216.57309435272185,217.11328125,95432400
2017-09-18,217.47920183329117,217.92354780506648,217.1916791593366,217.57504272460938,46235200
2017-09-19,217.81901441542607,217.8800101208788,217.4705093102084,217.79287719726562,47108100
2017-09-20,217.8800133835203,217.98456225772762,216.8780379254347,217.8712921142578,59574100
2017-09-21,217.71445138886594,217.8015710121978,217.11326882102426,217.2875213623047,48211400
2017-09-22,216.99131857041976,217.49666031124144,216.965181350603,217.33111572265625,51214000
2017-09-25,217.0784005251304,217.42691888655668,216.1461421593744,216.88671875,57064400
2017-09-26,217.31365618348264,217.55761239750964,216.78217729693458,217.01742553710938,54082000
2017-09-27,217.7144030186349,218.2458817929609,216.83440594456263,217.86251831054688,81001400
2017-09-28,217.58376221603876,218.20237405540473,217.49664258862123,218.12396240234375,44778800
2017-09-29,218.1152356503722,218.96909572207406,217.93227513116253,218.8906707763672,85578000
2017-10-02,219.11718667853842,219.84034729003906,218.9429208582323,219.84034729003906,59023000
2017-10-03,219.8403993082085,220.3370197886667,219.7619743526678,220.31088256835938,66810200
2017-10-04,220.16276478522528,220.81622187491448,220.0494946354012,220.572265625,55953600
2017-10-05,220.90329703403205,221.89655107859585,220.60706640372368,221.87913513183594,63522800
2017-10-06,221.4347983118458,221.91400278857896,221.1734261378252,221.62648010253906,80646000
2017-10-09,221.85304903256053,221.91403144950237,220.99918883842372,221.2605743408203,35803100
2017-10-10,221.82686811027568,222.21893963932018,221.28666796651436,221.8442840576172,43057400
2017-10-11,221.74843556013366,222.1927947998047,221.58290429837132,222.1927947998047,47674300
2017-10-12,221.8791388363933,222.22764390203182,221.62646136338174,221.86170959472656,47065100
2017-10-13,222.2973499810082,222.4106201111444,221.86171199693516,222.13180541992188,54800400
2017-10-16,222.3583491714976,222.61972133035232,222.01855207037005,222.42803955078125,38221700
2017-10-17,222.37577361386636,222.62845110323354,222.15795461008904,222.5848846435547,31561000
2017-10-18,222.95955769793173,223.00312416361902,222.61105256167096,222.802734375,40888300
2017-10-19,222.02727568083037,222.89855172401792,221.60906690259324,222.8636932373047,61903800
2017-10-20,223.65657889461002,224.03994249441706,222.8462852323601,224.01377868652344,89176400
2017-10-23,224.33614170272267,224.36227891771452,223.06405966850102,223.14247131347656,63915300
2017-10-24,223.56945016341444,223.76982664713915,223.17736528695417,223.5345916748047,66935900
2017-10-25,223.20347464282193,223.31674477473658,221.30409938385668,222.42803955078125,103715300
2017-10-26,223.03794206480885,223.3080221958349,222.59358280813078,222.71556091308594,69798000
2017-10-27,223.45617099962706,224.6933946976007,222.72430230377432,224.5365447998047,85562500
2017-10-30,223.4561627955605,224.4407089563266,223.40388836129273,223.7001190185547,54285700
2017-10-31,224.07476697853525,224.30130725889842,223.7523990960091,224.0486297607422,60304800
2017-11-01,224.82403580337584,225.16381957060437,223.9788971351421,224.34481811523438,54202700
2017-11-02,224.2751835197542,224.57141420229036,223.21222561689552,224.4320068359375,56449500
2017-11-03,224.58880179335614,225.2248428365465,224.17930101553856,225.18128967285156,59589700
2017-11-06,225.05058265619286,225.66048649863941,224.9808922746839,225.52980041503906,49652600
2017-11-07,225.63437329364842,225.96546246682587,224.86764606928728,225.3730010986328,57502200
2017-11-08,225.19874475358787,225.85220185796175,224.919930007638,225.75634765625,50469600
2017-11-09,224.5539838265763,225.1290292048759,223.36031331434606,224.93734741210938,95085500
2017-11-10,224.55399863077685,225.04191111921565,224.24032540864536,224.86764526367188,59984700
2017-11-13,224.18804442702557,225.30327673794346,224.15318593908685,225.0767364501953,50228600
2017-11-14,224.27521659824205,224.65858026494584,223.49976799401475,224.5540313720703,61315200
2017-11-15,223.58681595549047,224.10958681041802,222.7242613278596,223.42999267578125,80811500
2017-11-16,224.3710281577118,225.69538494396602,224.32747498521172,225.32943725585938,67777000
2017-11-17,224.980924822167,225.30329273809534,224.5888399254102,224.66725158691406,75756800
2017-11-20,224.9112021225821,225.24226467162944,224.66721931396768,225.0505828857422,48075500
2017-11-21,225.81732454351769,226.7060431484956,225.01576545227593,226.52305603027344,69176800
2017-11-22,226.53172953926637,226.66241560384688,226.15708729105887,226.3226318359375,45033400
2017-11-24,226.81053554190248,226.9499428685414,226.67112821526356,226.84536743164062,27856500
2017-11-27,226.8890010431142,227.1852317115889,226.5317746692737,226.732177734375,52274900
2017-11-28,227.19401419761837,229.0585316343455,227.09815997918218,229.0323944091797,98971700
2017-11-29,229.1630530855019,229.69454538586697,228.4486268201305,228.89295959472656,77512100
2017-11-30,229.8077556363253,231.8029584397677,229.72934399066108,230.8968505859375,127894400
2017-12-01,230.6790470744156,231.1582382487055,227.19394300180855,230.4176483154297,164390900
2017-12-04,232.02950900702822,232.45642573769004,230.08655395847,230.13885498046875,94040600
2017-12-05,229.3111572265625,231.01885092521732,229.18047113035558,229.3111572265625,77994500
2017-12-06,229.40699551025148,229.78166445579606,228.8929457817571,229.35472106933594,75898600
2017-12-07,230.07785034179688,230.3914969262056,229.09330424757107,230.07785034179688,77218600
2017-12-08,231.02758282536652,231.34122947069542,230.0430365399105,231.33253479003906,76563900
2017-12-11,232.02952575683594,232.0905214625432,231.30637832522305,232.02952575683594,83077500
2017-12-12,232.81362235258584,232.9094765265687,232.06433785249226,232.43898010253906,85195800
2017-12-13,232.68308795869154,233.1187261862169,232.3258614214111,232.41299438476562,102905400
2017-12-14,232.70909881469186,232.82236894661597,231.41090611021687,231.4631805419922,100666700
2017-12-15,232.46243006770646,233.85483690706474,232.40988843038323,233.3907012939453,144610300
2017-12-18,234.78313396671632,235.2209988093528,234.67805068050743,234.87071228027344,83653600
2017-12-19,235.11595393712946,235.1597297384857,233.89867664764586,233.96875,82382900
2017-12-20,234.93198079578954,234.98452243615404,233.54833972427858,233.84608459472656,76751500
2017-12-21,234.46784822267168,235.0370938759789,234.08252503819358,234.32772827148438,67032300
2017-12-22,234.34526143668072,234.38029810598405,233.73223998703938,234.26644897460938,78720900
2017-12-26,233.86356057469422,234.20510791986987,233.72346736785457,233.98617553710938,45244400
2017-12-27,234.15262404427233,234.45913480077266,233.82860831388518,234.10008239746094,57751000
2017-12-28,234.5991662139045,234.62543702739384,234.2138431326338,234.58163452148438,45116100
2017-12-29,235.15965417474374,235.17715914463068,233.50453922807466,233.69717407226562,96007400
2018-01-02,234.55534435922428,235.40480289216075,234.17002130973938,235.36976623535156,86655700
2018-01-03,235.5361909724978,237.0074367944825,235.5361909724978,236.85855102539062,90070400
2018-01-04,237.4978774594355,238.33857038973744,236.91989271824468,237.85690307617188,80636400
2018-01-05,238.64496252789397,239.56446745809188,238.154556335104,239.44187927246094,83524000
2018-01-08,239.3456585922554,240.0374924701482,239.05667957878705,239.87986755371094,57319200
2018-01-09,240.30022131917798,241.04459689986592,240.01998140465915,240.42283630371094,57254000
2018-01-10,239.66971521826443,240.31777341624286,239.00417877122513,240.05503845214844,69574300
2018-01-11,240.60669703743412,241.8064422607422,240.44030628272688,241.8064422607422,62361500
2018-01-12,242.06909652494534,243.54905440382936,241.77132505508374,243.3826904296875,90816100
2018-01-16,244.6350523488423,245.28308365640876,241.85897794792402,242.55081176757812,106555100
2018-01-17,243.4791516640532,245.24811621312676,242.5508802276416,244.86279296875,113258800
2018-01-18,244.74890145278448,245.16923452787907,243.9607234866928,244.45115661621094,100728000
2018-01-19,245.0291302827362,245.56333923339844,244.4511722674767,245.56333923339844,140920100
2018-01-22,245.35307789742737,247.55990600585938,245.30050955483838,247.55990600585938,91322400
2018-01-23,247.60367529300984,248.37432129564834,247.2796597521585,248.08534240722656,97084700
2018-01-24,248.72469958795423,249.32021599885377,246.81561556442963,247.9890899658203,134816100
2018-01-25,248.8472879654413,248.94360537851676,247.30599555509468,248.09414672851562,84587300
2018-01-26,248.92620553118084,251.0104468139397,248.67223639605677,250.96664428710938,107743100
2018-01-29,250.39735056563376,250.83521535243415,249.14506368941963,249.3026885986328,90118300
2018-01-30,247.4812151997291,249.35526283516762,246.27270395413873,246.74560546875,131796400
2018-01-31,247.59503458235346,248.0941801334713,245.79977290240802,246.8681640625,108364800
2018-02-01,246.14130200277143,247.88399519129385,245.7997546627316,246.58790588378906,90102500
2018-02-02,245.27428557442514,245.40566636827708,241.1846441260962,241.2196807861328,173174800
2018-02-05,239.4682487852187,241.56999429566028,230.58833859278695,231.13128662109375,294681800
2018-02-06,227.63711797689834,236.18424605878744,226.55122199851291,235.68507385253906,355026800
2018-02-07,235.13338368290727,238.51368691076328,234.32770073952963,234.4065399169922,167376100
2018-02-08,234.70427332043076,234.8443932483276,225.57916011408363,225.61419677734375,246449500
2018-02-09,228.3902136018895,230.8510110430975,221.48947511397188,229.00323486328125,283565300
2018-02-12,231.04371344712894,233.8285537034904,229.14339530591576,232.36607360839844,143736000
2018-02-13,231.16634649666958,233.48702462091063,230.58836174636198,232.94407653808594,81223600
2018-02-14,231.46402540637033,236.44692761145242,231.45525956071054,236.08787536621094,120735700
2018-02-15,237.82190606873294,239.1092297156834,235.36984702803554,239.1004638671875,111200300
2018-02-16,238.47861848375777,241.10580648393835,238.4348159820051,239.17042541503906,160420100
2018-02-20,238.22470277104793,239.66091202707622,236.88483766031146,237.67298889160156,86369700
2018-02-21,238.11090426869123,240.58046848011853,236.39448150957475,236.4907989501953,98883700
2018-02-22,237.41030841934827,239.1179651655026,236.13175064053598,236.7972869873047,110511300
2018-02-23,238.01450978077298,240.57162475585938,237.54160840450416,240.57162475585938,92766400
2018-02-26,241.63998550578174,243.46151746237553,241.05326182587535,243.36517333984375,86491400
2018-02-27,243.5490783729334,244.2584437384325,240.26509328788163,240.32640075683594,99099200
2018-02-28,241.42115739711483,241.8677880963757,237.5767179093589,237.8919677734375,121907800
2018-03-01,237.6817492889229,239.2230417770956,232.94404943733431,234.43280029296875,176855100
2018-03-02,232.76887437600675,236.20174553860167,231.9106766292142,235.64126586914062,139083200
2018-03-05,234.4590761754729,238.97784374741312,234.3539661829814,238.3648223876953,97307400
2018-03-06,239.33686185879554,239.41570103198728,237.480319593276,238.9690704345703,79213200
2018-03-07,236.81482163392596,239.23181727361526,236.6221600436107,238.88153076171875,87063500
2018-03-08,239.55579306900455,240.16004855957954,238.5662411871151,240.03746032714844,66901200
2018-03-09,241.43867367277355,244.2147216796875,241.1233971036844,244.2147216796875,113625300
2018-03-12,244.50371957523032,245.12548011979828,243.52287995579383,243.908203125,71924800
2018-03-13,245.06413511198616,245.5633073309155,241.72760792254118,242.3318634033203,91968900
2018-03-14,243.28643823853065,243.47033397164122,240.53666118934015,241.08834838867188,105895100
2018-03-15,241.59617698109963,242.23544219568373,240.32635894574227,240.82553100585938,83433000
2018-03-16,241.35058290574966,242.13311680081358,241.03407043056882,241.08682250976562,100343700
2018-03-19,240.33949194249394,241.2626802617668,236.18069036227368,237.82485961914062,109208400
2018-03-20,238.22041657515382,238.86226908752002,237.5521880325357,238.22921752929688,59757300
2018-03-21,238.18521497560846,240.26900164669325,237.56096443604125,237.77197265625,78709600
2018-03-22,235.55638644664177,236.40044644845887,231.55584202184224,231.82843017578125,148785900
2018-03-23,232.26806889301673,232.5933823161941,226.6936822495742,226.88711547851562,183534800
2018-03-26,230.47435853685462,233.3758293932869,228.08283324450488,233.09446716308594,141956100
2018-03-27,234.02647538338294,234.5539960078321,227.58165448885407,229.12911987304688,129941400
2018-03-28,229.26101238250533,230.9227829355966,227.35305658067978,228.4521026611328,146452300
2018-03-29,229.5863506067516,233.22640449908832,228.46092837170607,231.37120056152344,111601600
2018-04-02,230.84363252390713,231.35360494123992,223.91525502005953,226.3771209716797,186286300
2018-04-03,227.60803509251616,229.75337511563475,225.82318539146522,229.27857971191406,119956900
2018-04-04,225.7441028073949,232.43508358856684,225.61222262204552,231.73170471191406,123715300
2018-04-05,233.48136141957434,234.43975330772295,232.3999171433007,233.56051635742188,82652600
2018-04-06,231.60857948692498,233.0944650563523,226.84310402261673,228.3553924560547,179521200
2018-04-09,229.80617888738539,232.8571324633948,228.5488763706566,229.48086547851562,105442900
2018-04-10,232.35592118123972,233.91218763520737,231.22172492246017,233.12965393066406,103529000
2018-04-11,231.65249979998578,233.56045528943488,231.58217266851003,231.90748596191406,91140200
2018-04-12,233.22640173391812,234.75626543924633,233.05054361120307,233.8154754638672,68890500
2018-04-13,235.11673787057833,235.23104295840426,232.12733783776815,233.12965393066406,85079200
2018-04-16,234.75629607018098,235.8113912797752,233.93861204044762,235.0464324951172,63405300
2018-04-17,236.8049078422157,238.1589404406564,236.2949621486706,237.56106567382812,64682000
2018-04-18,238.000622501896,238.53694409515595,237.27964185296193,237.7368621826172,57303900
2018-04-19,237.0862163007596,237.2884504401643,235.38929558373255,236.4180145263672,77655900
2018-04-20,236.34766193363552,236.56747115211715,233.5340932041984,234.413330078125,99953100
2018-04-23,234.98487999850548,235.5388035799496,233.30553417444793,234.37820434570312,65558000
2018-04-24,235.39810066376964,235.61790988481712,229.7270120278721,231.2217254638672,112885500
2018-04-25,231.16016129125893,232.23283131151314,229.34893554377416,231.793212890625,103840900
2018-04-26,232.81312110759345,234.97603613487092,232.37350270509603,234.14955139160156,67731900
2018-04-27,234.75623586232194,235.0551731675286,233.43738060466845,234.36936950683594,57053600
2018-04-30,234.98482615000376,235.53874960451225,232.4965710816841,232.56692504882812,82182300
2018-05-01,232.0041816345384,233.08565242532617,230.45671647025824,232.9801483154297,74203400
2018-05-02,232.78673784182317,233.59562065125908,231.02826428648606,231.41513061523438,86368900
2018-05-03,230.58871520548328,231.5558544858692,227.7663449816826,230.9052276611328,136311500
2018-05-04,229.93799620325126,234.57159127006764,229.6126828833328,233.89456176757812,91222100
2018-05-07,234.65956756772937,235.6530828038007,233.97373697292065,234.68594360351562,55304900
2018-05-08,234.316652270325,235.04640714853366,233.1296769955772,234.68594360351562,67499200
2018-05-09,235.3541584090988,237.27968962403472,234.83541178862617,236.95437622070312,59666100
2018-05-10,237.69290186588918,239.49535362187376,237.58739773035467,239.17001342773438,72063900
2018-05-11,239.29315035999548,240.16358642268503,238.78317786284757,239.8998260498047,59871500
2018-05-14,240.3306268052169,240.9812535676364,239.46896492705878,240.0141143798828,54790600
2018-05-15,238.79194725689806,238.80952233537226,237.42033983484427,238.3611297607422,87036100
2018-05-16,238.39632515328998,239.8206847529032,238.3699222852691,239.36346435546875,53942600
2018-05-17,239.09973236540478,240.23395570537244,238.3875524811006,239.16128540039062,56536400
2018-05-18,238.81831017547728,239.1788005057583,238.21163459917258,238.56332397460938,64368000
2018-05-21,240.0404974530814,240.8933584003689,239.6536310337644,240.3570098876953,58025900
2018-05-22,240.8757723694987,241.1307586245383,239.36348358487416,239.6887969970703,52966400
2018-05-23,238.42265587545916,240.3745626530419,238.26437285833137,240.34815979003906,64694200
2018-05-24,239.9525191856566,240.22508044807947,238.07974050165714,239.8557891845703,76043800
2018-05-25,239.28428649902344,239.90853710552315,238.7831150901173,239.28428649902344,56374800
2018-05-29,237.66651064654422,238.4226682898626,235.4244674131459,236.53228759765625,115908600
2018-05-30,237.83361971900675,240.12841551780784,237.7632925618502,239.6887969970703,69678400
2018-05-31,239.2842975163006,239.58323481813724,237.62255386312358,238.22042846679688,93519900
2018-06-01,239.51297088807289,240.8582025174482,239.44261689720378,240.55926513671875,71258400
2018-06-04,241.37692660138308,241.95722622697588,241.1395422768064,241.70223999023438,45385200
2018-06-05,241.83408907402762,242.25613242896702,241.06915729434598,241.87806701660156,51135000
2018-06-06,242.48474061016057,244.00580320208965,241.86926407661431,243.90029907226562,62732200
2018-06-07,244.383919597681,244.67405598337328,242.96833416348434,243.8739471435547,72969400
2018-06-08,243.41667472807663,244.64760068584744,243.24961761607486,244.5948486328125,72139700
2018-06-11,244.81475342108018,245.63243739467774,244.70044831746642,244.92025756835938,58892500
2018-06-12,245.33350434010313,245.59726471293132,244.59494846399977,245.23680114746094,72329000
2018-06-13,245.47415693489702,245.7291431537662,244.25200474116306,244.45423889160156,79070600
2018-06-14,245.31591794669737,245.59725338734566,244.48063208428616,245.06973266601562,77097600
2018-06-15,244.28891692622713,245.09261831491185,243.18493594495592,244.7570037841797,120041600
2018-06-18,243.30866281053295,244.37733622363186,242.8317622463117,244.25367736816406,52917600
2018-06-19,241.99268165214522,243.53825534882864,241.5775836383579,243.3174591064453,97531500
2018-06-20,243.99745809003278,244.39490203614187,243.39689888704874,243.73251342773438,53785500
2018-06-21,243.7237148345327,243.74139578349843,241.7100541970671,242.2046356201172,71061400
2018-06-22,243.4587823001094,243.57360066346325,242.4254439825922,242.646240234375,54898500
2018-06-25,241.4981286426786,241.65709548726045,237.6651086581895,239.34315490722656,137854200
2018-06-26,239.90835129900807,240.72086628684778,239.15763876811513,239.87301635742188,68547400
2018-06-27,240.4559356165198,241.8778504044173,237.73571096182008,237.8858642578125,105110700
2018-06-28,237.83288561084004,240.0055130673899,237.12632147068877,239.24598693847656,76650500
2018-06-29,240.33232635511777,241.69243896297095,239.47563572553543,239.5904541015625,97592500
2018-07-02,238.02716769142265,240.2616243790332,237.7886905220563,240.10263061523438,63554800
2018-07-03,240.9946973830279,241.0918617527472,238.83091020814945,239.25482177734375,42187100
2018-07-05,240.37643503255302,241.26843341270092,239.30776194680402,241.20660400390625,56925900
2018-07-06,241.2331351716857,243.6177182167267,240.85334518278881,243.24679565429688,66493700
2018-07-09,244.24470703675578,245.49000064215804,244.20055858480137,245.43701171875,50550400
2018-07-10,245.8875299733104,246.41744634420857,245.5960638406166,246.32028198242188,51966800
2018-07-11,244.7746858512768,245.56073333737447,244.21827506047302,244.5185546875,77054700
2018-07-12,245.77274409044392,246.78840154648117,245.1721847019817,246.73541259765625,60124700
2018-07-13,246.5587039551515,247.229906052148,246.10827109786496,246.92962646484375,48216000
2018-07-16,246.97381866635394,247.11510452073574,246.26725463113468,246.70884704589844,48201000
2018-07-17,245.94050880020612,248.0954821879413,245.8875198605622,247.70687866210938,52315500
2018-07-18,247.78635859053261,248.33392892760364,247.34476613126054,248.2279510498047,44593500
2018-07-19,247.5655942858729,247.94535738117995,246.8148816177688,247.29180908203125,61412100
2018-07-20,247.08866921038307,247.71574999539607,246.85021895228073,247.00918579101562,82337700
2018-07-23,246.80610173597267,247.671605936024,246.46164658909126,247.46849060058594,47047600
2018-07-24,248.8726778463494,249.5527205090907,247.84818013902662,248.71368408203125,68026900
2018-07-25,248.46644802989135,251.15133823423943,248.42229955672244,250.83340454101562,78882900
2018-07-26,250.1181130559959,250.92178804198213,250.02094864776998,250.2417449951172,57919500
2018-07-27,250.56838777060267,250.66555212783368,247.62739382664256,248.54591369628906,76768700
2018-07-30,248.62541658255552,248.78438341302518,246.7265472810554,247.24765014648438,63742500
2018-07-31,248.00721461622982,249.07586107857932,247.62745147833215,248.46646118164062,68570500
2018-08-01,248.66952496798916,249.17294680266315,247.40657709727742,248.05128479003906,53853300
2018-08-02,246.75310876921614,249.57044456441832,246.5499664844106,249.4026641845703,63426400
2018-08-03,249.5262684966971,250.5242719052184,249.34962070747144,250.47128295898438,53935400
2018-08-06,250.5065855809908,251.6988636700681,250.11798205697605,251.3897705078125,39400900
2018-08-07,252.052251337307,252.59982187966727,251.91975198771837,252.22003173828125,43196600
2018-08-08,252.0521501780795,252.51139662062386,251.6547061941744,252.11395263671875,42114600
2018-08-09,252.17584989951115,252.5644535141711,251.63711990576564,251.76959228515625,35717000
2018-08-10,250.3388491435266,250.8775791640885,249.37615358246848,250.0827178955078,77076000
2018-08-13,250.35644346636187,250.96584324930072,248.85501824263818,249.146484375,65732900
2018-08-14,249.87074765745612,250.9747290647368,249.48214404587964,250.7362518310547,43842000
2018-08-15,249.39377745931876,249.5350902895857,247.43310573744802,248.86386108398438,102925400
2018-08-16,250.29453627532038,251.74297210720448,250.25920134090282,250.87744140625,69967900
2018-08-17,250.67433884792737,252.2022583092738,250.2680813722112,251.7606658935547,65618500
2018-08-20,252.21114510424258,252.56441371116773,251.76071213262946,252.29946899414062,39807500
2018-08-21,252.81159938159115,253.7477729296389,252.3346721364508,252.89108276367188,67272000
2018-08-22,252.48489667123744,253.262103674568,252.21992503683106,252.74102783203125,44993300
2018-08-23,252.5644691844677,253.42115989457508,252.08754163639944,252.40550231933594,49204900
2018-08-24,252.97948519900802,254.06581233019867,252.92649626116108,253.92449951171875,57487400
2018-08-27,255.1168097360859,256.03532969569824,254.95784290249944,255.92935180664062,57072400
2018-08-28,256.38859669554984,256.4946015366076,255.59373557995536,256.0530090332031,46943500
2018-08-29,256.2649146482262,257.6603348266685,256.0264644460227,257.43072509765625,61485500
2018-08-30,256.95383162780604,257.3247542134845,255.79686149898535,256.3885803222656,61229500
2018-08-31,255.9823323995439,256.8390229116999,255.49659143965482,256.3974304199219,66140800
2018-09-04,255.98230501544074,256.3090791119726,254.95780730979303,255.955810546875,57594400
2018-09-05,255.6025671179281,255.8057093653517,254.26013565747596,255.26695251464844,72452400
2018-09-06,255.37287948324018,255.67315908086647,253.47403755411614,254.49853515625,65909900
2018-09-07,253.45647312213768,254.97555259274915,253.2179958922097,254.00404357910156,73524800
2018-09-10,255.01081150564704,255.27578315982285,254.2512853928737,254.44558715820312,50210900
2018-09-11,253.80080195980534,255.72613828155374,253.45637391635793,255.2845458984375,50530500
2018-09-12,255.29337032649875,255.94691838758595,254.56033887576513,255.3463592529297,59810800
2018-09-13,256.40625295326265,257.04214717503464,256.1236273096607,256.8566589355469,51034200
2018-09-14,257.0597846781716,257.2452459530958,256.1236108773846,256.90081787109375,55079900
2018-09-17,256.84789512451624,256.8832031223014,255.26698626185495,255.540771484375,68244000
2018-09-18,255.7526865667134,257.5190564708911,255.72619209625736,256.9273376464844,61930400
2018-09-19,256.98037559487085,257.61626995974973,256.8567167407164,257.201171875,49080600
2018-09-20,258.45526183517813,259.60339151190027,257.2187813185035,259.2854309082031,100360600
2018-09-21,260.02439890895715,260.1397370028223,258.88880602844426,259.0484924316406,105479700
2018-09-24,258.4719238918122,258.61387643830426,257.6113551925466,258.1880187988281,53409600
2018-09-25,258.64045746369817,258.74691509115587,257.7089261487671,257.9484558105469,44370000
2018-09-26,258.09046385825224,259.2704055826351,256.75968907940677,257.1766662597656,79739700
2018-09-27,257.64682299273915,258.97759751708634,257.3717984236816,257.8952331542969,59249500
2018-09-28,257.2741911414216,258.4186647996057,257.2387233149633,257.9218444824219,70091400
2018-10-01,259.1549472877912,259.8824436608705,258.1524534952341,258.8178405761719,62078900
2018-10-02,258.6671142578125,259.3768499402842,258.2945125006531,258.6671142578125,47258200
2018-10-03,259.7138766436996,260.1308536305416,258.4540922662074,258.8089599609375,64694600
2018-10-04,258.32988326808356,258.38311207053476,255.20700953403792,256.78619384765625,111545900
2018-10-05,257.00802678106885,257.52258097086235,253.92950091153634,255.3489990234375,105951700
2018-10-08,254.66585083523077,255.70386678274414,253.29072811491454,255.3489990234375,87742200
2018-10-09,254.96754123389658,256.2716742822216,254.41746501850835,254.9763946533203,74339000
2018-10-10,254.47071640677487,254.54170621652474,246.53044391448842,246.90304565429688,214731000
2018-10-11,245.82069074601677,247.43537054709861,239.85881900521358,241.4646453857422,274840500
2018-10-12,245.54563049794265,245.82953555740838,241.64203069165737,244.8181610107422,183186500
2018-10-15,244.46326345220731,245.78518452559038,243.35428470841273,243.44300842285156,102263700
2018-10-16,245.39482863663616,249.13874206234044,244.9246227192346,248.76611328125,118255800
2018-10-17,248.80159008760788,249.4314824048031,246.24649884503972,248.8104705810547,110626000
2018-10-18,247.8789719922288,248.4733966282913,243.9487570516637,245.21742248535156,134557500
2018-10-19,245.86503018489384,247.79020214139808,244.39230314956563,245.0843048095703,139901600
2018-10-22,245.74966193302623,246.06903477940648,243.45186148376848,243.9841766357422,82415800
2018-10-23,240.3822586323735,243.86000103241318,238.30622646615907,242.7421417236328,146352700
2018-10-24,242.493754414769,242.8752637396362,234.83738670124848,235.38743591308594,177806700
2018-10-25,237.21494370639343,241.14515705075235,236.19468889139034,239.61032104492188,138061500
2018-10-26,235.91967141520024,240.42654830451053,232.69919339194146,235.39620971679688,201574600
2018-10-29,238.47478839901248,239.76121462650954,230.53451649985132,234.09210205078125,160749100
2018-10-30,233.92357565427733,237.8715241329853,233.43560871330504,237.56100463867188,157116000
2018-10-31,240.11607680886604,242.40502414189297,239.64587089544221,240.0983428955078,128296300
2018-11-01,240.95893467655137,242.84863900602303,239.87657021470125,242.65345764160156,99495000
2018-11-02,243.75356303564863,244.1794206815585,239.17569487216855,241.2162322998047,122634100
2018-11-05,241.70408627924155,243.0969697851563,240.7370602678751,242.5469207763672,65622500
2018-11-06,242.4848533509687,244.2414582856126,242.4227440457888,244.08177185058594,60085900
2018-11-07,246.24662522745172,249.38726208121642,245.82076744356684,249.3074188232422,102752100
2018-11-08,248.50879828247398,249.49358541660058,247.71921955120257,248.8548126220703,65584900
2018-11-09,247.55067814789876,247.73697900206238,245.02220111411222,246.42396545410156,98812600
2018-11-12,245.9182698520506,246.15779952677357,241.3049071986375,241.81948852539062,99673600
2018-11-13,242.2808171165137,244.2680984947957,240.64840354511375,241.3670196533203,98176600
2018-11-14,243.2300950162858,243.62931112227972,238.1642876570456,239.71685791015625,125335900
2018-11-15,238.4570567918774,242.68005673296886,236.88675255543484,242.2187042236328,135101400
2018-11-16,241.12743487882662,243.75348853932485,240.61285366295095,242.84857177734375,126668000
2018-11-19,242.2453700864228,242.53815571410303,237.82721492946231,238.7410125732422,103061700
2018-11-20,235.42288274939483,236.8778759571118,233.46221577650243,234.32278442382812,136021300
2018-11-21,235.86650747846366,237.01098136273677,235.1124234344435,235.12127685546875,75563700
2018-11-23,233.48879401808904,234.94378700042947,233.39121689288703,233.5509033203125,42807900
2018-11-26,235.7954858771656,237.5432373902508,235.40512320903764,237.32144165039062,79981400
2018-11-27,236.29227853016872,238.119873046875,235.68900068623446,238.119873046875,75502400
2018-11-28,239.1845527032355,243.6027069091797,238.05781291603475,243.6027069091797,127629600
2018-11-29,242.83087780641895,244.4632914553153,241.6952845256789,243.0704345703125,82346400
2018-11-30,242.91963386332358,245.11097748673077,242.6002609018633,244.5520477294922,98204200
2018-12-03,248.65967132888062,248.76612896599661,246.20218395652398,247.79022216796875,103176300
2018-12-04,246.96515283950714,247.39101047029547,239.45071097180096,239.76123046875,177986000
2018-12-06,235.9197638003323,239.51284485953988,232.83235657838506,239.3975067138672,204185400
2018-12-07,239.06033286080262,240.62178366519305,233.00088464890422,233.8348388671875,161018900
2018-12-10,233.65735774205484,235.24542272552435,229.44323893637647,234.2783966064453,151445900
2018-12-11,237.46338922000294,237.64969005669067,232.86778808387422,234.33163452148438,121504400
2018-12-12,237.29485858637878,238.65224761061933,235.43176871054226,235.51161193847656,97976700
2018-12-13,236.45198714259422,237.3125556763646,234.32275350404444,235.43173217773438,96662700
2018-12-14,233.29371830639928,234.2430109569686,230.53459117633776,231.0846405029297,116961100
2018-12-17,230.1352693427575,231.2442481147202,224.92750936156915,226.55105590820312,165492300
2018-12-18,228.1834492293881,228.84883639423893,224.70568040157815,226.3026123046875,134515100
2018-12-19,226.38250915204682,230.13528986049326,221.21911056886134,222.9136199951172,214992800
2018-12-20,221.67152791499083,223.23296500175658,217.04929888317656,219.28500366210938,252053400
2018-12-21,220.18186223190455,222.8321839675242,214.14947386453696,214.79197692871094,255345600
2018-12-24,213.31063854385062,214.91689612055552,209.05407298607153,209.1165313720703,147311600
2018-12-26,210.5710868788151,219.68211364746094,208.59895689050683,219.68211364746094,218485400
2018-12-27,216.46068221719528,221.56499036001438,213.23924852248155,221.36868286132812,186267300
2018-12-28,222.7161418877055,224.34023679957718,219.9230390490351,221.08311462402344,153100200
2018-12-31,222.698295014504,223.2604885336004,220.8332580470889,223.01954650878906,144299400
2019-01-02,219.5036463731044,224.1707189074987,219.47687654809107,223.25157165527344,126925200
2019-01-03,221.5114719055297,221.81488595919683,217.4422949789893,217.92417907714844,144140700
2019-01-04,220.94033001258038,225.8661815561297,220.56553888440885,225.2236785888672,142628800
2019-01-07,225.49142984951663,228.40053118136873,224.59906597413217,226.99952697753906,103139100
2019-01-08,229.17689771717087,229.6141473029635,226.6604250449765,229.13226318359375,102512600
2019-01-09,229.83719158120317,231.04188801850194,228.61465767376785,230.20306396484375,95006600
2019-01-10,228.67711779408108,231.26496693400347,227.99891270520502,231.01510620117188,96823900
2019-01-11,229.94429610309322,231.1311552005087,229.36426508304245,231.10438537597656,73858100
2019-01-14,229.2125282055441,230.49753411942797,228.8109808779423,229.6944122314453,70908200
2019-01-15,230.06927046385758,232.6392828891841,230.06033811024096,232.3269500732422,85208300
2019-01-16,232.75526852366238,233.77257646093233,232.5500422517043,232.88914489746094,77636700
2019-01-17,232.0235184925681,235.5126641905326,231.9788839632567,234.65597534179688,96118400
2019-01-18,236.45855492637688,238.24328241616914,234.69166490768163,237.77923583984375,127900300
2019-01-22,236.31574853008118,236.52990709177476,232.9604524887355,234.5666961669922,115531200
2019-01-23,235.59294930166269,236.28899189879522,232.60352545820137,235.05752563476562,86030300
2019-01-24,234.8791098980127,235.76256873524682,233.87073426763428,235.18251037597656,59204100
2019-01-25,237.0207562512884,237.99345684187594,235.28066303115364,237.17247009277344,96883400
2019-01-28,235.03967233956106,235.43228728722033,233.6118850682267,235.36984252929688,85613700
2019-01-29,235.51263983654496,236.07480609236902,234.22763392910355,235.05752563476562,66136300
2019-01-30,236.56567202894044,239.61754127391015,235.80715727798884,238.77871704101562,92473700
2019-01-31,238.7162879576313,241.35767761314972,238.50210209225284,240.87579345703125,104012100
2019-02-01,241.0720391984264,242.00903738846233,240.20644535210758,240.99172973632812,85782500
2019-02-04,241.03640766262146,242.7497583878186,240.3671347162264,242.68728637695312,60744800
2019-02-05,243.1155959499973,244.00795975036206,242.6158744004156,243.70455932617188,79552800
2019-02-06,243.42792005055753,243.91870923015293,242.65156792915562,243.38328552246094,58347800
2019-02-07,241.77711275360616,242.3214417408131,239.41235351785903,241.063232421875,95482000
2019-02-08,239.82279901263277,241.45581297325145,239.00181223916871,241.357666015625,75788900
2019-02-11,242.00907184662523,242.26783773930447,240.96499422513187,241.49148559570312,68021400
2019-02-12,243.09777434034584,244.97171665716425,243.0263699812995,244.59693908691406,72270200
2019-02-13,245.42680019751208,246.2299221230905,245.00738814719733,245.39109802246094,65277200
2019-02-14,244.31139321741082,245.9712042716236,243.49933878131554,244.84681701660156,83234400
2019-02-15,246.61367262481926,247.55067105300293,246.4084463582226,247.5149688720703,97088700
2019-02-19,246.72077942009167,248.59472181280694,246.71184706665318,247.9433135986328,59120800
2019-02-20,247.90758469716386,248.8981226746034,247.4078631485972,248.44300842285156,76610800
2019-02-21,247.8094005316777,248.16634055093212,246.60470413801352,247.55953979492188,64214700
2019-02-22,248.17529101841103,249.29074580289446,247.54172032600366,249.09445190429688,78114600
2019-02-25,250.5133432270269,251.03090233919505,249.35325374429854,249.43356323242188,69030700
2019-02-26,249.08539262818826,250.12944252410284,248.8801392486299,249.25494384765625,56844100
2019-02-27,248.54121255193894,249.49604857194083,247.6131735955296,249.14804077148438,56921600
2019-02-28,248.93385130668665,249.37112818057676,248.36275251349056,248.68399047851562,69268300
2019-03-01,250.2545318099578,250.64717410068224,248.80890666355637,250.2366943359375,78880500
2019-03-04,251.2896732145433,251.53060165753556,247.04201244545143,249.3264617919922,106494600
2019-03-05,249.45139709268793,249.64771822808515,248.44302158963777,248.9873504638672,59114600
2019-03-06,249.10343354177624,249.1123658972864,247.15808633594966,247.4793243408203,75039800
2019-03-07,247.0330474088362,247.17582887820254,244.57014195241382,245.40896606445312,94885100
2019-03-08,243.56175355920197,245.0876878804618,243.09773423309156,244.9181365966797,85795800
2019-03-11,245.63212240090903,248.63045235753074,245.60535257032447,248.46983337402344,65098900
2019-03-12,249.0229826948177,249.92427864044683,248.83559396500522,249.4066925048828,79667500
2019-03-13,250.29024306141176,251.98572906946617,250.12959685826823,251.0576629638672,80639200
2019-03-14,251.08443775264809,251.50384989428085,250.45979933354343,250.8970489501953,67518400
2019-03-15,251.4465358657505,252.94333277501042,251.25829427499124,252.1366729736328,81309000
2019-03-18,252.35168794163573,253.34658899070135,252.12761433225663,253.05079650878906,62199800
2019-03-19,254.10850296161564,254.8703315258877,252.2262787409761,253.1136016845703,90268100
2019-03-20,252.8984383933155,254.09946964121386,251.24925993264608,252.3516845703125,84609200
2019-03-21,251.53612378615844,255.6052814809474,251.49129264556342,255.20196533203125,79550400
2019-03-22,253.84851218600596,254.36835092558272,250.22747499256286,250.29022216796875,122659300
2019-03-25,249.94959241783928,251.13270748383408,248.84716791097622,250.1019744873047,85575200
2019-03-26,251.84977067913186,252.91636327100957,250.56807617048426,251.96629333496094,68125900
2019-03-27,251.95726358737582,252.539876732289,249.10705443590894,250.648681640625,72224700
2019-03-28,251.27613255591731,252.04693258620367,250.12887685434526,251.59878540039062,56238500
2019-03-29,253.10457848881558,253.50789454083147,251.98421053421598,253.18524169921875,82186800
2019-04-01,255.17507631798742,256.48365873807614,254.90617153397596,256.1878662109375,77617900
2019-04-02,256.37610167557364,256.5463998289137,255.5246109088733,256.3133544921875,40070400
2019-04-03,257.523364972723,257.91773677565595,256.11617591920054,256.7167053222656,68243200
2019-04-04,257.0392843728794,257.64875794671855,256.34914759244964,257.3977966308594,48997500
2019-04-05,258.06102998152795,258.69739118474644,257.77420928189554,258.64361572265625,58621700
2019-04-08,258.2224359901956,258.9484323049997,257.56813119604186,258.84088134765625,53566300
2019-04-09,257.8818883722807,258.2045413051788,256.9676777096618,257.514404296875,66142300
2019-04-10,257.92673148783103,258.4824572115658,257.51444355979766,258.392822265625,52601500
2019-04-11,258.8767431671362,258.885714865524,257.756374978226,258.321044921875,55093100
2019-04-12,259.92534573388645,260.3466051469437,258.3658024123571,260.0687561035156,69727800
2019-04-15,260.1405492777227,260.2391559121992,259.10084420613134,259.8985595703125,49596700
2019-04-16,260.7768362558313,260.8306117253508,259.4771985860694,260.0687561035156,52153200
2019-04-17,261.1801918114328,261.2070795502625,259.020118949662,259.43243408203125,58268300
2019-04-18,260.0150172111129,260.21220307800036,258.72435105561925,259.94329833984375,68708500
2019-04-22,259.1814564680707,260.31974047739857,259.09182156001907,260.1673583984375,40160100
2019-04-23,260.5348552038877,262.73975916905067,260.30183725475945,262.5067138671875,52246600
2019-04-24,262.4260865735888,262.7577111776434,261.7807534093311,261.9241638183594,50392900
2019-04-25,261.82553404227406,262.41709166992746,260.5796989626639,261.7627868652344,57770900
2019-04-26,261.8076069798987,263.0534420070687,261.03677955107406,262.98175048828125,50916400
2019-04-29,263.0715120201203,263.91403137324494,262.9818770639425,263.3941650390625,57197700
2019-04-30,263.053468419192,263.81532422738735,261.6463068189115,263.52850341796875,81111700
2019-05-01,264.15588846112246,264.3620460215108,261.53869676009515,261.54766845703125,71671900
2019-05-02,261.4311183473855,262.3453560513314,259.4951193512274,260.98297119140625,65030200
2019-05-03,262.4529364877734,263.8152941480737,261.09055147473833,263.5374450683594,56543700
2019-05-06,259.2531340651493,262.89208684427564,258.9394255801766,262.4529113769531,107198100
2019-05-07,260.0598124870552,260.6513700683735,256.1698981063263,258.0700378417969,144729900
2019-05-08,257.7115173339844,259.41447115468867,257.11995977153765,257.7115173339844,91568300
2019-05-09,255.65009859984357,257.53229523036543,253.92022936912662,256.9317932128906,103471100
2019-05-10,255.99962249136024,258.9753267004435,253.02391828227698,258.2224426269531,112429300
2019-05-13,253.13144432411787,254.09045842220178,250.89965295179644,251.7332000732422,127290500
2019-05-14,252.74604827795415,255.53353807627536,252.62058128578565,254.00982666015625,77003200
2019-05-15,252.3875832066253,256.1340879226377,252.1814256097458,255.4977264404297,73956400
2019-05-16,256.19680023221036,259.2173081278269,256.12510871199436,257.8639221191406,76749600
2019-05-17,255.56950947289934,258.6706817865958,255.55156607134714,256.1968994140625,100353000
2019-05-20,254.60132581377306,256.30427930684,253.75880708566228,254.50274658203125,62877600
2019-05-21,256.1878013017382,257.1737305545002,255.93683997855635,256.79730224609375,46847100
2019-05-22,255.8472185127596,256.9586146903073,255.53351003765886,256.008544921875,49482500
2019-05-23,253.7947035256118,253.83950730062355,251.47330451372397,252.8804931640625,98733800
2019-05-24,254.31459767580205,254.72691284787726,252.8357171922814,253.45416259765625,55268100
2019-05-28,253.73201669108084,254.6820867101874,251.07899252561756,251.09690856933594,70029400
2019-05-29,249.9854609725397,250.38877701925782,248.01360245725246,249.4118194580078,104972900
2019-05-30,250.16473961902375,250.998314274955,248.9995677340899,250.09304809570312,62523800
2019-05-31,247.55658197670175,248.3811576995462,246.69611945798482,246.72300720214844,86862800
2019-06-03,246.75884551454325,247.87024198178764,244.76907055860477,246.09559631347656,96428000
2019-06-04,248.38108719185382,251.57189290628787,247.93294001451494,251.4374542236328,77231900
2019-06-05,253.05082384134988,253.64238151633432,251.24929042721467,253.61549377441406,71169700
2019-06-06,253.91111063887598,255.93671628532928,253.26577792647612,255.26449584960938,69430400
2019-06-07,256.2775249265868,258.89471736243144,256.10722675339446,257.81915283203125,74272200
2019-06-10,259.36077067943074,260.66040882386903,258.9126233679336,259.00225830078125,60799100
2019-06-11,260.8126437085243,261.1801276173653,258.2940591638084,258.93939208984375,58641300
2019-06-12,258.706403900747,259.26210199894365,257.9714359986725,258.4823303222656,47096300
2019-06-13,259.3875627521784,259.90742875930414,258.68845429820976,259.54888916015625,48945200
2019-06-14,259.2620849609375,259.8625867942744,258.50022937362166,259.2620849609375,52324700
2019-06-17,259.495125935518,260.1225429109013,259.1903891440477,259.3606872558594,39205700
2019-06-18,261.1712687189415,263.12518417352123,260.81272903505663,262.0765075683594,85434800
2019-06-19,262.211032754667,263.19696250504995,261.2430464060388,262.66815185546875,78674400
2019-06-20,265.33899659915994,265.5809862354007,262.73077666429657,265.1776428222656,116570000
2019-06-21,264.90926466616133,266.1611589574299,264.57602721062443,264.79217529296875,83309500
2019-06-24,264.99930833046005,265.3145150896043,264.3148028256005,264.4679260253906,47582700
2019-06-25,264.52194695651394,264.5489654623911,261.7659494139915,261.8740234375,82028700
2019-06-26,262.76568952002185,263.270053340462,261.50477996892147,261.61285400390625,51584900
2019-06-27,262.3694314566564,263.044921742749,261.9911722884758,262.5405578613281,40355200
2019-06-28,263.51328434422294,264.386919654963,262.99993255253844,263.8915710449219,59350900
2019-07-01,267.2059187927584,267.42209435949115,265.0893772140861,266.2872619628906,78705600
2019-07-02,266.24210955085914,267.03468885475655,265.40450857614115,266.98065185546875,61504500
2019-07-03,267.6562105656125,269.1332955541426,267.5121027019195,269.1152648925781,40898900
2019-07-05,267.8903947852347,268.97119004226147,266.60246680207615,268.8090515136719,51677300
2019-07-08,267.5031576476492,268.6289747449363,266.7916335461484,267.33203125,45841800
2019-07-09,266.17921005141125,267.96248683915957,266.12517302667766,267.665283203125,41101300
2019-07-10,268.7280352609248,269.8898862091427,268.1966528857291,268.9441833496094,58448500
2019-07-11,269.5836918467792,269.81784313562406,268.5749640265412,269.5746765136719,50826100
2019-07-12,270.06101270514915,270.85359234497,269.7547937508127,270.7815246582031,40326000
2019-07-15,271.21386536805954,271.21386536805954,270.36724865283577,270.8716125488281,33900000
2019-07-16,270.7815196152054,270.98867985359067,269.6917363736322,269.9979553222656,36650100
2019-07-17,269.9709674033634,270.1330784852856,268.16064453125,268.16064453125,36036300
2019-07-18,267.6653065540941,269.52065119386003,267.22399498501346,269.1423645019531,51392600
2019-07-19,270.2321804207565,270.25919893598274,267.4761819245853,267.6473083496094,58678600
2019-07-22,268.0435207619146,268.8451157071079,267.53016906834114,268.3047180175781,43638100
2019-07-23,269.42154655627746,270.2231140136719,268.59293310299523,270.2231140136719,44564500
2019-07-24,269.4665712532843,271.4930419921875,269.37650038995713,271.4930419921875,47213200
2019-07-25,271.0426307816245,271.0966677856445,269.3944197017327,270.1960144042969,55394100
2019-07-26,270.8806220571784,272.20458412713305,270.7545173430064,272.0064392089844,45084100
2019-07-29,271.8893645581002,272.00645394595506,270.9616922741828,271.5110778808594,38126500
2019-07-30,270.1151075682067,271.24994024875394,269.7368208460993,270.8446350097656,45849000
2019-07-31,271.08776437141046,271.2769214493316,265.8729989303073,267.8814392089844,104245200
2019-08-01,268.034580410699,270.97970848614085,264.7561873361929,265.54876708984375,142646600
2019-08-02,264.6570998538528,264.900266462213,262.0001603982473,263.5492858886719,116749700
2019-08-05,259.46937844496574,259.5774525151134,253.73221750649435,255.62359619140625,178745400
2019-08-06,257.50584800856024,259.42424438009544,256.03777839144124,259.20806884765625,120711700
2019-08-07,256.14598681479276,260.126889506351,254.0204566118475,259.361328125,140572300
2019-08-08,260.8473060496784,264.4499206542969,260.29792051564283,264.4499206542969,87713900
2019-08-09,263.51324043844005,264.10767516291054,260.87433176426345,262.64862060546875,93730000
2019-08-12,261.1535149881845,262.6395879585057,258.50559115636844,259.4512939453125,65527600
2019-08-13,259.1541243644712,264.92731871564195,258.8118715111946,263.48626708984375,94299800
2019-08-14,259.4513252870701,260.0547478910904,255.5695099292407,255.69558715820312,135622100
2019-08-15,256.5781929304247,257.2626984377654,254.33557434084287,256.37103271484375,99556600
2019-08-16,258.019294138563,260.5861353169893,256.42511942287445,260.1538391113281,83018300
2019-08-19,263.1619782082209,263.96354562152703,262.48648800661573,263.2880554199219,53571800
2019-08-20,262.783813592977,263.31519616663,261.1446441653174,261.2707214355469,51596400
2019-08-21,263.4231977101356,263.7654230198255,262.73869211921766,263.39617919921875,49524700
2019-08-22,264.09868577575924,264.7291268538394,261.54982049544003,263.3150939941406,51666400
2019-08-23,262.0182453140288,263.67544519573477,255.30836274852658,256.55126953125,149161500
2019-08-26,258.73078802640924,259.3882751464844,257.2086810185283,259.3882751464844,72423800
2019-08-27,260.77533291189644,261.1446043021233,257.614028987942,258.3705749511719,66668900
2019-08-28,257.71299182653104,260.3518998430598,256.91139706146447,260.1897888183594,59696700
2019-08-29,262.73881735988357,264.0357614736476,261.7390770078737,263.51336669921875,57899400
2019-08-30,264.99032631484863,265.00832949353685,262.46850701004956,263.39617919921875,62901200
2019-09-03,261.70292234690453,262.61256378979675,260.5320561790313,261.85601806640625,69101400
2019-09-04,264.017572887131,264.84615869220573,263.2700151107619,264.8281555175781,46887300
2019-09-05,267.3050851284011,269.142399338986,264.7922529907369,268.2327575683594,83258100
2019-09-06,268.5478598062534,269.0792420603326,267.87236969730753,268.43975830078125,49584300
2019-09-09,269.42159848406766,269.51164187797576,267.63829401515704,268.5749816894531,51260300
2019-09-10,267.8184417675789,268.57501526286137,266.56654708656356,268.511962890625,57947100
2019-09-11,268.8181628872153,270.5023812339653,268.16969099846807,270.42132568359375,68821100
2019-09-12,271.3218458054563,272.41162875981524,270.56530022249757,271.3578796386719,72908700
2019-09-13,271.7993097824489,272.15057796681884,270.8085850793493,271.1778564453125,62104800
2019-09-16,270.0520246738491,271.22289107314236,269.70078399410147,270.3402404785156,58191200
2019-09-17,270.142038313085,271.1147320905333,269.9709119331818,271.0246887207031,41475500
2019-09-18,270.6374764872449,271.29496371666545,268.6110052506445,271.1868896484375,73375800
2019-09-19,271.57412843040197,272.564853068215,270.83558574714397,271.1688232421875,76560500
2019-09-20,271.7696332635808,272.0501507115491,269.100451345295,269.88763427734375,89565000
2019-09-23,269.2270389853923,270.53902859724644,268.97369250459167,269.82421875,43476800
2019-09-24,270.9100462786687,271.29910921668215,266.74790122291455,267.7070007324219,94869400
2019-09-25,267.78841257718466,269.73375474914366,266.31356316285877,269.2904052734375,71854000
2019-09-26,269.2994676970623,269.507556991821,267.3269822031937,268.72943115234375,56179700
2019-09-27,269.48039634070557,269.588997076313,265.73448553679964,267.2817077636719,84746600
2019-09-30,267.7974620299853,269.2270541925325,267.7522324322751,268.52130126953125,51662400
2019-10-01,269.3989586927503,270.05042502403563,265.11015478586074,265.3273010253906,88242400
2019-10-02,263.7529700767548,263.7620270421523,259.35559247468234,260.6404113769531,122539500
2019-10-03,260.4141809676894,262.802900116598,257.7087994153073,262.7757568359375,85278800
2019-10-04,263.42731410785495,266.58510316963753,263.37299991509065,266.3317565917969,65091200
2019-10-07,265.5354464421896,267.1550692865488,264.9020663585836,265.18255615234375,59610500
2019-10-08,263.3367631205743,264.06965938553134,261.02947357933596,261.065673828125,95708100
2019-10-09,263.0743375782598,264.47678645836174,262.4500144993249,263.5448303222656,62359400
2019-10-10,263.4633888355705,266.2049705604182,263.30052915592313,265.3273010253906,55296300
2019-10-11,268.06894596333944,270.3038352478275,267.9513434643262,268.0780029296875,98720400
2019-10-14,267.7612744976326,268.43085481933645,267.4355551081807,267.7793884277344,40394800
2019-10-15,268.81988478165454,271.1724035525062,268.7022547012077,270.4304504394531,46754500
2019-10-16,269.9690420180844,270.6838519974688,269.5618927483342,269.9961853027344,48928200
2019-10-17,271.1543696505715,271.66106275227156,270.1047831934205,270.7924499511719,45736600
2019-10-18,270.2585831298609,270.9009925949094,268.7565903144165,269.60711669921875,64304000
2019-10-21,270.9190616234861,271.6338438567144,270.4847415374763,271.4347839355469,39048600
2019-10-22,271.96875358531616,272.25830045135484,270.4577309262118,270.5482177734375,48594700
2019-10-23,270.29482812041203,271.38964424316333,270.08671116620945,271.3353576660156,34352200
2019-10-24,272.2672321483224,272.4120055147308,270.95524249897534,271.77862548828125,35453100
2019-10-25,271.2086350532512,273.43449487557064,271.1543484832142,272.8916015625,45205400
2019-10-28,274.1039986555741,274.92738163756786,274.0768553754071,274.4297180175781,42147000
2019-10-29,274.1583856411072,275.2713157610166,274.0316985454579,274.348388671875,44284900
2019-10-30,274.54735182453754,275.56073778143866,273.2444191334657,275.1897888183594,49643900
2019-10-31,275.180806729654,275.180806729654,273.00926085789666,274.4569396972656,69053800
2019-11-01,275.8956385683579,277.04474133128576,275.7327512152758,276.99951171875,71141500
2019-11-04,278.5467164658584,278.6824329073958,277.74141955822927,278.1123962402344,60606900
2019-11-05,278.3113499124113,278.6099535824334,277.515110275944,277.8046569824219,42933200
2019-11-06,277.80475948454966,278.13953590688425,276.92708969043014,277.86810302734375,46487100
2019-11-07,279.1980745498013,280.17526016200947,278.3746916406929,278.8451843261719,54272300
2019-11-08,278.50145880490663,279.5872455609045,277.80476266430895,279.532958984375,49032100
2019-11-11,278.1576150386581,279.171001145757,278.0218710031677,278.99908447265625,35797300
2019-11-12,279.36089401492023,280.4828528179802,278.81800092506586,279.58709716796875,46484600
2019-11-13,278.6010045783601,280.0758543475074,278.3748013036493,279.677734375,53917700
2019-11-14,279.39713891347145,280.16623527931677,278.76375893861194,280.08477783203125,51219900
2019-11-15,281.4149096673068,282.1568629025422,280.7272706119639,282.11163330078125,62023600
2019-11-18,281.8763831472396,282.5549928740358,281.4239766627088,282.3197326660156,49228000
2019-11-19,282.9167991520896,282.9258561142145,281.595780478252,282.2381896972656,67804700
2019-11-20,281.6501841603827,282.16593418758833,279.6414982342091,281.188720703125,79406200
2019-11-21,281.2972742396407,281.40584736131234,279.9400549933533,280.73626708984375,54664700
2019-11-22,281.4782563218255,281.6139727413129,280.3562971037963,281.3606262207031,44850200
2019-11-25,282.2835536082596,283.5412292480469,282.2835536082596,283.5412292480469,48647200
2019-11-26,283.57741508601435,284.3645978931575,283.2607250475997,284.1836242675781,37569000
2019-11-27,284.6631984481001,285.4504089355469,284.4460521689153,285.4504089355469,44444600
2019-11-29,284.88942079536815,285.13373798853377,284.1655814077503,284.39178466796875,36592700
2019-12-02,284.6451956911577,284.70853924541575,281.55074985354673,281.97601318359375,75767800
2019-12-03,279.27045187342196,280.16623527931677,277.8951464236083,280.08477783203125,73941700
2019-12-04,281.1254102128774,282.4102292100744,280.78157685476225,281.81304931640625,49080000
2019-12-05,282.5097632706629,282.52784958947194,281.01679978155096,282.3197326660156,40709000
2019-12-06,284.21985826013315,285.296587950962,284.2108012939693,284.8984680175781,48927000
2019-12-09,284.5093480042442,285.17890066127535,283.93025453990657,284.0026550292969,34838500
2019-12-10,283.9484081271428,284.60890391207636,283.03453820665106,283.6860046386719,52649800
2019-12-11,284.1383817026879,284.7446184692884,283.60454542809504,284.49127197265625,53429100
2019-12-12,284.5003834172899,287.7215159236564,284.2651507821318,286.9433898925781,96389600
2019-12-13,286.70805752730325,288.3367373053921,285.9389610442639,287.115234375,81503900
2019-12-16,288.83433053350143,289.6757997737845,287.0518482906718,289.0876770019531,82749700
2019-12-17,289.4678131479023,289.7663893151713,289.0696931830743,289.151123046875,61097700
2019-12-18,289.540104991012,289.76630819803626,289.11484185729864,289.16912841796875,48133000
2019-12-19,289.3592227573256,290.42692321729913,289.1058761899618,290.3545227050781,85310500
2019-12-20,291.38186206644457,292.75485547897176,290.4089735855106,291.62738037109375,147142100
2019-12-23,292.4093592772884,292.46391273935615,291.92745186338635,292.07293701171875,52990000
2019-12-24,292.3002756332288,292.3457276057537,291.7819899538515,292.0820617675781,20270000
2019-12-26,292.46394678754814,293.6460033496912,292.4548730417836,293.63690185546875,30911200
2019-12-27,294.3643024909242,294.418855959817,293.0367885004356,293.56414794921875,42528800
2019-12-30,293.64608246478554,293.78246617257753,291.4638321462517,291.94573974609375,49729100
2019-12-31,291.44563197386356,292.90045614563235,291.10010811136635,292.6549377441406,57077300
2020-01-02,294.18244866671154,295.40995713786896,293.26408574966416,295.3917541503906,59151200
2020-01-03,292.01842192277303,294.2734003955614,291.9638684535366,293.1549987792969,77709700
2020-01-06,291.4091808205573,294.35520666204394,291.29097239733835,294.27337646484375,55653900
2020-01-07,293.7095581168196,294.1823917244298,293.00033545385537,293.4458923339844,40496400
2020-01-08,293.63692440584015,296.2192238536559,293.39143377910256,295.0099182128906,68296000
2020-01-09,296.5647856086365,297.0830714131627,295.9828448284393,297.01031494140625,48473300
2020-01-10,297.59219676942917,297.74675568148257,295.69184361108466,296.1555480957031,53029300
2020-01-13,296.77384567647033,298.20136500493834,296.34649170275594,298.1922912597656,47086800
2020-01-14,297.75578509898844,298.80142999540743,297.1829460670198,297.73760986328125,62832800
2020-01-15,297.64668528110525,299.165136078161,297.56485509579556,298.41046142578125,72056600
2020-01-16,299.7834613359126,300.89276123046875,299.5561460111958,300.89276123046875,54050300
2020-01-17,301.60209133261856,302.03851915247486,300.82921340367295,301.82940673828125,95846000
2020-01-21,300.8746127318583,302.0384662952364,300.80188402409743,301.2383117675781,77742400
2020-01-22,302.09307968566543,302.7386754317191,301.1201908155379,301.2747497558594,48914900
2020-01-23,300.62920834330345,302.0294791682876,299.51990792972526,301.62030029296875,51963000
2020-01-24,302.27496039686093,302.356790619674,297.65589544267107,298.9379577636719,87578400
2020-01-27,293.71882506231367,295.6191788098589,293.38240265105225,294.14617919921875,84062500
2020-01-28,295.5645211349526,298.1013683192747,294.23700720360983,297.2284851074219,63834000
2020-01-29,298.5833109094205,298.81062629591605,296.78296305892985,296.9830017089844,53888900
2020-01-30,294.92811337562745,298.1560090781251,294.18253986620647,297.9468688964844,75491800
2020-01-31,297.3284797488705,297.4830663972043,291.6274207229464,292.53668212890625,113845600
2020-02-03,294.00971748755245,296.5647401340601,293.89150905042175,294.7098388671875,69083000
2020-02-04,298.30131737598487,300.0652862578223,297.98307041820925,299.20147705078125,62573200
2020-02-05,302.12027738152585,302.8658783940737,300.6654813306938,302.65673828125,65951100
2020-02-06,303.611485421549,303.866077510334,302.6021908116986,303.6751403808594,50359700
2020-02-07,302.62043938821614,303.68425987543606,301.5111391738703,302.05670166015625,64139400
2020-02-10,301.17461923531704,304.3752089033495,301.13824101509744,304.3115539550781,42070000
2020-02-11,305.6572577782839,306.4392091152202,304.31154117120803,304.83892822265625,54864500
2020-02-12,306.2664594334923,307.01206032981906,305.90276047747614,306.8029479980469,43992700
2020-02-13,305.3845525961196,307.43949245570366,305.11178524682026,306.4756774902344,54501900
2020-02-14,306.88484460300674,307.084883234379,305.6937143088903,306.9666748046875,64582200
2020-02-18,305.97555952859676,307.03030607184627,304.7935030713638,306.17559814453125,57226200
2020-02-19,307.13950458761127,308.3124321527396,306.8576356922582,307.63958740234375,48814700
2020-02-20,307.0939679878166,307.91232553087383,303.4023685434506,306.37567138671875,74163400
2020-02-21,305.0299414355744,305.3390870004765,302.40216251122024,303.22052001953125,113788200
2020-02-24,293.8187012092157,303.2931881390229,292.09108259097366,293.1640319824219,161088400
2020-02-25,294.54617947757,295.15536915780245,283.40772583983846,284.2806091308594,218913200
2020-02-26,285.6718305338407,289.2452223087701,282.5076176179797,283.2350158691406,194773800
2020-02-27,277.7429854148297,283.28948562315003,270.5143737792969,270.5143737792969,284353500
2020-02-28,262.50388245171945,270.8600002854795,259.6306119467272,269.3778991699219,384975800
2020-03-02,271.15081146386314,281.1072340538252,267.7410815013355,281.0435791015625,238703600
2020-03-03,281.41644425276655,285.3626359732163,270.5689608318298,272.9966735839844,300139100
2020-03-04,278.3430838776504,284.6897381780031,275.8062369064446,284.47149658203125,176613400
2020-03-05,277.3065850334191,280.4798988206558,272.78755422327566,275.0152282714844,186366800
2020-03-06,266.5500180417733,271.66916501204014,263.89498985282967,270.46893310546875,228667200
2020-03-09,250.3197364704086,258.4030863530408,248.63762451369897,249.3468475341797,309417300
2020-03-10,258.8121691635351,262.34007996344667,248.68298420253547,262.2491760253906,276444100
2020-03-11,255.22972362169153,256.35719904402856,246.30076870068223,249.46498107910156,255316300
2020-03-12,232.77096668988705,242.46369855452352,225.20590361283493,225.59689331054688,392220700
2020-03-13,239.21757012675997,246.84628632830442,225.9696392013214,244.8822784423828,329566100
2020-03-16,219.29565492416742,233.5892450551575,215.82228363619473,218.0863494873047,297240000
2020-03-17,222.8054346579501,232.92553359423098,215.55863317608555,229.86131286621094,262070500
2020-03-18,214.81303238868713,225.8332774835406,207.3298140234867,218.22276306152344,327597100
2020-03-19,217.5408131695705,224.93311358035257,211.14870595523684,218.6864776611328,289322000
2020-03-20,221.81989398869834,223.59423587653282,208.98794388953863,209.2623291015625,347158800
2020-03-23,208.70444775234532,210.0672050409845,199.62238105359475,203.91189575195312,326025200
2020-03-24,214.4024818964525,223.25589774049448,213.83542920074828,222.3870086669922,235494500
2020-03-25,223.96010990179323,234.45982229383785,219.27732029095014,225.71615600585938,299430300
2020-03-26,228.21305908392085,240.35904181839467,227.78319208122267,238.89569091796875,257632800
2020-03-27,231.64279788754072,238.53893683565772,229.6123667847552,231.7799835205078,224341200
2020-03-30,233.86527485232315,240.02058310167942,231.88057706481337,239.30718994140625,171369500
2020-03-31,238.31028086600318,240.84373521827933,234.3408851186473,235.740234375,194881100
2020-04-01,226.80451761479742,235.65793147048535,223.07291481173678,225.1307830810547,189554600
2020-04-02,224.25279236456615,231.1031990211072,223.70402184860143,230.32579040527344,177660400
2020-04-03,229.34716379458789,231.688572678805,224.28024014069945,226.9966278076172,135561200
2020-04-06,235.82260837748493,244.20042402682725,226.9783475040951,242.24314880371094,188061200
2020-04-07,250.79471214197147,251.5446975810157,242.27058474607313,242.49008178710938,201427200
2020-04-08,245.0784624481172,252.43192190137108,242.59988146499524,250.63014221191406,153774500
2020-04-09,253.8768892919125,257.1877938663387,251.94707971118206,254.4439697265625,189999200
2020-04-13,253.47447952429596,253.8128800251208,248.23376553259592,252.120849609375,114839100
2020-04-14,256.98659409583337,260.57184221885353,251.9836866702338,259.556640625,134143400
2020-04-15,253.86769567242317,259.6937429368024,251.93785868572996,254.04147338867188,121775000
2020-04-16,255.3128853851821,256.1177451046748,252.21237795625973,255.2671661376953,131798300
2020-04-17,261.0109147166747,262.76694697908226,258.2853720013515,262.163330078125,146684800
2020-04-20,258.4774461101888,262.3005301330581,257.32505859712245,257.5445556640625,100109300
2020-04-21,253.09951557714862,254.29764998369734,248.79169122738585,249.724609375,126385700
2020-04-22,254.58120995562248,257.0049162166208,253.26417185311237,255.2671661376953,92951600
2020-04-23,256.53854857518144,259.69395930274044,254.94713859691961,255.2489471435547,104709700
2020-04-24,256.75795780388637,259.47434514496024,254.71837156685336,258.8066711425781,85063200
2020-04-27,260.77305162758813,263.6540615008413,260.3157475870202,262.5382385253906,77896600
2020-04-28,266.1692506121664,266.5168061709099,261.02915733590845,261.33099365234375,105270000
2020-04-29,266.6356759130228,269.69961837336587,265.61131939279846,268.1722106933594,118745600
2020-04-30,266.8003346785692,268.2728683089117,263.94676172651174,265.6753845214844,122901700
2020-05-01,260.94680035075305,265.83995862251214,257.4804282938248,258.6419982910156,125180000
2020-05-04,256.767021126971,259.65718553280703,255.2945157584496,259.3553771972656,80873200
2020-05-05,262.1632632514369,264.55037684980624,259.4834404684399,261.7516784667969,79569900
2020-05-06,263.4437285183799,263.827848295089,259.54748902772616,259.97735595703125,73632600
2020-05-07,263.1784701811811,265.0351234329796,262.6114176478668,263.11444091796875,75250400
2020-05-08,266.23335170995387,267.93453782182627,265.1083733470764,267.46807861328125,76452400
2020-05-11,265.5473917828157,268.8948617788462,265.12667974630995,267.52294921875,79514200
2020-05-12,268.7028343568949,269.1143914277552,262.053612814093,262.1908264160156,95870800
2020-05-13,261.6328252672218,262.6663370220257,255.13910132073806,257.5536804199219,144721100
2020-05-14,255.1299635672098,260.7639254068416,249.67887870539946,260.6358947753906,121977900
2020-05-15,258.2578937473351,261.8797341345246,257.3158484879118,261.8340148925781,111146300
2020-05-18,268.0259508942396,271.4100127656581,267.70586031884966,269.8094482421875,119703800
2020-05-19,269.21482657154354,270.91598377712694,267.0197733110806,267.0380554199219,95189300
2020-05-20,270.55938333564245,272.4343188348608,270.3307313034634,271.5745849609375,85861700
2020-05-21,271.4465201336419,272.25137965135684,268.6112297095541,269.6996154785156,78293900
2020-05-22,269.4161483468762,270.3856308209663,268.18142167542106,270.21185302734375,63958200
2020-05-26,276.147685456707,276.3854925534355,270.2301684648863,273.5410461425781,88951400
2020-05-27,276.32142205120357,277.6476150920947,271.51972905102286,277.61102294921875,104817400
2020-05-28,278.63538150701766,280.63837569046694,276.4311724038547,277.0988464355469,90405200
2020-05-29,276.63246245988785,278.91898357239154,273.8977921410565,278.3336486816406,119090800
2020-06-01,277.6933394698057,280.06217137761803,277.1811611065829,279.4585266113281,55758300
2020-06-02,280.37308124642124,281.818177568528,279.0469163460415,281.7724304199219,74267200
2020-06-03,283.74811830090977,286.47366154647216,283.4737469289154,285.5224609375,92567600
2020-06-04,284.54374784901324,286.27237076977303,282.6870942924348,284.77239990234375,75794400
2020-06-05,290.1411436356498,293.83614034000306,290.07711436853054,292.0709533691406,150524700
2020-06-08,292.8757764564875,295.7933782251572,292.3361610829709,295.601318359375,73641200
2020-06-09,292.9489483181037,295.674490365222,292.08921451504034,293.3971252441406,77479200
2020-06-10,293.9733123467785,294.8604832133015,291.046555614928,291.75994873046875,95000800
2020-06-11,284.86381036530884,285.4948921415013,274.3915651262568,274.9403076171875,209243600
2020-06-12,281.9189032095302,282.6871709677081,273.1020921557058,278.2330322265625,194678900
2020-06-15,272.5714146998706,281.9552999416172,271.40071779715026,280.830322265625,135782700
2020-06-16,288.5405786077651,288.68691925578287,281.3974914516678,286.2357482910156,137627500
2020-06-17,287.2510539767532,287.5437353503911,284.3151410483271,285.0468444824219,83398900
2020-06-18,283.53767829923845,285.63211084262696,283.08037422942215,285.1565246582031,80828700
2020-06-19,288.606893993327,288.7997990416287,281.5885255828859,283.52685546875,135549600
2020-06-22,282.92969448323436,285.74070848311646,281.79059883305774,285.345703125,74649400
2020-06-23,287.9822882833986,288.9101167071253,286.25525352949296,286.6594543457031,68471200
2020-06-24,284.6292467086996,285.2447431567849,277.5190362259304,279.34710693359375,132813500
2020-06-25,278.777527255436,282.60823878319684,276.7657189618887,282.3418273925781,89468000
2020-06-26,281.24869621906464,281.45999191166675,275.05711847124337,275.6358337402344,127961000
2020-06-29,276.88516190649545,279.82477053732015,274.6069420891826,279.6869812011719,79773300
2020-06-30,279.2551714979633,284.9599012808196,279.09901962371634,283.26959228515625,113394800
2020-07-01,284.3812217292925,286.5124569965103,283.9219052338294,285.25390625,72396500
2020-07-02,288.6712626090192,290.01248714880245,286.16341213389586,286.8248291015625,69344200
2020-07-06,290.6278998033505,291.83130671638787,289.8838093619901,291.2525634765625,61713800
2020-07-07,289.71847561105767,291.6843356231875,287.87201433816693,288.2486572265625,82910000
2020-07-08,289.01107826646074,290.5635700836482,287.2565141278047,290.4533386230469,54638600
2020-07-09,291.0596644429372,291.29851798418645,285.40088203041387,288.7998352050781,83354200
2020-07-10,288.7356024495262,292.01512974268957,287.31173218555597,291.74871826171875,57550400
2020-07-13,294.081988558485,296.45204937769444,288.57019052506786,289.222412109375,102997500
2020-07-14,287.80771779411623,293.742107367341,286.61350606595687,292.970458984375,93657000
2020-07-15,296.17638888538494,296.75513200455663,293.29186858806787,295.6619567871094,87196500
2020-07-16,293.76966043976955,295.13841466446394,293.12660611390436,294.68829345703125,54622500
2020-07-17,295.6895871795454,296.32344617655446,293.7236991518469,295.5426025390625,62774900
2020-07-20,295.27622821454463,298.6751818708139,294.5321376523244,297.93109130859375,56308800
2020-07-21,299.8876833041444,300.3286090980555,297.5819060471759,298.5648498535156,57292200
2020-07-22,298.2066144886055,300.5767031253431,298.09638302353903,300.26434326171875,57792900
2020-07-23,299.9061124158589,300.6042824570707,295.32214278131715,296.68170166015625,75738000
2020-07-24,294.8353071395609,295.79066538679007,293.2736196426377,294.77099609375,73766600
2020-07-27,295.45990925427805,297.0950747233561,294.6698703686147,296.9205322265625,48293000
2020-07-28,296.1948119559722,297.3063779975777,294.74338424671515,295.037353515625,57495000
2020-07-29,295.9100253712527,299.2263047193863,295.8732722055928,298.6659240722656,48454200
2020-07-30,295.7079903642907,298.0137684247476,293.63189861413105,297.6003723144531,61861700
2020-07-31,299.382539332281,300.0531516272195,295.18437908952166,299.95208740234375,84986800
2020-08-03,301.6055948819654,302.7998065744939,301.063604773236,302.037353515625,53077900
2020-08-04,301.18291522501505,303.20391845703125,301.18291522501505,303.20391845703125,41917900
2020-08-05,304.49927818527294,305.344432870868,304.2328667686408,305.0871887207031,42697700
2020-08-06,304.5084142775808,307.24592211226786,304.1868871868465,307.1264953613281,43679400
2020-08-07,306.16194069300275,307.6317587906,305.2616704500429,307.34698486328125,57308300
2020-08-10,307.7971742288162,308.4493958165676,305.8680393000417,308.26568603515625,44282100
2020-08-11,309.441519138521,310.07537812563476,304.9953389625245,305.7210388183594,69601100
2020-08-12,308.1462848519516,310.7551994541002,308.1187269807283,309.9835510253906,53774400
2020-08-13,309.2210563466594,310.7276279995597,308.5045236917194,309.42315673828125,41816100
2020-08-14,309.03739801692717,309.9652265194765,308.3116699396521,309.4324035644531,47260400
2020-08-17,310.4428715922836,310.8103192248424,309.4415648789166,310.4153137207031,35481000
2020-08-18,310.81023926790425,311.5084092142796,309.2209943237158,311.0858459472656,38733900
2020-08-19,311.4624789799715,311.9769111702149,309.23020772218825,309.79058837890625,68054200
2020-08-20,308.0727671388715,311.23286708334615,307.9441730893931,310.75518798828125,42207800
2020-08-21,310.42447869422375,312.07800689641704,310.0845609319981,311.8575439453125,55106600
2020-08-24,314.28268549668286,315.0910869399419,311.8299513355394,315.0176086425781,48588700
2020-08-25,315.5779440608495,316.20260767497933,314.42045769067664,316.11993408203125,38463400
2020-08-26,316.70788938447674,319.55562896318577,316.16589933451434,319.28924560546875,50790200
2020-08-27,320.1528020072036,321.42968732403983,318.33389853954054,319.9874267578125,58034100
2020-08-28,321.0071247417891,322.18297388597506,319.82208029637775,322.0543518066406,48588900
2020-08-31,321.8430814950249,322.7157660361152,320.6580370594044,320.8876953125,66099200
2020-09-01,321.71445732028485,324.0110398362748,320.8233821827026,323.9100036621094,54908700
2020-09-02,325.8115748999467,329.55958516400403,324.6724509289128,328.59503173828125,69540000
2020-09-03,326.9138756495679,327.38238738527826,314.7144322316651,317.28662109375,148011100
2020-09-04,317.96637544605505,319.528034384878,307.6225611503972,314.696044921875,139156300
2020-09-08,309.3129330288969,314.76044843805005,305.79458070733585,306.09771728515625,114465300
2020-09-09,310.0845768752643,314.5950685448863,309.2210595597669,312.142333984375,91462300
2020-09-10,314.0071656953316,314.6593873315728,305.76702585786137,306.722412109375,90569500
2020-09-11,308.49534310221514,309.5517654532482,304.0675252807341,306.8785400390625,84680200
2020-09-14,310.0295179127269,312.68438138762156,307.02559736152904,310.92059326171875,65605700
2020-09-15,313.3640785558133,314.1908426333069,310.92970675868344,312.49139404296875,52920900
2020-09-16,313.72237632422525,315.1462463127431,310.9756444899073,311.2512512207031,82096000
2020-09-17,306.41915965970395,310.222312971966,305.89553222666234,308.5136413574219,91523300
2020-09-18,309.3151581691173,309.42583088639304,302.49006851927624,304.96185302734375,105877900
2020-09-21,300.3964860710057,301.71538308915785,296.73491293099994,301.56781005859375,99450800
2020-09-22,303.043459504694,305.19242981762375,300.54397867680115,304.6390380859375,63612100
2020-09-23,305.1925142443561,305.4692242600831,297.076193756614,297.5742492675781,93112200
2020-09-24,296.26456493298184,301.41104487782286,294.9548717047645,298.367431640625,76681300
2020-09-25,297.51877988511285,303.97495058970566,296.65183428543304,303.1910095214844,71069400
2020-09-28,307.33225602777424,308.9370670302283,306.34537719783094,308.2268981933594,64584600
2020-09-29,308.02388896731526,308.7617257497087,305.8564547173646,306.5481872558594,51304000
2020-09-30,307.2123525503483,312.00837765160077,307.01867525700635,308.8725280761719,104081100
2020-10-01,311.45505653986453,312.423471373176,308.9832709840967,310.8555603027344,88698700
2020-10-02,305.93041438707263,310.8278810548791,305.4600270093305,307.9041442871094,89431100
2020-10-05,309.95160678519085,313.54861143748366,309.9055025274307,313.3641662597656,45713100
2020-10-06,313.5024469624945,315.58687691174333,308.402072950753,308.9093322753906,90128900
2020-10-07,311.8515557905092,315.08887396765715,311.8238876072292,314.2864685058594,56999600
2020-10-08,316.2140356726997,317.136345808454,315.30092949856623,317.07177734375,45242500
2020-10-09,318.7135625963804,320.36450600551524,318.09563042343444,319.9033508300781,59528600
2020-10-12,322.43044687423406,326.5162746526731,321.9416235525097,325.0498046875,80388500
2020-10-13,324.91155086810807,325.086792119726,321.969378039387,322.9285888671875,73255500
2020-10-14,323.5003973784687,324.5887169779524,320.1708700919087,320.89947509765625,57727900
2020-10-15,317.0072439350563,320.98239880801316,316.4723163816997,320.5028076171875,60357700
2020-10-16,321.84935479813737,323.50029791303143,320.1338713616603,320.3091125488281,89501900
2020-10-19,321.5634252410943,322.19058938218416,314.54465857388607,315.4393005371094,68425600
2020-10-20,316.77671434018436,319.93102821542567,316.0204412221937,316.70294189453125,60051900
2020-10-21,316.6567571723614,318.81498786798693,315.7990154182925,316.1033935546875,63575000
2020-10-22,316.31556530320415,318.418431878702,314.18503054171345,317.8373718261719,55399300
2020-10-23,319.05484484338615,319.11018121824065,316.4723868612409,318.91650390625,49143900
2020-10-26,315.5500092529845,316.3339785921289,309.54576053915537,313.02288818359375,91473000
2020-10-27,313.36415234517256,313.69617053832854,311.73164512212657,311.94378662109375,65994100
2020-10-28,306.29919918276926,311.97140084146156,300.79300659194,301.2818298339844,127094300
2020-10-29,301.5124944740212,307.49827992799277,299.8338828006587,304.343994140625,90597700
2020-10-30,302.7760758374179,304.0765369599881,297.5373591944508,301.1712646484375,120287300
2020-11-02,304.5467834472656,306.538948344846,301.81672549033107,304.5467834472656,86068300
2020-11-03,307.76574732319943,311.97148032731906,304.6298977179073,309.9239501953125,93294200
2020-11-04,314.37874190116787,320.90871596969384,313.20741770500365,316.8505554199219,126959700
2020-11-05,322.107657910906,324.8284847044749,321.75717547412864,323.02996826171875,82039700
2020-11-06,322.7440657543736,324.2013319224955,320.64119920578634,322.9562072753906,74973000
2020-11-09,335.6932553819829,336.071405953707,326.5531576293563,327.0143127441406,172304200
2020-11-10,326.0274414780705,327.5861480533205,323.2789749451511,326.53472900390625,85552000
2020-11-11,328.71134641817173,329.7812296172515,327.4754541399261,328.96038818359375,58649000
2020-11-12,327.9550049012143,329.00645189973596,323.97064675875447,325.7691345214844,67546200
2020-11-13,327.6692037314988,331.0171949671076,327.1527121622969,330.27935791015625,62892200
2020-11-16,332.93562940218436,334.59577691874864,331.6536043931228,334.402099609375,74541100
2020-11-17,332.0039586707038,333.80247457479334,330.50058874567907,332.60345458984375,66111000
2020-11-18,332.8710400553141,333.4151997977144,328.5638382294052,328.6007385253906,70591300
2020-11-19,327.9735621111223,330.35311040072077,326.6362008611728,329.98419189453125,59940900
2020-11-20,329.7259436268605,329.92885302572876,327.6507453802579,327.7245178222656,70417300
2020-11-23,329.52295577874605,330.9433212326786,327.3001850306235,329.68896484375,63230600
2020-11-24,332.2253327900278,335.5456549747492,331.376823210232,335.0014953613281,62415900
2020-11-25,334.9185027829936,334.9461709627428,333.396696603441,334.4850158691406,45330900
2020-11-27,335.57346404163064,335.88704624813846,334.4113437524022,335.41668701171875,28514100
2020-11-30,334.64190111886865,334.90937904077424,331.2662695105203,333.9317321777344,83872700
2020-12-01,337.1688702142554,339.114930785149,336.578578309529,337.5838928222656,74231400
2020-12-02,336.47717640069897,338.45090537235035,335.90534864392777,338.29412841796875,45927000
2020-12-03,338.1927332221173,339.5854307786495,337.10441382598,338.20196533203125,62882000
2020-12-04,338.7830112476437,341.116455078125,338.690774592366,341.116455078125,50749900
2020-12-07,340.3509893751465,340.9043812700097,339.15199705851046,340.4155578613281,48944300
2020-12-08,339.1519192516688,341.9741863066491,339.105814998791,341.4115905761719,42458900
2020-12-09,342.0663961179011,342.22317308272335,337.51941379129926,338.3494873046875,74098300
2020-12-10,336.9844740552152,339.28101745162724,336.1175002134625,338.23883056640625,57735400
2020-12-11,336.5510562374535,338.24810398025454,335.03848183162887,337.84228515625,57698600
2020-12-14,340.0004557165168,341.0703108111561,336.1544096839779,336.32965087890625,69216200
2020-12-15,338.8568165510045,340.8766784667969,337.4918152485287,340.8766784667969,63865300
2020-12-16,341.08877636600363,342.32466869787885,340.2125703879291,341.4115905761719,58420500
2020-12-17,343.0440274518557,343.52361858028996,342.22315793664603,343.3207092285156,64119500
2020-12-18,343.6079012926033,343.77461802271546,339.949235092986,341.9499206542969,136542300
2020-12-21,338.05047081899306,350.54546365353127,335.3273176661251,340.727294921875,96386700
2020-12-22,341.051501373403,341.16264587198805,339.0323009380207,340.1530456542969,47949000
2020-12-23,341.11621118273706,342.3573713741541,340.134397475099,340.4585876464844,46201400
2020-12-24,340.93107872570647,341.8110197666795,340.3475701195771,341.7832336425781,26457900
2020-12-28,344.32117689672276,345.10848821544147,343.7006106133368,344.719482421875,39000400
2020-12-29,346.2384721497358,346.41446036686983,343.47826119327533,344.0617980957031,53680500
2020-12-30,344.8768636186617,345.5808164221914,344.16366761858706,344.55267333984375,49455300
2020-12-31,344.3581095939101,347.02568999178754,343.8486880077347,346.30322265625,78520700
2021-01-04,347.62786295472756,347.7575503953375,337.9115939735837,341.5887756347656,110210800
2021-01-05,340.949602377982,345.0250605268472,340.9032733293273,343.94134521484375,66426200
2021-01-06,342.4408242377529,349.17461974787045,341.8943450056138,345.9975891113281,107997700
2021-01-07,348.3595497218485,351.87925728639124,348.1835615169557,351.1382751464844,68766800
2021-01-08,352.51835210952186,353.351964049799,349.28577737519294,353.1389465332031,71677200
2021-01-11,349.9804442235394,352.5090660622088,349.8600282756686,350.75848388671875,51034700
2021-01-12,350.9437227941285,351.8421500854146,348.600304213812,350.8325500488281,52547700
2021-01-13,350.7584722249537,352.7684008880122,349.98043258764204,351.77734375,45303600
2021-01-14,352.5184014794921,353.01858002037034,350.2120681928386,350.5455017089844,49989100
2021-01-15,348.93383121899916,349.7303856428167,346.13659100513945,347.98907470703125,107160000
2021-01-19,350.43433335620296,351.25870215945235,348.96161222679353,350.7214660644531,51233300
2021-01-20,353.00000232397593,356.40859366437286,352.6109965934532,355.5749816894531,61836100
2021-01-21,356.1307303912218,356.55682200681423,354.98219950859266,355.899169921875,47840100
2021-01-22,354.0558675399395,355.79720634900036,353.6761050748442,354.639404296875,52860500
2021-01-25,355.3711907354322,356.3900340645269,350.5454507834374,356.0380859375,70402000
2021-01-26,356.98283743956097,357.3903860722406,355.25076988400014,355.4823303222656,42665300
2021-01-27,352.1756209612476,352.268250784751,344.57118450473314,346.7941589355469,123351100
2021-01-28,348.6002664344002,353.7594388035097,348.1649600290907,349.776611328125,94198100
2021-01-29,347.92419387265943,348.8874932095309,341.1070398783729,342.7742919921875,126765100
2021-02-01,346.1550134441998,349.5080035286614,343.0613698782422,348.4798889160156,75817600
2021-02-02,351.64767805001776,354.95436791269526,348.563305430762,353.40753173828125,64450700
2021-02-03,354.23196518533314,355.3990390598775,352.4165389212222,353.68548583984375,52427100
2021-02-04,354.7136116064699,357.75168409192344,353.7966411152287,357.70538330078125,47142600
2021-02-05,359.56703683096254,359.8171119122872,357.6589812031138,359.1131591796875,48669800
2021-02-08,360.558106078852,361.7529658186462,359.7059795212632,361.7066650390625,38365200
2021-02-09,360.8731034641977,362.0587202662711,360.4655830218104,361.4659118652344,35551100
2021-02-10,363.19795194487796,363.3461540337932,358.91871909408604,361.30841064453125,59154400
2021-02-11,362.3828137358075,362.79963383055735,359.4744293353658,361.89190673828125,42913300
2021-02-12,361.0954036969238,363.9204301330663,361.0212885169638,363.67962646484375,50593300
2021-02-16,364.9021274134926,365.09665849859795,362.65136714284495,363.36456298828125,50972400
2021-02-17,361.6232703836871,363.6980425939292,360.61364213020715,363.4479675292969,52290600
2021-02-18,360.854495934064,362.64213560839346,359.14094315746735,361.9011535644531,59712800
2021-02-19,363.1515954538638,363.4387281237623,360.8174482448131,361.2620544433594,83241000
2021-02-22,358.5111540436584,360.88233082469856,358.21474987936415,358.4833679199219,67414200
2021-02-23,356.28817782496253,360.26176310227765,352.1571472693643,358.918701171875,107284100
2021-02-24,357.8349308137793,363.2997792629968,356.8531169079845,362.8736877441406,72433900
2021-02-25,361.6140854057681,362.9756620610373,352.6943718341732,354.1300354003906,146670500
2021-02-26,356.0009908112732,357.14024997245446,350.3323963247881,352.3052673339844,152701600
2021-03-01,357.1496102666347,362.0864954151904,352.4998861119535,360.8453063964844,105348800
2021-03-02,361.0675208946455,361.2990813033666,357.5292710653906,358.0294494628906,79595300
2021-03-03,357.33471920623685,358.29799002235563,353.1851470753297,353.28704833984375,119940200
2021-03-04,353.10191667693744,355.6768678709619,344.45082125144995,348.9153137207031,183433000
2021-03-05,352.39802889257345,356.38088651458867,345.1548378224523,355.334228515625,152039600
2021-03-08,356.2881862042194,359.08542635862597,353.28717171626954,353.5650329589844,123149200
2021-03-09,357.3904216073474,361.1509612373541,356.8902430962981,358.6130676269531,113633600
2021-03-10,360.94720770398686,362.53107343582826,359.53933019420117,360.8453063964844,109899400
2021-03-11,363.29980330973046,366.4675341915617,362.8459256414853,364.50390625,86245000
2021-03-12,363.15166075062507,365.1338036755719,362.345834837524,364.994873046875,64653600
2021-03-15,365.24484933515953,367.4307942795085,363.1145048939015,367.17144775390625,73427200
2021-03-16,367.78272602266475,368.486650354424,365.93948618209583,366.7082824707031,73722500
2021-03-17,365.4301208451546,368.7553250112462,364.2908334278087,367.9587707519531,97959300
2021-03-18,365.3838583264933,367.458630815987,361.92896639831395,362.6051330566406,115349100
2021-03-19,362.305939150035,363.87641702535865,359.76900680699566,361.9342346191406,113624500
2021-03-22,362.44527604125085,366.19955652443446,362.38952178707973,364.82421875,73778600
2021-03-23,364.19231584732245,365.6326813357805,361.172170876682,361.9527587890625,90686600
2021-03-24,363.3467123632342,364.97294445181643,360.0663710560635,360.1128234863281,97588600
2021-03-25,358.681705445465,362.9284721903629,356.7487968597733,362.13861083984375,116128600
2021-03-26,363.28165959392123,368.3740994757526,362.68693802860713,367.9745178222656,114409100
2021-03-29,366.5062610108265,368.6900641641759,365.0287163307063,367.7886657714844,108107600
2021-03-30,366.52488460429095,367.48203731173976,365.22387611248564,366.8129577636719,76262200
2021-03-31,367.3797699892554,369.8516462036749,367.3518928588357,368.29974365234375,112734200
2021-04-01,370.2232566445008,372.33272962738533,370.0188149536316,372.2769470214844,99682900
2021-04-05,374.92543787321307,378.1593264135541,374.85110832067795,377.6203308105469,91684800
2021-04-06,377.0628133197033,378.43812282723076,376.72825941298316,377.3973388671875,62021000
2021-04-07,377.23005259846207,378.17790328320166,376.7747167341118,377.8340759277344,55836300
2021-04-08,379.0792944120443,379.68331772995526,378.15001904318626,379.6275634765625,57863100
2021-04-09,379.5067812528372,382.55480332633414,379.38597091748704,382.38751220703125,61104600
2021-04-12,381.7927810410096,382.79638593522094,381.1887577388025,382.52691650390625,56704900
2021-04-13,382.42478151269887,384.2833326882976,382.0437751185923,383.66070556640625,56551000
2021-04-14,383.6326872969194,384.68277286229085,381.81131575549193,382.3503112792969,61659900
2021-04-15,384.47840249341357,386.7272614837685,384.43195006619254,386.457763671875,60229800
2021-04-16,387.7402098886137,388.35353513360724,386.3277213105681,387.74951171875,82037300
2021-04-19,386.82020814297175,387.2662422093501,384.52489664561284,385.8444519042969,78498500
2021-04-20,384.63636975752553,385.7329078820872,381.55116873929074,383.0194396972656,81851800
2021-04-21,382.4061222414996,386.8480574414504,382.26670824654997,386.64361572265625,66793000
2021-04-22,386.4762741952608,387.30331437144343,382.052915195149,383.1122741699219,97582800
2021-04-23,383.6699439588904,388.66945033208026,383.59561440222234,387.2662353515625,73209200
2021-04-26,387.9167460859348,388.6415798025078,387.3312980150035,388.07470703125,52182400
2021-04-27,388.37206467020457,388.56723292463965,386.8573412168641,387.9910583496094,51303100
2021-04-28,388.2605228895101,389.37566462785594,387.41487893712383,387.8795166015625,51238900
2021-04-29,390.59300004695626,390.9647044942961,386.9874073533742,390.35137939453125,78544300
2021-04-30,388.09326732154926,388.93891128959154,386.89449418451875,387.7865905761719,85527000
2021-05-03,389.765915223783,390.14692148322496,388.13041005160017,388.6229248046875,68128300
2021-05-04,386.6436491697438,387.13616403136706,382.55484279938787,386.2254638671875,101591200
2021-05-05,387.86100653728766,388.0933254085799,385.78871199603554,386.3462829589844,60162200
2021-05-06,386.4206161525747,389.5615718594526,384.42267951252586,389.4314880371094,74321400
2021-05-07,390.1934809738354,392.9162512267745,389.5150996883385,392.2657470703125,67733800
2021-05-10,392.61884104470386,392.8418580569698,388.2605373215281,388.38134765625,81852400
2021-05-11,383.88370947193107,385.9002213981806,381.0587040499787,384.9151916503906,116888000
2021-05-12,382.14596949714075,383.4097705495694,375.4272975032886,376.7375793457031,134811000
2021-05-13,378.2801260879357,383.1866988347354,378.2336453045816,381.2630920410156,106394000
2021-05-14,383.9858394467586,387.96313660337415,383.9579623220789,387.11749267578125,82201600
2021-05-17,386.01175585096786,386.9410313324155,384.1252993987615,386.1325378417969,65129200
2021-05-18,386.3926838620524,386.6343045309309,382.6477052906037,382.8056945800781,59810200
2021-05-19,378.14074413936413,381.97862757643315,376.66317135235914,381.80206298828125,106467100
2021-05-20,382.6756265415183,387.16404293504047,382.5548445523857,385.9095153808594,78022200
2021-05-21,387.38700043150294,388.6229524956767,385.1381700248017,385.593505859375,76578700
2021-05-24,387.8238544432402,390.5931057902049,387.5822337254024,389.5244445800781,51376700
2021-05-25,390.60230787289504,390.95543705465997,388.08397953448286,388.6601257324219,57451400
2021-05-26,389.2456215946333,389.93327638516723,388.2141394088324,389.4314880371094,43088600
2021-05-27,390.453631092409,390.9647211844155,389.3570646409822,389.6358642578125,56707700
2021-05-28,391.19707455869894,391.457270541841,390.10053636968837,390.3328552246094,58520200
2021-06-01,392.68399880447083,392.8233844732283,389.552344556342,389.9891052246094,54216600
2021-06-02,390.6395043968989,391.43869600618797,389.6358994197464,390.6023254394531,49097100
2021-06-03,388.29779234029263,390.2864272607624,386.8388229277106,389.1527099609375,58138800
2021-06-04,390.99262682035794,393.0091669281305,389.21770739294345,392.7117919921875,55938800
2021-06-07,392.7025150607527,392.87907966771104,391.4015350825624,392.330810546875,51555000
2021-06-08,393.18571484226,393.27864805740666,390.59305680285246,392.4144287109375,47134300
2021-06-09,393.2507697660974,393.32512768168914,391.6059624638834,391.8289794921875,48436300
2021-06-10,393.0463062654877,394.5982086261025,391.7360245783089,393.65032958984375,51020100
2021-06-11,394.19869662303313,394.41241184797695,392.9162918364142,394.3009033203125,45570800
2021-06-14,394.41234034324725,395.28586146390614,393.17641657338044,395.18365478515625,42358500
2021-06-15,395.33238351653245,395.36953411673755,393.58534109284255,394.4588623046875,51508500
2021-06-16,394.59823144884797,394.82124847769757,390.22135210226025,392.2564392089844,80386100
2021-06-17,391.84754100046604,393.1020400089684,389.6637383024435,392.1263122558594,90949700
2021-06-18,388.859442796764,389.54934711655255,386.63122369398263,386.8363342285156,118676300
2021-06-21,388.5891597876732,392.5608336456239,387.7780497072785,392.3743591308594,72822000
2021-06-22,392.3650319575485,395.3018204521082,391.64713072526837,394.4720458984375,57700300
2021-06-23,394.54667538647084,395.3484532153009,393.9127075517657,393.9966125488281,49445400
2021-06-24,396.13158375367453,396.74688700384473,395.879840335682,396.3273620605469,45110300
2021-06-25,397.0732323076562,398.1826902147583,396.74691613756454,397.73516845703125,58129500
2021-06-28,398.25727348362227,398.7047667692016,397.0639106353862,398.5369567871094,53159600
2021-06-29,398.91918326202716,399.5531510094126,398.2199465974664,398.7513732910156,35970500
2021-06-30,398.2945925943664,399.75833510993823,398.2666242607193,399.0870666503906,64827900
2021-07-01,399.8421598624358,401.45507598441856,399.7768909463528,401.29656982421875,53441000
2021-07-02,402.4526865249136,404.7182065985421,401.3805008260889,404.3639221191406,57697700
2021-07-06,404.4198848881772,404.6343277321894,400.90506510112056,403.6274108886719,68710400
2021-07-07,404.30802236006286,405.333575301401,402.3035493327299,405.0538635253906,63549500
2021-07-08,399.7582794572034,402.5086218416847,398.5835527035313,401.7534484863281,97595200
2021-07-09,403.25446917430344,406.34043156356205,401.5576479376436,406.0420837402344,76238600
2021-07-12,405.95811462209826,407.7481728272815,405.5292574763186,407.4964294433594,52889600
2021-07-13,406.7133908705391,408.2051016773012,405.8463441001398,406.1073913574219,52911300
2021-07-14,407.7948684980379,408.2796908558834,405.47341158364054,406.71337890625,64130400
2021-07-15,405.3802469768157,406.05151551781313,403.43171029092554,405.3243103027344,55126400
2021-07-16,406.49891518452205,406.54551958157515,401.75343241278944,402.1449890136719,75874700
2021-07-19,397.3436335763946,402.21032270665535,393.40926015344803,396.2062072753906,147987000
2021-07-20,396.8681095390226,403.1519362165868,396.07563556513816,401.88397216796875,99608200
2021-07-21,403.0773770798175,405.27765698558056,401.8374096846167,405.1377868652344,64724400
2021-07-22,405.31487664645783,406.2285561812566,404.33595664289896,405.98614501953125,47878500
2021-07-23,407.90668669595885,410.4985227710104,407.2261145579136,410.16290283203125,63766600
2021-07-26,409.5755177575135,411.1791015467012,409.5289133635764,411.1697692871094,43719200
2021-07-27,410.1350074036814,410.162975736901,406.48031730156396,409.2959289550781,67397100
2021-07-28,409.9204951499821,410.49852624000596,407.7109118436593,409.1280212402344,52472400
2021-07-29,410.0510501972417,411.8970168587412,410.0417179366842,410.8248596191406,47435300
2021-07-30,408.27037783028055,410.27485092545965,408.13983997332065,408.82977294921875,68951200
2021-08-02,410.53585279390853,411.08591559023773,407.6177003787268,407.97198486328125,58783300
2021-08-03,408.76450901033223,411.4122822568077,406.58289362665914,411.29107666015625,58053900
2021-08-04,410.0137854934574,411.2630850809124,409.0348654177105,409.2679443359375,46732200
2021-08-05,410.42390642361204,411.94358515160803,410.1069225864855,411.85968017578125,38969700
2021-08-06,412.17678641929984,412.95992821159984,411.8970746314669,412.5403747558594,46930000
2021-08-09,412.51242463219626,412.82940857745217,411.44026719488556,412.20477294921875,41222600
2021-08-10,412.6521993404,413.42603723143196,411.9716271529787,412.71746826171875,43339300
2021-08-11,413.78025102412187,413.8361876751202,412.6614611001366,413.7429504394531,44034300
2021-08-12,413.5938605071988,415.1228718168817,412.6988454575395,414.9830017089844,38909400
2021-08-13,415.4304486225805,415.75676472886465,414.94565481885087,415.7381286621094,39470300
2021-08-16,414.4422193750275,416.84758091171517,412.89457218859576,416.7170715332031,73740000
2021-08-17,414.17185863996565,414.8431269867084,411.0113236608944,413.98541259765625,92673900
2021-08-18,412.978558984422,414.5355387391959,409.2120240010242,409.45440673828125,89351900
2021-08-19,406.7413688859858,411.2817703416824,406.60152721840166,410.08837890625,92812200
2021-08-20,410.4333467352419,413.67778712939463,409.94852436681583,413.3514709472656,72008700
2021-08-23,415.0295282035806,417.89174331920265,413.4259445723795,416.9873962402344,54973000
2021-08-24,417.64947509765625,418.18090188764904,417.1367128313938,417.64947509765625,38744700
2021-08-25,417.8360048031246,419.03867175780704,417.46305570347994,418.5259094238281,40529700
2021-08-26,418.2461253948904,418.47920431591973,415.96196904001306,416.0552062988281,57829600
2021-08-27,416.85693316240236,420.14800598686645,416.80099650435585,419.77508544921875,77235100
2021-08-30,420.4463669901376,422.40423543923686,420.2039558296545,421.62109375,48357400
2021-08-31,421.52794783136665,421.86356786289457,420.39985367825955,420.99652099609375,59300200
2021-09-01,421.9287227307321,422.4414849020611,420.98707492126005,421.22015380859375,48721400
2021-09-02,422.6373493891215,423.31792162382027,421.3227808707356,422.5161437988281,42501000
2021-09-03,421.3879584056777,422.92627324819495,420.9870411281163,422.4134826660156,47170500
2021-09-07,422.06856215515467,422.16179940000075,420.2318993945348,420.9031677246094,51671500
2021-09-08,420.3718058247561,421.09901087419547,418.47917779201987,420.39044189453125,56181900
2021-09-09,420.194679042839,421.9381047734719,418.3486837946311,418.5910949707031,57970400
2021-09-10,420.51168409438407,420.931209090967,415.169504855089,415.29071044921875,89948200
2021-09-13,418.2740814053361,418.535128633361,414.0506644540541,416.3534851074219,83738600
2021-09-14,417.7892579298286,417.9943684978522,413.2209172260456,414.10662841796875,78197100
2021-09-15,414.52613294221675,418.0596168232787,413.4260074279271,417.56549072265625,78792200
2021-09-16,417.04337556990373,418.0129632027851,413.9667173539982,416.9035339355469,77786700
2021-09-17,416.13475093436307,416.5556198829702,412.48704878745247,412.84246826171875,118425000
2021-09-20,406.74432982392835,408.31563107334745,401.1137908654286,405.95867919921875,166445500
2021-09-21,408.2876280809987,409.57835018926,405.0514891940385,405.57525634765625,92526100
2021-09-22,407.8386598671586,411.5611742401926,405.68747544919097,409.53155517578125,102350100
2021-09-23,411.39280997305156,416.1067425610066,411.15898434825647,414.5073547363281,76396000
2021-09-24,412.8799262600289,415.90096352552064,412.66479641554514,415.19012451171875,62094800
2021-09-27,414.1613047794656,415.3210707653603,413.31017606482214,414.0023193359375,61371100
2021-09-28,411.2431502653508,411.57051184242243,404.9298585168966,405.6593933105469,130436300
2021-09-29,407.03427776898445,408.7645930197675,405.7809759041746,406.3421630859375,82329200
2021-09-30,407.81052769400486,408.5120044691004,401.0389476922281,401.37567138671875,140506000
2021-10-01,403.09668518630104,407.8199514345855,399.5893007811886,406.145751953125,129240100
2021-10-04,404.9859246361656,405.8838069157906,398.7755032227819,400.90802001953125,128570000
2021-10-05,402.40457906385245,407.31491768424513,401.609594693182,405.0795593261719,90682500
2021-10-06,401.4973037523077,406.96882922021376,399.8792486552272,406.7630615234375,113032200
2021-10-07,410.0272332659466,413.1043576140897,409.84952352630745,410.2797546386719,72437500
2021-10-08,411.0467692620776,411.43024672745184,408.90491846012617,409.53155517578125,74557400
2021-10-11,408.87687942323765,411.77632313075975,406.5012028772224,406.5666809082031,65233300
2021-10-12,407.48324414407466,407.8854173602366,404.7802062753356,405.56585693359375,71181200
2021-10-13,406.5853700316375,407.8386720435343,403.62047688481636,407.02496337890625,72974000
2021-10-14,410.67250007839067,414.0208981233275,410.2048489525851,413.8712463378906,70236800
2021-10-15,415.9758420926981,417.38815818898604,415.35853893557567,417.02337646484375,66260200
2021-10-18,415.2462593259366,418.59462977547827,414.5915361472241,418.2579345703125,62213200
2021-10-19,419.87598933410356,421.5501601721971,419.26801990573733,421.4847106933594,46996800
2021-10-20,421.9430117230665,423.4395013974078,421.830779992545,423.14019775390625,49571600
2021-10-21,422.5415781375362,424.468298903712,422.1113470020355,424.24383544921875,41305400
2021-10-22,423.8135918943795,425.2539656192229,421.86814686856104,423.8042297363281,58845100
2021-10-25,424.8891112150828,426.4042963153825,423.12140477911976,426.0769348144531,45214500
2021-10-26,427.62024353585866,428.8267630097883,426.086333989396,426.46044921875,56075100
2021-10-27,426.91878511269175,427.58284181405264,424.496326817205,424.5711669921875,72438000
2021-10-28,425.992866699538,428.74265832035,425.98353308393456,428.6678466796875,51437900
2021-10-29,426.3763923666759,429.82766124956555,426.0864508436728,429.5377197265625,70162400
2021-11-01,430.5196789876019,430.893822778383,428.55556680181957,430.2765197753906,48433600
2021-11-02,430.4448731294371,432.32484009362486,430.31391709227427,432.01617431640625,48908400
2021-11-03,431.4550309735482,435.05595130001086,431.0154376576969,434.6537780761719,52509800
2021-11-04,435.2523210060828,436.7862306774894,434.90626367716334,436.7020568847656,52847100
2021-11-05,438.91873147438207,440.20009126070624,436.71143139873345,438.2172546386719,66390600
2021-11-08,439.3115707807346,439.8072799359265,437.9086171102104,438.59136962890625,50405200
2021-11-09,438.95605969699835,439.1898852599653,435.73861766712,437.1415710449219,51149100
2021-11-10,435.45809321974474,437.14165472126496,432.1471431654352,433.6249084472656,69429700
2021-11-11,435.11203553677166,435.1868757153558,433.7465019808427,433.76519775390625,34848500
2021-11-12,435.02789318029676,437.59061289028136,434.08322852376944,437.0387878417969,53466700
2021-11-15,438.32015203819657,438.4791374698599,436.06606971793025,437.18841552734375,46980500
2021-11-16,436.9264417709659,440.05034787073987,436.85163014971766,438.91864013671875,48857500
2021-11-17,438.65688553568276,438.8345952994172,437.23523596897536,437.8525390625,47858300
2021-11-18,438.88131251708705,439.6015136712342,436.16894112064045,439.3396301269531,50625600
2021-11-19,439.2274065320901,440.4713748786704,438.18923442659184,438.55401611328125,57315600
2021-11-22,440.4245466558774,442.90309222744014,437.11356827439874,437.3193359375,72762000
2021-11-23,436.99201694576334,438.7503901392518,434.4012394044777,437.8992614746094,73206500
2021-11-24,435.9070933030563,439.1900143055321,435.09338467174774,439.06842041015625,61858800
2021-11-26,432.4278136786663,433.8868834951434,428.1534738176106,429.2758483886719,112669600
2021-11-29,434.04585573790405,436.3747499241281,431.8572512237715,434.54156494140625,86268800
2021-11-30,432.10971456592034,434.0083773215289,425.8431769850362,426.08636474609375,148559600
2021-12-01,431.77301163649753,434.6069767536424,421.1573237370427,421.3537292480469,131939200
2021-12-02,421.56889106102784,429.369310207567,421.1760514660489,427.8073425292969,127637800
2021-12-03,429.46279691605116,430.5196646058951,419.875947732394,424.0848083496094,137331600
2021-12-06,426.61954425695245,430.9780574380259,424.21580992319184,429.1074523925781,98977500
2021-12-07,434.36378278494004,438.5445855755073,428.97643192913154,437.9833984375,95484700
2021-12-08,438.3762317093102,439.5921133715834,436.62719230325564,439.1431579589844,72238800
2021-12-09,437.8618472439546,439.24610518022257,435.9819086816433,436.1783142089844,61272600
2021-12-10,438.8720447732283,440.4339841150365,436.3280205855886,440.2843322753906,77159800
2021-12-13,439.7698232123747,440.115880522037,436.10342536649597,436.384033203125,87724700
2021-12-14,433.1292229901505,435.60776885896564,430.4729673662913,433.3817443847656,97264100
2021-12-15,433.4378558520737,440.39647953000116,430.9312236978613,440.1533203125,116899300
2021-12-16,441.9958662441794,442.2764455495963,434.72854825907325,436.2718200683594,116568600
2021-12-17,433.2055450751616,436.1996449190995,429.9298801162718,431.62872314453125,135511600
2021-12-20,426.5696462517917,427.4331314987916,423.43476458066107,427.0389404296875,107134800
2021-12-21,430.44595141816603,434.7634631754368,428.28720986125103,434.6226806640625,69806300
2021-12-22,434.36936703944747,439.0810708579234,434.1722428370173,438.96844482421875,58890200
2021-12-23,439.96328236392037,443.19202853023717,439.8600513958449,441.6996765136719,56439700
2021-12-27,443.07004291771364,447.9976320744908,443.02312495455095,447.9507141113281,56808600
2021-12-28,448.3824922202725,449.4055502317552,446.8244318978882,447.5846862792969,47274600
2021-12-29,447.68799330544925,449.1709506657052,446.6930916974464,448.15728759765625,54503000
2021-12-30,448.5795345178264,449.5838309519996,446.45834427104364,446.9182434082031,55329000
2021-12-31,446.43016246165064,447.5752127148281,445.5197306451295,445.7919006347656,65237400
2022-01-03,447.0496642498278,448.5044935235423,444.7501397489699,448.3730773925781,72668200
2022-01-04,449.7904169452743,450.50375342641485,446.37394079186436,448.22296142578125,71178700
2022-01-05,447.8568326219161,448.62648196413437,439.5221632658069,439.61602783203125,104538900
2022-01-06,439.15608497296836,441.90614176454653,436.8471371761855,439.2030029296875,86858900
2022-01-07,439.21246416672096,440.3856996959157,436.11510518357954,437.4666748046875,85111600
2022-01-10,434.2849317580622,437.13822031505555,428.5595358978959,436.92236328125,119362000
2022-01-11,436.65950709740383,440.9957810759172,433.6747741107534,440.90191650390625,74303100
2022-01-12,442.6289659650615,444.1401084084531,440.1417120637422,442.0939636230469,67605400
2022-01-13,443.1920625646944,443.8396908575435,434.9794139965531,436.0024719238281,91173100
2022-01-14,432.8676006358353,436.52808978679013,431.6568135400959,436.1808166503906,95890900
2022-01-18,431.5065580894971,431.7130486527233,427.3486189663124,428.4561462402344,109709100
2022-01-19,429.99555394732135,431.3846465950604,423.73515605125175,424.0073547363281,109357600
2022-01-20,425.8844492805024,430.56799582128895,417.202507339247,419.3143310546875,122379700
2022-01-21,418.1974030107011,420.5438737739102,411.05475975634477,411.0829162597656,202271200
2022-01-24,405.4983019869836,413.33552001842463,394.9204221606559,412.82867431640625,251783900
2022-01-25,406.4651000702844,412.7161024030997,400.9180390545414,407.78851318359375,167997300
2022-01-26,413.6546772543713,416.7707975901355,402.5230040310263,406.76544189453125,186391100
2022-01-27,411.34574456850135,414.4712312098772,403.0767833933203,404.7568359375,149878300
2022-01-28,406.10838063603705,414.856030506667,401.54685522592445,414.8091125488281,164457400
2022-01-31,414.1426402612618,422.62748544673485,412.8004660354222,422.28021240234375,152251400
2022-02-01,423.0030224285111,425.77186972605006,419.49271090214194,425.1336364746094,123155400
2022-02-02,427.52700300171256,429.986099950846,425.22745003532464,429.2633972167969,117361000
2022-02-03,423.2563876118731,425.1523255868119,418.3381656483604,419.17352294921875,118024400
2022-02-04,418.9389039958587,424.97402004258834,416.5736430884237,421.14459228515625,118454400
2022-02-07,421.90485354850045,423.2939459588078,418.46961678958075,419.79302978515625,84472900
2022-02-08,419.295621029324,424.16689728857614,417.87834332944396,423.2470703125,81012000
2022-02-09,427.26420999418116,429.76085856020444,427.06711445154485,429.4417419433594,92589900
2022-02-10,423.6225314818853,429.6013356626919,419.73678997428686,421.7265930175781,140103700
2022-02-11,421.81102228825836,423.87589961159756,411.98400045457316,413.41064453125,153214600
2022-02-14,412.90386511274687,414.48068691675223,408.60511374668846,412.0591125488281,123006300
2022-02-15,416.4798347763938,418.8732237029998,415.96359397809533,418.70428466796875,88482700
2022-02-16,416.6674796900843,420.543853789651,414.7996982172283,419.17352294921875,84863600
2022-02-17,416.00115999955716,419.1454369302685,409.6187702110395,410.2194519042969,102259100
2022-02-18,410.4728641481939,411.72120279634646,405.30126139332725,407.5632629394531,132642900
2022-02-22,405.36689318747625,408.75518302234633,399.70717854023343,403.1893615722656,124391800
2022-02-23,406.0896264136833,406.65278513498924,395.47419479431903,396.037353515625,132578000
2022-02-24,385.7785993678831,402.42917729930826,385.4219598312815,401.9974060058594,213942900
2022-02-25,403.22691227876925,410.95150442325064,401.58438272743587,410.8670349121094,121804500
2022-02-28,405.49831437664733,411.2894169660434,404.2500045029786,409.8158264160156,145615000
2022-03-01,408.32350426508583,410.3227021337157,400.8804765076019,403.5742492675781,137785900
2022-03-02,405.81744799908034,412.716078231037,405.0665887622246,410.99847412109375,117726500
2022-03-03,413.4199905086059,414.0206721272684,407.15959393144027,408.9523010253906,105501700
2022-03-04,405.23554101174136,406.7560496342077,401.6032084928617,405.6297607421875,113978200
2022-03-07,405.04777437562143,405.7517156092554,393.6063805668149,393.6720886230469,137896600
2022-03-08,393.85050819594045,400.9743915896494,389.6268598772116,390.6874694824219,164772700
2022-03-09,399.0314631063885,403.1330895948316,396.8539312695745,401.16204833984375,116990800
2022-03-10,396.57231346186796,400.2421971081939,394.62006242432875,399.3505554199219,93972700
2022-03-11,401.8284832426369,402.43856000737617,393.7660118820792,394.2728576660156,95636300
2022-03-14,395.0425416010854,398.47775042735094,390.25573435169815,391.39141845703125,95729200
2022-03-15,393.99124132149103,400.62706816648796,392.72416989957503,399.99822998046875,106219100
2022-03-16,403.4897960044395,408.9242024189119,398.71235566484523,408.8678894042969,144954800
2022-03-17,406.96256340055044,413.98321533203125,406.5871337484996,413.98321533203125,102676900
2022-03-18,412.3788887995638,418.8375945905653,411.6445165852454,418.5174865722656,106345500
2022-03-21,418.3479270869368,420.34391117574114,414.90201864341753,418.39501953125,88349800
2022-03-22,419.7791328769629,424.2230347401064,419.7791328769629,423.29095458984375,74650400
2022-03-23,420.76769294259685,422.2552571041615,417.7548676697066,417.839599609375,79426100
2022-03-24,419.8544117415458,424.14766886587796,418.74344361122075,424.13824462890625,64736900
2022-03-25,424.7690638457169,426.48260848847235,422.1987468815837,426.2095642089844,77101300
2022-03-28,425.6164137873708,429.2412109375,423.73340526599765,429.2412109375,68529800
2022-03-29,433.1107996129039,435.04090067569854,430.43693083724736,434.5513000488281,86581500
2022-03-30,433.41203287887015,434.221741418466,429.7684162817575,431.86798095703125,79666900
2022-03-31,431.105441011295,431.92454519936246,424.7691063862662,425.2210388183594,121699900
2022-04-01,426.7932886594718,426.9345085502842,422.86723203273846,426.4261169433594,89048800
2022-04-04,426.62388810007303,430.1827735388208,425.804783879379,430.0791931152344,59601000
2022-04-05,428.59154184820875,431.0488540116193,423.5074249292268,424.6466369628906,74214500
2022-04-06,420.74877126914623,422.6694189011954,417.5288146796591,420.400390625,106898000
2022-04-07,419.5248225851807,424.32649940320846,417.5853263725242,422.518798828125,78097200
2022-04-08,421.76563401623116,424.2700386147041,419.85438165587385,421.3890380859375,79272700
2022-04-11,418.131430249241,418.9693828064198,413.6875578619317,414.1865539550781,89770500
2022-04-12,417.1616704401845,419.6754993093874,411.1078052988178,412.6518859863281,84363600
2022-04-13,412.40706356027755,418.1313961761753,412.22817547236576,417.3782043457031,74070400
2022-04-14,417.60422818757394,418.7152251179499,412.0776024456247,412.1811828613281,97869500
2022-04-18,411.2584072065128,414.0264315832301,410.1285907836965,412.3505554199219,66002500
2022-04-19,412.2470573939194,419.72260380527314,412.0775935163657,419.007080078125,77821000
2022-04-20,420.77712586227426,421.38909792746114,417.53834868343984,418.6963806152344,65224400
2022-04-21,422.3023702432998,423.68638279053573,411.5315581539449,412.4353942871094,85417300
2022-04-22,411.3525530043926,412.45409669309345,400.5535000059434,401.118408203125,132471800
2022-04-25,398.88709289400344,403.6134335850115,394.33961156529534,403.4439697265625,119647700
2022-04-26,400.9207672684951,401.11850386074025,391.73170475049534,391.75994873046875,103996300
2022-04-27,392.83317570300943,398.1809410211438,390.7336398727966,392.8614196777344,122030000
2022-04-28,397.58781923542455,404.5078808966821,393.17216221026155,402.784912109375,105449100
2022-04-29,398.81181190653876,400.95844060924014,387.1559838147255,387.8997802734375,145491100
2022-05-02,387.96568189359846,391.59047917730305,381.32805937170104,390.2347106933594,158312500
2022-05-03,390.7336728773015,394.4243533044233,389.18016793893156,392.0235290527344,100028200
2022-05-04,392.6825612700032,404.52670026180385,389.5096966956075,403.9617919921875,144247900
2022-05-05,399.7155972479429,400.1392856315828,385.4894825550537,389.6038513183594,172929100
2022-05-06,387.0523685069678,390.5359166827726,381.99649573119626,387.2783203125,151770800
2022-05-09,381.40340215959606,382.6367705084989,373.30645933793636,374.8787841796875,155586100
2022-05-10,380.8290513721074,382.32603970720356,371.72472120975783,375.74493408203125,132497200
2022-05-11,374.7845967667288,380.4053781846459,369.03199096468177,369.7757873535156,142361000
2022-05-12,366.59347147586817,372.64733635025226,362.6203227573482,369.3897399902344,125090800
2022-05-13,373.5040939505738,379.59562679786654,372.46843366501673,378.2210388183594,104174400
2022-05-16,376.5828496996567,380.33944215793855,374.3420651693036,376.6864013671875,78622400
2022-05-17,382.74972739807595,384.6704041422355,379.0307740612988,384.4350280761719,83029700
2022-05-18,379.896895930896,380.1793356616667,367.70440661313046,368.9377746582031,117674500
2022-05-19,365.88736256542336,371.0844842086102,364.4656820097794,366.67822265625,98510700
2022-05-20,370.2465279725012,373.80541271191623,358.2800175928373,366.8382873535156,131432200
2022-05-23,369.851096171746,374.46448991142154,367.5444280343373,373.7018737792969,76414900
2022-05-24,369.59687394240024,372.03536628996494,364.3244448543885,370.8490905761719,91448800
2022-05-25,369.3615701104793,376.08392497670934,368.96615437272027,374.1255798339844,91472900
2022-05-26,375.34950112064234,383.2298868677585,375.14236904234315,381.60107421875,82168300
2022-05-27,384.04902332628,391.082061612425,383.8513154679152,390.9690856933594,84768700
2022-05-31,389.359088170834,392.0988691063854,386.04500340916127,388.7753601074219,95937000
2022-06-01,390.8843163808003,391.89170405110434,383.1263021350257,385.6307067871094,86585800
2022-06-02,385.47063713429924,393.02148998349895,383.229852686857,392.97442626953125,79609600
2022-06-03,388.276330523708,389.8204112199368,385.5553982972068,386.525146484375,71874300
2022-06-06,390.517114758432,392.2400548190691,386.5345416096812,387.7020263671875,57508900
2022-06-07,384.22782218120017,391.8728307412038,383.76646564228656,391.4208984375,59272400
2022-06-08,389.7168432014017,391.4963000067229,386.3745146420819,387.1653747558594,64350000
2022-06-09,385.39527389306596,387.6548779223624,377.9573974609375,377.9573974609375,86289800
2022-06-10,371.7812098207837,372.6285579152145,366.95128833036904,366.99835205078125,132893900
2022-06-13,357.63041909690946,359.4757595056047,351.4635486063113,353.0641174316406,170004900
2022-06-14,354.8058760643675,355.8321122307695,348.91205036955256,352.00018310546875,104011800
2022-06-15,355.2860394664343,361.4434854707774,350.352566259201,357.0184326171875,125666800
2022-06-16,348.83673585883366,349.24157577546,342.7828419203488,345.2025146484375,134473300
2022-06-17,345.61581991349703,349.27517670196266,342.45761482475444,345.9467468261719,111113900
2022-06-21,351.6485465469434,356.0359826472647,351.57288467855716,354.65545654296875,76811900
2022-06-22,350.44768934021243,358.10682392554725,350.03163558993884,354.01251220703125,90059400
2022-06-23,356.1399405915164,358.2107149131913,352.594048691356,357.4826354980469,79292100
2022-06-24,360.64083785574906,368.85785361765244,360.6124718749588,368.848388671875,98050300
2022-06-27,369.76564197484305,370.05876676666566,366.352143463888,367.4395446777344,66009600
2022-06-28,368.99025938902804,371.7607760766396,359.8182072157404,359.9316711425781,86548900
2022-06-29,360.48015261997824,361.4635259830783,357.82309960843037,359.6385803222656,65676000
2022-06-30,355.7617301279105,359.94116789384236,352.2820347335468,356.7167663574219,112508300
2022-07-01,356.0642664574983,360.9245159721641,353.45448087489706,360.4895324707031,74839700
2022-07-05,355.4213793094931,361.1893705698523,352.6035661740261,361.1704406738281,81438000
2022-07-06,361.31220220280136,364.8675591963436,358.93883808157653,362.3901672363281,70426200
2022-07-07,364.15836271170366,368.61199482225004,362.4090502838774,367.8177185058594,64525900
2022-07-08,366.191374892305,369.37797430776754,364.66901900062675,367.51519775390625,72397800
2022-07-11,364.84868487322194,365.81315719235283,362.6265865895648,363.3168640136719,58366900
2022-07-12,362.7683853874002,365.1417783353174,358.3620201292297,360.10186767578125,62219200
2022-07-13,354.6838222143904,361.1326258025633,354.26776850827935,358.2107849121094,84224600
2022-07-14,353.27481661524047,358.41872587951195,350.8447207380731,357.3407897949219,89704800
2022-07-15,361.72834772453945,364.2814021897093,359.8277687268737,364.1679382324219,79060400
2022-07-18,367.24099693727663,367.912344500235,359.94118513181706,361.1609802246094,63203600
2022-07-19,365.0660716138569,371.4865073575656,364.4136541135557,370.9191589355469,78506000
2022-07-20,371.1083701548272,374.6920934702504,369.7467451710396,373.2831726074219,71843800
2022-07-21,372.70635127041953,377.13161760377886,370.31405726547354,377.0843505859375,64903900
2022-07-22,377.2073085647602,378.3987087577949,371.3731210571291,373.58575439453125,72197300
2022-07-25,374.20983824071493,374.8906507241828,371.8080790828495,374.0396423339844,53631500
2022-07-26,372.40379790822186,372.6118247488071,368.7255405509069,369.6143798828125,52946400
2022-07-27,372.89547598359957,380.9517617542331,372.602351195438,379.2119140625,82342100
2022-07-28,380.0156585921788,384.6583882201372,376.4792023544064,383.9681396484375,73966600
2022-07-29,385.3959148037413,390.5492896244354,384.630004404881,389.5658874511719,87003700
2022-08-01,386.880471670519,390.90861443486426,386.17129323209457,388.41229248046875,69997500
2022-08-02,386.85212626915603,390.5209475361801,384.6773238182315,385.8498229980469,63435400
2022-08-03,387.9678546966585,393.0550324074595,387.6841948771705,391.8919982910156,67820600
2022-08-04,391.8163247050197,392.49713710795265,389.9913792556796,391.6272277832031,45656600
2022-08-05,387.3626475322576,391.6082523973497,387.3059155766491,390.96527099609375,56814900
2022-08-08,392.64847494128367,394.8894742630945,389.41460845921597,390.511474609375,53886100
2022-08-09,389.7833662144508,390.28451780261275,387.8922237902104,388.9607238769531,44931800
2022-08-10,395.9863295063462,397.2723214201462,394.03845502715103,397.1304626464844,68665700
2022-08-11,399.9671764150068,401.8205168538203,396.3929182209303,397.1304626464844,59489700
2022-08-12,399.05943196261893,403.9574840933842,398.11386071622206,403.8534851074219,61694500
2022-08-15,401.6502565276743,406.0377206189218,401.59352456585145,405.51763916015625,54048300
2022-08-16,404.44920466821014,408.2314897011034,403.6454633274114,406.3119812011719,59289000
2022-08-17,402.7282345419043,406.1228316979683,401.43280661081104,403.4279479980469,63563400
2022-08-18,403.62652829890396,405.28127797974213,402.3405652552225,404.6004943847656,49023200
2022-08-19,401.8488709739081,402.1136297635589,398.29351392155985,399.1634521484375,68016900
2022-08-22,394.3504946497515,394.52071941279587,389.95359392592934,390.8518981933594,77695600
2022-08-23,390.426424797038,392.80928319022877,389.3579244993357,389.9063720703125,49105200
2022-08-24,389.67933184867115,392.51604543751745,388.9985482896292,391.1544494628906,49177800
2022-08-25,392.6389673027772,396.7238417233846,391.55156621776786,396.67657470703125,50942300
2022-08-26,396.5631721445434,397.1021258692278,383.1927797477306,383.24951171875,103087000
2022-08-29,380.3087738309777,383.7506382256978,379.36320256720757,380.7153625488281,65370800
2022-08-30,381.86889298823525,382.10528576229547,374.4461541114354,376.5358581542969,85652400
2022-08-31,378.16230081283413,379.4009968343616,373.53847243354284,373.67083740234375,76029700
2022-09-01,371.50548804103204,375.18374505731157,368.8106043103933,374.8433532714844,78740100
2022-09-02,378.493270301563,379.70360038409405,369.08482453543763,370.890869140625,99632100
2022-09-06,371.7324544703169,372.66856083501824,367.2788216710287,369.491455078125,76637400
2022-09-07,369.1794089387667,376.89527448554435,368.96194600017765,376.1293640136719,70964200
2022-09-08,373.86940805077325,379.0416547769603,372.6685141668355,378.5877990722656,80821700
2022-09-09,380.8193790648535,385.3297726688279,380.55462025307344,384.46929931640625,76706900
2022-09-12,386.53060660794216,389.32005328167793,386.2280168884876,388.6014099121094,69256300
2022-09-13,379.9588585471244,381.1597524265052,370.58827344881297,371.70404052734375,122947100
2022-09-14,372.99947713125925,374.63532571628434,369.8318077999259,373.1224060058594,85023700
2022-09-15,371.57167994308946,374.40839376655435,367.6191989412992,368.8862609863281,87633800
2022-09-16,364.7238414484203,366.72717860017747,362.79641901083147,366.0720520019531,103084800
2022-09-19,362.9388950406954,368.91094970703125,362.86292236913584,368.91094970703125,73278500
2022-09-20,365.5973646765914,366.6037852771278,361.93248003220094,364.6763916015625,77274900
2022-09-21,366.5942260628629,369.6324950611645,358.3054986149796,358.31500244140625,106746600
2022-09-22,357.5459378785754,359.1790024904426,354.5646626886457,355.30523681640625,89472600
2022-09-23,351.849185813524,351.8871721443201,344.9276764863623,349.3521423339844,122346900
2022-09-26,347.8900418227232,351.4979616366179,344.68087714847763,345.89617919921875,92581200
2022-09-27,349.41858073488055,351.6782893189801,342.62998013123286,345.01312255859375,108294100
2022-09-28,345.96255205200066,353.4822223497359,344.2725226538918,351.80169677734375,110802200
2022-09-29,348.2697422736175,348.55456731120603,341.51912810704937,344.45294189453125,112952300
2022-09-30,343.5130058772176,347.41528324882285,338.9936171691522,339.12652587890625,153711200
2022-10-03,342.82943689733025,349.92187183515944,341.0539594494883,348.0799255371094,89756500
2022-10-04,353.57718804598346,358.8941441243227,348.0418757679158,358.86566162109375,103602800
2022-10-05,354.5171533769076,360.28032543329,352.20047996352105,358.0301208496094,88065700
2022-10-06,356.6344579970455,359.57777574073987,353.8430566051313,354.3367919921875,82333500
2022-10-07,350.32056946949496,354.42222386124985,342.69644356252195,344.45294189453125,107789500
2022-10-10,345.5638554657178,345.8012193680551,339.59180054497295,341.822998046875,76042800
2022-10-11,340.13296143778496,344.68086182889056,337.73083995304165,339.6582336425781,92482800
2022-10-12,340.0664801784366,341.63307591693376,338.29097410138615,338.537841796875,76991800
2022-10-13,331.5593747401117,348.9344292266556,330.5149678078465,347.4722595214844,147254500
2022-10-14,349.9217782616768,351.5453678678568,338.91759358407694,339.5537414550781,123737000
2022-10-17,345.611359342469,349.38069942012754,339.2215124070173,348.2793273925781,93168200
2022-10-18,356.16925149824414,356.4730842166548,348.94387997178285,352.3714294433594,97162900
2022-10-19,350.33955250549025,353.05501012296355,347.0734234834684,349.87432861328125,79746900
2022-10-20,349.42815136875413,353.8336393624102,346.18100039281916,346.9405822753906,88283100
2022-10-21,346.6652440334436,355.855967817592,345.1651168479461,355.37176513671875,131038400
2022-10-24,356.8908256086108,360.85003863790973,354.2513116223034,359.7201843261719,85436900
2022-10-25,359.64424976923016,365.77772406360737,359.53031974752065,365.46441650390625,78846300
2022-10-26,362.3312221104294,367.9899690715865,362.0748795431326,362.71099853515625,104087300
2022-10-27,363.70795365066004,365.54039595428065,360.1569701011895,360.7741394042969,81971800
2022-10-28,360.6696356798568,369.8318749398546,360.4892368270884,369.3571472167969,100302000
2022-10-31,366.90756364967945,368.76848820462624,365.78721318114583,366.6891784667969,96631300
2022-11-01,370.42055862920466,370.65792248879427,363.91678308143315,365.0845947265625,85407600
2022-11-02,364.4959449170633,368.9868796691869,355.8179370887984,355.92236328125,126990400
2022-11-03,352.6942182018951,355.2862420190042,350.1496845424735,352.2574768066406,87100100
2022-11-04,357.9446853802761,359.72016234018145,351.2984975880694,357.3275451660156,103505200
2022-11-07,358.61880558333354,361.33426320464076,356.5489996813044,360.74560546875,68286900
2022-11-08,361.8469568156974,365.65428248614427,358.62831787010947,362.6919860839844,84641100
2022-11-09,360.7266178571878,361.87547986372505,354.7260521981255,355.21978759765625,78495500
2022-11-10,368.4361720364201,375.07288526749676,366.1480099232559,374.7405700683594,141455800
2022-11-11,375.5951003651524,379.1650623418643,373.7151680311234,378.3675231933594,93839900
2022-11-14,376.6109731037082,379.95304559781977,374.873453538742,375.1488037109375,71903500
2022-11-15,380.8740965559295,381.9754684954277,374.55071897532395,378.3485412597656,93194500
2022-11-16,376.72498240572435,377.6744379820254,374.83557508091235,375.46221923828125,68508500
2022-11-17,370.72435314810673,374.9874276635937,370.42054943643274,374.31329345703125,74496300
2022-11-18,377.63640863793864,377.7028774747301,373.1739853225882,376.0128479003906,92922500
2022-11-21,374.69315056273854,375.81350115294237,372.8132181507224,374.6456604003906,51243200
2022-11-22,376.58251647845884,379.84864551592176,375.1773119937102,379.6872253417969,60429000
2022-11-23,379.35490309581445,382.5640670651727,379.12704306606406,382.0798645019531,68261600
2022-11-25,381.51962657797867,382.5450545713694,381.2443053913949,381.9943542480469,30545400
2022-11-28,378.91812575407585,380.55119008749443,375.13928309387734,375.89886474609375,67881600
2022-11-29,376.0318273628986,377.2186467005862,373.4208248199859,375.2532958984375,52310000
2022-11-30,375.50014044810706,387.0740051269531,373.5917546265289,387.0740051269531,144566700
2022-12-01,388.10888202091604,389.2767226198042,384.2920816594287,386.7891540527344,76398200
2022-12-02,381.91846008966655,387.2448913304231,381.81403389674875,386.3429260253906,85342700
2022-12-05,383.5325856510467,384.46303355724604,378.044733664679,379.3929443359375,77289800
2022-12-06,379.2315543699302,379.7727220207001,371.84479123618274,373.924072265625,77972200
2022-12-07,373.0790824780339,375.6426241653655,372.1581093951866,373.2879638671875,65927900
2022-12-08,375.16787185342383,377.27563531293924,373.3923656741001,376.2122497558594,60737900
2022-12-09,374.9780163583588,377.5225505438228,373.2784826335144,373.40191650390625,81447700
2022-12-12,374.18985811549396,378.7852478027344,373.52525671285184,378.7852478027344,75405800
2022-12-13,389.4855949322845,389.741937458983,378.89917302857265,381.652587890625,123782500
2022-12-14,381.3108436618965,385.0042397963437,376.27874065040004,379.2125549316406,108111300
2022-12-15,374.37028116191146,375.27227545068706,368.28429708214924,369.93634033203125,117705900
2022-12-16,367.39057737229774,368.72591299649264,363.44179709016913,365.56878662109375,119858000
2022-12-19,365.75960801740996,366.09344924310705,360.80930355412653,362.46893310546875,79878100
2022-12-20,361.71546981883347,364.57691637638356,360.3991997450581,362.9649658203125,74427200
2022-12-21,365.5497703655622,369.5176461213456,365.01563604345074,368.39215087890625,78167400
2022-12-22,365.358881619211,368.37294098663983,357.46129334034805,363.1365051269531,100120900
2022-12-23,362.1160163012456,365.36853035773834,360.57083998702353,365.2254638671875,59857300
2022-12-27,365.111034770745,365.4543943707275,362.11604019958503,363.78521728515625,51638200
2022-12-28,363.71843147410067,365.6833180737436,359.03522324607314,359.2641296386719,70911500
2022-12-29,362.09698333590643,366.5989936653744,361.57236734542374,365.73101806640625,66970900
2022-12-30,363.0602696961742,364.9106445983467,360.9523169257117,364.767578125,84022200
2023-01-03,366.61799691898324,368.5828541871979,360.3800364563273,363.2319641113281,74850700
2023-01-04,365.48296463530903,368.05827776448973,362.4498387600588,366.03619384765625,85934100
2023-01-05,364.09041452635574,364.2048677167,361.26712910136496,361.8584899902344,76970500
2023-01-06,364.9393357955822,371.2726847102666,361.88714364948856,370.1567077636719,104189600
2023-01-09,372.3409551357516,375.5171770773959,369.7656707294841,369.9468688964844,73978100
2023-01-10,369.3650063190875,372.60797279309605,368.43025676671084,372.54119873046875,65358100
2023-01-11,374.11508061681747,377.3294343369076,373.3043315842744,377.25311279296875,68881100
2023-01-12,378.3499708858858,380.08589280712,374.2962553998828,378.6265563964844,90157700
2023-01-13,375.4408047607676,380.66772351572655,375.1737376190185,380.0954284667969,63903900
2023-01-17,380.07633872093464,381.7455155288635,378.7219081606364,379.39910888671875,62677300
2023-01-18,380.5818900873673,381.6406112039505,373.20888660482075,373.4091796875,99632300
2023-01-19,371.3775761257745,373.0181398927505,369.3745869323046,370.69085693359375,86958900
2023-01-20,372.0833537682657,377.74901897003355,370.44279029051245,377.5964050292969,91806400
2023-01-23,378.3976836413568,384.0538025302996,377.4438681481197,382.1271057128906,84178800
2023-01-24,380.45784526648146,382.622995482958,379.2751236285282,381.7168884277344,59524900
2023-01-25,377.66323376967637,382.19385709358215,375.38360090426846,381.8600158691406,84800300
2023-01-26,384.5115864864833,386.21892411230044,381.55475308151983,386.0567626953125,72287400
2023-01-27,385.01715091180836,389.3093204688235,384.80731034691763,386.94384765625,68346200
2023-01-30,384.19688290612737,386.4192893861794,381.79327825530487,382.0889587402344,74202000
2023-01-31,382.6039606559222,387.75455778693544,382.2605719895161,387.7068786621094,86811800
2023-02-01,386.49550726473996,394.5648060301805,383.7676093537023,391.82733154296875,101459200
2023-02-02,395.69978979973183,398.9904641316318,393.8112541902346,397.5311279296875,101654500
2023-02-03,392.5809380366469,397.71247034386647,392.10403026249105,393.30584716796875,94736800
2023-02-06,390.8640289856019,392.294752115139,389.2520785976726,390.90216064453125,60295300
2023-02-07,389.98646755802383,397.2545356824887,388.74651927787886,396.01458740234375,90990700
2023-02-08,394.0498297740761,395.3851657459837,390.9976083170233,391.6843566894531,76227500
2023-02-09,395.27060073163324,395.4232146721326,387.0677833556222,388.2886657714844,78694900
2023-02-10,387.1154846300712,389.57634453776467,386.30476486771545,389.19482421875,70769700
2023-02-13,389.84344339763004,393.89715897184107,389.3856015126722,393.76361083984375,64913500
2023-02-14,392.2470630392104,395.88109763709383,389.6431654454688,393.5824279785156,88389300
2023-02-15,391.39811939038964,394.9367660502503,390.55875725790736,394.8604736328125,61555700
2023-02-16,389.9102528350607,393.8399681026619,389.290278571449,389.4237976074219,76431500
2023-02-17,387.3062461554366,388.689290011422,385.3890680493917,388.4508361816406,89257800
2023-02-21,384.4448207915137,385.4940235203808,380.40065293639157,380.6581726074219,82655900
2023-02-22,381.06832644021057,382.60398440393413,378.68378788820354,380.13360595703125,83742300
2023-02-23,383.0141287647056,383.624584623004,377.9493710671943,382.15570068359375,96242400
2023-02-24,377.1577704839411,378.90324019253836,375.4599799112177,378.07342529296875,108194400
2023-02-27,381.4022035230167,382.7566343554962,378.42630378758486,379.3610534667969,80444700
2023-02-28,378.8841254999914,380.83943554893773,377.85398850305495,377.95892333984375,96438600
2023-03-01,377.1481633851746,378.3690459735666,375.2119192229247,376.50909423828125,99706800
2023-03-02,374.54420891841545,380.2766485518157,374.2103677204858,379.4372863769531,85127800
2023-03-03,381.2495104460485,385.7706148212673,380.6009230194376,385.5226135253906,90120000
2023-03-06,386.3429340367841,388.6321143894144,385.35098693265746,385.78973388671875,72795900
2023-03-07,385.74205640878506,385.9805102708599,379.26564136455426,379.8760681152344,108310600
2023-03-08,379.99054222005736,381.24955646245974,378.2736569852848,380.4960632324219,74746600
2023-03-09,381.27809275015903,382.9377510527006,372.49346258548985,373.47589111328125,111945300
2023-03-10,372.9322526934048,375.00204480111273,366.57032063826443,368.0868835449219,189253000
2023-03-13,364.17625337042944,372.3600057541109,363.0698240200609,367.5622863769531,157790000
2023-03-14,372.46494954234544,375.27871688636895,369.17427445242896,373.6381530761719,149752400
2023-03-15,368.0678201070447,371.501532087288,365.9884805177744,371.3012390136719,172996900
2023-03-16,368.95487198316505,378.1591845711939,368.4493509964938,377.8157958984375,143254200
2023-03-17,376.4907554684151,377.62054625365727,372.01942420856767,373.3981628417969,140553400
2023-03-20,374.17369470613346,377.4003451216976,373.4747707102602,376.9886169433594,93055800
2023-03-21,380.3396653906553,382.41735696574256,378.75028553737957,381.9386291503906,91524200
2023-03-22,381.7663294027596,385.3663430375663,375.3896708071276,375.4279479980469,111746600
2023-03-23,378.2811390116393,382.30246432046795,373.74280870365055,376.4428405761719,119351300
2023-03-24,375.16943071668686,378.99925344252387,372.833236516388,378.9130859375,107682400
2023-03-27,381.18227006179575,381.9482521763477,378.73118573368964,379.6216125488281,74010400
2023-03-28,378.93228237792476,379.62165174257996,376.9407871129394,378.76953125,62871700
2023-03-29,382.9151805733512,384.5141441543579,381.7183611687493,384.2747802734375,77497900
2023-03-30,386.89829489648224,387.14724274445774,384.6674358301581,386.52490234375,69840000
2023-03-31,387.4440026260915,392.26958723104974,387.3386673117375,391.9727783203125,112062600
2023-04-03,391.4557982166426,393.8685762431014,391.0632378438243,393.4664611816406,67391100
2023-04-04,394.1078626707281,394.3951168773612,389.9142025392246,391.28338623046875,66601500
2023-04-05,390.555750574138,391.3121487439596,388.612116709327,390.2589416503906,65200200
2023-04-06,389.4641946465513,392.05892029879095,388.42057157363575,391.78125,63743300
2023-04-10,389.3110132842087,392.2599929388598,388.69825688508763,392.1833801269531,63681000
2023-04-11,392.8057304769011,393.68657323624444,391.52274352274435,392.2886962890625,59297900
2023-04-12,394.34727662483084,394.6345308679278,390.1057548634186,390.6897888183594,86420400
2023-04-13,391.7716880699347,396.2334348165877,390.6323135315357,395.8791809082031,85814800
2023-04-14,395.24728574948534,397.4302835798645,392.61428257068803,394.91217041015625,78161500
2023-04-17,394.82598073584927,396.348331709265,393.600438675659,396.3291931152344,66436400
2023-04-18,397.89938650253947,398.0334443121423,395.2185225027445,396.5876770019531,63560000
2023-04-19,394.68236324131743,397.42067233366515,394.62491824072464,396.52069091796875,55227300
2023-04-20,393.7153034242172,396.0993877029547,392.81529283564134,394.3568115234375,75840400
2023-04-21,394.65359358487166,395.1227374400652,392.71954395114506,394.6631774902344,73457400
2023-04-24,394.46213502684145,395.4962034683657,393.1312868972539,395.0749206542969,64332100
2023-04-25,393.11213941820307,393.667480074213,388.74614386404556,388.8035888671875,97766700
2023-04-26,389.4163487256269,390.48869433886614,386.6014268812606,387.15673828125,80447000
2023-04-27,389.6844497545518,395.1323747434497,389.4355019352683,394.8642883300781,92968400
2023-04-28,393.98348248289165,398.2441725313153,393.9260374717462,398.2345886230469,89433100
2023-05-01,397.79418259834137,399.8527068290453,397.6026797409222,397.8324890136719,62122300
2023-05-02,397.12381613612365,397.17170644373317,390.46951779319113,393.36102294921875,103998500
2023-05-03,393.85900113849453,396.262224530026,390.4217383465775,390.6611022949219,91531800
2023-05-04,389.6174515879438,389.94298302849234,386.56316548431346,387.89404296875,94901900
2023-05-05,391.51318454758655,396.11854378303155,391.25468204681897,395.0749206542969,87891800
2023-05-08,395.4004621354889,395.6589646428425,393.7823597445963,395.18023681640625,50046800
2023-05-09,393.63876845358556,394.557917748492,393.2174856060807,393.447265625,49220100
2023-05-10,396.2717922718493,396.9037165760063,391.47492959256664,395.2856140136719,96142900
2023-05-11,394.4238259021145,394.8833858662675,392.5280533923099,394.5961608886719,70157100
2023-05-12,395.83135343149405,396.0419948569671,391.6664152391856,394.0791931152344,70481500
2023-05-15,394.68235310668433,395.8408662145273,392.7770257910844,395.4387512207031,54289400
2023-05-16,394.33769327560117,395.25687179173696,392.7866197060623,392.79620361328125,57705500
2023-05-17,394.80682372550075,398.1674730228259,393.1695828258179,397.5643005371094,87287000
2023-05-18,397.2483654807399,401.8154478860798,397.02816936927354,401.3941650390625,97177200
2023-05-19,402.29416293584904,402.82075186824875,399.5941309256764,400.8100891113281,103793300
2023-05-22,400.82922685915275,402.50477416103354,399.5941009523831,400.97283935546875,60745400
2023-05-23,399.33556115944674,400.90580233866484,396.080218025508,396.4727783203125,86383500
2023-05-24,394.8738657064858,395.2568421165078,392.44192021304394,393.6004333496094,89213700
2023-05-25,397.09507862018216,398.4546782657559,394.8642201959079,397.0089111328125,90961600
2023-05-26,397.6600433469777,402.8686044347789,397.5834597512282,402.1505126953125,93830000
2023-05-30,404.0750403987033,404.60162936229705,400.92500286690074,402.3037414550781,72216000
2023-05-31,400.4845443720238,401.38455501215435,398.51218808898716,400.0728454589844,110811800
2023-06-01,400.3026421930234,404.9271694953685,399.0579614953215,403.87396240234375,88865000
2023-06-02,406.4399660164613,410.49956904772046,405.9133770414703,409.7144775390625,91426200
2023-06-05,410.05914256559197,411.3421297490295,408.2303985985282,408.9293518066406,65460200
2023-06-06,408.5176374533879,410.3463521322916,407.86654536905576,409.81976318359375,64022200
2023-06-07,410.2122539217262,411.34204444638556,407.981366150616,408.40264892578125,85373300
2023-06-08,408.4697625854569,411.32299120581996,407.7038096821584,410.87298583984375,61952800
2023-06-09,411.66764397898567,413.6112778783288,410.6240207738437,411.6101989746094,85742800
2023-06-12,412.5868209414102,415.4208816171955,411.86872917016797,415.3442687988281,76104300
2023-06-13,416.7995935234062,418.72405947829276,416.13894679853814,418.08258056640625,95899700
2023-06-14,418.41766273627127,420.3804349424088,415.1431518715733,418.5804138183594,100612100
2023-06-15,417.7666315386717,425.0145781797127,417.6709093443267,423.7698974609375,110303100
2023-06-16,425.74761712421093,426.31461080665895,421.8555294193706,422.326416015625,114165800
2023-06-20,420.39477647392715,421.278891227802,418.0691141682308,420.1352844238281,76160400
2023-06-21,419.15507151836675,419.9526987151209,417.39640282400495,417.9826354980469,76982300
2023-06-22,417.0312964707104,419.59718287065334,416.69493630245177,419.4914855957031,70637200
2023-06-23,416.051016626355,418.0979773634387,415.60895921346514,416.3200988769531,92074500
2023-06-26,415.75309747622674,417.66550238868285,414.3788570549921,414.6191101074219,72823600
2023-06-27,415.49365998386605,419.7797664878717,415.0419830447426,419.16473388671875,72813700
2023-06-28,418.0883469905335,420.3851802319676,417.47331443133595,419.3761291503906,75636000
2023-06-29,418.962851943863,421.1924071877769,418.55924326128763,421.0290222167969,67882300
2023-06-30,424.2292689763498,426.97775005705444,423.9121184961037,425.9975280761719,104964000
2023-07-03,425.6515644045463,426.7663128211192,425.3728626365197,426.4876403808594,32793400
2023-07-05,424.6809269189928,426.5837417319984,424.6713074116075,425.8533630371094,58418400
2023-07-06,422.2880126868195,422.94149397333916,420.0200085430969,422.5186462402344,80658300
2023-07-07,421.5287406529986,425.38240854551253,421.2115902375523,421.45184326171875,86134200
2023-07-10,421.0963375627214,422.69162140529556,420.52934385873226,422.5186462402344,62443500
2023-07-11,423.27782759435644,425.69956773672544,422.3071959049608,425.2094421386719,64463800
2023-07-12,428.98633652570436,430.03383651556504,427.56402762494923,428.6307373046875,91924500
2023-07-13,430.4373699947139,432.8206908722752,430.0049320898392,432.03265380859375,72425200
2023-07-14,432.9167455493579,433.76241157020985,431.00431150899965,431.7635192871094,69815800
2023-07-17,431.6194944266735,434.3103173564783,431.5714262110664,433.2628173828125,52680200
2023-07-18,432.93600974084484,437.12600898753516,432.5035425061128,436.4821472167969,80668200
2023-07-19,437.2701946323452,438.6348156080869,436.4052601424123,437.4527893066406,65891700
2023-07-20,436.4629408876448,437.35667523001575,433.8393669208048,434.5505065917969,70591600
2023-07-21,436.26110720174216,436.4629408876448,434.54091641230104,434.5505065917969,71275600
2023-07-24,435.6941036910491,437.29900699604326,434.6658135812287,436.49176025390625,54023400
2023-07-25,436.22274345016734,438.93277601685094,436.17467523549504,437.6834716796875,55191200
2023-07-26,436.7512409467643,439.1729812727202,435.70374110756154,437.7507019042969,71052900
2023-07-27,441.12385890292364,441.5274969763578,433.9450957916118,434.84844970703125,92194400
2023-07-28,438.10622153007387,439.93213874075076,434.84837627989594,439.1056823730469,80011800
2023-07-31,439.5765221569589,440.29728118928927,438.269530527898,439.94171142578125,62040400
2023-08-01,438.4809971458083,439.42279959796593,437.7314088521361,438.6828308105469,55291500
2023-08-02,435.57876710355214,435.8382298320832,431.83082549706114,432.5804138183594,93933400
2023-08-03,430.5719307015857,433.21471435225743,429.92803959884134,431.3407287597656,64276100
2023-08-04,433.14745409560885,435.2424538180626,428.8709377374494,429.389892578125,100128900
2023-08-07,431.2157929076751,433.2915828601554,430.523862923515,433.1378173828125,58357500
2023-08-08,430.61038131148536,433.128258189368,427.9099390769486,431.2542724609375,71361300
2023-08-09,431.5233041246725,431.6866891018031,427.61197745800644,428.3711853027344,78789600
2023-08-10,430.7160087244501,434.08917052770005,427.3620859326675,428.52490234375,93005500
2023-08-11,426.6605919753528,429.28416586620887,426.06476909769503,428.27508544921875,68690900
2023-08-14,427.3621343832933,430.63916015625,427.0546034425639,430.63916015625,47867400
2023-08-15,428.8708463107176,429.22644541226,425.0556272162394,425.6226501464844,75707500
2023-08-16,425.20945229682616,426.8623944636419,422.3936935729571,422.4994201660156,80107200
2023-08-17,423.96015411160533,424.2196168527754,418.76107448676936,419.280029296875,95711300
2023-08-18,416.4738387437825,420.5101015823301,416.12788844047134,419.4818115234375,98852000
2023-08-21,420.4908700639508,422.9510589127824,418.3478316599045,422.2110900878906,68719000
2023-08-22,423.97927859577356,423.97927859577356,420.5100392592074,421.0674133300781,64994200
2023-08-23,422.12457747554333,426.37226398805007,421.98043152181,425.7572021484375,68441000
2023-08-24,427.3525117447883,427.86184703074184,419.8277698977074,419.85662841796875,88517300
2023-08-25,421.57687525748486,424.09472283005493,418.04035697735236,422.81658935546875,102325100
2023-08-28,424.99799661992967,426.1127742143462,422.816509634439,425.49774169921875,61595400
2023-08-29,425.3920253511655,431.92692561420495,425.20943069514846,431.6482238769531,83081900
2023-08-30,431.9845986592022,434.0603885077203,431.2830492029172,433.4261169433594,69053900
2023-08-31,434.04111309241955,435.17510034218884,432.6092144351305,432.79180908203125,66084600
2023-09-01,435.5019359140747,435.98244204092543,432.14798320577563,433.59912109375,58944100
2023-09-05,433.1571175881268,433.4742387671062,431.65794063195676,431.7251892089844,55166200
2023-09-06,430.91787558724553,431.0236021823755,426.5068329962555,428.8228759765625,70758500
2023-09-07,425.83410543618885,428.17897757007677,425.4881551186145,427.50628662109375,70355400
2023-09-08,427.5543540855631,429.67818299559536,427.1987842372508,428.1501770019531,61659700
2023-09-11,430.7641697069155,431.2735050832395,429.06318839227185,430.96600341796875,60180100
2023-09-12,429.5244300194834,431.04281644605425,428.02525327961035,428.6018371582031,67565400
2023-09-13,428.8228607530232,430.25475953176647,427.72729277869223,429.1015625,60199300
2023-09-14,431.56170711908345,433.4933214807943,430.2643349295537,432.8013916015625,83430800
2023-09-15,431.22279002690107,431.5506832250515,427.1530117903473,427.58697509765625,111848900
2023-09-18,427.2783378211123,429.1300027993312,426.8057902109989,427.83770751953125,55752200
2023-09-19,426.9214475367596,427.50974802962753,424.27899561562054,426.95037841796875,66514600
2023-09-20,428.20413300123477,428.61881878957314,422.8227534657827,423.0252990722656,82562600
2023-09-21,420.1899872517448,420.45036521142913,415.8791088874586,416.0334167480469,104095800
2023-09-22,417.0557271569778,418.6469848396656,414.68327664554823,415.0979919433594,100829700
2023-09-25,413.89240765921994,416.8820302302398,413.4584149989299,416.8434753417969,70874500
2023-09-26,413.8152964968598,414.51932063009883,409.8901728584851,410.7195739746094,96168400
2023-09-27,411.88653144911365,412.44590120575845,407.25741266853737,410.883544921875,104705800
2023-09-28,410.333802865898,414.93399013925836,409.745502299644,413.26556396484375,92258300
2023-09-29,416.30341993440965,416.47700522910236,410.7484550545368,412.2625732421875,115111300
2023-10-02,411.4332539878828,413.3427809026092,409.35014174396815,412.09869384765625,83798600
2023-10-03,409.92872106622235,412.15648738227026,405.2224344904491,406.5822448730469,103760600
2023-10-04,407.0451710291783,410.28554771633696,405.5889145488821,409.54296875,87453000
2023-10-05,409.25361095296023,410.2276663727646,406.1771957071079,409.3886413574219,70142700
2023-10-06,406.9487369471333,415.7826633161712,405.62751083875975,414.249267578125,113273300
2023-10-09,412.35898219183764,417.47033030159264,411.80929543558074,416.9013366699219,80374400
2023-10-10,417.52817903423306,421.65581816785743,417.1327707063527,419.07122802734375,78607300
2023-10-11,420.1320860419277,421.03859681205853,417.7596360182193,420.7878723144531,62451700
2023-10-12,421.39548619007036,421.7715876841516,415.8791053042313,418.22259521484375,81154200
2023-10-13,419.71738853134207,420.9132670312688,414.57713879227015,416.13946533203125,95143100
2023-10-16,418.3768791839652,421.5787008605216,418.1357786859934,420.5178527832031,75433200
2023-10-17,417.40284337508905,422.54312271495667,417.0556727686725,420.4985656738281,75324700
2023-10-18,418.733685585988,419.6884340997793,413.8152297481562,414.8953552246094,93559800
2023-10-19,415.60905485320427,417.41248188933355,410.57487522165394,411.24993896484375,121323000
2023-10-20,410.81602762056735,411.3560904558305,406.0904336651891,406.196533203125,123919900
2023-10-23,404.6727145608842,409.3404462034215,402.9271492717955,405.4924621582031,92035100
2023-10-24,407.6044970323164,409.6972623098232,405.76248569133276,408.54962158203125,78564200
2023-10-25,406.87162732034284,406.9005582068923,402.17496424155433,402.68609619140625,94223200
2023-10-26,401.62529724925633,402.4739464403945,396.9479408177795,397.8641052246094,115156800
2023-10-27,399.4457299187491,399.84113833304036,394.6429966038168,396.0606689453125,107367700
2023-10-30,398.8381024524088,401.84703208667196,397.5458072598068,400.79583740234375,86562700
2023-10-31,401.3648163745919,403.6311669556289,399.4649432617073,403.31292724609375,79665200
2023-11-01,404.27734347074426,408.4242604346672,403.746904694568,407.6141662597656,98068100
2023-11-02,411.3946495135024,415.58018067597357,411.375372066054,415.4258728027344,94938900
2023-11-03,417.72110052299064,420.75896096668146,417.59572355276106,419.2159118652344,100167800
2023-11-06,419.96812824031423,420.62391451827705,418.24184046839486,420.1802978515625,67831700
2023-11-07,420.1802801725134,422.01263795735434,419.04229295606825,421.3761291503906,64256100
2023-11-08,421.97412330805065,422.4949086781329,419.38953276666115,421.684814453125,61746000
2023-11-09,422.822781049031,422.86136537152765,417.9718399454001,418.39617919921875,83174400
2023-11-10,420.4600443494357,425.2338171560556,418.3865562589062,424.9252014160156,89462200
2023-11-13,423.59426297038516,425.6194834433293,422.81309977511563,424.52008056640625,52236100
2023-11-14,430.43192160638574,434.0387757848984,430.2100985439841,432.7561340332031,97176900
2023-11-15,434.08698805976627,435.3117974864374,432.82362374197305,433.67230224609375,77327600
2023-11-16,433.22861192355947,434.5209069056829,432.16776397369404,434.2026672363281,66665800
2023-11-17,434.2123285978125,435.35034527714225,433.2961643954989,434.7427673339844,83133200
2023-11-20,434.4920338445369,438.92828895080976,434.482380406505,438.0892639160156,69936200
2023-11-21,437.0477288286672,437.9639225798321,435.8711571103787,437.134521484375,49244600
2023-11-22,438.783649698811,440.1338066653199,437.73245500948576,438.82220458984375,59394900
2023-11-24,438.87039999223333,439.28508576492015,438.542506862815,439.0921936035156,29737400
2023-11-27,438.46541503211625,439.275509275739,437.9156987639097,438.3014831542969,50506000
2023-11-28,437.91563451759527,440.02767719087626,437.3562943235412,438.7353820800781,62115000
2023-11-29,440.87631632625397,442.004679482677,438.0313484211019,438.4267272949219,63146000
2023-11-30,439.2658732507552,440.5003067450598,437.2020386572685,440.1531066894531,79752700
2023-12-01,439.5455435028684,443.2874284363199,438.9572723368323,442.75701904296875,89183400
2023-12-04,439.3815750840775,442.7762596678929,438.1664190963143,440.4327697753906,72430900
2023-12-05,439.05371300809566,441.3007569694989,438.6775820590756,440.34600830078125,69793500
2023-12-06,442.47728857768345,442.50621946104377,438.1374794863498,438.57147216796875,69124700
2023-12-07,440.6449205313009,442.56407108973934,440.04699600140833,441.9179382324219,66995400
2023-12-08,441.17532857795476,444.3482193835821,440.9342280791031,443.81781005859375,83194400
2023-12-11,443.32598493677364,445.7177126387657,443.11381530650647,445.5440979003906,65002200
2023-12-12,445.1969357013274,447.67545610374924,444.20360273884916,447.5790100097656,68327600
2023-12-13,447.9550638637653,454.00188308183056,447.5982398420778,453.7511291503906,93278000
2023-12-14,455.6800061214895,456.8662313358376,452.5456992010771,455.20745849609375,119026000
2023-12-15,454.61284974570634,455.7845286924067,452.6181291338484,454.4579162597656,141553700
2023-12-18,456.05563220988086,457.9922563619539,455.00017559306576,457.0142517089844,70375300
2023-12-19,457.5565362720974,459.8708164807692,457.4790843028072,459.7933349609375,55761800
2023-12-20,458.9412058569742,460.8197337409229,452.9957847839671,453.4218444824219,102921000
2023-12-21,456.39448757473747,457.99222603483094,453.9834001212354,457.7210998535156,86667500
2023-12-22,458.8443895271257,460.31624293413637,456.75286124971245,458.64105224609375,67160400
2023-12-26,459.0477166286851,461.4781598644946,458.97023511368405,460.57763671875,55387000
2023-12-27,460.3742993690924,461.5556412930502,459.8417395433534,461.410400390625,68000300
2023-12-28,461.76866793794215,462.4174204811319,461.16831917837936,461.5846862792969,77158100
2023-12-29,461.39104484329897,461.91394167612276,458.3021267345069,460.2484436035156,122283100
2024-01-02,457.1982355112993,458.66039620914324,455.5811413344983,457.6726989746094,123623700
2024-01-03,455.5231057691351,456.25903250476523,453.3347402693324,453.9350891113281,103585900
2024-01-04,453.4605069773082,456.0362204956158,452.25011695275793,452.47283935546875,84232200
2024-01-05,452.6761631999303,455.532695393491,451.64975485355063,453.0925598144531,86118900
2024-01-08,453.58644474883687,459.7061845131588,453.4605594436324,459.5609436035156,74879100
2024-01-09,456.9174526401683,459.8804854755376,456.4139409568945,458.86376953125,65931400
2024-01-10,459.134858193739,462.32061320272817,458.854039417125,461.45880126953125,67310600
2024-01-11,462.4561601628175,462.9693643803347,457.2950698074294,461.2554626464844,77940700
2024-01-12,462.69825780727723,463.43418447136196,460.1709773696293,461.57501220703125,58026400
2024-01-16,460.1999916518418,461.5071892712775,458.0696933340662,459.88043212890625,85014900
2024-01-17,456.8690498182248,457.8083137942025,454.9808292885089,457.32415771484375,68843900
2024-01-18,458.9896569986018,461.9429972701223,457.4500442083185,461.39105224609375,91856200
2024-01-19,462.514291382207,467.42364106257526,461.4394790826515,467.142822265625,110834500
2024-01-22,468.67274557207963,469.8443949304159,467.4817110595385,468.1304931640625,75844900
2024-01-23,468.6727773973201,469.7378971314764,467.5882725076425,469.4958190917969,49945300
2024-01-24,472.3523626504235,473.28193407003323,469.5152150522186,470.0090637207031,81765000
2024-01-25,472.129646862115,472.8365254024004,470.009070342345,472.5653991699219,72525000
2024-01-26,472.13928542085506,473.6208017271318,471.122569553023,471.9649963378906,76641600
2024-01-29,472.2748334350306,475.8479071625746,471.7325810664014,475.70263671875,61322800
2024-01-30,475.0151572718124,476.04156568160744,474.5794050287412,475.334716796875,58618400
2024-01-31,473.1367160125659,473.58213136319495,467.5592281243461,467.57861328125,126011100
2024-02-01,469.27310972065493,473.72735140437555,468.4693941088524,473.69830322265625,91891600
2024-02-02,474.1340406811921,480.33123256171854,473.7951255169084,478.68511962890625,99228200
2024-02-05,478.0556906983339,478.7141358274664,474.69564656369516,476.9421081542969,75757100
2024-02-06,477.8813679101815,478.6560353058455,476.4579479680973,478.3268127441406,55918600
2024-02-07,480.56361115879434,482.73262076498764,479.6630584646698,482.3162536621094,70556500
2024-02-08,482.31623652505846,482.90689268947517,481.5028579516359,482.5292663574219,52343600
2024-02-09,483.03279181896556,485.7537463849515,482.69387668269746,485.3180236816406,63979400
2024-02-12,485.28896212192205,487.5451161916344,484.3884094588291,485.10498046875,56502300
2024-02-13,478.8593972990049,481.3382739920692,475.1701304413372,478.42364501953125,113099200
2024-02-14,481.0477679790003,483.2555183461787,478.73348791641325,482.7713623046875,68387800
2024-02-15,483.4685762738627,486.28636814510776,482.9940832312684,486.1023864746094,61683000
2024-02-16,485.802216073848,486.9351247377766,482.9456834193714,483.6816101074219,75532900
2024-02-20,481.9483091532552,482.6164468795506,478.78193916164605,481.01873779296875,71736700
2024-02-21,479.7212103303219,481.6094012609107,477.92013439516916,481.4544677734375,59293400
2024-02-22,488.0390568026181,492.3770766833733,487.08040759995066,491.41845703125,76402500
2024-02-23,493.1323109036816,493.9650747069926,491.03109011668937,491.75732421875,61321800
2024-02-26,492.1930057584985,492.62875800348365,489.83032198014877,489.9562072753906,50386700
2024-02-27,490.64370119577745,491.08911644069707,488.75548097950514,490.86639404296875,48854500
2024-02-28,489.3171596556616,490.798676044666,488.9588888927158,490.21771240234375,56506600
2024-02-29,491.9703174424767,493.5873820410347,489.33650744640795,491.97998046875,83924800
2024-03-01,492.8514825275074,497.02487558805785,492.4447784604082,496.59881591796875,76844800
2024-03-04,495.80488009764395,497.90610083671146,495.7758023657051,496.0662841796875,49799300
2024-03-05,494.0715531499916,494.5169979894073,488.9104626936786,491.1085205078125,72855600
2024-03-06,494.3716836843407,495.8435368483092,492.3092039305024,493.5970458984375,68382400
2024-03-07,496.8796700098079,499.54252820351775,493.65517426694095,498.4967346191406,58652100
2024-03-08,499.12614579862606,501.7986373861769,494.9333381139003,495.504638671875,86532500
2024-03-11,494.3039754152461,495.6596064560232,492.38670680365675,495.07861328125,62557200
2024-03-12,497.1798014108618,500.9852604266135,494.67184736073796,500.404296875,73114400
2024-03-13,500.72385457506516,500.89814366049285,498.18688160759467,499.6199645996094,55104100
2024-03-14,500.5883050955873,500.7432681365898,495.6015329710001,498.6323547363281,110171800
2024-03-15,495.5775722193378,497.02486035398107,493.5475153242832,495.2084655761719,107646300
2024-03-18,499.2588090158661,500.6963445921207,497.7435511886848,498.1514892578125,88893300
2024-03-19,497.4619006203073,501.201461454095,496.4614118820625,500.9197998046875,60755300
2024-03-20,500.97800524065593,505.68888606447166,500.3077917082349,505.5528869628906,69594600
2024-03-21,508.37953729329536,509.07885971572495,506.941942394898,507.2236633300781,60256100
2024-03-22,507.13623802282444,507.621898374332,506.02891819305677,506.2620849609375,79070800
2024-03-25,504.8925731533284,506.00961586060225,504.708019817815,504.86346435546875,48512100
2024-03-26,506.28142646248074,506.62142424941175,503.5326318000847,503.93084716796875,65463700
2024-03-27,506.7477118115157,508.20469276971767,504.59134916532923,508.1658020019531,82999800
2024-03-28,508.20466366075334,509.5644769063635,507.7870029241564,508.06866455078125,96294900
2024-04-01,508.8069627833215,509.3411773364756,506.0289403944362,507.184814453125,62477500
2024-04-02,503.3772549881494,504.0960228561583,501.6677209860127,503.9600830078125,74230300
2024-04-03,502.8722591508825,506.0096661665215,502.8237049598088,504.5137939453125,59155800
2024-04-04,508.50584318362684,508.8457817223291,498.0544227328248,498.35552978515625,96858100
2024-04-05,499.7056226929599,505.5141009734885,499.2685165612303,503.5617370605469,74546500
2024-04-08,504.26116489557916,505.26159438808656,503.03729132856745,503.84344482421875,48401800
2024-04-09,505.5724514220362,505.81528161003905,499.5988050832793,504.4263000488281,68049200
2024-04-10,498.75370676862974,501.3568389879978,497.4036161258989,499.3753662109375,82652800
2024-04-11,500.8905721872355,504.58157840612773,497.3938419345378,503.14404296875,70099000
2024-04-12,499.61825717169796,501.0266841379513,494.4799620247676,496.19921875,92561100
2024-04-15,500.3564247602264,500.5215326754904,489.13765316276323,489.98272705078125,92101400
2024-04-16,490.45867707344763,491.97393499543114,487.80696088879887,489.089111328125,73484000
2024-04-17,491.5368749518904,491.7020125291738,484.80562897726037,486.1946105957031,75910300
2024-04-18,487.58356199441425,489.6718955124249,484.26163225086344,485.194091796875,74548100
2024-04-19,485.1164497249613,486.107186243166,479.6964632064661,480.9591979980469,102212600
2024-04-22,483.55258680560587,487.972113920127,481.2214229780645,485.3883972167969,67961000
2024-04-23,487.3892787074855,491.5756683731246,485.20380722643876,491.1482849121094,64633600
2024-04-24,492.0321433372002,492.81891062394527,488.7005209113683,490.9151306152344,55928100
2024-04-25,484.8638724968989,489.8078914311426,483.222338099903,489.0502624511719,69122400
2024-04-26,491.8282759764292,495.2570370959967,491.19692340676465,493.6835021972656,64306100
2024-04-29,495.4609926845512,496.1020679300017,492.70244534017297,495.4318542480469,46415400
2024-04-30,493.9748958846082,494.9462166692865,487.5836181640625,487.5836181640625,77483600
2024-05-01,487.00076428433056,493.6154557030375,485.5340605810027,486.00030517578125,80242800
2024-05-02,489.6912841378985,491.38140217174987,485.2232033620505,490.5460510253906,62550200
2024-05-03,496.5002494560944,497.8503696978336,493.9748099269168,496.62652587890625,72756700
2024-05-06,499.01596519128117,501.7939279175934,498.57885905826015,501.7550964355469,47264700
2024-05-07,502.7167454724822,503.6977888774315,501.63859371019026,502.3088073730469,52561300
2024-05-08,500.4826581745873,502.89151427383246,500.3661044462176,502.3572998046875,42047200
2024-05-09,502.541928571153,505.2907828616112,501.89116027589216,505.25189208984375,43643700
2024-05-10,506.84492375163103,507.65113664632963,504.6886199494412,505.90277099609375,52233200
2024-05-13,507.57337558037926,507.6802066359858,504.8342439143458,505.9706726074219,36716400
2024-05-14,506.16494992736375,508.80697323781544,505.63073536323316,508.2921447753906,57535900
2024-05-15,510.7495145476232,514.8776269913382,510.1181324599974,514.5862426757812,59504900
2024-05-16,514.6834008229457,516.2763809484062,513.381805041238,513.5275268554688,50244800
2024-05-17,513.6440876053468,514.3337466322346,512.1968292743588,514.2657470703125,59187600
2024-05-20,514.3822777046638,516.3151962899514,513.9937257353356,514.8582153320312,37764200
2024-05-21,514.1006672352606,516.2764161967744,513.8966685383514,516.1209716796875,33437000
2024-05-22,515.4313166919542,516.1403617816678,512.4687413388463,514.6348266601562,48390000
2024-05-23,517.6750375151379,517.7818685505794,509.6713061390158,510.87579345703125,57211200
2024-05-24,512.7116164560648,515.0622552748287,511.7694638177849,514.2560424804688,41291100
2024-05-28,515.0622463447778,515.2953538271266,511.992839734623,514.6154174804688,36269600
2024-05-29,510.6039331839117,512.1871908993834,510.3028260942359,511.0118713378906,45190300
2024-05-30,509.4772041666412,510.1376951954115,506.37868844824237,507.6219482421875,46377600
2024-05-31,508.5738001358681,512.3716377541396,503.49375287353905,512.245361328125,90785800
2024-06-03,513.8480669180504,514.1297285627861,507.61214568816797,512.6630249023438,46835700
2024-06-04,511.36150323340104,513.974358217118,509.90452222280885,513.2361450195312,34632700
2024-06-05,515.5479441376007,519.355504956824,513.5664118243003,519.3360595703125,47610400
2024-06-06,519.637123680227,520.0645071551455,517.4030979505338,519.3262939453125,30808500
2024-06-07,518.3548874978856,521.4922931206179,517.26701324802,518.6948852539062,43224500
2024-06-10,517.8888118681492,520.6182209175571,517.2963204143864,520.2976684570312,35686100
2024-06-11,518.7532508345464,521.608936050015,516.791164059003,521.5506591796875,36383400
2024-06-12,526.0964430443454,528.5150221365492,524.8045698950608,525.8341674804688,63251300
2024-06-13,527.572819593174,527.7476501909825,524.1149205499801,526.8928833007812,44760900
2024-06-14,525.3679678522572,527.2426097707814,524.3674790309985,527.2135009765625,40089900
2024-06-17,526.5336166388124,532.7986479029511,526.0770650167459,531.4096069335938,55839500
2024-06-18,531.4677705153928,532.8859199795279,531.0501097581155,532.7596435546875,41376400
2024-06-20,533.6824639158926,534.3429548976981,529.5446281232266,531.3124389648438,70328200
2024-06-21,530.4930440077343,531.7111121107315,529.1482920639469,530.6002197265625,64338600
2024-06-24,530.4247136467889,532.9777790963483,528.7583754205319,528.8753051757812,45528700
2024-06-25,530.0933585291979,531.2724695843536,528.5829663352164,530.9119262695312,37936200
2024-06-26,529.8011317951398,532.2859786981767,529.1580180403218,531.5746459960938,38550600
2024-06-27,531.4380824208646,532.9874907686532,530.6974877125363,532.4125366210938,35041500
2024-06-28,533.1824029810238,536.2227551968151,529.0799883321372,530.3175048828125,76144500
2024-07-01,531.6915058832783,531.9351194589271,528.6609672764391,531.408935546875,40297800
2024-07-02,529.8107580224772,534.985107421875,529.7620472078919,534.985107421875,40434800
2024-07-03,534.6733620352073,537.7331629819162,534.6344052723863,537.3726196289062,32789900
2024-07-05,537.6746345682784,540.8708135451888,537.0412155224441,540.4713134765625,41488400
2024-07-08,541.250918262468,542.0402238948535,540.0328503436032,541.0950317382812,36110500
2024-07-09,542.0499170234392,542.9463982576794,541.3288304126829,541.6211547851562,27289700
2024-07-10,542.83922140572,547.3216870432971,542.546897033872,546.9806518554688,38701200
2024-07-11,547.0975967198616,547.9648752769439,541.6309226493873,542.2642822265625,53054200
2024-07-12,543.3849335691044,549.270615886068,542.9172145567801,545.6846313476562,53084400
2024-07-15,547.6725909303428,550.4108051950651,545.3338767680585,547.1853637695312,40584300
2024-07-16,548.4910822924977,550.722561208659,547.7407334557406,550.4302368164062,36475300
2024-07-17,544.5249949514538,546.191333044454,542.3909378748594,542.7125244140625,57119000
2024-07-18,544.2425249574461,545.2267333968008,536.3689169185834,538.5419311523438,56270400
2024-07-19,538.3080081974957,539.9256355832753,533.9132099479913,534.9656372070312,65509100
2024-07-22,538.8733274893352,541.0853581914517,536.9439266510726,540.481201171875,43346700
2024-07-23,540.3738971671513,542.517708645555,539.1461346384042,539.6333618164062,34439600
2024-07-24,534.8389605250121,535.1410389720269,526.4878802289309,527.4038696289062,74515300
2024-07-25,527.520781647899,533.4747422855404,523.7204457786454,524.6558837890625,61158300
2024-07-26,528.427065396124,533.2116094688655,527.6572084941715,530.5318603515625,53763800
2024-07-29,532.0715719711993,533.0752290029756,528.8558251034021,530.84375,39515800
2024-07-30,532.3054822300633,533.357909659398,524.7632145177835,528.154296875,46853600
2024-07-31,534.9558070033685,539.3603586847362,533.5916069126868,536.7390747070312,65663400
2024-08-01,538.4542082657176,540.6954412129795,525.6498647611072,529.138427734375,76428700
2024-08-02,522.063852889589,523.2721666167066,515.0964813658185,519.2866821289062,82789100
2024-08-05,498.5698192467497,510.2048061292907,497.23479185731094,504.1631774902344,146267400
2024-08-06,505.9561368728723,516.2171692769037,504.6406473484446,508.81134033203125,84826300
2024-08-07,514.9698561147811,518.0102083711349,504.8160585530724,505.41046142578125,70698300
2024-08-08,510.52636582888704,517.7178438799879,508.50929760994603,517.09423828125,63276600
2024-08-09,516.2755107587682,520.8554568034616,515.0574431658156,519.374267578125,45619600
2024-08-12,520.5632672781688,522.044397411093,517.3865366569688,519.6472778320312,42542100
2024-08-13,522.8240435638112,528.4271563186212,522.5804299657759,528.1932373046875,52333100
2024-08-14,528.9824644571885,531.0386081211183,526.3222233938623,529.8594970703125,42446900
2024-08-15,535.4624762415136,539.2238544300553,534.8583195159325,538.9412841796875,60846800
2024-08-16,537.3335929699142,540.8416642629177,537.1777064456791,540.1497802734375,44430700
2024-08-19,540.5589290320204,545.3142700195312,539.7111586836203,545.3142700195312,39121800
2024-08-20,544.8660675368706,546.5128974468605,543.0925538279611,544.4275512695312,33732300
2024-08-21,545.4703215908407,547.7505114259203,540.55903368272,546.298583984375,41514600
2024-08-22,548.18892980085,548.7930866218962,540.8025506157201,542.0108642578125,56121500
2024-08-23,545.2364013003757,548.7054559638492,543.053573875613,547.7699584960938,50639400
2024-08-26,548.7931322733509,549.504464836925,544.7686315002069,546.4641723632812,35788600
2024-08-27,545.1974719043471,547.7018267996916,544.0573769322793,547.214599609375,32693900
2024-08-28,546.8735372102509,547.3022994954773,540.8611111576025,544.037841796875,41066000
2024-08-29,545.9965609867917,549.2804676679931,542.9465138533585,544.0866088867188,38715200
2024-08-30,546.4448203697416,549.7871918701893,542.9075460914414,549.2804565429688,62700100
2024-09-03,546.1523719656589,546.4837125964749,535.4723909219692,537.9767456054688,60600100
2024-09-04,536.144830576085,540.2667537157464,535.4237438257495,536.8756713867188,47224900
2024-09-05,536.8170931187602,539.652728695669,533.1238736044508,535.5697631835938,44264300
2024-09-06,535.8914419191495,537.5090100138885,525.6596709710985,526.55615234375,68493800
2024-09-09,530.7364876707761,533.7183150530045,528.8167820276888,532.4514770507812,40445800
2024-09-10,534.351804730089,535.1216617767944,529.4990408120743,534.7708129882812,36394600
2024-09-11,534.683107736862,541.1729474655668,526.1663863296421,540.2569580078125,75248600
2024-09-12,540.831888043875,545.1097566752126,538.619857760852,544.8076782226562,51819600
2024-09-13,545.4118431545087,548.6470386001909,545.1584755178029,547.653076171875,39310500
2024-09-16,547.3899785889079,548.7249762940762,545.5970158864217,548.4619140625,36656100
2024-09-17,550.6640241107275,552.1062567166426,546.4641290442629,548.6859130859375,49321000
2024-09-18,549.3388444863224,554.1624050516696,546.5032087102647,547.0586547851562,59044900
2024-09-19,556.4230610004182,558.2452854612264,553.5679175432375,556.393798828125,75315500
2024-09-20,555.0313424308147,556.46815521981,552.4215262762143,555.4320678710938,77503100
2024-09-23,556.4976160471946,557.4652754060183,555.2855361955778,556.8201293945312,44116900
2024-09-24,557.6117584874984,558.471913246618,554.7967173955426,558.4132690429688,46805700
2024-09-25,558.2568638249757,558.9899461465259,556.0771251545262,557.181640625,38428600
2024-09-26,561.4238456875147,561.7464186568862,557.0449191197562,559.3907470703125,48336000
2024-09-27,560.4562017753216,561.2674367221593,557.5531642883332,558.5794677734375,42100900
2024-09-30,557.5531235786384,561.4238200592039,555.2659399397932,560.8178100585938,63557400
2024-10-01,560.4660310099997,561.1111173600859,553.2329264823798,555.7938232421875,72668800
2024-10-02,554.904357347643,557.0449605610858,552.5193933091881,556.0283813476562,38097800
2024-10-03,554.562134456547,556.9470981426042,552.7343205282026,555.0117797851562,40846500
2024-10-04,559.4396258955153,560.4268531332793,555.2854920412735,560.055419921875,42939100
2024-10-07,558.413299806086,559.0584457401652,553.8486566717974,554.9922485351562,49964700
2024-10-08,557.553120131347,560.8373745453375,556.683241044493,560.2410888671875,37398700
2024-10-09,560.2313175326061,564.6787318135322,559.6350914993983,564.12158203125,37912200
2024-10-10,562.7825341526946,564.5517040960426,561.5313781232933,563.1343994140625,44138100
2024-10-11,563.0561883893231,567.2396742554129,562.9193320123793,566.506591796875,42268000
2024-10-14,568.1095385598273,572.0682314590191,567.6306009114653,571.1396484375,36217200
2024-10-15,571.4035256005812,571.7065305951428,565.4899467305453,566.7020263671875,54203600
2024-10-16,566.7020448464575,569.6832346627543,565.9005342666823,569.1651611328125,30725400
2024-10-17,572.6937458614649,572.8990304200946,569.0283336899422,569.2140502929688,34393700
2024-10-18,570.8952748825009,572.1855071059618,569.4388940141822,571.403564453125,37416800
2024-10-21,570.6801577821931,571.6576009296549,567.5034675529424,570.4651489257812,36439000
2024-10-22,567.9434160693424,571.3156073773309,567.2885457643838,570.1622314453125,34183800
2024-10-23,568.1485895916966,568.5884509212708,561.462852493989,564.9523315429688,49314600
2024-10-24,566.897492764615,566.9757049256177,563.5644376745634,566.1741943359375,34979900
2024-10-25,568.39295320261,571.27642231265,565.0403304898274,565.9786376953125,47268200
2024-10-28,569.4388580651755,569.5659304498093,567.4253275234959,567.7283325195312,30174700
2024-10-29,566.7704218431865,569.7613956814984,565.382469188388,568.6471557617188,42899700
2024-10-30,568.1779762445088,570.1622147162088,566.2230897069062,566.9268798828125,41435800
2024-10-31,562.5773069834572,562.6457351787716,555.617914920504,555.8134155273438,60182500
2024-11-01,558.4328313722141,562.5673968338307,557.748609230934,558.1591186523438,45667500
2024-11-04,558.2959404133777,559.5861724591027,555.0801741045641,556.9568481445312,38217000
2024-11-05,557.8659451341218,563.7306045728799,557.6509362573997,563.6915283203125,39478300
2024-11-06,575.9094848869298,578.5778854519942,572.1854290723838,577.7079467773438,68182000
2024-11-07,579.7020264980958,583.1915058614667,579.6238143381844,582.1749267578125,47233200
2024-11-08,582.7222620683345,586.1140207981344,582.7222620683345,584.6967163085938,46444900
2024-11-11,586.2801485471324,586.6320137481925,583.5335357984702,585.2538452148438,37586800
2024-11-12,585.1757310882224,585.7719571662951,580.9629529710414,583.4359130859375,43006100
2024-11-13,583.8953540381888,585.7133844284552,581.5397417142511,583.7194213867188,47388600
2024-11-14,583.8464232004079,584.3253608590082,579.2817798181851,579.9659423828125,38904100
2024-11-15,576.4177743775998,576.886987680586,570.689971552463,572.537353515625,75988800
2024-11-18,572.9967218779136,576.1929802203847,572.1366267509276,574.8832397460938,37001700
2024-11-19,571.5208063697094,577.7079785622685,570.8561521859538,576.9846801757812,49412000
2024-11-20,577.0630094223009,577.4637349458769,571.4427101629503,577.1802978515625,50032600
2024-11-21,580.014817427747,581.6959910919024,574.1990184692589,580.2786865234375,46750300
2024-11-22,580.2689646034843,582.7028485393122,579.7705186323628,582.0772705078125,38226400
2024-11-25,585.9966768325361,587.3064171117452,581.7741156946049,584.0515747070312,42441400
2024-11-26,585.2929516850081,587.7659115133398,584.5794372696156,587.1012573242188,45621300
2024-11-27,586.9155638447446,587.2967213513849,583.807301635719,585.3223266601562,34000200
2024-11-29,586.1336096679657,589.7403777490892,585.8599565725738,588.9584350585938,30177400
2024-12-02,589.3688921712513,590.6884762739834,588.8801705758093,590.0140380859375,31746000
2024-12-03,589.7793678452039,590.5319584152645,588.7530645890204,590.28759765625,26906600
2024-12-04,591.9688246092684,594.1973636861876,591.3041705105946,593.9530029296875,42787600
2024-12-05,593.9531512779432,594.7546619184587,592.6238427485821,592.9757080078125,28762200
2024-12-06,593.7380212466719,595.331258224569,593.3275118613312,594.0996704101562,31241500
2024-12-09,593.982457801793,594.1486064406603,590.4539021843977,591.0403442382812,34742700
2024-12-10,591.7147337183083,592.135027098725,588.5478275712469,589.2026977539062,37234500
2024-12-11,592.1155320836123,594.7057206012569,591.8418193692619,593.7576293945312,28677700
2024-12-12,592.8974892997352,593.4643633790662,590.6982421875,590.6982421875,31543800
2024-12-13,592.7215967057723,593.4351111707817,589.2125492712078,590.5809936523438,35904700
2024-12-16,592.3306244931046,594.0705021581772,591.5584657830842,593.102783203125,43695200
2024-12-17,590.5614592226143,591.5193345487469,589.2907948870824,590.6591796875,55773500
2024-12-18,590.3561165933274,592.7312963771194,572.674202761188,573.055419921875,108248700
2024-12-19,578.0208781053541,579.6238994978684,572.6351557670356,572.8795166015625,85919500
2024-12-20,570.561095027684,584.2717241370053,569.7176190978377,579.7603759765625,125716700
2024-12-23,579.5052825841503,583.8302883719545,576.3374745859168,583.2320556640625,57635800
2024-12-24,584.5756300016285,589.7539282690682,583.9969712723625,589.7146606445312,33160100
2024-12-26,587.9493923534018,590.8719573339298,586.5567683514358,589.7539672851562,41219100
2024-12-27,586.0271828680434,586.2626090728168,579.3778441686201,583.5459594726562,64969300
2024-12-30,576.5631809695095,580.3389793589591,573.1501891693375,576.8867797851562,56578800
2024-12-31,578.5442507029012,579.2602265875062,573.1600354308964,574.7880859375,57052700
2025-01-02,578.0341524534392,579.7406180456738,569.3154229960469,573.3756713867188,50204000
2025-01-03,576.2100381173573,581.1823013188991,575.1311959956543,580.5448608398438,37888500
2025-01-06,584.7816606701658,588.145567536734,582.1630605707853,583.88916015625,47679400
2025-01-07,585.9094391002772,586.2330977215739,575.4744864171694,577.288818359375,60393100
2025-01-08,577.3574447409104,579.2012273003362,573.9248797422833,578.1322021484375,47304700
2025-01-10,574.5918290616524,574.6604875516765,567.4030397334539,569.3056640625,73105000
2025-01-13,564.6767004472727,570.5414650673235,564.2647494580999,570.1884155273438,47910100
2025-01-14,573.1011353265001,573.7288188278344,567.2069202769688,570.9729614257812,48420600
2025-01-15,578.9561398854404,582.4965717179379,577.8479067851994,581.3589477539062,56900200
2025-01-16,582.7220679112103,582.8985926554029,579.5445027973688,580.2408447265625,43319700
2025-01-17,585.4583566167607,587.8120797540519,584.1343312340456,586.06640625,58070600
2025-01-21,589.0968201243991,591.4407861448484,587.1353543049476,591.4309692382812,42532900
2025-01-22,594.2457369774064,596.1091536661693,593.6965288784859,594.7557373046875,48196000
2025-01-23,594.1279851220985,598.0018920898438,593.8534110339756,598.0018920898438,41152100
2025-01-24,598.0607394613536,599.0120815203885,595.1087237951253,596.2561645507812,34604700
2025-01-27,583.3498201579582,588.1358022067521,583.1831123008667,587.8219604492188,70361100
2025-01-28,589.0478589949998,593.7063408187366,585.742793521421,592.8727416992188,44433300
2025-01-29,592.0880784150642,592.4902124528912,587.6747800612517,590.2149047851562,37177400
2025-01-30,592.3234200043604,594.9125091757996,589.1457953617726,593.382568359375,39281300
2025-01-31,595.7952876097377,598.2079122989969,589.4695478929073,590.2247314453125,66566900
2025-02-03,581.2509121761593,588.7240915852041,579.1129217803689,586.252685546875,65857200
2025-02-04,586.3115788306599,590.695426254437,585.7721876960313,590.1854858398438,33457800
2025-02-05,589.0674493379312,592.7255640609287,587.0471418694162,592.5784301757812,30653100
2025-02-06,594.3142808571387,594.7654395103566,591.0190328991121,594.637939453125,35771500
2025-02-07,595.1969654236844,596.4130645632996,588.4887264849536,589.1948852539062,50788500
2025-02-10,592.3921407355843,593.8337894109928,591.1269569453736,593.1962890625,26048700
2025-02-11,590.940628411795,594.1868520894046,590.8229452462591,593.6474609375,30056700
2025-02-12,587.6551628450902,592.9020598913557,586.9784547529548,591.7349853515625,45076100
2025-02-13,592.8334516677448,598.1882752794738,591.5781445820884,597.9822998046875,40921300
2025-02-14,598.1882471856823,599.2180047928703,597.3350143232245,597.952880859375,26910400
2025-02-18,599.1101412981178,599.7083740234375,596.6583089558027,599.7083740234375,26749000
2025-02-19,598.3256621675536,601.4149354951375,597.8156618042251,601.1207275390625,31011100
2025-02-20,599.7573136488752,599.8946306067775,595.324442106828,598.6196899414062,36554000
2025-02-21,598.4040443652323,598.5413613568134,587.9200057904889,588.3809814453125,76519800
2025-02-24,590.4209369132893,591.4114868830001,584.9974543500997,585.70361328125,50737200
2025-02-25,585.6446153828091,586.3703480772401,578.2008270937978,582.7906494140625,58266500
2025-02-26,584.4481941378576,588.0278934374002,580.4566037497201,583.0849609375,43321600
2025-02-27,585.3504072406853,586.4979078319449,573.3855137517263,573.7777709960938,74196700
2025-02-28,574.2780198233005,583.2615078706541,571.2181376161361,582.73193359375,88744100
2025-03-03,584.6933921520208,585.8310759519914,568.7270900553181,572.5225219726562,74249200
2025-03-04,568.5406690059347,574.1112244792533,561.2243803057662,565.7455444335938,109648200
2025-03-05,565.5787868122192,573.6109906395611,562.0383558581486,571.8260498046875,71230500
2025-03-06,564.3921877543482,568.9918277562862,559.1354734261878,561.6755981445312,80094900
2025-03-07,559.9004310284239,566.2653779091431,554.7319495414885,564.8236694335938,81158800
2025-03-10,556.6542444695278,558.5666258451241,544.8854490052353,549.779296875,99326600
2025-03-11,548.6220367842027,553.1530182295099,541.3842228164132,545.2090454101562,88102100
2025-03-12,551.3386407379146,552.2605321303586,543.022044250635,548.1022338867188,69588200
2025-03-13,547.7295040716507,548.3375536768395,539.0892496749408,540.7957153320312,74079400
2025-03-14,545.3953255555126,552.966614210826,540.8643446212099,551.9662475585938,62660300
2025-03-17,551.9466155584751,558.7333299355132,551.5150907128783,556.22265625,49008700
2025-03-18,553.9179548314441,554.1337472059147,548.2885573100283,550.2108154296875,66041400
2025-03-19,551.9858638215135,559.9494094443329,550.8089724785119,556.2030029296875,66556000
2025-03-20,552.4763086964069,559.5768056668136,551.7603329396793,554.5946655273438,62958200
2025-03-21,550.1543857754978,555.6728342872004,548.9247817378139,554.7776489257812,83763000
2025-03-24,561.4863807824129,565.7654388953832,560.8961948547495,564.712890625,58766800
2025-03-25,565.9130116144462,567.0048857087957,564.3292958517305,566.0704345703125,38355700
2025-03-26,565.8047856022024,566.9261989456277,557.9353193986783,559.3125,51848300
2025-03-27,557.9254317069114,561.5847644413973,555.7219909391279,557.8270874023438,42164200
2025-03-28,556.3023922676962,557.0303082338021,546.0130443195492,546.5933837890625,71662700
2025-03-31,540.8585640195936,551.5610423029548,537.9468400615768,550.2625732421875,95328200
2025-04-01,548.3541875419536,553.7545984642982,544.6456828297712,551.8167114257812,54609600
2025-04-02,545.993267113699,558.1614216885134,545.7571927870193,555.3087768554688,76014500
2025-04-03,536.2155597389653,539.02887941269,527.9428100585938,527.9428100585938,125986000
2025-04-04,515.1253487932553,517.2894637749819,496.8190194100305,497.0354309082031,217965100
2025-04-07,481.20796639726615,514.6335008889374,473.9385334512268,496.1501159667969,256611400
2025-04-08,513.3449138965836,516.4140007584771,481.17849041906084,488.3790588378906,165816600
2025-04-09,485.38869689536773,539.6683349609375,485.0050459934576,539.6683349609375,241867300
2025-04-10,523.4867529065492,524.795068576413,501.0096123168745,516.0206298828125,162331200
2025-04-11,514.4761933704091,527.6772059586904,511.5841621734685,525.2278442382812,97866300
2025-04-14,535.1728543881914,535.3991423599505,525.1491197771261,530.3233032226562,68034000
2025-04-15,530.8642755383438,534.3661851955569,528.0509561027874,528.837890625,56892900
2025-04-16,523.0047395671859,529.1134345891107,511.8005721602226,517.0829467773438,83484800
2025-04-17,519.0305887702018,522.5029590498531,515.3614098145464,517.8206176757812,79868100
2025-04-21,512.6562995153043,513.1875268574667,500.16354114488826,505.4951171875,69368100
2025-04-22,511.6529994400941,520.6635112296127,510.71848838241135,518.64697265625,75948100
2025-04-23,531.6118557355538,536.5302712837308,525.1687433752924,526.68359375,90590700
2025-04-24,527.9624225863133,538.4976913582739,526.7131857388315,537.769775390625,64150400
2025-04-25,537.7304480905381,542.0586181694788,534.8187241892716,541.6553344726562,61119600
2025-04-28,542.3931048050576,544.5178341418862,536.127047500035,541.8618774414062,47613800
2025-04-29,539.9535089190233,546.3868353532918,539.5993973829874,545.2752685546875,47775100
2025-04-30,538.6354556420874,547.4394329210733,532.6841838633078,545.49169921875,93101500
2025-05-01,551.2266273384653,554.8662676970938,548.7575725536838,549.3576049804688,63186100
2025-05-02,555.5154232826195,559.1058911654948,553.2037916578166,557.5123291015625,60717300
2025-05-05,553.390643044351,557.4040871519024,552.5348434974896,554.3153076171875,38659200
2025-05-06,548.8263293740373,554.157875203981,547.872185543118,549.68212890625,48264700
2025-05-07,551.0101522781708,554.6202527049248,546.9671688153295,551.9938354492188,55588000
2025-05-08,556.0170826268422,561.0043636579312,552.5348657113146,555.8400268554688,65130800
2025-05-09,557.2369337452446,558.2403099907453,553.5776604439777,555.1318969726562,37603400
2025-05-12,571.9822603015932,573.487324465949,567.6245507869492,573.4774780273438,78993600
2025-05-13,573.890562385163,579.4680890959,573.3299158219985,577.2646484375,67947200
2025-05-14,578.2188228927168,579.3697154326957,575.9858428026291,578.00244140625,66283500
2025-05-15,576.0054901792878,581.3271894858746,575.5529743261593,580.8255615234375,71268100
2025-05-16,581.6027001482121,584.7996705930015,579.664873035907,584.5045776367188,76052100
2025-05-19,578.5040593733968,585.8226647003453,578.5040593733968,585.1439208984375,68168500
2025-05-20,583.4127091135157,584.3570065824167,579.9796042324612,583.1765747070312,60614500
2025-05-21,578.8385171464103,582.910979810613,572.3265394745135,573.3495483398438,95197700
2025-05-22,573.1527690961759,577.0481757894836,571.9231652201731,573.5758056640625,70860400
2025-05-23,566.5817726606184,572.3166619439528,566.207968279521,569.6607055664062,76029000
2025-05-27,576.5073271724327,581.6618184903241,568.9919717208915,581.5044555664062,72588500
2025-05-28,581.9075989404909,583.0978771602481,577.412159762467,578.1400756835938,68445500
2025-05-29,583.383198499108,583.5209285665185,576.5072620387259,580.4223022460938,69973300
2025-05-30,579.320555390729,581.4846704969287,573.7233954302501,579.7730712890625,90601200
2025-06-02,578.1695751189003,583.1174697772985,575.5136188023458,583.038818359375,61630500
2025-06-03,582.6748967264019,587.3375451970118,582.1928415555221,586.3637084960938,63606200
2025-06-04,587.2194601619697,588.1932967835147,585.7734148456988,586.2062377929688,57314200
2025-06-05,587.8785767379185,589.2262178754949,581.405924678812,583.373291015625,92278700
2025-06-06,588.8917438854173,591.0263796061765,587.1211261759919,589.3639526367188,66588700
2025-06-09,589.9344673159251,591.4395314497265,588.7245561772476,589.8951416015625,53016400
2025-06-10,590.426305457828,593.6232758793388,589.3147986704665,593.2396850585938,66247000
2025-06-11,594.3315698285918,595.1873694307895,589.491865174911,591.5477294921875,73658200
2025-06-12,590.2197770479303,593.8987426757812,589.7377818775473,593.8987426757812,64129000
2025-06-13,588.7343748466453,592.0296894370186,585.7636324727854,587.2588500976562,89506000
2025-06-16,590.6033640975234,594.5872686908244,590.42624830293,592.8461303710938,79984100
2025-06-17,590.4164146901995,591.9312649464777,587.0226962194246,587.7801513671875,82209400
2025-06-18,588.6753335186196,591.4099413940326,586.7374465360585,587.691650390625,76605000
2025-06-20,590.3564623402502,591.421997724495,584.9104595060545,586.3114624023438,94051400
2025-06-23,587.0611954614843,592.4874469643536,583.9534693671619,592.1027221679688,87426000
2025-06-24,596.2266384998721,599.6993983536543,595.3189312980566,598.643798828125,67735300
2025-06-25,599.7586945360007,600.4493204937829,597.4204779573378,598.9793090820312,62114800
2025-06-26,600.8242007377552,604.0996909412141,600.2125189749694,603.6655883789062,78548400
2025-06-27,604.6621068443518,608.1250520914118,602.639606635459,606.6648559570312,86258400
2025-06-30,609.1017606660369,610.9170549934429,606.793110456443,609.5654296875,92502500
2025-07-01,608.0953617899536,610.5322734636828,607.2666588703396,609.3681030273438,70030100
2025-07-02,608.9635746030316,612.1699961712587,608.3420172970813,612.1305541992188,66510400
2025-07-03,614.1036930875782,617.882354174148,614.0839419945853,616.9549560546875,51065800
2025-07-07,615.0014790783108,615.6625385416997,609.5851029977032,612.357421875,74814500
2025-07-08,613.0184402574613,613.7682592313246,611.2130216520668,612.0220336914062,59024600
2025-07-09,614.4194576258184,616.3432624074327,612.5843521193799,615.692138671875,66113300
2025-07-10,615.8302548644143,618.4644365752275,614.6562088976586,617.4285278320312,57529000
2025-07-11,614.3897295883519,616.4812978948729,613.1959929007123,615.2579345703125,63670200
2025-07-14,614.804107370719,616.7772896477138,613.4623578743809,616.4320068359375,51898500
2025-07-15,619.1057169315715,619.4411242116038,613.7189074073614,613.7978515625,74317300
2025-07-16,615.3763700559891,616.3530856848711,609.7626638597798,615.8499145507812,88987500
2025-07-17,616.0275671883336,619.9739319743786,615.8104858123922,619.6187133789062,68885700
2025-07-18,620.8618249379944,621.0295285799061,618.0599396747441,619.1649169921875,65621600
2025-07-21,620.3389892578125,623.0718060276608,619.9147622533486,620.3389892578125,63375000
2025-07-22,620.6645676893623,621.2861250306559,617.7936134788556,620.4277954101562,60046300
2025-07-23,623.0816882564411,625.7060546875,621.2860849659141,625.7060546875,70511000
2025-07-24,626.0907872079496,627.6200518287297,625.488980993582,625.9132080078125,71307100
2025-07-25,626.5742531786653,629.0308557161836,626.3276053702117,628.5572509765625,56865400
2025-07-28,628.9321516432593,629.4846403177779,627.0181622678288,628.3994140625,54917100
2025-07-29,629.7904764849706,630.1061928990167,625.8342963044605,626.741943359375,60556300
2025-07-30,627.3930212452535,629.129431287321,623.0717472322541,625.95263671875,80418900
2025-07-31,630.8856625012866,631.2703873241156,622.3121821287813,623.6046142578125,103385200
2025-08-01,617.9020886786027,617.9415908673775,610.9860743719428,613.3834838867188,140103600
2025-08-04,617.280474690056,622.7560435889075,617.1917152069655,622.7067260742188,73218000
2025-08-05,623.3184684441039,624.1274805006751,618.6321599743907,619.5496826171875,68051400
2025-08-06,620.615200817688,624.9463507668227,619.7075537473198,624.2952270507812,64357500
2025-08-07,627.7087670325432,628.4388348760696,620.6743670535704,623.7722778320312,74205800
2025-08-08,625.5580097272857,629.0998986072367,625.2422933193634,628.6361694335938,64051600
2025-08-11,628.912516593768,630.3825280073482,626.1500127592028,627.3931274414062,58742300
2025-08-12,629.7313617332716,634.2302158135884,628.2514747303153,634.0723876953125,64730800
2025-08-13,636.2626108017824,637.5254766532149,634.0625313268665,636.242919921875,60092800
2025-08-14,634.1709312549185,636.9630011917295,633.7270133914775,636.302001953125,59327500
2025-08-15,637.3280514224831,637.4267466743545,633.9046087993034,634.812255859375,68592500
2025-08-18,634.2399697526556,635.3646981112688,633.5690949992928,634.674072265625,43804900
2025-08-19,634.4965717210093,635.4732874420525,629.9187737835771,631.23095703125,69750700
2025-08-20,630.8264521540534,631.0829152899969,624.4629267215348,629.5537109375,88890300
2025-08-21,627.7483287539096,629.4156102095885,625.3114169787772,627.028076171875,54805800
2025-08-22,629.2084743239826,637.831272612948,628.7053031285401,636.6572265625,84083200
2025-08-25,635.4041800322128,636.6374190424261,633.7368384817344,633.855224609375,51274300
2025-08-26,633.5889446007113,636.8545593934813,632.9673872646679,636.5092163085938,51581600
2025-08-27,635.9271580330511,638.6896016147832,635.7791452521487,637.9595336914062,48341100
2025-08-28,638.5612839961418,640.7712386679527,636.6867968305069,640.21875,61519500
2025-08-29,638.7881685836082,639.1532627231435,634.5162720889837,636.400634765625,74522200
2025-09-02,628.9518765829083,631.9017745733,626.406454480519,631.6847534179688,81983500
2025-09-03,634.0526164459553,635.5720055927542,631.8722882029587,635.1082763671875,70820900
2025-09-04,635.7790253710294,640.4456422622957,634.881253957531,640.416015625,65219200
2025-09-05,642.7443549194211,643.4646073746923,634.7036735299132,638.5612182617188,85178900
2025-09-08,639.9227380309984,641.1264105300318,638.5513618994769,640.1299438476562,63133100
2025-09-09,640.268114410177,642.1327863823664,638.54157966928,641.6099243164062,66133900
2025-09-10,644.8557277247635,645.7732503039375,641.9058297062181,643.4646606445312,78034500
2025-09-11,645.4082598463015,649.502637640468,644.8262047273438,648.81201171875,69934400
2025-09-12,648.7823644090812,650.2721267910674,648.0917987261137,648.5949096679688,72780100
2025-09-15,650.7951046545995,652.1762963553084,650.4991393056443,652.0480346679688,63772400
2025-09-16,652.6004065429622,652.9063076016578,650.3707611688836,651.150146484375,61169000
2025-09-17,651.1601352003632,652.8471677889224,645.5266771850337,650.3412475585938,101952200
2025-09-18,653.0148488941834,655.9746224265324,651.4165760040546,653.3798828125,90459200
2025-09-19,655.2606553211801,657.4569312262267,653.3215535907623,656.6160278320312,97945600
2025-09-22,655.131983947701,660.1676217378205,655.1022751701781,659.7224731445312,69452200
2025-09-23,659.6037721086419,660.2172101260659,654.914373896894,656.1312866210938,81708900
2025-09-24,657.4173382288552,657.5162467217733,652.6289715744526,654.043701171875,68082200
2025-09-25,650.91749472694,652.3717757310584,647.4251431178142,651.0263061523438,89622100
2025-09-26,652.4707007820219,655.3001599546333,650.8580938277397,654.7560424804688,69179200
2025-09-29,657.2689872647139,658.1792111877495,654.7956708332731,656.5962524414062,73499000
2025-09-30,655.8542079251938,659.5345338964465,654.5482897020846,659.0695190429688,86288000
2025-10-01,656.0916952927918,662.2255322042525,655.9828838603935,661.3153686523438,72545400
2025-10-02,663.2939389771905,663.4126533220159,659.6631277666079,662.0770263671875,56896000
2025-10-03,662.8389040732001,665.5001949823258,661.0284195287326,662.0672607421875,70494400
2025-10-06,664.451431246289,665.3319462864663,662.314512664693,664.4415283203125,54623300
2025-10-07,665.3616291701808,665.8068381763353,660.5436138980969,661.9781494140625,72020100
2025-10-08,663.0960778489103,666.0245059882836,662.2749199573431,665.925537109375,60702200
2025-10-09,666.3410972158545,666.7466945063586,662.0671995495462,663.996337890625,66501900
2025-10-10,664.9560020556908,666.7565834688588,645.8719162752307,646.0499877929688,159422600
2025-10-13,653.5985682812151,658.030731623523,652.7279561413051,655.9630126953125,79560500
2025-10-14,650.1556923521978,658.7232938317348,646.1983862715207,655.1616821289062,88779600
2025-10-15,659.70272543157,663.076302337462,651.8969246006144,658.0703125,81702600
2025-10-16,659.702653099313,661.572494532197,650.0962717870328,653.588623046875,110563300
2025-10-17,652.4608239631079,658.6540174880462,651.1153544209424,657.2986450195312,96500900
2025-10-20,660.197387427611,665.0352086527322,660.1479331778372,664.1348876953125,60493400
2025-10-21,664.2733620876278,665.8068060270512,662.8289237149189,664.1249389648438,56249000
2025-10-22,664.8274246920023,664.8274246920023,656.2202718491607,660.6722412109375,80564000
2025-10-23,660.988802941274,665.5298380529869,660.6722112216523,664.5899658203125,65604500
2025-10-24,669.2398161192735,671.2283116328227,668.4384640813665,670.0213623046875,74356500
2025-10-27,675.4429280418293,678.2229333632066,674.8394533099315,677.9261474609375,63339800
2025-10-28,679.7167206093349,681.5568533012904,677.520444889974,679.7266235351562,61738100
2025-10-29,681.3689223981395,682.338503435176,675.5813864900747,680.0531616210938,85657100
2025-10-30,676.600418646911,678.6186229721906,672.5738525390625,672.5738525390625,76335800
2025-10-31,677.7282029402567,677.7678146457715,671.9901213244605,674.780029296875,87164100
2025-11-03,678.3514127088982,678.480029971011,672.6825917853487,676.0463256835938,57315000
2025-11-04,668.8934850512616,672.702428076588,667.3798469971412,668.0327758789062,78427000
2025-11-05,667.7755543304748,673.5927987432043,666.9742023136038,670.3478393554688,74402400
2025-11-06,669.2496813312496,670.150002278421,661.5824008089137,663.1554565429688,85035300
2025-11-07,660.781013040124,663.9172214121945,654.1525740278607,663.808349609375,100592400
2025-11-10,670.011442763763,674.8987178962867,667.8250699305912,674.1666259765625,75842900
2025-11-11,672.6925881240425,676.2739453424548,671.4855783543771,675.7100219726562,58953400
2025-11-12,677.4809224347684,677.6491514285055,673.6819422079296,676.0859985351562,62312500
2025-11-13,673.2367288900627,673.5928719621189,663.3632690735044,664.8670043945312,103457800
2025-11-14,658.2779810319527,668.4482246562536,656.1905168956082,664.758056640625,96846700
2025-11-17,662.5519561070769,666.5191649555097,655.1022987242936,658.56494140625,90456100
2025-11-18,655.0330052616243,658.0207904035176,648.8596179987588,653.0346069335938,114467500
2025-11-19,653.7272041810384,660.2171837101976,651.7188423695233,655.5574340820312,94703000
2025-11-20,665.7276649913678,668.3494043558474,644.9320631333248,645.5652465820312,165293500
2025-11-21,648.0582892153691,657.4568906385811,643.9031059831046,651.995849609375,123956200
2025-11-24,655.6167748873626,662.9081062970187,654.5285399004904,661.59228515625,80437900
2025-11-25,661.4934352510542,668.9925476262177,657.3877057953216,667.8152465820312,81077100
2025-11-26,670.3973686817876,674.4239350690651,669.4970476879164,672.4254760742188,71879600
2025-11-28,673.5928002628821,676.3728052050843,673.2366572287348,676.0958251953125,49212000
2025-12-01,671.5647168500374,675.7000943604489,671.4954567492206,673.0091552734375,61201200
2025-12-02,674.6414676887413,676.5212120744054,672.0791460292079,674.2556762695312,62953800
2025-12-03,673.3059439079583,677.5995871066391,672.4353317565424,676.5905151367188,57238500
2025-12-04,677.9854045442221,678.05466464181,674.0677104452674,677.0851440429688,61970300
2025-12-05,678.1535936302283,681.0424704296607,677.2731389541586,678.3712768554688,79241000
2025-12-08,679.2616800097057,679.3111342559135,674.2952418630646,676.333251953125,55231500
2025-12-09,675.8584445640498,678.0745263345831,675.3044241214166,675.7495727539062,58310100
2025-12-10,675.2747265375898,681.616283144729,674.0380683519487,680.2312622070312,85671300
2025-12-11,677.82719343181,681.8933109790751,674.8888622374254,681.8141479492188,86173700
2025-12-12,680.8248329648462,681.5272765513724,671.9208940415416,674.4832763671875,113160300
2025-12-15,678.4207690042323,678.4405748577324,672.0000494482242,673.4642333984375,90811000
2025-12-16,671.9802275249427,673.8105178026394,667.7755898483048,671.6240844726562,122030600
2025-12-17,672.6331978735437,673.1773153631458,664.035948310003,664.2338256835938,110625200
2025-12-18,670.3676386439364,673.47413846835,667.6965052957117,669.2496948242188,108650100
2025-12-19,671.3463691548195,675.8114935895343,671.2272434527378,675.3153686523438,103599500
2025-12-22,678.6394050189502,680.0483829319917,675.3153920494597,679.5225219726562,69556700
2025-12-23,678.6194459960617,682.8663040830753,678.569845619967,682.628173828125,64840000
2025-12-24,682.6183200290311,685.4760045408373,682.4694583215327,685.0294799804688,39445600
2025-12-26,685.2874813951044,686.2995351048382,683.9281038851597,684.9600219726562,41613300
2025-12-29,682.2114479341877,683.8586166189733,680.7528697076866,682.51904296875,62559500
2025-12-30,682.1222002850684,683.2235831301442,681.2589477241032,681.6856079101562,47160700
2025-12-31,681.8145855439083,682.0328514439952,676.4266760541103,676.635009765625,74144800
2026-01-02,680.3956585252009,681.5466416904673,674.5512924418268,677.8753051757812,89377200
2026-01-05,681.2191671325683,684.086783636805,681.060433809282,682.3900146484375,71927200
2026-01-06,682.5984300063299,686.9544213697425,682.4496288665487,686.4483642578125,69273800
2026-01-07,686.8254142672773,688.5817158514149,683.9776620917838,684.2356567382812,75588300
2026-01-08,683.4815439165204,685.2675815209567,682.1618346683338,684.1661987304688,64019200
2026-01-09,685.2775150455628,689.9212370510019,683.8387406584166,688.6908569335938,80125500
2026-01-12,685.3271398200249,690.6952455853734,685.2775394384523,689.7723999023438,63976000
2026-01-13,690.0998291255927,690.6952153647912,685.9919002674054,688.3931884765625,78309700
2026-01-14,685.6446980414748,686.3590889175136,680.7231166120667,685.0096435546875,94676700
2026-01-15,689.1870202593807,690.0602050162862,685.8927433241695,686.8750610351562,77862000
2026-01-16,688.2839991969948,688.869453251486,684.7515921796883,686.2994995117188,79289200
2026-01-20,676.2082832182709,679.4628915199756,671.3264313278333,672.32861328125,111623300
2026-01-21,674.3826370735425,683.402154325963,672.8743979165272,680.0880737304688,127844500
2026-01-22,684.5035723961656,685.7736813437502,681.5962874434288,683.6403198242188,77112200
2026-01-23,682.8167194920136,685.6049389887335,681.8343413244536,683.8883056640625,63059600
2026-01-26,685.138576123168,688.7503800429489,684.5729864520383,687.3612060546875,60473800
2026-01-27,688.799947686109,691.1317710154308,688.1946898528689,690.0997924804688,55506100
2026-01-28,691.6477064811113,692.4316225777728,688.5618241580821,690.0303344726562,61172200
2026-01-29,690.9928952881424,691.657685737667,679.5224893166136,688.6610717773438,97486200
2026-01-30,686.4285189892349,688.8298072906449,681.7947290319643,686.6071166992188,101835100
2026-02-02,684.2357342361453,691.528747109235,684.0769403301045,690.0205078125,79286500
2026-02-03,690.8142565672537,691.5584439188771,678.7286612443456,684.18603515625,107904600
2026-02-04,684.9996810996682,686.0911923060062,676.4762885369656,680.8719482421875,105204600
2026-02-05,675.6626239798336,678.3913111024622,670.5525129616972,672.3683471679688,113610800
2026-02-06,676.1785962582386,686.9444827733389,675.5732778299765,685.267578125,89127600
2026-02-09,684.0769172088077,690.4769412520913,683.0053309088385,688.5718383789062,73885200
2026-02-10,689.5640042757049,691.1416475283962,686.2994637039938,686.7559204101562,65185700
2026-02-11,690.9928885783248,691.7370759669038,683.8387453470867,686.5972290039062,76353900
2026-02-12,688.8595645054852,689.9609473653614,675.097063165144,675.9901123046875,118829000
2026-02-13,676.4067760275798,680.96122930703,672.2691112734435,676.46630859375,96267500
2026-02-17,674.8688419019007,679.6316291710169,670.5426469985775,677.5578002929688,81354700
2026-02-18,678.7187643851827,683.8090109802145,677.53798463666,680.9711303710938,73570300
2026-02-19,678.5401160314528,680.86194660128,676.2678252760687,679.1751098632812,58649400
2026-02-20,677.0319706522042,684.71197532004,676.4465165538227,684.0868530273438,100034000
2026-02-23,682.4992209190492,684.6523861034582,675.0970153480879,677.1013793945312,90558100
2026-02-24,676.6151751251432,683.0151380016027,674.7298762460771,682.0228881835938,73798700
2026-02-25,684.8310015582731,688.3038760705598,684.7516046120257,687.7780151367188,56369500
2026-02-26,687.9069589925494,687.926762805978,679.0461151309984,683.957763671875,71671000
2026-02-27,677.795973699009,681.5367144347911,676.35719931042,680.6734619140625,83308900
2026-03-02,673.4400139353526,683.2831159083878,672.765291276125,681.0604858398438,87477200
2026-03-03,669.8281968363514,677.3196712649806,664.4700232973693,675.057373046875,105003100
2026-03-04,676.3472549970834,681.7649608594664,674.3528231531807,679.8201293945312,79182200
2026-03-05,676.7938369684096,680.2171112774074,670.3739485451397,676.02978515625,106606500
2026-03-06,668.1909311447467,670.8700177972564,664.5692556037578,667.1689453125,100687000
2026-03-09,661.2254329083217,674.6505427155427,657.2564332632285,673.0133666992188,102667700
2026-03-10,672.4675558251363,678.0638596518006,669.5305349566006,671.9317626953125,81505300
2026-03-11,672.3286912573745,674.8093159596237,668.1215614523004,671.08837890625,68441700
2026-03-12,665.9583993556241,666.4446526664856,660.7094193200438,660.89794921875,108882200
2026-03-13,664.0831110227487,667.1293254881115,656.2343803863124,657.1571655273438,97200200
2026-03-16,663.1999840519829,666.8613885560293,661.9497395049242,663.844970703125,82023100
2026-03-17,667.1788836379297,669.2129836950214,664.5097291491037,665.5912475585938,87128000
2026-03-18,663.1800557566115,664.5295009374192,656.0656417127632,656.3037719726562,82062600
2026-03-19,651.8783782687178,657.8418097710767,650.0923405870744,654.6864624023438,111272500
2026-03-20,653.2010079047443,653.380093364961,641.4703940766159,645.301025390625,163617500
2026-03-23,654.7531040433624,659.2801583045331,650.6439158314106,652.07666015625,134802700
2026-03-24,648.0371459178807,653.7183875512989,646.604401549905,649.8877563476562,96457500
2026-03-25,655.3500504609481,657.5588924447279,650.9423865337293,653.5093994140625,90653800
2026-03-26,648.773401781548,651.5493174066021,641.5699034672713,641.8385620117188,96494400
2026-03-27,639.2615657472361,639.4207325687934,629.9188801961861,630.8939819335938,103649400
2026-03-30,636.8836547011163,637.1423539459004,626.108284608157,628.78466796875,99275900
2026-03-31,635.719508676349,648.255975728372,634.7643255692599,647.0620727539062,152534100
2026-04-01,650.6041659517412,655.2008748639518,649.7086779392242,651.9373779296875,97841500
2026-04-02,643.161809607987,654.8824636102106,641.858414876014,652.5244140625,68358700
2026-04-06,652.5542919409455,656.3948220300638,652.2160396308291,655.6088256835938,39105800
2026-04-07,653.3402849463747,656.285326673986,647.7784337275787,655.8972778320312,69980400
2026-04-08,672.980811715349,673.6673363432215,668.0756676404139,672.6027221679688,93606100
2026-04-09,671.438579338256,677.7266707213284,670.3739652533407,676.4829711914062,57134400
2026-04-10,677.885949822129,678.5923930707559,675.0304203424645,676.0353393554688,42253500
2026-04-13,673.9956432299357,682.8408497944083,673.1698703787699,682.641845703125,54185800
2026-04-14,684.2238203737314,691.0791070995066,684.193942434314,690.959716796875,63480500
2026-04-15,691.7557051691649,696.7504224001667,690.7010502942645,696.412109375,58240400
2026-04-16,697.5264615426626,699.2378238459212,695.0092450197437,698.1234130859375,49972400
2026-04-17,702.5808909886877,708.7993894133457,702.2028014262665,706.5607299804688,70661900
2026-04-20,705.20752199003,706.3317705126415,702.5808139687996,705.1477661132812,43546800
2026-04-21,706.7000123508461,707.6949720613851,699.098505587723,700.53125,58941400
2026-04-22,705.5756906371417,707.8640857857167,704.6503246823615,707.6253051757812,42518500
2026-04-23,705.9239069650033,708.7694771316526,698.7403270820959,704.8792114257812,56174000
2026-04-24,707.1676287635845,710.8688498134599,705.4364085481575,710.341552734375,45182000
2026-04-27,709.5753882284523,712.023010938504,708.7097781525541,711.5653076171875,33135900
2026-04-28,708.2321938525355,709.2868486650957,705.6751402340362,708.1028442382812,43117400
2026-04-29,707.4163145996059,708.6102783309316,704.7995658491443,707.993408203125,41859200
2026-04-30,711.0280636665188,716.1620290590424,706.8691393587039,715.0377197265625,67240900
2026-05-01,717.6146516977453,721.216400793299,716.8385540170647,717.0177001953125,43049800
2026-05-04,716.4406056700121,718.4802608161392,711.3861936216806,714.3909912109375,51950600
2026-05-05,718.1320898558575,721.3855668152729,717.8534719876392,720.1220092773438,36933200
2026-05-06,724.489821452625,730.8874657022126,724.1515691652952,730.1312866210938,53288900
2026-05-07,731.3451201928577,732.4196936796947,726.0718458933673,727.8926391601562,51724600
2026-05-08,731.2257166531052,734.359863963193,730.8675457398152,733.9021606445312,47227100
2026-05-11,732.7380586745534,737.0561496205491,732.7380586745534,735.5736694335938,44024000
2026-05-12,733.1758744234386,735.1160580011854,728.1413807257971,734.4593505859375,54185300
2026-05-13,734.7478704606156,740.1604537310201,731.7629913201908,738.5685424804688,44200200
2026-05-14,739.9018102364839,745.7521781705404,739.8122371427646,744.3989868164062,45307600
2026-05-15,738.0511867146383,739.712813256131,734.2405345152865,735.4443969726562,60410800
2026-05-18,736.1010471042457,737.682999009625,729.6935042484962,734.927001953125,47843900
2026-05-19,731.0765556379026,733.9320852676053,727.8429364442825,730.0317993164062,54255900
2026-05-20,732.0018002736176,738.1307251173267,730.1909663879147,737.5138549804688,45768000
2026-05-21,734.9170485709385,741.1156280791548,733.3151780259534,738.9764404296875,43332200
2026-05-22,742.4787264390759,745.1651298094138,740.7275876279662,741.8817749023438,41762000
2026-05-26,746.2297301040182,748.3390397979183,744.5979816306177,746.8068237304688,41123600
2026-05-27,747.0953563113346,747.5928361692701,744.4487294597059,746.677490234375,42106300
2026-05-28,746.4685193943138,751.3438462445121,745.4536410614309,750.7965698242188,41562600
2026-05-29,752.0900813404212,754.2590862562773,750.8861582097875,752.6671142578125,55075700
2026-06-01,751.5527711685265,756.4480167905853,750.8861651495049,754.7167358398438,43634900
2026-06-02,753.2144012702464,756.5674107365072,752.9357833937803,755.7415771484375,31581900
2026-06-03,754.3287420712209,754.9754294579049,749.7718095132926,750.4384155273438,51402500
2026-06-04,748.3091480570178,754.4878695071194,747.6823186029123,753.2740478515625,49923000
2026-06-05,748.5181345185488,749.0255736853693,731.82274221843,733.83251953125,93989400
2026-06-08,739.6132273185567,741.5832888174093,734.4693026781229,735.4940795898438,49319100
2026-06-09,739.881873688386,743.1354112835509,718.9479438267383,733.3350219726562,87683500
2026-06-10,729.69352181897,734.6583610930755,721.6741489247238,721.7736206054688,60341300
2026-06-11,725.0868662900759,736.2702039965386,720.7587550057447,734.04150390625,86330500
2026-06-12,736.9766163198905,740.6877965432628,731.3252525489901,738.0113525390625,57079500
2026-06-15,748.0604304424444,752.8661028247,747.9709180763429,751.0254516601562,60176400
2026-06-16,750.7468576807364,751.6323864215939,746.100412710964,746.5481567382812,67093100
2026-06-17,747.5032315039188,748.3589429763433,735.4940609532621,737.225341796875,85945200
2026-06-18,745.907751654771,746.3765582049119,742.0173878962117,744.8902587890625,80875700
2026-06-22,745.8479411927095,748.321778689857,741.2892538871644,742.546142578125,46628100
2026-06-23,731.9922892059834,737.7978798883457,730.4860198600484,731.7628784179688,66846800
2026-06-24,733.3489180103626,738.1171068570358,729.0296875445486,731.4237060546875,57439500
2026-06-25,737.0796452204372,737.5385276888334,727.7927091295785,732.4810791015625,53934400
2026-06-26,727.144386135875,734.7056273477464,714.8050317832251,727.1842651367188,71034000
2026-06-29,734.7055914816465,739.7231001504891,730.27658724538,739.1644897460938,58035200
2026-06-30,739.4537599262709,746.1671307285668,739.0547872797607,744.9202270507812,55626000
2026-07-01,743.1545925484338,747.5835968507926,740.541087308444,743.9127197265625,47100900
2026-07-02,745.5486859530862,749.4489739445169,738.1969465958291,742.9351806640625,57447800
2026-07-06,746.885320136641,750.5462122974698,745.5585975722108,749.4190673828125,50673300
2026-07-07,748.3616416292718,749.0998597580657,743.364102770238,745.85791015625,43721500
2026-07-08,741.3191472958572,744.3017921335774,737.6782249675691,743.5536499023438,43767400
2026-07-09,745.4987759890873,750.1073272936331,743.7431866839036,749.8480224609375,41441700
2026-07-10,750.187115173852,753.5487626123848,746.2468873823584,753.0799560546875,42191300
2026-07-13,750.6060836597362,752.0425191788765,746.1471851864706,747.3142700195312,44013600
2026-07-14,749.0499474324819,751.4739818301254,746.8055207475287,749.9677124023438,35143100
2026-07-15,752.3717122204262,753.7084197839658,748.3417413555546,752.9403076171875,43844800
2026-07-16,750.8953984161742,752.7009125511715,746.0274814662645,748.8604125976562,46409800
2026-07-17,740.241827732839,745.438883195828,738.9649691671198,741.4487915039062,62651000
2026-07-20,745.2094908804986,746.8753371556621,739.6732506975046,740.2518310546875,50422300
2026-07-21,744.4413918284653,747.1845799829406,742.3366329839115,746.426513671875,34324300
2026-07-22,744.7705725456777,748.1621748950539,744.5211918106933,745.55859375,32836200
2026-07-23,737.5385562389782,740.7206569606348,733.3888874570794,736.3515014648438,55437300
2026-07-24,736.6806667930385,741.8777222786117,735.4636571620507,737.099609375,44782000
2026-07-27,743.0648074406847,743.6833276942111,734.0472217265344,737.25927734375,41461200
2026-07-28,737.3589950224286,740.9500533043114,734.156924420905,739.0248413085938,47322200
2026-07-29,738.1370526174048,740.8403618199718,727.2939826612791,727.6531372070312,70697200
2026-07-30,734.2267392747757,740.6109103701467,732.7703947650456,739.852783203125,66811300
2026-07-31,742.835410914187,747.0449895804718,735.8527500027326,745.1796264648438,62445900
2026-08-03,747.5836183167282,756.7009928898597,746.9451890027125,755.793212890625,59927500
2026-08-04,758.7458651152236,771.494176400126,758.6361522059436,769.4193725585938,69154800
2026-08-05,773.928165423025,774.9256883846499,767.6039039413469,767.8831787109375,44689100
2026-08-06,768.3021872511085,769.9081846177485,765.5589990885744,766.65625,38416900
2026-08-07,769.1101628301597,772.0029428489042,767.703621378493,771.3446044921875,43586300
2026-08-10,770.6861849056471,773.1301282404592,769.7086319253093,771.1151733398438,39249500
2026-08-11,772.6115040483734,772.6912620504304,767.2946895097219,768.6513061523438,36740600
2026-08-12,772.7910096110111,772.9805414027246,769.369513273419,770.5764770507812,33179100
2026-08-13,772.9506321027081,777.4394855444215,772.1925048911166,775.9531860351562,35634500
2026-08-14,776.6114939657781,776.8708596736758,773.509212209858,774.4169921875,31367900
2026-08-17,774.2573577843602,774.8559080861019,770.5964655970525,770.7560424804688,34356600
2026-08-18,766.7959149360092,767.5939211307613,765.0202948350139,765.5490112304688,43920900
2026-08-19,768.4517358705159,770.5564946026684,766.1973243479778,767.1549682617188,40306000
2026-08-20,764.0627220124634,766.2472997692572,760.1523881029335,760.7109985351562,45520300
2026-08-21,764.1524418077088,765.9479709365374,762.2770937955632,763.8232421875,39188700
2026-08-24,762.8856098637509,763.3244615010249,760.1922857963137,761.5787963867188,32430900
2026-08-25,764.262137078792,764.8806573052586,761.159855395616,764.0127563476562,27422300
2026-08-26,762.8356805789958,765.449185749943,762.0376744224566,764.182373046875,28751600
2026-08-27,766.5964060257239,770.4468300957561,765.2596984507333,769.18994140625,34557100
2026-08-28,769.8483393622295,773.3795487683207,766.4068729286823,767.4442749023438,36744300
2026-08-31,765.4292990280279,766.097622354185,762.8257178677422,765.1499633789062,38810800
2026-09-01,760.1224772031874,762.7758614763637,757.5987149009983,759.89306640625,41126300
2026-09-02,760.5614001563074,764.5315220914426,759.8431519587122,763.2646484375,29566200
2026-09-03,765.99791709853,772.112737807933,765.5490195828438,771.2548217773438,43531600
2026-09-04,770.0977256925568,770.9555808433835,767.0951717806925,768.2822265625,34054200
2026-09-08,767.1649647963771,767.7934091111229,763.2447069992287,764.0626831054688,44746100
2026-09-09,762.1873669257697,762.5763546117217,759.055130192088,760.5115356445312,32812400
2026-09-10,756.1523365872063,758.2271404471661,754.7657651010062,755.9528198242188,42740400
2026-09-11,762.8257171109622,764.4816392943262,761.7084962835214,762.3967895507812,45512700
2026-09-14,757.119891309806,761.6287143614769,756.0525344863368,758.9952392578125,43992400
2026-09-15,758.2371341657202,758.4665449596201,754.2769973083872,755.513916015625,46195000
2026-09-16,757.6187023523285,759.7833101686804,747.7432005092232,752.1821899414062,59217700
2026-09-17,761.2596848801362,761.6786274833105,758.0775841455181,760.7109985351562,49652800
2026-09-18,761.3099975585938,762.0,757.969970703125,761.6900024414062,65308100
2026-09-21,766.2509765625,774.8900146484375,766.030029296875,773.5,49311754
