Date,Open,High,Low,Close,Volume
2014-09-19,165.13439836460185,165.44577865746382,164.12647299787486,164.4624481201172,121649000
2014-09-22,164.17564955605255,164.20023188161738,162.84814145692087,163.1923065185547,125553000
2014-09-23,162.60232856217766,163.28246884047158,162.20899879410538,162.25816345214844,111393000
2014-09-24,162.2826856270075,163.63477574064453,161.85658374609454,163.5282440185547,107276000
2014-09-25,163.10220683785005,163.11040928418464,160.83235486695995,160.88970947265625,150300000
2014-09-26,161.18463841344413,162.56950082657158,160.95519508503855,162.16796875,103547000
2014-09-29,160.77494887605658,162.1598115689402,160.65203724805406,161.8730010986328,95112000
2014-09-30,161.9959408370328,162.4958023452765,161.11093951897536,161.44691467285156,131302000
2014-10-01,161.18465837729127,161.2420254683598,158.89841474903852,159.25897216796875,177798000
2014-10-02,159.11965524807925,159.84077008406317,157.6200834926425,159.28355407714844,157285000
2014-10-03,160.34887339111953,161.3813813323608,159.85721425580724,161.03721618652344,121569000
2014-10-06,161.70909740371388,161.92216087435153,160.26688027379856,160.8486785888672,104778000
2014-10-07,160.02106449840716,160.3816219517862,158.33301142461104,158.36578369140625,147913000
2014-10-08,158.45595717564856,161.36498725139458,157.6283228457938,161.1355438232422,186461000
2014-10-09,160.88145264259578,161.10270603824645,157.8085374397075,157.9396514892578,210705000
2014-10-10,157.89868363284594,158.68534295681224,156.09590913638834,156.13687133789062,221909000
2014-10-13,156.0713439923961,156.63674997335028,153.48189738323353,153.57203674316406,230939000
2014-10-14,154.3996932782421,155.54692279878975,153.26885614471408,153.8096923828125,215847000
2014-10-15,151.72829676324722,153.80148966670126,149.07329295433365,152.76898193359375,380715000
2014-10-16,150.00745696913776,153.7113483459771,149.86815295213245,152.63787841796875,270391000
2014-10-17,154.39963809192892,155.48950012022763,153.74408038646132,154.44061279296875,214625000
2014-10-20,154.16202385269176,156.06312767901449,154.11285920686723,155.94021606445312,130011000
2014-10-21,157.07105738488724,159.13606025850163,156.90717104653953,159.029541015625,154949000
2014-10-22,159.30814185230938,159.71786393155276,157.83313986628806,157.89869689941406,151822000
2014-10-23,159.4802119921299,160.77493521320915,159.18521160626722,159.73423767089844,154944000
2014-10-24,159.99645615523556,161.01257131282466,159.3736831575854,160.96339416503906,117927000
2014-10-27,160.38981996964324,160.9798208314797,159.81621149389306,160.7421875,82954000
2014-10-28,161.2830544095496,162.59415796031683,161.20929490998375,162.58596801757812,106736000
2014-10-29,162.70069121043585,163.16776802536646,161.26666348320364,162.3401336669922,142557000
2014-10-30,161.9058566752726,163.84793626940356,161.75835015343404,163.380859375,113330000
2014-10-31,165.34749009344492,165.38027487154554,164.5198557504784,165.24916076660156,146903000
2014-11-03,165.46216027750094,165.8964646741042,164.96229884884286,165.33924865722656,93600000
2014-11-04,164.89671127731467,165.19991405737946,163.93796330556208,164.76560974121094,93343000
2014-11-05,165.9702370613781,166.0112117756525,165.07704580734182,165.8063507080078,91709000
2014-11-06,165.84731965081193,166.56023214021343,165.2327364692653,166.4700927734375,107089000
2014-11-07,166.48647418671993,166.8388416895212,166.0275874420052,166.6257781982422,89540000
2014-11-10,166.65857897927663,167.19940269251993,166.45371791258117,167.15023803710938,66319000
2014-11-11,167.21577287508714,167.42063391458004,166.87979776942467,167.31410217285156,54499400
2014-11-12,166.63400383201974,167.36330876073302,166.60121905784848,167.1338653564453,90120300
2014-11-13,167.297713819382,167.84673987696982,166.51924440948062,167.32229614257812,85357900
2014-11-14,167.2485290700544,167.56811173691545,166.93713634203266,167.36325073242188,80417500
2014-11-17,167.043716106025,167.6419069101387,166.87981725231535,167.46981811523438,80441000
2014-11-18,167.52713843406266,168.73991208974837,167.52713843406266,168.4367218017578,76068100
2014-11-19,168.2400983005495,168.43676942345024,167.4124641028305,168.16635131835938,82373000
2014-11-20,167.37966192066125,168.56786597197197,167.3141048865132,168.46133422851562,72840300
2014-11-21,170.14932726851524,170.31321354427712,168.78904742262125,169.36265563964844,142327300
2014-11-24,169.76431146935406,169.9445902553037,169.55126040583653,169.8380584716797,65880800
2014-11-25,170.067442893027,170.272303941975,169.46106219052567,169.715087890625,79108300
2014-11-26,169.86258832275414,170.24772810976395,169.64953732506373,170.14939880371094,62167800
2014-11-28,170.02647943528194,170.3378597248582,169.55120030477224,169.78883361816406,57890100
2014-12-01,169.1332847515455,169.24800644405835,168.2974606362631,168.6088409423828,103968400
2014-12-02,168.6497971889028,169.90354572827698,168.62521486489354,169.6986846923828,74507200
2014-12-03,169.87082463379227,170.56734486340764,169.7069382564551,170.3542938232422,68952000
2014-12-04,170.06741443601246,170.66561760152737,169.37908442761824,170.16575622558594,91316600
2014-12-05,170.3378652233559,170.8295367545753,170.07564957610492,170.44439697265625,91025500
2014-12-08,170.0511020533535,170.54276118147166,168.74817598007724,169.30540466308594,108588200
2014-12-09,167.4698055059784,169.29717505669166,167.09286817977173,169.19064331054688,125180100
2014-12-10,168.73177375944923,168.78912835679273,166.2898208159152,166.47830200195312,159856400
2014-12-11,167.06827046706843,168.96118437551786,166.92896646771555,167.32229614257812,159012800
2014-12-12,166.05217618825847,167.01912686949117,164.58537653656094,164.61814880371094,202330200
2014-12-15,165.51133282276095,165.96202962481365,162.88911393408057,163.4873046875,189965800
2014-12-16,162.7252346227588,165.85550503958038,162.13523378436992,162.17620849609375,259543800
2014-12-17,162.61050607904625,165.80633339919441,162.48758194905534,165.3556365966797,253910100
2014-12-18,167.77302606332887,174.5170489736125,167.1010757532422,169.44468688964844,257633900
2014-12-19,170.09148283703885,170.8330605981145,169.41583651008966,170.1656494140625,245084600
2014-12-22,170.35515287325197,170.9484100341797,170.11620800944846,170.9484100341797,148318900
2014-12-23,171.5251722233269,171.57460822112338,170.8907142485549,171.17910766601562,122167900
2014-12-24,171.4016246915783,171.66528760272422,171.1544320686209,171.1956329345703,42963400
2014-12-26,171.6405304340055,172.0854795683514,171.5910944352418,171.74765014648438,57326700
2014-12-29,171.56637960947597,172.18435475092608,171.50046075232626,171.97836303710938,79643900
2014-12-30,171.5581164182668,171.68994153827708,170.98132965569243,171.0554962158203,73540800
2014-12-31,171.37685241689863,171.54164325577312,169.23453379332477,169.35812377929688,130333800
2015-01-02,170.05028038689574,170.46226380671263,168.23754328151247,169.2675018310547,121465900
2015-01-05,168.22937994601787,168.39417086973643,165.90579900428042,166.21066284179688,169632600
2015-01-06,166.51544561016888,167.03454871125808,163.85403639825103,164.64505004882812,209151400
2015-01-07,165.9633863814453,167.03454570394203,165.518449854762,166.69671630859375,125346700
2015-01-08,168.097518405351,169.86905515983162,168.0810481162275,169.65481567382812,147217800
2015-01-09,170.06678156629934,170.0832644264525,167.68551747007763,168.29525756835938,158567300
2015-01-12,168.42714964414756,168.58370543426625,166.37546665261877,166.97695922851562,144396100
2015-01-13,168.18810419723846,169.3086995814917,165.21358345782082,166.50721740722656,214553300
2015-01-14,164.5049630452742,165.69972493771155,163.61508998446124,165.50196838378906,192991100
2015-01-15,166.13645505534498,166.44955393727855,163.8705460123544,163.98590087890625,176613900
2015-01-16,163.77986825498394,166.29296926246528,163.5985945709863,166.13641357421875,211879600
2015-01-20,166.77091419250849,167.0345896649275,164.9334713202657,166.4907684326172,130991100
2015-01-21,166.02936828478605,167.8091402128895,165.56794872699774,167.33123779296875,122942700
2015-01-22,168.08099434477484,169.95138995385025,166.71320642071078,169.81956481933594,174356000
2015-01-23,169.564119738954,169.8195600042842,168.75663580723023,168.8884735107422,117516800
2015-01-26,168.67428432824417,169.37464871062735,167.96567222959058,169.2840118408203,92009700
2015-01-27,167.24053422499344,168.18809096957068,166.22705863091088,167.051025390625,134044600
2015-01-28,168.22929169842698,168.3281636862448,164.71919783080995,164.90870666503906,168514300
2015-01-29,165.10647263163597,166.68848739063924,163.7057190030601,166.4330596923828,173585400
2015-01-30,165.2631228964334,166.58146299689412,164.07660800509876,164.34027099609375,197729700
2015-02-02,164.83461286717392,166.46606412560314,163.03012299413967,166.37542724609375,163107000
2015-02-03,167.26530627751242,168.78965030470357,166.8945236303613,168.78140258789062,124212900
2015-02-04,168.02333226827574,169.2263294995467,167.68550281472338,168.13868713378906,134306700
2015-02-05,168.79785059929478,169.9843648834055,168.72369659972196,169.83604431152344,97953200
2015-02-06,170.19858072859728,170.75888469217193,168.84727567528097,169.3663787841797,125672000
2015-02-09,168.72370752551697,169.44055471328016,168.2046043494196,168.6083526611328,87219000
2015-02-10,169.63836439661247,170.66007563732708,168.64959373783665,170.40464782714844,96164200
2015-02-11,170.23986181700758,170.93199123991474,169.5971684139164,170.50352478027344,91087800
2015-02-12,171.2945034509588,172.2008722029331,170.53645530055257,172.1431884765625,97545900
2015-02-13,172.26676666191346,172.90121212565114,172.0113263605628,172.85177612304688,93670400
2015-02-17,172.53865049954948,173.29671105298593,172.29147050683778,173.12367248535156,76968200
2015-02-18,172.7529322401473,173.21435176988413,172.4892567530181,173.14019775390625,80652900
2015-02-19,172.54688600169723,173.37908792130824,172.4068131581628,173.01654052734375,91462500
2015-02-20,172.60452868081467,174.1288719979172,171.98655369918927,174.05471801757812,140896400
2015-02-23,173.80760046355132,174.0300750732422,173.42857011269794,174.0300750732422,74411100
2015-02-24,173.95596618674767,174.72226228641233,173.65933746635213,174.52450561523438,72472300
2015-02-25,174.4008166310965,174.8787188858132,174.03826922595033,174.3760986328125,73061700
2015-02-26,174.28547509764192,174.4420308138925,173.56861537442805,174.1701202392578,72697900
2015-02-27,174.07126168817862,174.33493715975217,173.52745303035053,173.57688903808594,108076000
2015-03-02,173.6757241148662,174.7304006313667,173.62628811764523,174.6727294921875,87491400
2015-03-03,174.24426499906545,174.7221672649512,173.0989516184424,173.95587158203125,110325800
2015-03-04,173.36257648254954,173.43674303562167,172.2584641995036,173.22250366210938,114497200
2015-03-05,173.54391927618923,173.6922398686798,172.90947376137532,173.41209411621094,76873000
2015-03-06,172.5551595887865,172.98362592918326,170.64356277570667,170.97314453125,188128000
2015-03-09,171.17086154416938,172.03601659558407,171.01430584603222,171.6817169189453,89818900
2015-03-10,170.32221566618426,170.40460481846046,168.85554291190695,168.89674377441406,157121300
2015-03-11,169.15216429988467,169.32520288593318,168.41883424041714,168.50123596191406,110145700
2015-03-12,169.12747624118268,170.70949150665908,169.07804022862712,170.64358520507812,93993500
2015-03-13,170.37162249544068,171.327414449138,168.56713315220063,169.5970916748047,162410900
2015-03-16,170.32223797593045,171.9536892484566,169.62186093978443,171.86305236816406,136099200
2015-03-17,171.129667776224,171.731160023628,170.54464581255363,171.35214233398438,94510400
2015-03-18,170.88250948225874,174.07950535057307,170.24805139470664,173.41209411621094,228808500
2015-03-19,173.00010882563075,173.4203274499487,172.2338130133591,172.62107849121094,117917300
2015-03-20,173.56541124859362,174.64962400770247,173.38332836688056,174.14476013183594,177715100
2015-03-23,174.15307511417527,174.72415223637307,173.8054656982422,173.8054656982422,71784500
2015-03-24,173.68130020424437,174.1364948299341,172.7626137919206,172.82882690429688,77805300
2015-03-25,173.0357187365326,173.26745828942722,170.25483147293886,170.29620361328125,159521700
2015-03-26,169.6341028800728,170.8010725816422,168.93887157179836,169.8906707763672,153067200
2015-03-27,169.77479920123068,170.45346143952418,169.5844317850146,170.2796630859375,118939000
2015-03-30,171.30595823876573,172.65502362744044,171.2894144315767,172.35707092285156,96180400
2015-03-31,171.5376700193974,172.23290130330517,170.79279469310998,170.85072326660156,126768700
2015-04-01,170.81765912889423,170.8424874697604,169.26168241402135,170.24658203125,137303600
2015-04-02,170.18033393458242,171.3059314616564,169.99825105308088,170.8590087890625,86900900
2015-04-06,169.9735386783423,172.5226881296115,169.8411250068888,172.00955200195312,114368200
2015-04-07,172.03429588521888,172.7791713582683,171.521160009512,171.55426025390625,81236300
2015-04-08,171.77770943669464,172.57224150514753,171.38871530546015,172.1335906982422,89351900
2015-04-09,171.96804608084307,173.1267438203654,171.47973864981995,172.89500427246094,85548900
2015-04-10,173.14334319558077,173.87994679029248,172.94471646460497,173.83856201171875,72722900
2015-04-13,173.69785396671355,174.32687225591252,173.0026351902037,173.0522918701172,74436600
2015-04-14,172.8536695025583,173.56544473324718,172.23293573028985,173.38336181640625,75099900
2015-04-15,173.84674327717352,174.66610331345922,173.76397376919238,174.16123962402344,99529300
2015-04-16,173.8302828008532,174.61654304525962,173.63164344936558,174.11167907714844,68934900
2015-04-17,172.9280610373137,173.16807240947233,171.33070042655433,172.1086883544922,191113200
2015-04-20,173.02742791947463,174.0123272979256,172.94467101293785,173.6812744140625,92189500
2015-04-21,174.35995399162735,174.51720854723484,173.17642781644966,173.47438049316406,72559800
2015-04-22,173.81371006782535,174.50894141841778,172.89502367522857,174.3268585205078,78264600
2015-04-23,173.92960385636235,175.41109558208242,173.81373405341733,174.76553344726562,102585900
2015-04-24,175.1793202979641,175.43588819302647,174.72411308308304,175.17103576660156,61327400
2015-04-27,175.73390401168038,175.85804573814303,174.25241205528846,174.44277954101562,79358100
2015-04-28,174.41790446824817,175.04691009525052,173.25092203668677,174.99725341796875,86863500
2015-04-29,174.1116825690308,174.87311448837966,173.47440498267443,174.2772216796875,125684900
2015-04-30,173.7060613703893,174.09505536213808,171.83557639844292,172.5308074951172,161304900
2015-05-01,173.30882416225984,174.44270617883703,173.20951082285615,174.4013214111328,103399700
2015-05-04,174.8234363177781,175.47728288946385,174.71585106370867,174.89793395996094,70927200
2015-05-05,174.6578918458168,175.01378569865037,172.75430616329453,172.89500427246094,113326200
2015-05-06,173.4412512361962,173.747475786797,171.12384315058932,172.1832275390625,135060200
2015-05-07,172.08390294042215,173.29226988854677,171.75285007650547,172.8701629638672,88244900
2015-05-08,174.53376057319656,175.3448490392088,174.4509910316435,175.14620971679688,155877300
2015-05-11,175.10487809661078,175.36971795892208,174.23584822463388,174.31033325195312,75708100
2015-05-12,173.48262434692913,174.3268255659375,172.6632514612277,173.78884887695312,119727600
2015-05-13,174.19439807491344,174.8151316606903,173.5902209208373,173.82196044921875,94667900
2015-05-14,174.8317049590112,175.7255629242263,174.5585806394573,175.634521484375,95934000
2015-05-15,175.8248748779297,175.96557298770557,175.3448393469459,175.8248748779297,76510100
2015-05-18,175.6593491846397,176.61940762185802,175.59313608054563,176.37112426757812,74549700
2015-05-19,176.48698235205978,176.76010665253426,176.03177518460228,176.31317138671875,72114600
2015-05-20,176.41245032180518,176.93387048729497,175.87448635625745,176.18899536132812,76857500
2015-05-21,176.0483298650703,176.90907489499668,175.88279080301834,176.70216369628906,64764600
2015-05-22,176.32149299834063,176.73531551654153,176.21390773123392,176.28012084960938,57433500
2015-05-26,175.79177471205736,176.21388170073925,173.97095842671845,174.38478088378906,124308600
2015-05-27,174.83998698806207,176.27180914423877,174.43443643635138,176.04006958007812,93214000
2015-05-28,175.7338632910631,175.94904644335773,175.15451432037722,175.84146118164062,74974600
2015-05-29,175.77520068947507,175.81657282498261,174.48407686598608,174.74891662597656,124919600
2015-06-01,175.41108300665405,175.74213595451732,174.31858554675645,175.1048583984375,93338800
2015-06-02,174.64960356391774,175.61794643302778,174.0288699840633,174.93099975585938,91531000
2015-06-03,175.46071383801245,176.01523438986766,174.90619328615722,175.39450073242188,87820900
2015-06-04,174.6910284471704,175.3448624114101,173.59853103387678,173.9130401611328,151882800
2015-06-05,173.7640518137594,174.28547216475346,172.96123521540898,173.61508178710938,121704700
2015-06-08,173.50748019391892,173.65646284624262,172.47292404588495,172.5474090576172,89063300
2015-06-09,172.52259826660156,173.06057509560912,171.89359261101387,172.52259826660156,105034700
2015-06-10,173.28400959901603,174.97241227621174,173.2260810227127,174.59169006347656,134551300
2015-06-11,175.03037142217224,175.53523540720437,174.79863181876678,175.15452575683594,73876400
2015-06-12,174.33511048163183,175.03032912383966,173.5405658699242,173.81369018554688,135382400
2015-06-15,172.67986871773456,173.35025921087504,171.976365349283,173.06886291503906,124384200
2015-06-16,172.9198470045364,174.0951139038621,172.74604864356712,174.01234436035156,85308200
2015-06-17,174.29376220703125,174.89795216606163,173.27576236573117,174.29376220703125,126708600
2015-06-18,174.88966878237264,176.5697871782919,174.3268762253908,176.10630798339844,165867900
2015-06-19,175.86505635081244,175.93990365305393,174.9502136891323,175.324462890625,130478700
2015-06-22,176.23935425368018,176.80488428060616,176.0147995946178,176.22271728515625,70696000
2015-06-23,176.43064530172998,176.6801490830367,175.95659953850776,176.34747314453125,68476800
2015-06-24,176.08136621074453,176.45561558246334,175.04177757247513,175.0667266845703,92307300
2015-06-25,175.5657154739561,175.69046102105045,174.45959175865744,174.53443908691406,97107400
2015-06-26,174.8920791171654,175.13327080009117,173.95229956970314,174.50120544433594,104174800
2015-06-29,173.02912582620755,174.50949894918622,170.76698006047354,170.84182739257812,202621300
2015-06-30,172.37206314597526,172.42197404736314,170.7253587282307,171.1994171142578,182925100
2015-07-01,172.76298179166304,173.01248558425087,171.78992842183146,172.5717010498047,135979900
2015-07-02,173.04575899493275,173.21209062605203,171.99784560733022,172.41368103027344,104373700
2015-07-06,171.13287379186576,172.69640598984356,170.93326826667652,171.92295837402344,117975400
2015-07-07,172.12259662024158,173.12891119494245,169.75232973288658,173.00416564941406,173820200
2015-07-08,171.673419201814,171.95618411974607,169.86869578049308,170.1015625,164020100
2015-07-09,172.18909176169095,172.4469203319704,170.30120845774883,170.40931701660156,144113100
2015-07-10,172.39697324952152,172.97082792792378,170.45086731516287,172.55499267578125,129456900
2015-07-13,173.81090769210834,174.56771857403146,173.76932160863564,174.45960998535156,106069400
2015-07-14,174.41795770772453,175.5240811187957,174.35973467490103,175.2163543701172,81709600
2015-07-15,175.25795376645004,175.71537516525748,174.68409898342682,175.1581573486328,97914100
2015-07-16,176.20606518957223,176.56369018554688,175.96488627297958,176.56369018554688,106683300
2015-07-17,176.5553594498472,176.77160194399303,176.14784894679494,176.71337890625,89030000
2015-07-20,176.93794096279018,177.2955532715179,176.48884436968999,176.80487060546875,70446800
2015-07-21,176.67185339549778,176.92968204922738,175.80692119329044,176.1063232421875,77965000
2015-07-22,175.42426982254415,176.12288275625107,175.39100858298002,175.7902069091797,88667900
2015-07-23,175.92329760142377,176.0230940219481,174.44292480897113,174.800537109375,90509100
2015-07-24,174.9003790266702,174.95858938613225,172.65487031166467,172.98753356933594,117755000
2015-07-27,172.10591359794236,172.61323316448957,171.54037099886844,171.9811553955078,132361100
2015-07-28,172.8128631006647,174.23502569603966,171.98951716307448,174.09364318847656,123544800
2015-07-29,174.21842764747723,175.51583230345972,174.07704510832954,175.29129028320312,105791300
2015-07-30,174.78390378320347,175.4991410372666,174.16846294449763,175.3328094482422,91304400
2015-07-31,175.8318623995017,175.85681151159687,174.78396162063086,175.0667266845703,103266900
2015-08-03,175.03341153626167,175.09162188312953,173.5280769917199,174.47618103027344,113965700
2015-08-04,174.40135142619573,174.8587728706928,173.65285283722847,174.13522338867188,81820800
2015-08-05,175.02511746137847,175.74035485755985,174.4263134696783,174.70909118652344,85786800
2015-08-06,174.8920408655341,175.00016212666623,172.69643053750892,173.2786102294922,116030800
2015-08-07,173.1206251082429,173.27031978540452,172.047762494086,172.9459686279297,117858000
2015-08-10,174.0520006230481,175.20802210644013,174.0520006230481,175.12486267089844,80270700
2015-08-11,173.79430366252504,174.2101391954898,172.78797608902119,173.5447998046875,126081400
2015-08-12,172.24734809884168,173.9356388880229,170.79192412952753,173.75267028808594,172123700
2015-08-13,173.5946178194664,174.27659386972576,172.9958139134832,173.53640747070312,89383300
2015-08-14,173.34512893495634,174.2433348709196,173.2037464297985,174.16848754882812,72786500
2015-08-17,173.5780081437894,175.14154052734375,173.12058669236848,175.14154052734375,79072600
2015-08-18,174.86708309773934,175.2163832814577,174.4013495194482,174.63421630859375,71692700
2015-08-19,173.89407010012215,174.6592058258124,172.44697081708915,173.25369262695312,172946000
2015-08-20,171.74831758337973,173.22869046496726,169.57765647426504,169.63587951660156,194327900
2015-08-21,167.7729763340102,169.6109747078585,164.27164875894206,164.5294647216797,346588500
2015-08-24,155.92996972210037,164.23835325792018,151.69675551920068,157.60162353515625,507244300
2015-08-25,162.5334499383422,162.55008691085632,155.4559346234486,155.7470245361328,369833100
2015-08-26,159.74734952482893,162.00117057885222,156.66184487254927,161.7267303466797,339257000
2015-08-27,163.85579140320547,165.85179633033704,162.35046922286938,165.72705078125,274143900
2015-08-28,165.08663417206137,166.20106986589136,164.604263642578,165.73533630371094,160414400
2015-08-31,164.76226889448333,165.61057648973326,163.84742612604842,164.39633178710938,163298800
2015-09-01,160.6122805745164,161.98454517734268,158.62458762583853,159.48953247070312,256000400
2015-09-02,161.85980325873365,162.5584165317006,160.0301296273173,162.51683044433594,160269300
2015-09-03,163.2237189520738,164.71241690293388,162.14255698274914,162.63323974609375,152087800
2015-09-04,160.38772080389563,161.22770375359238,159.35644443086744,160.17147827148438,207081000
2015-09-08,162.95752012412555,164.3464083390501,162.31713028457384,164.1967010498047,116025700
2015-09-09,165.76856223414876,165.89330772707694,161.63515903133933,162.00108337402344,149347700
2015-09-10,161.80985857660508,164.02210581026137,161.55204267536854,162.88272094726562,158611100
2015-09-11,162.4918368070718,163.6894447293928,161.7849115864469,163.62290954589844,119691200
2015-09-14,163.7975654478636,163.84746366661327,162.53342224828344,163.0157928466797,79452000
2015-09-15,163.51479446591247,165.4941750062351,162.97421352873837,165.0533905029297,113806200
2015-09-16,165.35282639557673,166.6751801766029,165.01183825623033,166.48388671875,99581600
2015-09-17,166.35081079923904,168.73770213278615,165.73536978756877,166.109619140625,276046600
2015-09-18,163.61249308192924,166.0953850699589,162.98549719208262,163.39512634277344,223657500
2015-09-21,164.22277848965334,165.25940361212471,163.19450872078528,164.239501953125,105726200
2015-09-22,162.0826634879932,162.5675419655963,160.97914431353087,162.1077423095703,153890900
2015-09-23,162.274924463002,162.74307943304234,161.27173341916327,161.84857177734375,92790600
2015-09-24,160.6363250984917,161.723120411968,159.30709701235185,161.26332092285156,159378800
2015-09-25,162.71790527976563,163.018863692217,160.35204024004548,161.2214813232422,155054800
2015-09-28,160.3270263658649,160.4357097343446,156.86600959913372,157.17532348632812,178515900
2015-09-29,157.39269504230808,158.62160803211773,156.2724526680415,157.2672882080078,159045600
2015-09-30,159.14823809088995,160.36879543749174,158.37076947932167,160.20159912109375,163452000
2015-10-01,160.57782662959664,160.9205874393847,158.6884836337457,160.61962890625,131079000
2015-10-02,158.64668826178934,163.04401497305727,158.10328415417325,163.01893615722656,211003300
2015-10-05,164.23945575202694,166.14552185113072,164.13077240443178,165.9197998046875,126320800
2015-10-06,165.78610019265616,166.34621508818907,164.69094922107192,165.35137939453125,110274500
2015-10-07,166.27921652250876,167.0566976460152,165.09210646599206,166.70558166503906,124307300
2015-10-08,166.32112376893247,168.4947148399356,166.02016520150534,168.21047973632812,153055200
2015-10-09,168.35259329605023,168.78730129493053,167.68379507804164,168.310791015625,107069200
2015-10-12,168.38601519621844,168.67025027237352,167.95966258198578,168.46961975097656,56395600
2015-10-13,167.74226006682724,169.00461969061865,167.2406711140473,167.40786743164062,88038700
2015-10-14,167.34939663882656,167.9262349666992,166.31277147570756,166.60536193847656,99106200
2015-10-15,167.26578677357645,169.17185327783363,166.89794714007698,169.1634979248047,134142200
2015-10-16,169.56474708986744,169.94929737355176,168.80398911805145,169.93258666992188,114580100
2015-10-19,169.28890886262784,170.01622009277344,168.97959493831587,170.01622009277344,76523900
2015-10-20,169.5814741668147,170.40910048332756,169.3306732881316,169.798828125,78448500
2015-10-21,170.21684441749224,170.3673173078115,168.5782895485198,168.74549865722656,102038000
2015-10-22,169.69017062421008,171.80523582065535,168.74550545453735,171.5962371826172,174911700
2015-10-23,173.2598951238568,173.84508884081438,172.46570273968103,173.4772491455078,144442300
2015-10-26,173.30164315856112,173.36015613380692,172.68300270499742,173.05084228515625,69033000
2015-10-27,172.38205574263753,173.05085386438054,172.03929495125809,172.71646118164062,77905800
2015-10-28,173.05085883359754,174.70612434633904,172.39042880152962,174.68104553222656,135906700
2015-10-29,174.1794452380082,174.9485585857048,174.0624065276253,174.58071899414062,90525500
2015-10-30,174.77300119377614,175.0906831731745,173.66949513082187,173.8283233642578,131076900
2015-11-02,174.1544158782471,176.07719341534738,174.0290090239147,175.88491821289062,86270800
2015-11-03,175.53373275768294,176.94656523463198,175.30801071391454,176.39480590820312,95246100
2015-11-04,176.68744138730514,176.812835458884,175.3247662802512,175.85980224609375,96224500
2015-11-05,175.9182967735865,176.37809624824874,174.7980673307819,175.68421936035156,78408700
2015-11-06,175.34146652871556,175.82634480173434,174.27139473869553,175.59225463867188,110471500
2015-11-09,174.98203570250067,175.1325213706537,173.00908784585152,173.95376586914062,131008700
2015-11-10,173.47722939150313,174.3884731715726,173.20971776118415,174.3550262451172,75874600
2015-11-11,174.62255849313092,174.67271612880728,173.60264404682746,173.66952514648438,67846000
2015-11-12,172.6328404097794,173.10099522412602,171.22837596673946,171.24508666992188,121315200
2015-11-13,170.8354720810577,171.10298367355642,169.23871960957644,169.3223114013672,153577100
2015-11-16,169.13838458610218,171.9556814897679,169.0213331300039,171.89715576171875,117645200
2015-11-17,172.20654085384277,173.0843250227058,171.2785862912092,171.77182006835938,121123700
2015-11-18,172.24831912597872,174.63926415551094,172.2065296016327,174.4971466064453,121342500
2015-11-19,174.38006807423167,174.76463110931041,174.05403076990362,174.3466339111328,88220500
2015-11-20,175.09898753356046,175.6591021324671,174.60575400327454,174.98194885253906,94011500
2015-11-23,175.04057416237256,175.54216332802324,174.32161821096648,174.7814178466797,64931200
2015-11-24,173.7781457824055,175.41670036198724,173.3935955153303,175.0154266357422,98874400
2015-11-25,175.14084458837866,175.3414878570116,174.7312026985185,174.99037170410156,51980100
2015-11-27,175.08235665055602,175.39168335101303,174.60584632453964,175.1910400390625,37317800
2015-11-30,175.34982082311038,175.466859525805,174.35498547207507,174.4636688232422,112822700
2015-12-01,175.09064878828954,176.24432500795177,174.81476913766335,176.1272735595703,97858400
2015-12-02,176.07713550346458,176.39481745576794,174.0791094084104,174.3299102783203,108441300
2015-12-03,174.58074318982835,174.84825481223766,171.1698838993245,171.8888397216797,166224200
2015-12-04,171.88887666787176,175.5338141950342,171.88887666787176,175.2412109375,192913900
2015-12-07,174.9151251015423,175.33312235019997,173.21805729249317,174.17945861816406,102027100
2015-12-08,172.6244677095961,174.12924724554944,172.030906143462,173.00901794433594,103372400
2015-12-09,172.37373224132259,174.45535067510497,170.69337489596222,171.6631317138672,162401500
2015-12-10,171.7299909343548,173.41033530936133,171.4959134917548,172.10618591308594,116128900
2015-12-11,169.99948174751887,170.65991177061034,168.46124221736738,168.77056884765625,211173300
2015-12-14,168.92944195314212,169.74871312337578,167.15712465335616,169.62330627441406,182385200
2015-12-15,171.12802051308915,172.30677546770693,169.59814950403927,171.40390014648438,154069600
2015-12-16,172.5241572691842,174.2128694997998,171.21165271708713,173.9119110107422,197017000
2015-12-17,174.22125585920915,174.2881369527101,171.2451173578712,171.2618408203125,173092500
2015-12-18,170.52342095139647,170.65796634406743,168.0509681065447,168.21075439453125,251393500
2015-12-21,169.37974112973552,169.77499798712034,168.2696547646083,169.598388671875,99094300
2015-12-22,170.48148018284414,171.4317806163272,169.49754658748145,171.13743591308594,111026200
2015-12-23,172.13813080808546,173.298673375871,172.04562360583907,173.25662231445312,110987200
2015-12-24,173.00424227866134,173.51723417423386,172.7519488684792,172.97059631347656,48539600
2015-12-28,172.28107962141735,172.61746242002613,171.50738891887218,172.57542419433594,65899900
2015-12-29,173.66865172260543,174.74509193431496,173.63501858006805,174.4171142578125,92640700
2015-12-30,174.17328995206796,174.2573920814353,173.03797536652527,173.18093872070312,63317700
2015-12-31,172.50816240776243,173.14729492223373,171.4485321044922,171.4485321044922,114877900
2016-01-04,168.6060904875054,169.06020866980782,167.00823968804477,169.0518035888672,222353500
2016-01-05,169.3713101473091,169.79179504125196,168.23600863297176,169.33767700195312,110845800
2016-01-06,166.79793965461604,168.24440867303812,166.17563024281182,167.2016143798828,152112600
2016-01-07,164.2666411794823,166.04108806372946,162.80334903123807,163.19020080566406,213436100
2016-01-08,164.14890067657436,164.70394383566386,161.11299912311821,161.39892578125,209817200
2016-01-11,162.31561420091603,162.6520098984036,159.63293069448645,161.55874633789062,187941300
2016-01-12,162.99678665271762,163.61069106589846,160.74298072437495,162.8622283935547,172330500
2016-01-13,163.52653806983724,163.87133868960044,158.42185921075088,158.80029296875,221168900
2016-01-14,159.40584897331868,162.5258401527385,157.8164163570412,161.4073486328125,240795600
2016-01-15,157.06796280692814,158.74148481243708,156.01675035836897,157.94256591796875,324846400
2016-01-19,159.75065206514014,159.8767924205954,156.58859694511347,158.15280151367188,195244400
2016-01-20,155.60465563792062,157.68185226499943,152.232371043732,156.1260528564453,286547800
2016-01-21,156.5970550897379,158.8340259050222,155.27672581323577,157.00071716308594,195772900
2016-01-22,159.59920499422412,160.4233515851136,158.84233750922849,160.22152709960938,168319600
2016-01-25,159.71695507171808,159.91037449903592,157.6061258607681,157.79954528808594,130371700
2016-01-26,158.45554350978819,160.22999047278762,158.11916069010894,159.9524688720703,141036800
2016-01-27,159.43104294630774,161.0961594186248,157.31179563378987,158.21163940429688,185681700
2016-01-28,159.75065722654782,159.952481801797,157.39593880190375,159.03582763671875,143798800
2016-01-29,159.80110316157138,163.0472474720097,159.68336788946976,162.91268920898438,210529300
2016-02-01,161.9119537618643,163.63594483563136,161.3316824062476,162.8538360595703,136061600
2016-02-02,161.43255607374383,161.44096115151413,159.3973980215029,159.91880798339844,182564900
2016-02-03,160.97004015467195,161.28119488917497,157.34546219740864,160.87753295898438,205054900
2016-02-04,160.38129840321832,162.0968705307717,159.7505712805305,161.1297607421875,139531800
2016-02-05,160.61688963131533,161.18874315984968,157.42960565491248,158.06033325195312,180788300
2016-02-08,156.22699232255783,156.5213241078544,153.7293105266084,155.93264770507812,191526700
2016-02-09,154.2002692220299,157.21094354754484,154.06571093400825,155.94107055664062,184513100
2016-02-10,156.76520850756006,158.3882743210522,155.68035010646386,155.80650329589844,148214100
2016-02-11,153.34244670274717,154.82256192212859,152.29123433997384,153.77975463867188,219058900
2016-02-12,155.54582267609098,156.9670512503249,154.70485264457105,156.9502410888672,127632400
2016-02-16,158.74991384209693,159.6245170143872,157.79120853515886,159.5992889404297,120250700
2016-02-17,160.75981426882714,162.57631239023576,160.63366108051162,162.20628356933594,136009500
2016-02-18,162.47539305872573,162.53426711513927,161.23076111589208,161.5419158935547,102343000
2016-02-19,160.76821050040357,161.6175854600442,160.1627111599252,161.46621704101562,114793000
2016-02-22,163.0387916416724,163.94704045758385,162.97151252580716,163.8040771484375,103640300
2016-02-23,163.14814417523996,163.41726067559446,161.61757295188102,161.73532104492188,111455300
2016-02-24,160.31414669779016,162.75295504398673,159.21247783453202,162.47543334960938,150812200
2016-02-25,162.9210234731991,164.4515941774253,162.16415602898007,164.44317626953125,110728300
2016-02-26,165.30947943673962,165.40197381805424,163.90504824121246,164.06483459472656,129833700
2016-02-29,164.08162778086034,165.02350990560976,162.5847024759486,162.7781219482422,125918100
2016-03-01,163.99757134874878,166.68868588145074,163.52663015518146,166.60458374023438,141799700
2016-03-02,166.29340978015458,167.40348348979975,165.88132986710897,167.35302734375,102415000
2016-03-03,167.17642249798746,168.02581041995487,166.6045690511275,168.0089874267578,95172200
2016-03-04,168.20236673015884,169.32927602568247,167.37821991107634,168.55557250976562,129293600
2016-03-07,167.63895778143177,169.09384512981356,167.5632735606768,168.69017028808594,100219000
2016-03-08,167.62210744243106,168.12668162537113,166.68863044698392,166.84840393066406,123974900
2016-03-09,167.65573865661608,168.0173495086141,166.8736300754085,167.6725616455078,94801200
2016-03-10,168.16031697624254,169.09379391269633,165.99061347983155,167.80709838867188,156838700
2016-03-11,169.25360551473076,170.55711148824372,167.7903260316421,170.5150604248047,137964500
2016-03-14,170.01050576225705,170.75055066894302,169.6825279611094,170.2964324951172,73612000
2016-03-15,169.33770678601047,170.32164007103475,169.07700815906168,170.01889038085938,93169100
2016-03-16,169.53955853525943,171.4065129772771,169.49750746847482,171.00283813476562,129303200
2016-03-17,170.91872933889795,172.5922512492663,170.5234724541356,172.08767700195312,134278500
2016-03-18,172.5863958012671,173.10203378785332,172.2736362170376,172.763916015625,138372400
2016-03-21,172.50185659245642,173.2372697720266,172.2736200235548,173.009033203125,72926700
2016-03-22,172.2398129731797,173.482415751694,172.07921541878494,172.9160614013672,97471900
2016-03-23,172.53568908181504,172.72165773645887,171.605845808596,171.77491760253906,81052500
2016-03-24,170.752036408349,171.7325957526377,170.53226120291723,171.6987762451172,84360900
2016-03-28,172.1130067420519,172.32433355093423,171.35223538942148,171.8002471923828,62408200
2016-03-29,171.39449392325025,173.4993136259978,171.0901827963273,173.38941955566406,92922900
2016-03-30,174.38689252345583,174.86871096060034,173.78671868598366,174.15020751953125,86365300
2016-03-31,174.05722364175384,174.4798772781633,173.566943875715,173.72755432128906,94584100
2016-04-01,172.738547229676,175.09694885743517,172.42577476626965,174.91098022460938,114423500
2016-04-04,174.83491480390006,175.03779320441413,174.04032385817757,174.34463500976562,63497000
2016-04-05,173.00901531062104,174.3530506026861,172.34967675608485,172.603271484375,99662200
2016-04-06,172.60326521738432,174.54747419919903,172.42574504451764,174.48829650878906,91839800
2016-04-07,173.40636958830012,173.7613971691095,171.67348673801288,172.40045166015625,113859000
2016-04-08,173.5754115375483,174.00652654940822,172.33280867695225,172.8653564453125,95040600
2016-04-11,173.49931906851236,174.19247722872257,172.36661040990907,172.4595947265625,83757500
2016-04-12,172.62866916231863,174.3446420620173,172.18910572594083,174.06568908691406,115350600
2016-04-13,174.97860629741962,175.90844946124486,174.84335403752408,175.82391357421875,96336400
2016-04-14,175.88306568963674,176.33107744930012,175.48577029546527,175.83233642578125,65212900
2016-04-15,175.83238706052995,175.96763933969962,175.31674903226698,175.63796997070312,75761600
2016-04-18,175.6379162149449,176.90587692276193,174.97857767874913,176.8720703125,82531000
2016-04-19,177.29481430255404,177.68364856150757,176.6185656671572,177.4300537109375,88316100
2016-04-20,177.47224098298489,178.29218998463625,176.99887102293133,177.5990447998047,81100300
2016-04-21,177.61595805683808,177.72585212855617,176.37335534777992,176.64385986328125,85695000
2016-04-22,176.28883236045968,176.91435148041737,175.74783622782223,176.64385986328125,99251700
2016-04-25,176.04372158929198,176.38185230196618,175.4350992048462,176.33958435058594,66166500
2016-04-26,176.70305629744485,177.1088131433343,176.12825344665276,176.60162353515625,75864200
2016-04-27,176.221228535998,177.35393731670564,175.8662009882404,176.96510314941406,77329400
2016-04-28,176.21274680920294,177.31163586436776,174.94478599321482,175.35897827148438,97216200
2016-04-29,174.7419313037964,175.08851040274934,173.313359860416,174.41226196289062,142424100
2016-05-02,174.91096307443323,175.97604549570423,174.47986104880636,175.7985382080078,62188000
2016-05-03,174.57289639990015,174.80958145160974,173.52471052920916,174.26858520507812,106422100
2016-05-04,173.27953563715295,174.00650037892598,172.79770431951002,173.2964324951172,92243800
2016-05-05,173.76134717440914,174.1163746530698,172.8399654156209,173.2626190185547,67619200
2016-05-06,172.49342360262426,173.93890491198147,172.3412744639378,173.89663696289062,89315000
2016-05-09,173.769822100806,174.47141578602287,173.59230189840062,174.04031372070312,74374900
2016-05-10,174.74192194397955,176.22120968389922,174.67429581377937,176.2042999267578,77472200
2016-05-11,175.7478249814253,176.2803597523973,174.55593872070312,174.55593872070312,81727000
2016-05-12,175.2237755385305,175.39284734713166,173.60078678323023,174.60670471191406,89586300
2016-05-13,174.31080402981107,174.86024855249067,172.76389030030523,173.08509826660156,96474600
2016-05-16,173.25416543608657,175.26598775531772,173.19498774222131,174.79261779785156,77486800
2016-05-17,174.52216978193292,174.80957119952959,172.63712501144184,173.16122436523438,114924900
2016-05-18,172.81460339390608,174.3868752778416,172.12990663609554,173.21189880371094,120062100
2016-05-19,172.49341286002985,172.89915676962522,171.41142050219796,172.61175537109375,115430500
2016-05-20,173.22037809893678,174.21784746460355,173.16966172241183,173.70220947265625,104990400
2016-05-23,173.71908172463347,173.9980346543722,173.27953125810387,173.4654998779297,58682600
2016-05-24,174.27696971425914,176.02676166728398,174.25161153218892,175.7139892578125,93537800
2016-05-25,176.39030675585562,177.32015012450003,175.71405820578408,176.90594482421875,76621400
2016-05-26,177.04113988222556,177.26937643499647,176.64384447118013,176.95660400390625,55280700
2016-05-27,177.11726379687676,177.72588617498153,177.06654741509595,177.71743774414062,64211200
2016-05-31,177.98792534270186,178.09781943295886,176.82139699495033,177.37930297851562,109879400
2016-06-01,176.7707017382697,177.92032046373686,176.5762846232009,177.74281311035156,69936200
2016-06-02,177.3454608924536,178.30064929932263,176.8720909034982,178.28375244140625,63044700
2016-06-03,177.72584725899813,178.09778450843905,176.5508707110088,177.75120544433594,101757100
2016-06-06,178.10627363046353,179.0107587753813,177.94566315438522,178.65573120117188,64887000
2016-06-07,178.80784042031084,179.4925372247059,178.78248223484178,178.93463134765625,60974800
2016-06-08,179.06987152322824,179.64468711793805,178.94308060443555,179.51788330078125,66170900
2016-06-09,178.79094999932,179.39112388317923,178.52045835894236,179.2727813720703,73786900
2016-06-10,177.9033692622777,178.24148700246033,177.03269092949563,177.57369995117188,113829200
2016-06-13,176.97353264712376,177.8272883564658,176.1197769377817,176.2042999267578,117751200
2016-06-14,175.82392043367116,176.44945248631808,174.9109869913078,175.85772705078125,125059300
2016-06-15,175.85769749026315,176.9735091428242,175.4265954781539,175.61256408691406,109124500
2016-06-16,175.61260180337405,176.3057600209619,173.78673483342055,176.13668823242188,149533100
2016-06-17,176.033014798285,176.05850485768823,174.82643777990978,175.480712890625,117055700
2016-06-20,177.43502243949953,178.1062822399764,176.52583382287239,176.61080932617188,82789600
2016-06-21,176.9932094086812,177.52002133379412,176.5513600388268,177.11216735839844,72461700
2016-06-22,177.29058387712084,178.0128368500405,176.67879647935067,176.82325744628906,95560500
2016-06-23,178.27622758011506,179.17691090402317,177.81739355365994,179.1259307861328,102731400
2016-06-24,173.02506353276226,179.15992155939594,172.2518305235005,172.6936798095703,333444400
2016-06-27,171.2916855752167,171.30019090612234,168.7935557923299,169.6007843017578,230775800
2016-06-28,171.19817759408187,172.6851580246095,170.89228395832714,172.65966796875,159382400
2016-06-29,174.0532194520448,175.8290962229699,173.95125920581162,175.5996856689453,137328600
2016-06-30,176.06700220207614,178.04679920829113,175.51468735402474,177.99581909179688,165021900
2016-07-01,177.99584892144873,178.85405757773114,177.8344032151998,178.36972045898438,106055300
2016-07-05,177.54542751278603,177.65589304441949,176.49180416036108,177.0865936279297,109803700
2016-07-06,176.59387530862622,178.2677921967639,175.93960000053758,178.14883422851562,96021500
2016-07-07,178.32716495205887,178.9899322566486,177.2735415270387,178.03826904296875,85593800
2016-07-08,179.32985951637392,180.9357980149797,179.10043602644689,180.6893768310547,133971000
2016-07-11,181.14824498624836,181.89598802426735,180.94431153075868,181.32667541503906,73633900
2016-07-12,182.28687916043364,182.94115444391744,181.3522001840282,182.6437530517578,101275600
2016-07-13,183.060089723762,183.06858208960585,182.13391619446537,182.6182403564453,87324100
2016-07-14,183.87576375457587,184.10518724448366,183.2469916965613,183.63784790039062,91230900
2016-07-15,184.1986337949821,184.3940618742788,182.9495692223499,183.39141845703125,107155400
2016-07-18,183.51042107944764,184.0457383025507,183.25550749866315,183.88429260253906,58725900
2016-07-19,183.4679184183314,183.73132434308258,183.22151018837002,183.6973419189453,54345700
2016-07-20,183.69733894796877,184.6999825118304,183.69733894796877,184.46206665039062,58159500
2016-07-21,184.35161712305623,184.57253529366417,183.3234705175606,183.76531982421875,67777300
2016-07-22,183.88425292035626,184.64048816870735,183.62084703105114,184.58950805664062,62787500
2016-07-25,184.38561239477139,184.436592517276,183.51041905059387,184.0882110595703,55873100
2016-07-26,183.98623625238693,184.5300457917998,183.3319611459951,184.1731719970703,70080500
2016-07-27,184.54708292342983,184.6150607510633,183.2130423663321,183.977783203125,84083900
2016-07-28,183.78230340812408,184.47906627064395,183.32346937496968,184.19017028808594,65035700
2016-07-29,183.926785012325,184.8444531816505,183.64638136291416,184.48757934570312,79519400
2016-08-01,184.5470816095191,184.9379379088227,183.88431400161755,184.33465576171875,73311400
2016-08-02,184.08821504653068,184.24116838280028,182.32084358935867,183.15354919433594,92295500
2016-08-03,183.0940835089538,183.74835875194424,182.7966951006453,183.68887329101562,53993600
2016-08-04,183.79931708712982,184.19867867175537,182.04893037942287,183.88429260253906,46585500
2016-08-05,183.8842641108608,185.43071712123862,183.8842641108608,185.3882293701172,71892200
2016-08-08,185.57518988034602,185.67716308974096,185.01439557316738,185.27780151367188,39906500
2016-08-09,185.34575458443706,185.88105875915488,185.0653509855652,185.3882293701172,51251700
2016-08-10,185.49872776314322,185.5751979494322,184.58104663134466,184.92942810058594,57941100
2016-08-11,185.45619869857288,186.0340035634325,185.19279280528247,185.78758239746094,72504300
2016-08-12,185.4816834729981,185.83857018358276,185.22678291606667,185.6261444091797,61313500
2016-08-15,185.99156095092297,186.5098804996308,185.98306858520257,186.1614990234375,49813500
2016-08-16,185.7451034123525,185.81306825097215,185.2012939453125,185.2012939453125,53213600
2016-08-17,185.23529658385354,185.68563824014774,184.40259108274523,185.5496826171875,75134300
2016-08-18,185.5241846624526,186.0000163571197,185.41373206825997,185.96603393554688,52989300
2016-08-19,185.4987247040344,185.87259622920638,185.0144005667477,185.69415283203125,75443000
2016-08-22,185.45627589418183,185.91512303159945,185.0909096231327,185.68569946289062,61368800
2016-08-23,186.29740985593588,186.59481113538277,186.00000857648902,186.0594940185547,53399200
2016-08-24,185.91501859993178,186.00848644835168,184.69144420804906,185.10780334472656,71728900
2016-08-25,184.7254941291396,185.3967670036753,184.57255375698327,184.98040771484375,69224800
2016-08-26,185.1673056494572,186.1869468185128,183.74830296966002,184.63198852539062,122506300
2016-08-29,184.7594277273904,185.80455881723432,184.7254323457634,185.54115295410156,70502200
2016-08-30,185.45622396033679,185.73662758458175,184.6830038679016,185.2353057861328,58114500
2016-08-31,184.90390893542113,185.0228668616284,183.93524783189295,184.70848083496094,85269500
2016-09-01,184.69995177120478,185.0058453943504,183.56135277161167,184.71694946289062,97844200
2016-09-02,185.566680311418,185.9745342148569,184.98038303216353,185.5496826171875,79293900
2016-09-06,185.83010051851176,186.18697433214592,185.11635289124345,186.11050415039062,56702100
2016-09-07,185.94905786137406,186.27194924834248,185.49022380686773,186.093505859375,76554900
2016-09-08,185.7621080066177,186.03401925193893,185.36274646845328,185.66864013671875,74102900
2016-09-09,184.36015443857627,184.41113456995873,181.19925663841033,181.22474670410156,221589100
2016-09-12,180.46845834859815,184.2241448580641,180.40048053816923,183.8247833251953,168110900
2016-09-13,182.55025858479638,182.81366454014253,180.56195592304442,181.18223571777344,182828800
2016-09-14,181.23313941484994,182.43122370531972,180.56187977834918,181.1141815185547,134185500
2016-09-15,180.95281320717464,183.30648191855082,180.77436981654438,182.9241180419922,134427900
2016-09-16,182.31095052162055,182.4902953051473,181.53382454216947,182.21701049804688,155236400
2016-09-19,182.86606801299845,183.5065646640157,181.92666771246473,182.25119018554688,80250500
2016-09-20,183.1052107522729,183.2589237146808,182.2255962737668,182.25975036621094,69665300
2016-09-21,182.95999648976823,184.4886426667215,182.27679749897058,184.30931091308594,110284400
2016-09-22,185.31699021745638,185.76960670869244,185.0693373005467,185.470703125,76678700
2016-09-23,185.077880755407,185.21452314433975,184.36052775991317,184.4544677734375,73630900
2016-09-26,183.62610686926803,183.80543861796872,182.7635631176334,182.95999145507812,89827300
2016-09-27,182.7977180207559,184.18972166205904,182.43049322257983,184.09579467773438,78494800
2016-09-28,184.31781785377962,185.1632779409555,183.36134723219996,185.00955200195312,87411000
2016-09-29,184.80458160763706,185.20596044958225,182.78915213586723,183.33570861816406,128070600
2016-09-30,184.16411814763177,185.41949253274157,183.9164651946017,184.71922302246094,117202900
2016-10-03,184.30931360142856,184.49718062147466,183.6431851282554,184.275146484375,83512100
2016-10-04,184.3861322416042,184.60816633315358,182.74646279471364,183.33570861816406,119948100
2016-10-05,183.95913841626216,184.57401610052685,183.89081722568446,184.1470184326172,72816000
2016-10-06,183.9250052047302,184.49718062147466,183.3869969050393,184.275146484375,62927400
2016-10-07,184.5484039938564,184.71920046104418,182.91726971570253,183.64315795898438,89788300
2016-10-10,184.59963989257812,185.06079165273607,184.45446224528888,184.59963989257812,51855000
2016-10-11,184.17259172820764,184.24091290189838,181.54228518030587,182.26817321777344,130367400
2016-10-12,182.40483593130497,183.02826182424138,181.9095171399416,182.50732421875,73866100
2016-10-13,181.18370325886667,182.40491066911792,180.37241007355325,181.9095916748047,101357000
2016-10-14,182.8831391414146,183.3443040289851,181.92666830932427,182.00352478027344,93346200
2016-10-17,181.9778809646954,182.234082196945,181.19220674181636,181.37155151367188,58275700
2016-10-18,182.95994064292233,183.01971353224343,182.13156423696174,182.50732421875,76869700
2016-10-19,182.77207602266222,183.30154893374586,182.41339956377323,182.99411010742188,66519200
2016-10-20,182.64400907845004,183.20764922249205,181.99497720499787,182.65255737304688,73639800
2016-10-21,182.65250807391106,182.82330451756917,181.69602453374557,182.73789978027344,89089100
2016-10-24,183.60900043463656,183.8822852017601,183.1649192035282,183.5150604248047,60146600
2016-10-25,183.33570992611527,183.59191112953658,182.7379158054218,182.90017700195312,66542300
2016-10-26,182.08037296255412,183.11370014460235,181.84124225159334,182.53298950195312,75705500
2016-10-27,183.25032493308078,183.2844790136868,181.9693318999274,182.0461883544922,77220200
2016-10-28,182.02056586745567,182.69521645103998,180.79935878864651,181.50816345214844,140623200
2016-10-31,181.8412330215534,182.0632801638312,181.35446242297428,181.5167236328125,61272500
2016-11-01,181.84122284602958,181.89247351279658,178.9974298098665,180.20155334472656,122781800
2016-11-02,179.89411499958456,180.2784233312652,178.68144316808676,179.1169891357422,103330800
2016-11-03,179.3305204686143,179.54401934448634,178.0239083907524,178.29718017578125,88939300
2016-11-04,178.4081926675561,179.24510456027213,177.95557612132646,178.1007537841797,109122100
2016-11-07,178.10069797102224,182.06323509779662,178.10069797102224,182.02906799316406,109794900
2016-11-08,181.63631167367112,183.41262394284482,181.3715751438649,182.84898376464844,106772100
2016-11-09,181.36306648679533,185.40247561577013,181.33744765772704,184.78759765625,258429000
2016-11-10,185.5732254640675,186.43575623122027,183.7969132535792,185.2487030029297,172113300
2016-11-11,184.53134571272258,185.06081874280605,183.88231383613845,184.8217010498047,100552700
2016-11-14,185.34264854530025,185.54761216331917,184.2239164876894,184.96688842773438,94580000
2016-11-15,185.35116668357506,186.41012573242188,185.14621611543055,186.41012573242188,91652600
2016-11-16,185.7952457984158,186.2905647172134,185.67568695808095,186.0599822998047,65617700
2016-11-17,186.21369124955535,187.07622187385005,186.10266768262042,187.01644897460938,69797200
2016-11-18,187.08479086709053,187.2555873521638,186.4186624227128,186.59800720214844,86265800
2016-11-21,187.17016824377677,188.03269889737496,187.0249905910485,188.007080078125,72402600
2016-11-22,188.3145274195932,188.55364509731695,187.64841202722897,188.3743133544922,67429000
2016-11-23,187.86189841231175,188.52801376045227,187.66548312527937,188.47677612304688,56620200
2016-11-25,188.81837125729808,189.21120180882446,188.7415017746651,189.1770477294922,37872300
2016-11-28,188.86961827830604,189.1428900193489,188.18641937929613,188.2888946533203,76572500
2016-11-29,188.32302454762765,189.10869856539156,188.0241210162149,188.6560821533203,69886700
2016-11-30,189.2710313879842,189.4332926218375,188.14375104601663,188.2035369873047,113291800
2016-12-01,188.502404564412,188.502404564412,187.15309024313768,187.51177978515625,79040500
2016-12-02,187.59719288541658,188.09251184695535,187.24705159745926,187.60572814941406,74840300
2016-12-05,188.4340371391209,189.0745335441226,188.23762189024822,188.73294067382812,67837800
2016-12-06,188.92086588064257,189.36494714306397,188.4426305353899,189.33078002929688,59877400
2016-12-07,189.17712583568917,191.86720700327498,189.0575669622618,191.80743408203125,110738100
2016-12-08,191.78173276231044,192.74673860027067,191.5169832705835,192.27703857421875,99714400
2016-12-09,192.4991198920252,193.45559063795153,192.46495277627835,193.43850708007812,88005800
2016-12-12,193.34454001164195,193.82278834864064,192.79798351457825,193.21644592285156,102016100
2016-12-13,193.87406362757642,195.00133092061142,193.85698006877575,194.50601196289062,110477500
2016-12-14,194.2070940773172,194.90736351854272,192.46493619058313,192.90048217773438,142501800
2016-12-15,193.139610329148,194.54869758176667,192.90902791348702,193.6947021484375,124972600
2016-12-16,194.14911601109662,194.2092543255151,192.99802043664093,193.31585693359375,156420200
2016-12-19,193.49627408622837,194.15773005848882,193.35024073531872,193.73680114746094,90341100
2016-12-20,194.26935840000766,194.63016203178975,194.03743006095544,194.48411560058594,89838800
2016-12-21,194.3552928572959,194.52709601948894,193.94296264648438,193.94296264648438,67909000
2016-12-22,193.7969433570569,193.91720689008744,193.21279683394997,193.6079559326172,56219100
2016-12-23,193.65087830631836,193.90000402722998,193.4619040077609,193.89141845703125,36697800
2016-12-27,194.15774030631945,194.7676435624427,194.14055605596963,194.37249755859375,42672500
2016-12-28,194.63020244535886,194.64737358739828,192.65443316823655,192.76609802246094,64095000
2016-12-29,192.8348246458455,193.18702967877402,192.28504661472817,192.72315979003906,48696100
2016-12-30,193.0495852394987,193.13549338336978,191.3315272240164,192.0187530517578,108998300
2017-01-03,193.3158546351365,193.99449479504997,192.31939108978972,193.4876708984375,91366500
2017-01-04,193.81413552546695,194.78484257378554,193.80554995351264,194.63880920410156,78744400
2017-01-05,194.37245076954795,194.63874760102672,193.69381067538663,194.48411560058594,78379000
2017-01-06,194.59581569011266,195.64383199684897,194.0546232885752,195.17996215820312,71559900
2017-01-09,194.92225069076343,195.05969846051255,194.5013218113095,194.5356903076172,46939700
2017-01-10,194.55286144803023,195.38612052899077,194.14911681673016,194.5356903076172,63771900
2017-01-11,194.44979359470986,195.08547973632812,193.78833763321774,195.08547973632812,74650000
2017-01-12,194.57002486213338,194.78478206396795,193.24712626623767,194.59579467773438,72113200
2017-01-13,194.76763068865978,195.34317851378316,194.7332752979734,195.0425262451172,62717900
2017-01-17,194.40682528050235,194.81056990593012,193.96872526700736,194.35528564453125,61240800
2017-01-18,194.60437297007292,194.827728840582,194.05459507824412,194.78477478027344,54793300
2017-01-19,194.8621077286855,194.9995554951565,193.6337027236693,194.06321716308594,66608800
2017-01-20,194.74187661598043,195.26588484357595,194.11478910024897,194.7762451171875,129168600
2017-01-23,194.77620037162023,194.8363255733062,193.51342695107874,194.2693634033203,75061600
2017-01-24,194.48416931476334,195.92734491726142,194.37250445288487,195.5150146484375,95555300
2017-01-25,196.45992651817147,197.20729064941406,196.29670891355826,197.20729064941406,84437700
2017-01-26,197.0612543665033,197.32756437647967,196.72623356889608,197.00112915039062,59970700
2017-01-27,197.07840913926478,197.22444247968724,196.5114469180428,196.6918487548828,59711100
2017-01-30,196.00463966850268,196.0304094891354,194.49275339116883,195.4720458984375,79737300
2017-01-31,194.98239593722,195.51500282280193,194.41544676728236,195.45486450195312,75880800
2017-02-01,195.4548408148971,196.36540933417217,194.94801691948786,195.5321502685547,79117700
2017-02-02,195.5321485461528,195.94449184417536,194.84493593159607,195.6610107421875,69657600
2017-02-03,196.56306462707917,197.19015226267408,196.25381359581746,197.00975036621094,80563200
2017-02-06,196.6059615783239,197.00112068280168,196.32248043749593,196.65750122070312,57790100
2017-02-07,197.04408204615962,197.28460912465883,196.47711974352174,196.66610717773438,57931200
2017-02-08,196.66605582795688,197.05261616691757,196.12486348876837,196.92376708984375,51566200
2017-02-09,196.92380686219033,198.39273906846634,196.92380686219033,198.0920867919922,65955200
2017-02-10,198.43569449439863,199.0971504795477,198.109259287333,198.87379455566406,66015900
2017-02-13,199.36342945848503,200.21387279157153,199.3376596400043,199.95616149902344,55182100
2017-02-14,199.7757734250125,200.7636645965486,199.4321670831036,200.75506591796875,71109000
2017-02-15,200.54031168469666,201.99207275035496,200.48877204341161,201.80308532714844,86785800
2017-02-16,201.82884434590395,202.0092461884885,200.88392038818566,201.6312713623047,84722400
2017-02-17,200.96981946352577,201.94911193847656,200.95263521442376,201.94911193847656,77204100
2017-02-21,202.31851997056626,203.3235823585384,202.30992129134683,203.1517791748047,88946100
2017-02-22,202.74801644472154,203.19470206113783,202.58479884698647,202.9713592529297,62115200
2017-02-23,203.486800553536,203.50397169653866,202.35287594370925,203.10882568359375,74615900
2017-02-24,202.2669601179496,203.40945707411748,202.22400604937198,203.36651611328125,82381600
2017-02-27,203.28064248779106,203.85619040276794,203.03152982013438,203.68438720703125,56515400
2017-02-28,203.30640096446803,203.54692804662338,202.74803733255226,203.1345977783203,96961900
2017-03-01,204.7838710482061,206.44180341536486,204.76668680237975,205.97792053222656,149158200
2017-03-02,205.7889888304196,205.79758750952877,204.62930752428397,204.68084716796875,70246000
2017-03-03,204.59490464746935,204.97287944797426,204.2169298469644,204.80966186523438,81974300
2017-03-06,204.0193814731179,204.55197524290716,203.59845255676524,204.1997833251953,55391500
2017-03-07,203.89907938791222,204.25128434677137,203.38365685749693,203.58982849121094,65103700
2017-03-08,203.88194037727087,204.13965169965755,203.07445101740572,203.21189880371094,78168800
2017-03-09,203.33215670968812,203.79603969868805,202.50749623017578,203.4696044921875,90683900
2017-03-10,204.42314427311115,204.46609834720095,203.2376799884968,204.1826171875,81991700
2017-03-13,204.12245744905488,204.3286291184119,203.79603535725005,204.28567504882812,57256800
2017-03-14,203.74446380575915,203.79601654914697,202.89403360209778,203.50393676757812,59880800
2017-03-15,204.07093430327186,205.6859130744163,203.83899279496555,205.26498413085938,96081800
2017-03-16,205.40244434726094,205.47975381879226,204.5348296931191,204.8612518310547,78344000
2017-03-17,205.1226728463593,205.3124824716804,204.50148010253906,204.50148010253906,89002100
2017-03-20,204.501459845826,204.7861742556055,203.88890325050352,204.2771453857422,52537000
2017-03-21,204.88106201136898,205.00184873594333,201.52490248773285,201.65431213378906,131809300
2017-03-22,201.68879355694983,202.41351377291028,201.06760103905137,202.12879943847656,97569200
2017-03-23,202.12882322004916,203.04335309989824,201.54214864232134,201.9131317138672,100410300
2017-03-24,202.21512154769727,202.78453716514386,200.98999527263658,201.7664794921875,112504900
2017-03-27,200.1012954231144,201.81820435967396,199.82521717174694,201.5593719482422,87454500
2017-03-28,201.25746505154598,203.4488852969795,201.14530123845407,203.02613830566406,93483900
2017-03-29,202.74141628747404,203.44887766371772,202.51708866970682,203.21592712402344,61950400
2017-03-30,203.1554995811267,204.06140646283444,202.98294902384038,203.8629608154297,56737900
2017-03-31,203.52650607361866,204.05279389108298,203.33669648930265,203.3884735107422,73733100
2017-04-03,203.44023008636267,203.6386625847675,201.80960283565494,203.03472900390625,85546500
2017-04-04,202.75004524566697,203.25045119242827,202.3704260333124,203.16416931152344,56466200
2017-04-05,203.8371626632093,204.81209280146177,202.3532035640939,202.56027221679688,108800600
2017-04-06,202.69824042526162,203.64727509961673,202.2582213522318,203.12962341308594,69135800
2017-04-07,202.87942071232564,203.61277708212893,202.43941478930236,202.9225616455078,74412300
2017-04-10,203.06059396602433,203.83707805300594,202.51704720627907,203.0433349609375,67615300
2017-04-11,202.66372735227813,202.90530077816507,201.31781450383258,202.80177307128906,88045300
2017-04-12,202.52570138392045,202.71551096254174,201.68881728675328,201.9131317138672,81864400
2017-04-13,201.57666019979496,202.31001661112745,200.6017303466797,200.6017303466797,92880400
2017-04-17,201.11941448685027,202.37905883789062,200.92098196170755,202.37905883789062,68405400
2017-04-18,201.64572155877082,202.31005523287985,201.09355170574668,201.77513122558594,83225800
2017-04-19,202.33590270620948,202.70688579774216,201.17978616556684,201.40411376953125,68699900
2017-04-20,202.01664137686913,203.48335401968885,201.69742218896215,203.0433349609375,92572200
2017-04-21,202.96569946578953,203.01746331890843,201.99940576819876,202.39627075195312,110389800
2017-04-24,204.63087634045624,204.8293220405731,202.3704331606191,204.62225341796875,119209900
2017-04-25,205.26068118771292,206.15795211813352,205.17439931383385,205.81285095214844,76698300
2017-04-26,205.77831543181875,206.65834044441524,205.64028287602605,205.68341064453125,84702500
2017-04-27,206.00267146917838,206.1579630526786,205.32107885777282,205.8560028076172,57410300
2017-04-28,206.1147946570055,206.14067658414115,205.2779105735806,205.40733337402344,63532800
2017-05-01,205.9250030517578,206.3477631731403,205.51087901668387,205.9250030517578,66882500
2017-05-02,206.06305707084547,206.1838438011308,205.5971691582496,206.00267028808594,57375700
2017-05-03,206.00266620730903,206.09757100527935,205.07950015752797,205.75245666503906,73137700
2017-05-04,206.05444902415172,206.13209482106194,205.14854189923076,205.99404907226562,61462700
2017-05-05,206.36501723942743,206.8222822007975,205.9249981207301,206.80502319335938,62001300
2017-05-08,206.84819938842602,206.99486806473746,206.3477934055453,206.7705535888672,48385700
2017-05-09,207.0293610564096,207.22779357510385,206.2356046521006,206.58071899414062,51363200
2017-05-10,206.5375514227584,206.95167541503906,206.33048284423592,206.95167541503906,54293800
2017-05-11,206.5030487370718,206.69285831151325,205.4504731569016,206.5289306640625,62358300
2017-05-12,206.27875795356732,206.57209528830768,205.91639774628214,206.18385314941406,53912700
2017-05-15,206.60661064681307,207.44349486408936,206.58935163770735,207.3227081298828,61918900
2017-05-16,207.615989824933,207.6418717492725,206.74460098772246,207.13284301757812,51241800
2017-05-17,207.13286751699474,207.13286751699474,203.3970890732269,203.45748901367188,172174100
2017-05-18,203.37986121587352,205.12265252811457,203.12102873745883,204.2771453857422,107047700
2017-05-19,204.76029728052126,206.27013808225857,204.7085334165387,205.60580444335938,115011400
2017-05-22,206.11479535787487,206.8136468872075,206.0457856617882,206.64971923828125,61010600
2017-05-23,207.0207127572947,207.27092228610908,206.64109358582823,207.10699462890625,48341700
2017-05-24,207.33995255279973,207.693676643599,207.0034611403605,207.59014892578125,46927700
2017-05-25,208.0991590488035,208.85839735058266,207.8921036317834,208.58230590820312,64071700
2017-05-26,208.3924722629345,208.70306851735458,208.31482649052023,208.53915405273438,46629900
2017-05-30,208.21997122970018,208.6082133488608,208.0646796479424,208.35801696777344,35201900
2017-05-31,208.65134506164196,208.68586307701707,207.6160284014036,208.30624389648438,91796000
2017-06-01,208.76347863064268,209.97998178350838,208.47876428647643,209.9627227783203,68962000
2017-06-02,210.0145160210793,210.81689531507217,209.7211787156477,210.66159057617188,88666100
2017-06-05,210.48902761450537,210.77374198177247,210.3078409572391,210.50628662109375,44698800
2017-06-06,209.94552467778522,210.49769452111272,209.75571505994446,209.8333740234375,50375400
2017-06-07,210.16982427585478,210.44590257830131,209.50549070204522,210.22158813476562,54144300
2017-06-08,210.31649609686164,210.7996430069901,209.79883117042922,210.3251190185547,65950700
2017-06-09,210.5925797958981,211.3863230492574,208.74626081933565,210.0059051513672,132256400
2017-06-12,209.76429029533065,210.0144866291208,209.11721583079745,209.9627227783203,86108100
2017-06-13,210.4976883950623,211.04123529985745,210.15258718981383,210.98947143554688,60067000
2017-06-14,211.25691089926207,211.26553382107394,209.90236178312665,210.7220001220703,78602300
2017-06-15,209.37605754936908,210.43726926369385,209.09997926055743,210.3164825439453,66464900
2017-06-16,210.47516806781985,210.52718436310528,209.4868187704982,210.36245727539062,84553100
2017-06-19,211.18605582964852,212.17440501626334,211.09068822265215,212.1137237548828,65123800
2017-06-20,211.75829478868482,211.7669597619697,210.6659128512818,210.68324279785156,56906400
2017-06-21,211.07335999027543,211.18605754202875,210.1630352304678,210.63119506835938,55977600
2017-06-22,210.6399192445218,211.13408733521305,210.36248133264985,210.53587341308594,44148100
2017-06-23,210.59648100806612,211.1166570347078,210.21501065115152,210.78721618652344,66986800
2017-06-26,211.45481868793817,211.8709754678572,210.7178991944742,210.92596435546875,56700500
2017-06-27,210.7092323557802,211.0040133980266,209.2093719138842,209.22671508789062,82247700
2017-06-28,210.24111756323617,211.29882651197488,210.00703096534323,211.09942626953125,70042600
2017-06-29,211.2467402358337,211.29875652280958,208.03894132566631,209.24403381347656,106949700
2017-06-30,210.05032934873213,210.4231348165138,209.44345057102782,209.63418579101562,86820700
2017-07-03,210.57054049202802,211.00402726792302,209.9896697998047,209.9896697998047,39153800
2017-07-05,210.35376768150232,210.68320858940575,209.54747551205259,210.4751434326172,54427600
2017-07-06,209.7122327219339,209.83360849049384,208.3684210656846,208.5504913330078,65400800
2017-07-07,209.12268324505428,210.0503380087267,208.559142534051,209.9029541015625,57972300
2017-07-10,209.90294859248792,210.50116240696096,209.59950258460685,210.12835693359375,36663300
2017-07-11,210.12835417142,210.28441627395364,208.81056403140255,209.97230529785156,50354600
2017-07-12,210.9346576321268,211.71492849955277,210.9346576321268,211.55020141601562,59610400
2017-07-13,211.5588860430641,212.01838095900973,211.3334644570759,211.90567016601562,39471600
2017-07-14,211.90563280557174,213.24944419577673,211.8102652042291,212.89398193359375,60262700
2017-07-17,212.81596466890477,213.19743508711832,212.6945889202881,212.86798095703125,33531900
2017-07-18,212.46053872127817,213.03274444643432,212.12241956167986,212.98072814941406,42742500
2017-07-19,213.2927781144185,214.14240825683396,213.28409991475442,214.1337432861328,51034300
2017-07-20,214.38514429414994,214.5065200200438,213.68289807798098,214.22909545898438,47135200
2017-07-21,213.65693594313413,214.06441451686462,213.43151438296377,214.0384063720703,82340800
2017-07-24,213.96038304344285,214.12511012415288,213.518231323352,213.9864044189453,46622300
2017-07-25,214.73198488014728,214.83603069330022,214.2811681960246,214.50657653808594,54915600
2017-07-26,214.7926966745299,214.82736979573008,214.25517730764497,214.5152587890625,47575400
2017-07-27,214.97476529204297,215.0094384129773,212.9980534456617,214.31585693359375,70766600
2017-07-28,213.83901628145244,214.19447860436682,213.3881995698679,214.06443786621094,50088400
2017-07-31,214.46323036159643,214.55859797571054,213.73497579688825,213.94305419921875,65838700
2017-08-01,214.5412671176901,214.57594023678143,213.89970196829188,214.41989135742188,55050400
2017-08-02,214.54997970994967,214.66269052270286,213.5963033611965,214.5239715576172,47211200
2017-08-03,214.4112361634744,214.43724431282513,213.83036544636238,214.10780334472656,40856000
2017-08-04,214.59329242240065,214.82736575126967,214.11645433383487,214.4979248046875,60191800
2017-08-07,214.56728756399264,214.896728515625,214.46324174282293,214.896728515625,31995000
2017-08-08,214.58461753193095,215.79838843328037,213.99508187076393,214.3678741455078,61719400
2017-08-09,213.68296885236728,214.41122344893725,213.32750652702967,214.3592071533203,62632600
2017-08-10,213.52686132494037,213.65691526529,211.28140351525025,211.3334197998047,120479500
2017-08-11,211.55886418157053,212.2351024117232,211.32477764683614,211.6455535888672,74869900
2017-08-14,212.91995412036778,213.96031935907553,212.8852810116276,213.7435760498047,73291900
2017-08-15,214.12511471817118,214.14245789255634,213.41420331597075,213.71763610839844,55242700
2017-08-16,214.2378227507355,214.63663638266544,213.66561706408348,214.09043884277344,56715500
2017-08-17,213.4835531173293,213.79566409729918,210.75257873535156,210.75257873535156,128490400
2017-08-18,210.58782478871694,211.70622783630915,209.98094607981142,210.42311096191406,136748000
2017-08-21,210.36243651498586,210.84793952835773,209.66019014000403,210.5878448486328,65469700
2017-08-22,211.16871153000784,212.94599636753395,211.15136835837896,212.78994750976562,63140100
2017-08-23,211.82760788301152,212.4518297759899,211.68022399563662,212.02700805664062,50203800
2017-08-24,212.4085058976072,212.56455477652642,211.32478903078268,211.53286743164062,50741700
2017-08-25,212.32177583139043,212.9373327529811,211.87962416926572,212.02700805664062,64445900
2017-08-28,212.55589700150568,212.5819051488729,211.61956400938766,212.0357208251953,40565600
2017-08-29,210.72664347127844,212.538615484669,210.61393264734554,212.27853393554688,51135700
2017-08-30,212.2610964032894,213.552891515247,212.07902617086643,213.28411865234375,62030800
2017-08-31,213.89971791404133,214.81004279839868,213.31884721595745,214.56729125976562,103803900
2017-09-01,214.94010227621627,215.29556464197248,214.72335886718946,214.87074279785156,62007000
2017-09-05,214.36791095369006,214.59333258081483,212.3652038358988,213.32754516601562,91398800
2017-09-06,214.0036935557126,214.38516393746374,213.47483929536907,214.0557098388672,57916900
2017-09-07,214.35919353648387,214.37653671024327,213.6222607848127,214.0297393798828,58034700
2017-09-08,213.743603452773,214.2377846111686,213.53553831573353,213.77828979492188,63832800
2017-09-11,215.04414660500692,216.1365419126065,215.02681665619664,216.0585174560547,71364800
2017-09-12,216.42255492060934,216.82135524109322,216.24048470197934,216.78668212890625,56896000
2017-09-13,216.5006268937401,216.92544867786958,216.387916103693,216.89076232910156,59228000
2017-09-14,216.56994890171208,217.0207787549535,216.39655687476187,216.8213653564453,95446300
2017-09-15,216.67761276820727,217.20037034849545,216.57306391107275,217.11325073242188,95432400
2017-09-18,217.47918658122356,217.92353252183636,217.19166392743324,217.5750274658203,46235200
2017-09-19,217.81902967604634,217.8800253857725,217.47052454641207,217.7928924560547,47108100
2017-09-20,217.8799981241204,217.98454699100557,216.87802273620898,217.87127685546875,59574100
2017-09-21,217.71445138886594,217.8015710121978,217.11326882102426,217.2875213623047,48211400
2017-09-22,216.99133380535173,217.49667558165336,216.96519658369985,217.3311309814453,51214000
2017-09-25,217.0784463419542,217.42696477693914,216.1461877794346,216.8867645263672,57064400
2017-09-26,217.31373258156987,217.55768888136132,216.78225350817678,217.0175018310547,54082000
2017-09-27,217.71443351546543,218.2459123642395,216.83443631812563,217.862548828125,81001400
2017-09-28,217.58377743703832,218.20238931967907,217.49665780352635,218.1239776611328,44778800
2017-09-29,218.11522044563844,218.96908045781802,217.93225993918287,218.89065551757812,85578000
2017-10-02,219.11720188713397,219.84036254882812,218.94293605473234,219.84036254882812,59023000
2017-10-03,219.84036885580198,220.33698926746806,219.76194391112475,220.31085205078125,66810200
2017-10-04,220.16274955476476,220.81620659924897,220.04947941277652,220.57225036621094,55953600
2017-10-05,220.9033578007519,221.8966121185429,220.60712708895554,221.8791961669922,63522800
2017-10-06,221.43475257507,221.9139569528247,221.17338045503513,221.62643432617188,80646000
2017-10-09,221.85307963185633,221.9140620572092,220.99921931995,221.26060485839844,35803100
2017-10-10,221.82682233750216,222.21889378564484,221.28662230520823,221.84423828125,43057400
2017-10-11,221.74848124495355,222.19284057617188,221.58294994908832,222.19284057617188,47674300
2017-10-12,221.87916935636886,222.22767446994501,221.62649184860092,221.8617401123047,47065100
2017-10-13,222.29736525116894,222.41063538908594,221.86172723717084,222.13182067871094,54800400
2017-10-16,222.3583491714976,222.61972133035232,222.01855207037005,222.42803955078125,38221700
2017-10-17,222.3757888583203,222.62846636500922,222.1579698396109,222.58489990234375,31561000
2017-10-18,222.95955769793173,223.00312416361902,222.61105256167096,222.802734375,40888300
2017-10-19,222.02727568083037,222.89855172401792,221.60906690259324,222.8636932373047,61903800
2017-10-20,223.6565484256935,224.03991197327463,222.84625487383053,224.0137481689453,89176400
2017-10-23,224.33620306437822,224.36234028651927,223.0641206822097,223.1425323486328,63915300
2017-10-24,223.56945016341444,223.76982664713915,223.17736528695417,223.5345916748047,66935900
2017-10-25,223.20347464282193,223.31674477473658,221.30409938385668,222.42803955078125,103715300
2017-10-26,223.03798790743738,223.308068093975,222.59362855942692,222.71560668945312,69798000
2017-10-27,223.45620137036767,224.69342523649686,222.72433257504397,224.5365753173828,85562500
2017-10-30,223.4561475534119,224.44069364702125,223.40387312270985,223.70010375976562,54285700
2017-10-31,224.074736457397,224.3012767069032,223.75236861878045,224.04859924316406,60304800
2017-11-01,224.82408167752484,225.16386551408445,223.97894283684508,224.34486389160156,54202700
2017-11-02,224.27519876788108,224.57142947055752,223.21224079275353,224.43202209472656,56449500
2017-11-03,224.58878657471539,225.22482757480614,224.17928582464648,225.1812744140625,59589700
2017-11-06,225.05059788255923,225.6605017662704,224.98090749633522,225.52981567382812,49652600
2017-11-07,225.6344191231039,225.96550836353012,224.86769174300989,225.373046875,57502200
2017-11-08,225.19868386918432,225.8521407968905,224.9198691986144,225.75628662109375,50469600
2017-11-09,224.55393812822638,225.1289833895001,223.36026785891667,224.9373016357422,95085500
2017-11-10,224.55401386828285,225.0419263898298,224.24034062486652,224.86766052246094,59984700
2017-11-13,224.18804442702557,225.30327673794346,224.15318593908685,225.0767364501953,50228600
2017-11-14,224.2751861185557,224.6585497331592,223.4997376197142,224.5540008544922,61315200
2017-11-15,223.58687703348667,224.1096480312214,222.72432217022876,223.4300537109375,80811500
2017-11-16,224.3709825760484,225.69533909325546,224.32742941239627,225.3293914794922,67777000
2017-11-17,224.9809095420741,225.3032774361081,224.58882467194667,224.667236328125,75756800
2017-11-20,224.91118687324328,225.24224939984404,224.66720408117126,225.05056762695312,48075500
2017-11-21,225.81733975476808,226.70605841961086,225.0157806095326,226.5230712890625,69176800
2017-11-22,226.53177535792597,226.66246144893927,226.15713303394276,226.3226776123047,45033400
2017-11-24,226.81059656768687,226.9500039318348,226.67118920353894,226.84542846679688,27856500
2017-11-27,226.8890010431142,227.1852317115889,226.5317746692737,226.732177734375,52274900
2017-11-28,227.19396878868554,229.0584858527543,227.09811458940757,229.0323486328125,98971700
2017-11-29,229.16302253191307,229.69451476141595,228.44859636179388,228.89292907714844,77512100
2017-11-30,229.8078011967744,231.80300439577496,229.7293895355647,230.8968963623047,127894400
2017-12-01,230.6790470744156,231.1582382487055,227.19394300180855,230.4176483154297,164390900
2017-12-04,232.02952439117243,232.4564411501399,230.08656921379136,230.1388702392578,94040600
2017-12-05,229.31112670898438,231.018820180373,229.18044063016967,229.31112670898438,77994500
2017-12-06,229.40699551025148,229.78166445579606,228.8929457817571,229.35472106933594,75898600
2017-12-07,230.077880859375,230.39152748538592,229.0933346345588,230.077880859375,77218600
2017-12-08,231.02758282536652,231.34122947069542,230.0430365399105,231.33253479003906,76563900
2017-12-11,232.02951049804688,232.0905061997429,231.3063631139898,232.02951049804688,83077500
2017-12-12,232.8137293362668,232.90958355429706,232.06444449185824,232.4390869140625,85195800
2017-12-13,232.6829962995612,233.1186343554788,232.32576990300038,232.41290283203125,102905400
2017-12-14,232.7091601783877,232.82243034018032,231.41096713158876,231.46324157714844,100666700
2017-12-15,232.46243006770646,233.85483690706474,232.40988843038323,233.3907012939453,144610300
2017-12-18,234.78313396671632,235.2209988093528,234.67805068050743,234.87071228027344,83653600
2017-12-19,235.11584660188396,235.15962238325565,233.89856986811236,233.96864318847656,82382900
2017-12-20,234.93191947720823,234.98446110385905,233.54827876683544,233.8460235595703,76751500
2017-12-21,234.4677718831052,235.03701735107373,234.08244882408314,234.32765197753906,67032300
2017-12-22,234.34521564491334,234.3802523073704,233.73219431505825,234.2664031982422,78720900
2017-12-26,233.8635910762803,234.20513846600218,233.72349785116904,233.9862060546875,45244400
2017-12-27,234.15251720877598,234.45902782542638,233.82850162622566,234.0999755859375,57751000
2017-12-28,234.59921199369285,234.6254828123087,234.21388883723003,234.58168029785156,45116100
2017-12-29,235.15963882046495,235.17714378920894,233.5045239818633,233.69715881347656,96007400
2018-01-02,234.55542038917878,235.40487919746303,234.17009721479332,235.36984252929688,86655700
2018-01-03,235.53623649329967,237.00748259962404,235.53623649329967,236.8585968017578,90070400
2018-01-04,237.49786222367834,238.33855510004886,236.9198775195659,237.8568878173828,80636400
2018-01-05,238.64511460793756,239.56462012410364,238.15470810262897,239.44203186035156,83524000
2018-01-08,239.3456585922554,240.0374924701482,239.05667957878705,239.87986755371094,57319200
2018-01-09,240.30023657018512,241.0446121981159,240.0199966378804,240.4228515625,57254000
2018-01-10,239.66966951537498,240.31772758977445,239.00413319524756,240.05499267578125,69574300
2018-01-11,240.606590755866,241.80633544921875,240.44020007465744,241.80633544921875,62361500
2018-01-12,242.06912687781286,243.5490849422677,241.77135537061392,243.38272094726562,90816100
2018-01-16,244.6350677387502,245.28309908708408,241.85899316319004,242.5508270263672,106555100
2018-01-17,243.479030283521,245.24799395072085,242.55075930987627,244.8626708984375,113258800
2018-01-18,244.7489625622824,245.16929574232677,243.96078439939654,244.4512176513672,100728000
2018-01-19,245.0291302827362,245.56333923339844,244.4511722674767,245.56333923339844,140920100
2018-01-22,245.35315351126408,247.5599822998047,245.30058515247438,247.5599822998047,91322400
2018-01-23,247.60373620966402,248.37438240190056,247.2797205890968,248.0854034423828,97084700
2018-01-24,248.72477610821014,249.32029270232056,246.81569149735506,247.98916625976562,134816100
2018-01-25,248.84733388077214,248.94365131161933,247.30604118603847,248.0941925048828,84587300
2018-01-26,248.92617526172035,251.01041629103517,248.67220615747897,250.96661376953125,107743100
2018-01-29,250.3974271945778,250.83529211537768,249.1451399351271,249.30276489257812,90118300
2018-01-30,247.48123050400838,249.35527825533836,246.2727191836835,246.74562072753906,131796400
2018-01-31,247.59501927863693,248.09416479890285,245.79975770965564,246.86814880371094,108364800
2018-02-01,246.14124107815806,247.88393383533105,245.79969382265764,246.5878448486328,90102500
2018-02-02,245.2744096965888,245.40579055692658,241.18476617867827,241.2198028564453,173174800
2018-02-05,239.46823297604135,241.56997834773023,230.58832336984216,231.1312713623047,294681800
2018-02-06,227.63708850140625,236.1842154765742,226.55119266362757,235.68504333496094,355026800
2018-02-07,235.13335307070074,238.51365585847236,234.32767023221564,234.40650939941406,167376100
2018-02-08,234.70425744685963,234.84437736527985,225.57914485766418,225.6141815185547,246449500
2018-02-09,228.39019838394685,230.85099566118865,221.48946035583458,229.0032196044922,283565300
2018-02-12,231.04369827517536,233.82853834866464,229.1433802587504,232.36605834960938,143736000
2018-02-13,231.166391923691,233.48707050397377,230.58840705980234,232.94412231445312,81223600
2018-02-14,231.46408524613523,236.4469887394335,231.4553193982092,236.0879364013672,120735700
2018-02-15,237.8219516003171,239.10927549372883,235.369892090167,239.1005096435547,111200300
2018-02-16,238.4786793423682,241.10586801299468,238.43487682943731,239.1704864501953,160420100
2018-02-20,238.2247486536765,239.660958186322,236.88488328487892,237.67303466796875,86369700
2018-02-21,238.1108581787282,240.58042191213403,236.39443575185126,236.49075317382812,98883700
2018-02-22,237.41027782276615,239.11793434884385,236.13172020872975,236.79725646972656,110511300
2018-02-23,238.01453997396973,240.5716552734375,237.54163853771126,240.5716552734375,92766400
2018-02-26,241.64004610826674,243.46157852169455,241.05332228121208,243.365234375,86491400
2018-02-27,243.54918661675515,244.25855229752713,240.2652000721573,240.32650756835938,99099200
2018-02-28,241.42107997132888,241.86771052735156,237.5766417165169,237.8918914794922,121907800
2018-03-01,237.6817492889229,239.2230417770956,232.94404943733431,234.43280029296875,176855100
2018-03-02,232.7689045215854,236.20177612876677,231.91070666364885,235.64129638671875,139083200
2018-03-05,234.45909118423782,238.9778590454444,234.35398118501777,238.36483764648438,97307400
2018-03-06,239.33689242334253,239.41573160660244,237.480349920733,238.96910095214844,79213200
2018-03-07,236.8148065071499,239.2318019924513,236.62214492914111,238.8815155029297,87063500
2018-03-08,239.55577784083428,240.16003329299775,238.56622602184905,240.03744506835938,66901200
2018-03-09,241.4386284167574,244.2146759033203,241.1233519067647,244.2146759033203,113625300
2018-03-12,244.50364309500878,245.12540344509145,243.52280378237677,243.9081268310547,71924800
2018-03-13,245.06411968115552,245.56329186865372,241.72759270179995,242.33184814453125,91968900
2018-03-14,243.2864228406217,243.47031856209327,240.5366459654681,241.0883331298828,105895100
2018-03-15,241.59625351918692,242.23551893629133,240.326435081549,240.8256072998047,83433000
2018-03-16,241.35053707930095,242.13307082578123,241.03402466421792,241.08677673339844,100343700
2018-03-19,240.33946110223937,241.2626493030491,236.18066005567465,237.8248291015625,109208400
2018-03-20,238.22047760805523,238.8623302848663,237.55224889423462,238.22927856445312,59757300
2018-03-21,238.1853066874594,240.2690941608943,237.56105590752813,237.77206420898438,78709600
2018-03-22,235.55632442999936,236.40038420959462,231.55578105845223,231.828369140625,148785900
2018-03-23,232.26803765167045,232.59335103109134,226.69365175801394,226.8870849609375,183534800
2018-03-26,230.47438871139857,233.37585994770197,228.08286310594158,233.09449768066406,141956100
2018-03-27,234.02647538338294,234.5539960078321,227.58165448885407,229.12911987304688,129941400
2018-03-28,229.26102769532312,230.9227983594075,227.35307176606125,228.45211791992188,146452300
2018-03-29,229.58630518351373,233.22635835567246,228.46088317113092,231.37115478515625,111601600
2018-04-02,230.84366364360935,231.35363612969078,223.91528520575702,226.3771514892578,186286300
2018-04-03,227.60808053535254,229.7534209867967,225.82323047794938,229.27862548828125,119956900
2018-04-04,225.7441028073949,232.43508358856684,225.61222262204552,231.73170471191406,123715300
2018-04-05,233.4813004051032,234.43969204280026,232.3998564114378,233.56045532226562,82652600
2018-04-06,231.60856401075682,233.0944494808967,226.84308886487935,228.35537719726562,179521200
2018-04-09,229.8061636069654,232.85711698010886,228.54886117383796,229.48085021972656,105442900
2018-04-10,232.35596680567997,233.91223356522963,231.22177032419438,233.12969970703125,103529000
2018-04-11,231.65251504199753,233.56047065698417,231.58218790589447,231.90750122070312,91140200
2018-04-12,233.226386513572,234.75625011906138,233.05052840233344,233.81546020507812,68890500
2018-04-13,235.11678403712108,235.23108914739143,232.12738341732475,233.12969970703125,85079200
2018-04-16,234.75625035031916,235.81134535442877,233.93856647983353,235.04638671875,63405300
2018-04-17,236.80480137067377,238.15883336031825,236.294855906409,237.5609588623047,64682000
2018-04-18,238.00063777761414,238.5369594052971,237.27965708240498,237.73687744140625,57303900
2018-04-19,237.08615509309618,237.28838918029086,235.38923481415685,236.41795349121094,77655900
2018-04-20,236.34773885714318,236.5675481471656,233.53416921198058,234.4134063720703,99953100
2018-04-23,234.9848494019342,235.53877291125386,233.30550379653852,234.378173828125,65558000
2018-04-24,235.3980851293731,235.61789433591494,229.7269968677222,231.22171020507812,112885500
2018-04-25,231.16016129125893,232.23283131151314,229.34893554377416,231.793212890625,103840900
2018-04-26,232.81310593589532,234.97602082222247,232.37348756204645,234.1495361328125,67731900
2018-04-27,234.75623586232194,235.0551731675286,233.43738060466845,234.36936950683594,57053600
2018-04-30,234.984887819717,235.53881141959786,232.49663209837655,232.56698608398438,82182300
2018-05-01,232.00427280375334,233.08574401951984,230.45680703137558,232.98023986816406,74203400
2018-05-02,232.78676854028026,233.59565145638658,231.02829475304668,231.4151611328125,86368900
2018-05-03,230.58865425399074,231.5557932787328,227.7662847762269,230.90516662597656,136311500
2018-05-04,229.93804120526443,234.57163717893877,229.61272782167768,233.8946075439453,91222100
2018-05-07,234.65955231065522,235.65306748213024,233.97372176043777,234.68592834472656,55304900
2018-05-08,234.3166370355465,235.046391866308,233.12966183797334,234.68592834472656,67499200
2018-05-09,235.35406747464512,237.2795979456081,234.8353210546021,236.95428466796875,59666100
2018-05-10,237.69302318229666,239.49547585823709,237.58751899291374,239.17013549804688,72063900
2018-05-11,239.29313513979392,240.16357114711954,238.78316267508274,239.89981079101562,59871500
2018-05-14,240.33058096848328,240.9812076068129,239.46891925466448,240.01406860351562,54790600
2018-05-15,238.7919778296341,238.8095529103585,237.42037023197227,238.3611602783203,87036100
2018-05-16,238.39627956188048,239.82063888909622,238.36987669890897,239.36341857910156,53942600
2018-05-17,239.099701855681,240.23392505091894,238.38752206225277,239.1612548828125,56536400
2018-05-18,238.8183712758704,239.17886169838093,238.211695544351,238.56338500976562,64368000
2018-05-21,240.04046697569012,240.89332781469182,239.65360060549267,240.3569793701172,58025900
2018-05-22,240.8757723694987,241.1307586245383,239.36348358487416,239.6887969970703,52966400
2018-05-23,238.4226710120053,240.37457791350718,238.26438798482874,240.34817504882812,64694200
2018-05-24,239.95253445059927,240.22509573036155,238.0797556474602,239.85580444335938,76043800
2018-05-25,239.28428649902344,239.90853710552315,238.7831150901173,239.28428649902344,56374800
2018-05-29,237.66658730633534,238.42274519355385,235.42454334976165,236.53236389160156,115908600
2018-05-30,237.83361971900675,240.12841551780784,237.7632925618502,239.6887969970703,69678400
2018-05-31,239.2842975163006,239.58323481813724,237.62255386312358,238.22042846679688,93519900
2018-06-01,239.51291011838438,240.85814140644496,239.44255614536561,240.5592041015625,71258400
2018-06-04,241.37685041012378,241.95714985254347,241.1394661604781,241.70216369628906,45385200
2018-06-05,241.83411958605708,242.2561629942454,241.06918770986454,241.8780975341797,51135000
2018-06-06,242.484786120849,244.00584899825836,241.8693094717872,243.9003448486328,62732200
2018-06-07,244.3838737255894,244.67401005682166,242.9682885571053,243.8739013671875,72969400
2018-06-08,243.4167658398162,244.64769225832708,243.24970866528437,244.59494018554688,72139700
2018-06-11,244.81472291664812,245.63240678836053,244.70041782727702,244.92022705078125,58892500
2018-06-12,245.33342801607316,245.59718830684466,244.59487236973686,245.23672485351562,72329000
2018-06-13,245.47421822470565,245.72920450723961,244.25206572582562,244.4542999267578,79070600
2018-06-14,245.31588739846273,245.59722280407743,244.48060164006642,245.0697021484375,77097600
2018-06-15,244.28896261504903,245.09266415404826,243.18498142730266,244.75704956054688,120041600
2018-06-18,243.30864761077996,244.3773209571177,242.8317470763512,244.253662109375,52917600
2018-06-19,241.9926664764349,243.53824007619315,241.57756848867896,243.31744384765625,97531500
2018-06-20,243.99745809003278,244.39490203614187,243.39689888704874,243.73251342773438,53785500
2018-06-21,243.7237148345327,243.74139578349843,241.7100541970671,242.2046356201172,71061400
2018-06-22,243.45879760999512,243.5736159805693,242.4254592274965,242.64625549316406,54898500
2018-06-25,241.4981440388532,241.65711089356964,237.66512380999848,239.34317016601562,137854200
2018-06-26,239.90841234315522,240.72092753773757,239.15769962124514,239.87307739257812,68547400
2018-06-27,240.45596646380378,241.8778814341139,237.73574146013553,237.88589477539062,105110700
2018-06-28,237.83288561084004,240.0055130673899,237.12632147068877,239.24598693847656,76650500
2018-06-29,240.3322039068245,241.69231582170613,239.47551371372236,239.59033203125,97592500
2018-07-02,238.02718281831372,240.2616396479265,237.7887056337919,240.10264587402344,63554800
2018-07-03,240.99471275277978,241.0918771286959,238.83092543990298,239.2548370361328,42187100
2018-07-05,240.37643503255302,241.26843341270092,239.30776194680402,241.20660400390625,56925900
2018-07-06,241.23318056910415,243.61776406289744,240.853390508735,243.24684143066406,66493700
2018-07-09,244.24481332940113,245.49010747674166,244.2006648582338,245.43711853027344,50550400
2018-07-10,245.8875299733104,246.41744634420857,245.5960638406166,246.32028198242188,51966800
2018-07-11,244.77474695036685,245.5607946326727,244.2183360206754,244.51861572265625,77054700
2018-07-12,245.7727136919339,246.78837102234908,245.17215437775212,246.73538208007812,60124700
2018-07-13,246.55876489862447,247.2299671615263,246.10833193000164,246.9296875,48216000
2018-07-16,246.9740019684826,247.11528792772575,246.2674374088568,246.7090301513672,48201000
2018-07-17,245.94053910016683,248.09551275339552,245.88755015399468,247.7069091796875,52315500
2018-07-18,247.7863738221766,248.33394419290724,247.34478133575945,248.22796630859375,44593500
2018-07-19,247.56554845882513,247.94531148383393,246.814835929686,247.29176330566406,61412100
2018-07-20,247.0886386829849,247.71571939052308,246.85018845434266,247.0091552734375,82337700
2018-07-23,246.80607130007968,247.67157539339786,246.46161619567616,247.4684600830078,47047600
2018-07-24,248.87269311489285,249.55273581935538,247.84819534471634,248.7136993408203,68026900
2018-07-25,248.46637245588386,251.15126184359085,248.4222239961432,250.8333282470703,78882900
2018-07-26,250.11799104599223,250.92166563993814,250.02082668516405,250.2416229248047,57919500
2018-07-27,250.56840315355595,250.66556751675208,247.62740902904164,248.54592895507812,76768700
2018-07-30,248.6253858949208,248.7843527057693,246.72651682779656,247.24761962890625,63742500
2018-07-31,248.00721461622982,249.07586107857932,247.62745147833215,248.46646118164062,68570500
2018-08-01,248.6696320457284,249.17305409717716,247.40668363118806,248.0513916015625,53853300
2018-08-02,246.75306347915898,249.57039875725604,246.549921231639,249.40261840820312,63426400
2018-08-03,249.52629889913408,250.5243024292527,249.3496510883855,250.4713134765625,53935400
2018-08-06,250.506631196536,251.69890950271906,250.1180276017592,251.3898162841797,39400900
2018-08-07,252.05209885092006,252.5996690620115,251.91959958149076,252.21987915039062,43196600
2018-08-08,252.05218068817663,252.5114271863113,251.65473665616224,252.11398315429688,42114600
2018-08-09,252.17586518292194,252.56446882113363,251.63713515652606,251.7696075439453,35717000
2018-08-10,250.338788045859,250.8775179349385,249.3760927197562,250.08265686035156,77076000
2018-08-13,250.35639746768555,250.9657971386577,248.85497251982284,249.1464385986328,65732900
2018-08-14,249.8707628635741,250.97474433803862,249.4821592283488,250.73626708984375,43842000
2018-08-15,249.39380804187925,249.53512088947505,247.43313607957606,248.8638916015625,102925400
2018-08-16,250.29453627532038,251.74297210720448,250.25920134090282,250.87744140625,69967900
2018-08-17,250.67433884792737,252.2022583092738,250.2680813722112,251.7606658935547,65618500
2018-08-20,252.2112061180319,252.5644748104182,251.76077303745205,252.29953002929688,39807500
2018-08-21,252.81175192152355,253.74792603443402,252.3348243886177,252.8912353515625,67272000
2018-08-22,252.48494240121423,253.26214954531227,252.21997071881626,252.74107360839844,44993300
2018-08-23,252.56448445286688,253.42117521476416,252.08755687596667,252.405517578125,49204900
2018-08-24,252.97953080501227,254.0658581320411,252.92654185761273,253.92454528808594,57487400
2018-08-27,255.11677931539714,256.03529916548314,254.9578125007662,255.9293212890625,57072400
2018-08-28,256.38859669554984,256.4946015366076,255.59373557995536,256.0530090332031,46943500
2018-08-29,256.2649146482262,257.6603348266685,256.0264644460227,257.43072509765625,61485500
2018-08-30,256.95383162780604,257.3247542134845,255.79686149898535,256.3885803222656,61229500
2018-08-31,255.98224099503003,256.8389312012845,255.49650020858618,256.3973388671875,66140800
2018-09-04,255.9822897550722,256.30906383212346,254.95779211049984,255.95579528808594,57594400
2018-09-05,255.60249072367463,255.80563291038325,254.26005966444714,255.26687622070312,72452400
2018-09-06,255.3729254168747,255.67320506851195,253.47408314620807,254.4985809326172,65909900
2018-09-07,253.4564578962428,254.97553727559858,253.2179806806409,254.0040283203125,73524800
2018-09-10,255.0107197495378,255.27569130837347,254.25119391005154,254.44549560546875,50210900
2018-09-11,253.80083230001168,255.7261688519213,253.45640421539017,255.28457641601562,50530500
2018-09-12,255.2934466046117,255.94699486096997,254.56041493485847,255.346435546875,59810800
2018-09-13,256.40631388139195,257.0422082542672,256.1236881706315,256.8567199707031,51034200
2018-09-14,257.0598152146336,257.24527651158894,256.1236413026373,256.9008483886719,55079900
2018-09-17,256.84787978767656,256.8831877833534,255.2669710194141,255.54075622558594,68244000
2018-09-18,255.75265618865916,257.51902588302914,255.7261617213501,256.92730712890625,61930400
2018-09-19,256.98037559487085,257.61626995974973,256.8567167407164,257.201171875,49080600
2018-09-20,258.45520099544166,259.60333040189687,257.2187207698315,259.2853698730469,100360600
2018-09-21,260.02442954150337,260.1397676489561,258.8888365272103,259.04852294921875,105479700
2018-09-24,258.4719849940831,258.6139375741324,257.6114160913807,258.1880798339844,53409600
2018-09-25,258.6403350659061,258.74679264298425,257.70880419180844,257.9483337402344,44370000
2018-09-26,258.0903413542007,259.2702825185177,256.75956720701475,257.1765441894531,79739700
2018-09-27,257.64679250455623,258.9775668714285,257.3717679680432,257.89520263671875,59249500
2018-09-28,257.27425202331585,258.41872595233053,257.2387841884643,257.9219055175781,70091400
2018-10-01,259.1550084024449,259.88250494708444,258.1525143734769,258.8179016113281,62078900
2018-10-02,258.6670837402344,259.3768193389714,258.29448202703463,258.6670837402344,47258200
2018-10-03,259.7139378922632,260.13091497744125,258.4541532176749,258.80902099609375,64694600
2018-10-04,258.32997537119405,258.3832041926231,255.2071005237411,256.7862854003906,111545900
2018-10-05,257.00808821277656,257.5226425255621,253.92956160739504,255.34906005859375,105951700
2018-10-08,254.66591170709657,255.70392790272317,253.29078865808967,255.34906005859375,87742200
2018-10-09,254.96744968434115,256.2715822643995,254.41737366646527,254.97630310058594,74339000
2018-10-10,254.47076358620487,254.5417534091164,246.53048962177442,246.90309143066406,214731000
2018-10-11,245.82056647354415,247.4352454583389,239.85869774671238,241.4645233154297,274840500
2018-10-12,245.5455998896825,245.8295049137583,241.64200056999678,244.81813049316406,183186500
2018-10-15,244.46320216125636,245.78512290321214,243.35422369550096,243.4429473876953,102263700
2018-10-16,245.39478348063147,249.1386962174045,244.9245776497542,248.7660675048828,118255800
2018-10-17,248.80159008760788,249.4314824048031,246.24649884503972,248.8104705810547,110626000
2018-10-18,247.87892571901244,248.47335024410975,243.9487115121267,245.21737670898438,134557500
2018-10-19,245.86504549229036,247.79021756865455,244.39231836527114,245.08432006835938,139901600
2018-10-22,245.7497234098368,246.06909633611147,243.4519223857606,243.98423767089844,82415800
2018-10-23,240.38228885326677,243.86003169052873,238.30625642605327,242.74217224121094,146352700
2018-10-24,242.4937072564188,242.87521650709292,234.83734103185068,235.38739013671875,177806700
2018-10-25,237.21494370639343,241.14515705075235,236.19468889139034,239.61032104492188,138061500
2018-10-26,235.91971729336254,240.42659505910345,232.6992386438329,235.39625549316406,201574600
2018-10-29,238.47483503240755,239.76126151146335,230.53456158053788,234.09214782714844,160749100
2018-10-30,233.92354560397084,237.8714935755172,233.43557872568383,237.56097412109375,157116000
2018-10-31,240.11609206878217,242.4050395472768,239.64588612547567,240.09835815429688,128296300
2018-11-01,240.9588589153899,242.84856265070974,239.87649479385166,242.65338134765625,99495000
2018-11-02,243.7535476163538,244.17940523532488,239.1756797424592,241.21621704101562,122634100
2018-11-05,241.7041775138362,243.09706154551438,240.73715113745226,242.54701232910156,65622500
2018-11-06,242.48483819201113,244.24144301684072,242.42272889071398,244.08175659179688,60085900
2018-11-07,246.24645944145698,249.3870941807821,245.82060194428163,249.3072509765625,102752100
2018-11-08,248.50884399519248,249.4936313104688,247.71926511867957,248.8548583984375,65584900
2018-11-09,247.55067814789876,247.73697900206238,245.02220111411222,246.42396545410156,98812600
2018-11-12,245.9183319217379,246.15786165691804,241.30496810391364,241.81954956054688,99673600
2018-11-13,242.28078648339832,244.2680676104156,240.6483731183949,241.3669891357422,98176600
2018-11-14,243.23003308661183,243.62924909095995,238.16422701719475,239.716796875,125335900
2018-11-15,238.45711687915997,242.6801178843784,236.8868122470264,242.21876525878906,135101400
2018-11-16,241.12748033076366,243.75353448626663,240.6128990178907,242.84861755371094,126668000
2018-11-19,242.24526170706753,242.53804720375695,237.82710852676735,238.74090576171875,103061700
2018-11-20,235.42288274939483,236.8778759571118,233.46221577650243,234.32278442382812,136021300
2018-11-21,235.86649217131097,237.01096598131056,235.11240817622902,235.1212615966797,75563700
2018-11-23,233.48874825389538,234.94374095105476,233.39117114781865,233.5508575439453,42807900
2018-11-26,235.7955161985184,237.54326793635002,235.40515348019304,237.32147216796875,79981400
2018-11-27,236.29232395519756,238.1199188232422,235.68904599528867,238.1199188232422,75502400
2018-11-28,239.1845227391462,243.60267639160156,238.0577830930989,243.60267639160156,127629600
2018-11-29,242.83087780641895,244.4632914553153,241.6952845256789,243.0704345703125,82346400
2018-11-30,242.91958839251905,245.11093160574055,242.60021549084044,244.552001953125,98204200
2018-12-03,248.65970195353918,248.7661596037664,246.20221427852104,247.79025268554688,103176300
2018-12-04,246.9651842740236,247.39104195901646,239.45074144985517,239.76126098632812,177986000
2018-12-06,235.91968861471403,239.51276852883728,232.83228237669715,239.39743041992188,204185400
2018-12-07,239.06030166124987,240.62175226185676,233.0008542401647,233.83480834960938,161018900
2018-12-10,233.65734252371468,235.24540740375193,229.44322399250612,234.27838134765625,151445900
2018-12-11,237.46338922000294,237.64969005669067,232.86778808387422,234.33163452148438,121504400
2018-12-12,237.29478171475105,238.65217029926563,235.43169244246215,235.51153564453125,97976700
2018-12-13,236.45200246750798,237.3125710570535,234.32276869095844,235.43174743652344,96662700
2018-12-14,233.29367209242812,234.2429645549487,230.53454550893176,231.0845947265625,116961100
2018-12-17,230.1353003431474,231.24427926449513,224.9275396604473,226.55108642578125,165492300
2018-12-18,228.18348000060263,228.8488672551829,224.70571070380527,226.30264282226562,134515100
2018-12-19,226.38244716708684,230.1352268479982,221.21904999767247,222.91355895996094,214992800
2018-12-20,221.6715587646981,223.23299606876677,217.04932908961484,219.2850341796875,252053400
2018-12-21,220.1818309485332,222.83215230759592,214.1494434382455,214.7919464111328,255345600
2018-12-24,213.31065410867478,214.91691180258488,209.05408824030314,209.11654663085938,147311600
2018-12-26,210.57110150476595,219.68212890625,208.5989713794765,219.68212890625,218485400
2018-12-27,216.46069713767926,221.5650056323348,213.23926322091438,221.3686981201172,186267300
2018-12-28,222.7161726307013,224.34026776675762,219.92306940648027,221.08314514160156,153100200
2018-12-31,222.69834072493202,223.2605343594227,220.83330337470466,223.01959228515625,144299400
2019-01-02,219.50369138098247,224.1707648723314,219.47692155048017,223.25161743164062,126925200
2019-01-03,221.5115029254637,221.8149170216202,217.44232542908554,217.92420959472656,144140700
2019-01-04,220.94034498117475,225.866196858448,220.56555382761132,225.22369384765625,142628800
2019-01-07,225.49138437726992,228.40048512247722,224.59902068183817,226.99948120117188,103139100
2019-01-08,229.17686719364798,229.61411672120437,226.6603948566166,229.13223266601562,102512600
2019-01-09,229.83720681574073,231.04190333289162,228.61467282727094,230.2030792236328,95006600
2019-01-10,228.6771933158935,231.26504331046658,227.99898800303666,231.0151824951172,96823900
2019-01-11,229.94428092089964,231.13113993995213,229.36424993914574,231.1043701171875,73858100
2019-01-14,229.21251297876697,230.49751880728684,228.8109656778403,229.69439697265625,70908200
2019-01-15,230.06925535334858,232.6392676098816,230.06032300031862,232.32693481445312,85208300
2019-01-16,232.7552990236975,233.77260709427452,232.55007272484673,232.88917541503906,77636700
2019-01-17,232.0235939306199,235.51274076301408,231.97895938679645,234.6560516357422,96118400
2019-01-18,236.458494230224,238.24322126189753,234.6916046650688,237.7791748046875,127900300
2019-01-22,236.3158561380474,236.5300147972595,232.96055856884507,234.56680297851562,115531200
2019-01-23,235.59297988875502,236.28902257625495,232.60355565717606,235.05755615234375,86030300
2019-01-24,234.87906418069994,235.762522845976,233.8706887465937,235.18246459960938,59204100
2019-01-25,237.02072575323166,237.99342621865938,235.28063275699907,237.1724395751953,96883400
2019-01-28,235.03973328909893,235.4323483385695,233.61194564751654,235.36990356445312,85613700
2019-01-29,235.5126704132107,236.07483674202095,234.22766433893665,235.05755615234375,66136300
2019-01-30,236.56561155946923,239.6174800243388,235.80709700240453,238.77865600585938,92473700
2019-01-31,238.7162123476783,241.35760116657454,238.50202655014016,240.87571716308594,104012100
2019-02-01,241.07210025392237,242.00909868126865,240.20650618837755,240.99179077148438,85782500
2019-02-04,241.036377352639,242.74972786238473,240.36710449040405,242.687255859375,60744800
2019-02-05,243.11555028425835,244.00791391700548,242.61582882854208,243.7045135498047,79552800
2019-02-06,243.4278742657953,243.91866335308137,242.6515222904124,243.38323974609375,58347800
2019-02-07,241.77708214565385,242.32141106395105,239.41232320927514,241.06320190429688,95482000
2019-02-08,239.82285965964783,241.45587403322736,239.0018726785705,241.35772705078125,75788900
2019-02-11,242.0090412636391,242.26780712361779,240.96496377408712,241.491455078125,68021400
2019-02-12,243.09774400981368,244.9716860928263,243.02633965967624,244.59690856933594,72270200
2019-02-13,245.42681545852113,246.22993743403887,245.0074033821267,245.39111328125,65277200
2019-02-14,244.31137799198922,245.971188942763,243.49932360650095,244.8468017578125,83234400
2019-02-15,246.61370303127129,247.55070157498298,246.40847673937103,247.51499938964844,97088700
2019-02-19,246.72080978719674,248.59475241056225,246.71187743265884,247.94334411621094,59120800
2019-02-20,247.90758469716386,248.8981226746034,247.4078631485972,248.44300842285156,76610800
2019-02-21,247.80943108005712,248.16637114331283,246.60473453788555,247.5595703125,64214700
2019-02-22,248.17538223331493,249.2908374277751,247.54181130804355,249.09454345703125,78114600
2019-02-25,250.51329725249707,251.03085626968215,249.35320798266986,249.4335174560547,69030700
2019-02-26,249.08552986387414,250.12958033501678,248.8802763712297,249.2550811767578,56844100
2019-02-27,248.5411212221916,249.4959568913264,247.6130826068024,249.14794921875,56921600
2019-02-28,248.9338207584465,249.3710975786756,248.36272203533355,248.6839599609375,69268300
2019-03-01,250.25448603032754,250.64712824922503,248.80886114837762,250.2366485595703,78880500
2019-03-04,251.28965783560562,251.53058626385302,247.04199732647075,249.32644653320312,106494600
2019-03-05,249.45141237991535,249.6477335273438,248.4430368150685,248.98736572265625,59114600
2019-03-06,249.10335674714386,249.1122890999003,247.15801014103693,247.479248046875,75039800
2019-03-07,247.0330781283753,247.17585961549707,244.57017236568086,245.40899658203125,94885100
2019-03-08,243.56175355920197,245.0876878804618,243.09773423309156,244.9181365966797,85795800
2019-03-11,245.63209223186442,248.63042182022505,245.6053224045678,248.4698028564453,65098900
2019-03-12,249.02310457732622,249.92440096408816,248.83571575579768,249.4068145751953,79667500
2019-03-13,250.29024306141176,251.98572906946617,250.12959685826823,251.0576629638672,80639200
2019-03-14,251.0844072122771,251.50381930289518,250.45976886914966,250.8970184326172,67518400
2019-03-15,251.4464293465867,252.9432256217653,251.2581878355714,252.13656616210938,81309000
2019-03-18,252.35162707510253,253.34652788420078,252.12755351976938,253.0507354736328,62199800
2019-03-19,254.10847232408358,254.87030079650296,252.22624833038137,253.1135711669922,90268100
2019-03-20,252.89848426886337,254.0995157346277,251.24930550903446,252.3517303466797,84609200
2019-03-21,251.5360335485308,255.6051897835249,251.49120242401878,255.20187377929688,79550400
2019-03-22,253.84851218600596,254.36835092558272,250.22747499256286,250.29022216796875,122659300
2019-03-25,249.94962291682367,251.1327381271828,248.8471982754422,250.1020050048828,85575200
2019-03-26,251.8498316860622,252.91642453630638,250.5681368669428,251.9663543701172,68125900
2019-03-27,251.9573402796351,252.5399536018876,249.10713026060452,250.6487579345703,72224700
2019-03-28,251.27614779513837,252.04694787217167,250.12889202398836,251.5988006591797,56238500
2019-03-29,253.1045937427433,253.50790981906596,251.98422572062216,253.1852569580078,82186800
2019-04-01,255.1750459210547,256.48362818526266,254.90614116907568,256.1878356933594,77617900
2019-04-02,256.37613220062264,256.54643037423904,255.52464133254082,256.3133850097656,40070400
2019-04-03,257.52333435925203,257.9177061153034,256.1161454730113,256.7166748046875,68243200
2019-04-04,257.03937579809605,257.6488495887163,256.34923877219444,257.39788818359375,48997500
2019-04-05,258.0610604303663,258.69742170866954,257.77423969689164,258.6436462402344,58621700
2019-04-08,258.22240554553275,258.9484017747412,257.5681008285221,258.8408508300781,53566300
2019-04-09,257.8818883722807,258.2045413051788,256.9676777096618,257.514404296875,66142300
2019-04-10,257.9266705627704,258.4823961552368,257.51438273212386,258.39276123046875,52601500
2019-04-11,258.87677375036355,258.88574544981117,257.7564054290951,258.3210754394531,55093100
2019-04-12,259.9253762346362,260.3466356971258,258.36583273010336,260.06878662109375,69727800
2019-04-15,260.140488185737,260.23909479705657,259.10078335831236,259.89849853515625,49596700
2019-04-16,260.7768668564986,260.83064233232835,259.47722903423164,260.06878662109375,52153200
2019-04-17,261.1801610882623,261.20704882392914,259.02008848058534,259.4324035644531,58268300
2019-04-18,260.0150782631088,260.2122641762959,258.7244118045645,259.943359375,68708500
2019-04-22,259.18154767386676,260.3198320837561,259.0919127342727,260.1674499511719,40160100
2019-04-23,260.5348854922284,262.73978971372134,260.3018675160108,262.5067443847656,52246600
2019-04-24,262.4261171496475,262.75774179234065,261.78078391020006,261.9241943359375,50392900
2019-04-25,261.82547299248705,262.4170304822071,260.5796382033679,261.7627258300781,57770900
2019-04-26,261.807637361224,263.0534725329662,261.0368098429491,262.9817810058594,50916400
2019-04-29,263.071359619147,263.91387848418856,262.98172471489596,263.3940124511719,57197700
2019-04-30,263.0533770314901,263.8152325750082,261.6462159200732,263.5284118652344,81111700
2019-05-01,264.15598092684405,264.36213855939627,261.53878830968904,261.5477600097656,71671900
2019-05-02,261.4311489173669,262.34538672821753,259.49514969482624,260.9830017089844,65030200
2019-05-03,262.45299727175797,263.81535524757965,261.0906119431951,263.5375061035156,56543700
2019-05-06,259.2531642106628,262.89211741292036,258.9394556892126,262.45294189453125,107198100
2019-05-07,260.05984323993033,260.6514008912022,256.16992839920704,258.070068359375,144729900
2019-05-08,257.7115173339844,259.41447115468867,257.11995977153765,257.7115173339844,91568300
2019-05-09,255.6501289651859,257.5323258192694,253.92025952900033,256.93182373046875,103471100
2019-05-10,255.99956198160442,258.9752654873306,253.0238584758782,258.2223815917969,112429300
2019-05-13,253.13153638537906,254.0905508322464,250.89974420137844,251.73329162597656,127290500
2019-05-14,252.7460027293387,255.5334920253126,252.62053575978123,254.00978088378906,77003200
2019-05-15,252.38752291444266,256.1340267354628,252.18136536681158,255.49766540527344,73956400
2019-05-16,256.1967699119321,259.2172774500788,256.12507840020066,257.8638916015625,76749600
2019-05-17,255.56941814436465,258.67058934984783,255.55147474922455,256.1968078613281,100353000
2019-05-20,254.60147846076717,256.30443297484504,253.75895922752173,254.50289916992188,62877600
2019-05-21,256.18792308232037,257.17385280375044,255.93696163984237,256.79742431640625,46847100
2019-05-22,255.84724901110678,256.95864532113876,255.5335404986103,256.0085754394531,49482500
2019-05-23,253.79468821165935,253.83949198396766,251.47328933984457,252.88047790527344,98733800
2019-05-24,254.31455174403163,254.72686684163855,252.83567152761165,253.45411682128906,55268100
2019-05-28,253.73203211000154,254.68210218684243,251.07900778331788,251.096923828125,70029400
2019-05-29,249.98547626642363,250.38879233781626,248.01361763049988,249.41183471679688,104972900
2019-05-30,250.16470909269745,250.99828364691183,248.9995373499436,250.093017578125,62523800
2019-05-31,247.55647480430645,248.38105017017492,246.69601265810164,246.722900390625,86862800
2019-06-03,246.75889141428175,247.87028808825758,244.7691160882242,246.09564208984375,96428000
2019-06-04,248.38104197192473,251.57184710544496,247.93289487617494,251.43740844726562,77231900
2019-06-05,253.05086951579688,253.64242729755463,251.2493357764936,253.61553955078125,71169700
2019-06-06,253.91130795142757,255.93691517196487,253.26597473754416,255.2646942138672,69430400
2019-06-07,256.277403586193,258.8945947828686,256.1071054936321,257.81903076171875,74272200
2019-06-10,259.36070955978926,260.6603473979614,258.9125623539002,259.002197265625,60799100
2019-06-11,260.81267444687654,261.18015839902773,258.29408960533016,258.9394226074219,58641300
2019-06-12,258.70643444478026,259.26213260858515,257.97146645593216,258.48236083984375,47096300
2019-06-13,259.3875932507878,259.90745931903905,258.68848471461854,259.5489196777344,48945200
2019-06-14,259.26214599609375,259.8626479708,258.5002902294228,259.26214599609375,52324700
2019-06-17,259.4950954021212,260.12251230367974,259.1903586465076,259.36065673828125,39205700
2019-06-18,261.1712687189415,263.12518417352123,260.81272903505663,262.0765075683594,85434800
2019-06-19,262.210941361261,263.19687076799914,261.2429553500235,262.6680603027344,78674400
2019-06-20,265.3390271353072,265.581016799397,262.73080690028075,265.17767333984375,116570000
2019-06-21,264.9092951972342,266.1611896327849,264.57605770329127,264.7922058105469,83309500
2019-06-24,264.99936948825126,265.3145763201404,264.3148638254183,264.4679870605469,47582700
2019-06-25,264.52194695651394,264.5489654623911,261.7659494139915,261.8740234375,82028700
2019-06-26,262.7657814761968,263.2701454731416,261.5048714838348,261.6129455566406,51584900
2019-06-27,262.36949245202936,263.04498289515925,261.99123319591143,262.5406188964844,40355200
2019-06-28,263.51322339656014,264.3868585052382,262.9998717236081,263.8915100097656,59350900
2019-07-01,267.2059187927584,267.42209435949115,265.0893772140861,266.2872619628906,78705600
2019-07-02,266.2423225829656,267.0349025210408,265.40472093804595,266.9808654785156,61504500
2019-07-03,267.6563016219781,269.133387113011,267.51219370925975,269.1153564453125,40898900
2019-07-05,267.8904556118029,268.97125111423253,266.6025273362104,268.8091125488281,51677300
2019-07-08,267.50306603630946,268.62888274804,266.7915421784831,267.3319396972656,45841800
2019-07-09,266.1791493551212,267.9624257362326,266.12511234270954,267.66522216796875,41101300
2019-07-10,268.727974274822,269.8898249593652,268.1965920202201,268.9441223144531,58448500
2019-07-11,269.5836918467792,269.81784313562406,268.5749640265412,269.5746765136719,50826100
2019-07-12,270.0610735778993,270.8536533963706,269.75485455454003,270.7815856933594,40326000
2019-07-15,271.21389592419735,271.21389592419735,270.3672791135901,270.87164306640625,33900000
2019-07-16,270.78145840291825,270.98861859447334,269.69167540769917,269.9978942871094,36650100
2019-07-17,269.9710288505612,270.133139969381,268.16070556640625,268.16070556640625,36036300
2019-07-18,267.6653065540941,269.52065119386003,267.22399498501346,269.1423645019531,51392600
2019-07-19,270.2321187961376,270.2591373052025,267.47612092845327,267.6472473144531,58678600
2019-07-22,268.04355124978355,268.84514628615204,267.5301994978204,268.30474853515625,43638100
2019-07-23,269.42154655627746,270.2231140136719,268.59293310299523,270.2231140136719,44564500
2019-07-24,269.4665712532843,271.4930419921875,269.37650038995713,271.4930419921875,47213200
2019-07-25,271.04275323442494,271.09679026285806,269.39454140989733,270.1961364746094,55394100
2019-07-26,270.88065244844626,272.2046146669419,270.75454772012597,272.0064697265625,45084100
2019-07-29,271.8893951181974,272.00648451921296,270.96172273001054,271.5111083984375,38126500
2019-07-30,270.1149553913158,271.2497874325233,269.73666888232674,270.844482421875,45849000
2019-07-31,271.0876717228636,271.2768287361373,265.87290806398926,267.88134765625,104245200
2019-08-01,268.0346112139535,270.9797396278574,264.75621776268565,265.5487976074219,142646600
2019-08-02,264.6571304997098,264.9002971362273,262.0001907364451,263.54931640625,116749700
2019-08-05,259.4693319799065,259.57740603070056,253.73217206883004,255.62355041503906,178745400
2019-08-06,257.50590864289825,259.42430546615407,256.0378386800961,259.2081298828125,120711700
2019-08-07,256.1458963970514,260.1267976833788,254.0203669444034,259.3612365722656,140572300
2019-08-08,260.84739635518525,264.45001220703125,260.29801063095204,264.45001220703125,87713900
2019-08-09,263.51324043844005,264.10767516291054,260.87433176426345,262.64862060546875,93730000
2019-08-12,261.1534842703851,262.6395570659091,258.5055607500272,259.4512634277344,65527600
2019-08-13,259.1540043011932,264.92719597770594,258.8117516064786,263.48614501953125,94299800
2019-08-14,259.45137173581514,260.05479444786425,255.56955568303667,255.6956329345703,135622100
2019-08-15,256.57822347266244,257.2627290614845,254.33560461612663,256.3710632324219,99556600
2019-08-16,258.0192336041962,260.5860741804113,256.42505926251977,260.1537780761719,83018300
2019-08-19,263.16203921415007,263.96360681327474,262.48654885595346,263.2881164550781,53571800
2019-08-20,262.78375220434907,263.3151346538664,261.14458315961394,261.2706604003906,51596400
2019-08-21,263.4232587515526,263.76548414054434,262.73875300201854,263.396240234375,49524700
2019-08-22,264.09868577575924,264.7291268538394,261.54982049544003,263.3150939941406,51666400
2019-08-23,262.01815181035266,263.67535110067126,255.30827163933517,256.5511779785156,149161500
2019-08-26,258.7307271459625,259.3882141113281,257.20862049623975,259.3882141113281,72423800
2019-08-27,260.7752713086617,261.14454261165514,257.61396813150543,258.3705139160156,66668900
2019-08-28,257.71311273483263,260.35202198942807,256.91151759369086,260.1899108886719,59696700
2019-08-29,262.73872607625174,264.035669739417,261.7389860715827,263.5132751464844,57899400
2019-08-30,264.99038771940667,265.0083909022667,262.4685678302421,263.396240234375,62901200
2019-09-03,261.70295284664036,262.6125943955452,260.5320865423105,261.8560485839844,69101400
2019-09-04,264.0176641596419,264.8462502511639,263.2701061248375,264.8282470703125,46887300
2019-09-05,267.3049938922983,269.14230747577426,264.79216261230954,268.232666015625,83258100
2019-09-06,268.5478598062534,269.0792420603326,267.87236969730753,268.43975830078125,49584300
2019-09-09,269.42156787029035,269.511611253967,267.63826360401265,268.574951171875,51260300
2019-09-10,267.81835045130987,268.5749236886284,266.5664561971447,268.5118713378906,57947100
2019-09-11,268.8181628872153,270.5023812339653,268.16969099846807,270.42132568359375,68821100
2019-09-12,271.32190683250764,272.4116900319859,270.56536107938297,271.3579406738281,72908700
2019-09-13,271.79927919493423,272.1505473397734,270.80855460332793,271.1778259277344,62104800
2019-09-16,270.0519941888065,271.2228604559255,269.7007535487089,270.3402099609375,58191200
2019-09-17,270.1420991494671,271.11479314596744,269.97097273102594,271.0247497558594,41475500
2019-09-18,270.6374460314941,271.2949331869254,268.6109750229394,271.1868591308594,73375800
2019-09-19,271.57409786721047,272.5648223935264,270.8355552670686,271.1687927246094,76560500
2019-09-20,271.7696025331954,272.0501199494442,269.1004209167277,269.8876037597656,89565000
2019-09-23,269.22709988546444,270.5390897940951,268.97375334735597,269.82427978515625,43476800
2019-09-24,270.9100462786687,271.29910921668215,266.74790122291455,267.7070007324219,94869400
2019-09-25,267.7883822298212,269.73372418132254,266.31353298263394,269.2903747558594,71854000
2019-09-26,269.2994676970623,269.507556991821,267.3269822031937,268.72943115234375,56179700
2019-09-27,269.4804578779437,269.5890586383506,265.7345462186397,267.2817687988281,84746600
2019-09-30,267.7974924652988,269.2270847903198,267.75226286244816,268.5213317871094,51662400
2019-10-01,269.3989586927503,270.05042502403563,265.11015478586074,265.3273010253906,88242400
2019-10-02,263.7529391947368,263.7619961590738,259.35556210753964,260.640380859375,122539500
2019-10-03,260.4142414543203,262.80296115805885,257.70885927355687,262.77581787109375,85278800
2019-10-04,263.42725373830876,266.5850420764219,263.37293955799163,266.3316955566406,65091200
2019-10-07,265.5354770003789,267.1551000311265,264.9020968438826,265.1825866699219,59610500
2019-10-08,263.33679390363403,264.0696902542639,261.02950409268243,261.0657043457031,95708100
2019-10-09,263.0743985044532,264.47684770935257,262.45007528092935,263.5448913574219,62359400
2019-10-10,263.4633888355705,266.2049705604182,263.30052915592313,265.3273010253906,55296300
2019-10-11,268.06891544679235,270.3038044768641,267.9513129611668,268.0779724121094,98720400
2019-10-14,267.76133552866014,268.4309160029819,267.4356160649668,267.7794494628906,40394800
2019-10-15,268.8199151174833,271.1724341538124,268.7022850237621,270.43048095703125,46754500
2019-10-16,269.9690725325945,270.68388259277367,269.5619232168243,269.9962158203125,48928200
2019-10-17,271.1543696505715,271.66106275227156,270.1047831934205,270.7924499511719,45736600
2019-10-18,270.2585831298609,270.9009925949094,268.7565903144165,269.60711669921875,64304000
2019-10-21,270.91912254267635,271.6339049366315,270.48480235900485,271.4348449707031,39048600
2019-10-22,271.968722907503,272.258269740881,270.4577004188405,270.5481872558594,48594700
2019-10-23,270.29476731931624,271.38958319579564,270.0866504119283,271.3352966308594,34352200
2019-10-24,272.2672627207654,272.4120361034301,270.95527292409713,271.7786560058594,35453100
2019-10-25,271.2086350532512,273.43449487557064,271.1543484832142,272.8916015625,45205400
2019-10-28,274.104059618288,274.9274427834081,274.0769163320841,274.4297790527344,42147000
2019-10-29,274.15835514466437,275.2712851407752,274.0316680631073,274.3483581542969,44284900
2019-10-30,274.54732137820343,275.5607072227236,273.24438883162225,275.18975830078125,49643900
2019-10-31,275.18074553352045,275.18074553352045,273.0092001446827,274.4568786621094,69053800
2019-11-01,275.89554738047116,277.0446497636023,275.7326600812259,276.9994201660156,71141500
2019-11-04,278.5466553353853,278.68237174713806,277.74135860448837,278.1123352050781,60606900
2019-11-05,278.31141105889066,278.6100147945176,277.5151712474853,277.8047180175781,42933200
2019-11-06,277.80466795268586,278.13944426471744,276.92699844774336,277.8680114746094,46487100
2019-11-07,279.1981662183995,280.1753521514452,278.3747830389513,278.84527587890625,54272300
2019-11-08,278.5013067800782,279.5870929433806,277.80461101978415,279.5328063964844,49032100
2019-11-11,278.1575237620495,279.1709095366087,278.02177977110307,278.9989929199219,35797300
2019-11-12,279.3609854935828,280.482944664036,278.81809222595433,279.5871887207031,46484600
2019-11-13,278.60091337809416,280.0757626644481,278.37471017743115,279.6776428222656,53917700
2019-11-14,279.3971693561255,280.16626580577037,278.76378931225406,280.0848083496094,51219900
2019-11-15,281.4149705517262,282.1569239474839,280.72733134761177,282.1116943359375,62023600
2019-11-18,281.8763526775857,282.554962331027,281.42394624195816,282.3197021484375,49228000
2019-11-19,282.9169521068603,282.92600907388174,281.5959327188336,282.23834228515625,67804700
2019-11-20,281.6501535927217,282.16590356395267,279.64146788455196,281.1886901855469,79406200
2019-11-21,281.2972742396407,281.40584736131234,279.9400549933533,280.73626708984375,54664700
2019-11-22,281.4782868521623,281.6140032863701,280.3563275124406,281.36065673828125,44850200
2019-11-25,282.2835839904739,283.541259765625,282.2835839904739,283.541259765625,48647200
2019-11-26,283.57735418105585,284.36453681913287,283.26066421065786,284.1835632324219,37569000
2019-11-27,284.6631984481001,285.4504089355469,284.4460521689153,285.4504089355469,44444600
2019-11-29,284.8893902243896,285.13370739133796,284.1655509144457,284.3917541503906,36592700
2019-12-02,284.64510327178596,284.7084468054774,281.55065843888804,281.9759216308594,75767800
2019-12-03,279.27048230227246,280.16626580577037,277.8951767026078,280.0848083496094,73941700
2019-12-04,281.1254102128774,282.4102292100744,280.78157685476225,281.81304931640625,49080000
2019-12-05,282.5097327325432,282.52781904939724,281.0167694048144,282.3197021484375,40709000
2019-12-06,284.2197973703587,285.2965268305146,284.2107404061352,284.8984069824219,48927000
2019-12-09,284.5093480042442,285.17890066127535,283.93025453990657,284.0026550292969,34838500
2019-12-10,283.94843867294895,284.6089345289355,283.03456865414756,283.68603515625,52649800
2019-12-11,284.1383512229646,284.7445879245337,283.6045150056367,284.4912414550781,53429100
2019-12-12,284.5003229017807,287.72145472298655,284.2650903166584,286.9433288574219,96389600
2019-12-13,286.7080880016024,288.33676795280417,285.93899143681557,287.1152648925781,81503900
2019-12-16,288.83442200600217,289.6758915127746,287.0519391986686,289.0877685546875,82749700
2019-12-17,289.46775204589784,289.7663281501422,289.06963216510667,289.15106201171875,61097700
2019-12-18,289.540104991012,289.76630819803626,289.11484185729864,289.16912841796875,48133000
2019-12-19,289.3591315184229,290.42683164173593,289.1057850309427,290.35443115234375,85310500
2019-12-20,291.38201452587293,292.75500865679,290.4091255358955,291.6275329589844,147142100
2019-12-23,292.40942038274756,292.4639738562155,291.92751286814024,292.072998046875,52990000
2019-12-24,292.300245092851,292.345697060627,291.7819594676257,292.08203125,20270000
2019-12-26,292.46403797456816,293.64609490526334,292.45496422597455,293.6369934082031,30911200
2019-12-27,294.3643024909242,294.418855959817,293.0367885004356,293.56414794921875,42528800
2019-12-30,293.64599037883215,293.7823740438549,291.4637407446412,291.9456481933594,49729100
2019-12-31,291.4456015823898,292.900425602452,291.10007775592334,292.6549072265625,57077300
2020-01-02,294.1825094519957,295.4100181767864,293.2641463451921,295.3918151855469,59151200
2020-01-03,292.01845232203294,294.27343102956564,291.96389884711743,293.155029296875,77709700
2020-01-06,291.4092412616516,294.35526771417256,291.291032813915,294.2734375,55653900
2020-01-07,293.7096192068169,294.18245291277395,293.00039639633826,293.4459533691406,40496400
2020-01-08,293.63695478138766,296.21925449633176,293.3914641292551,295.00994873046875,68296000
2020-01-09,296.56469419323554,297.08297983800134,295.9827535924202,297.0102233886719,48473300
2020-01-10,297.59219676942917,297.74675568148257,295.69184361108466,296.1555480957031,53029300
2020-01-13,296.77384567647033,298.20136500493834,296.34649170275594,298.1922912597656,47086800
2020-01-14,297.7558766573116,298.80152187526085,297.183037449198,297.7377014160156,62832800
2020-01-15,297.64671572057415,299.16516667291756,297.5648855268959,298.4104919433594,72056600
2020-01-16,299.78349174098173,300.8927917480469,299.5561763932098,300.8927917480469,54050300
2020-01-17,301.60209133261856,302.03851915247486,300.82921340367295,301.82940673828125,95846000
2020-01-21,300.87464321259114,302.03849689387584,300.80191449746235,301.23834228515625,77742400
2020-01-22,302.09304908519476,302.7386447658529,301.1201603136158,301.27471923828125,48914900
2020-01-23,300.62914750870215,302.02941805033095,299.51984731959936,301.6202392578125,51963000
2020-01-24,302.27489868037776,302.35672888648327,297.65583466927774,298.9378967285156,87578400
2020-01-27,293.7187945890734,295.61914813945754,293.3823722127157,294.1461486816406,84062500
2020-01-28,295.5645514816852,298.10139892647504,294.23703741404154,297.228515625,63834000
2020-01-29,298.5832802273967,298.8105955905337,296.78293256190744,296.98297119140625,53888900
2020-01-30,294.9280227504924,298.1559174611264,294.18244947017035,297.94677734375,75491800
2020-01-31,297.3285107663314,297.4830974307918,291.6274511456699,292.5367126464844,113845600
2020-02-03,294.0096261523135,296.5646480050936,293.89141775190467,294.7097473144531,69083000
2020-02-04,298.30146950480867,300.0654392862416,297.9832223847323,299.2016296386719,62573200
2020-02-05,302.12027738152585,302.8658783940737,300.6654813306938,302.65673828125,65951100
2020-02-06,303.6115159327302,303.86610804710017,302.6022212214516,303.6751708984375,50359700
2020-02-07,302.62037823914807,303.68419851140686,301.51107824895325,302.056640625,64139400
2020-02-10,301.1747098442984,304.3753004752346,301.1383316131343,304.3116455078125,42070000
2020-02-11,305.6573801762899,306.4393318263524,304.31166303033257,304.83905029296875,54864500
2020-02-12,306.2665203619199,307.01212140657594,305.90282133354975,306.8030090332031,43992700
2020-02-13,305.384583005048,307.4395230692545,305.11181562858764,306.4757080078125,54501900
2020-02-14,306.8848140935639,307.08485270504895,305.69368391786554,306.9666442871094,64582200
2020-02-18,305.97562052387593,307.0303672773859,304.79356383100367,306.1756591796875,57226200
2020-02-19,307.1394741196409,308.31240156841585,306.857605252249,307.6395568847656,48814700
2020-02-20,307.0939679878166,307.91232553087383,303.4023685434506,306.37567138671875,74163400
2020-02-21,305.02997213526146,305.33911773127744,302.40219294643487,303.2205505371094,113788200
2020-02-24,293.81876238067053,303.29325128301434,292.0911434027477,293.1640930175781,161088400
2020-02-25,294.5462110971591,295.15540084278814,283.40775626371243,284.2806396484375,218913200
2020-02-26,285.6717381934317,289.24512881329986,282.5075263003692,283.23492431640625,194773800
2020-02-27,277.74304808095087,283.28954954070747,270.5144348144531,270.5144348144531,284353500
2020-02-28,262.50379323523845,270.85990822902744,259.63052370677684,269.3778076171875,384975800
2020-03-02,271.150929237286,281.107356151786,267.7411977937539,281.043701171875,238703600
2020-03-03,281.41647571156864,285.36266787315276,270.56899107802036,272.9967041015625,300139100
2020-03-04,278.3431137377837,284.6897687189938,275.8062664944297,284.4715270996094,176613400
2020-03-05,277.3066158052619,280.4799299446313,272.7875844936558,275.0152587890625,186366800
2020-03-06,266.5499879663746,271.66913435903734,263.89496007700336,270.4689025878906,228667200
2020-03-09,250.3195986054833,258.4029440361676,248.63748757520577,249.34671020507812,309417300
2020-03-10,258.8121089282984,262.3400189071337,248.68292632473762,262.2491149902344,276444100
2020-03-11,255.22970801029587,256.35718336366966,246.30075363543554,249.4649658203125,255316300
2020-03-12,232.77091945781268,242.4636493556754,225.20585791580433,225.5968475341797,392220700
2020-03-13,239.21758503257703,246.84630170947224,225.96965328165044,244.88229370117188,329566100
2020-03-16,219.29565492416742,233.5892450551575,215.82228363619473,218.0863494873047,297240000
2020-03-17,222.80541986754847,232.92551813203102,215.55861886674538,229.86129760742188,262070500
2020-03-18,214.81301736831665,225.83326169260155,207.32979952636524,218.22274780273438,327597100
2020-03-19,217.5408131695705,224.93311358035257,211.14870595523684,218.6864776611328,289322000
2020-03-20,221.81992633759734,223.5942684841913,208.98797436710205,209.26235961914062,347158800
2020-03-23,208.70444775234532,210.0672050409845,199.62238105359475,203.91189575195312,326025200
2020-03-24,214.40243776362843,223.2558517852743,213.8353851846469,222.386962890625,235494500
2020-03-25,223.96010990179323,234.45982229383785,219.27732029095014,225.71615600585938,299430300
2020-03-26,228.21305908392085,240.35904181839467,227.78319208122267,238.89569091796875,257632800
2020-03-27,231.64281313729845,238.53895253940948,229.6123819008434,231.77999877929688,224341200
2020-03-30,233.8653046759227,240.02061371023277,231.8806066353149,239.30722045898438,171369500
2020-03-31,238.31032714142557,240.84378198565145,234.34093062328688,235.7402801513672,194881100
2020-04-01,226.80451761479742,235.65793147048535,223.07291481173678,225.1307830810547,189554600
2020-04-02,224.25277750810542,231.1031837108158,223.70400702849605,230.32577514648438,177660400
2020-04-03,229.34716379458789,231.688572678805,224.28024014069945,226.9966278076172,135561200
2020-04-06,235.8225935231229,244.2004086447503,226.97833320682912,242.24313354492188,188061200
2020-04-07,250.79466479788738,251.54465009535215,242.27053901114178,242.4900360107422,201427200
2020-04-08,245.07837292335702,252.43182969046424,242.5997928456364,250.6300506591797,153774500
2020-04-09,253.8769349662577,257.1878401363403,251.94712503834012,254.4440155029297,189999200
2020-04-13,253.4745408871483,253.81294146989543,248.23382562674,252.12091064453125,114839100
2020-04-14,256.98659409583337,260.57184221885353,251.9836866702338,259.556640625,134143400
2020-04-15,253.86775666582818,259.69380532995405,251.93791921547881,254.04153442382812,121775000
2020-04-16,255.3128396006162,256.11769917577556,252.2123327276994,255.26712036132812,131798300
2020-04-17,261.0109147166747,262.76694697908226,258.2853720013515,262.163330078125,146684800
2020-04-20,258.47741548206835,262.3004990519238,257.3250281055535,257.5445251464844,100109300
2020-04-21,253.09948464714034,254.29761890727113,248.79166082381494,249.72457885742188,126385700
2020-04-22,254.58116430226596,257.0048701286276,253.2641264359367,255.26712036132812,92951600
2020-04-23,256.5384565598926,259.69386615566833,254.947047152438,255.2488555908203,104709700
2020-04-24,256.7579275278854,259.47431454865233,254.71834153135325,258.806640625,85063200
2020-04-27,260.77308193998005,263.6540921481232,260.31577784625483,262.53826904296875,77896600
2020-04-28,266.16918844701115,266.5167439245813,261.0290963712476,261.3309326171875,105270000
2020-04-29,266.6356455702999,269.69958768197114,265.61128916664575,268.17218017578125,118745600
2020-04-30,266.80024273817276,268.27277586107465,263.94667076946723,265.67529296875,122901700
2020-05-01,260.9468619298038,265.8400213562658,257.4804890548701,258.6420593261719,125180000
2020-05-04,256.7670815529989,259.6572466389891,255.2945758379468,259.3554382324219,80873200
2020-05-05,262.16335494813103,264.55046938143977,259.48353122781396,261.75177001953125,79569900
2020-05-06,263.4437285183799,263.827848295089,259.54748902772616,259.97735595703125,73632600
2020-05-07,263.1785007061858,265.03515417332994,262.6114481071013,263.1144714355469,75250400
2020-05-08,266.2333213332557,267.9345072510261,265.10834309873604,267.4680480957031,76452400
2020-05-11,265.547270613947,268.89473908253206,265.1265587694115,267.5228271484375,79514200
2020-05-12,268.70270925473403,269.1142661339823,262.05349080766416,262.1907043457031,95870800
2020-05-13,261.6328562681384,262.66636814540334,255.13913155221232,257.5537109375,144721100
2020-05-14,255.12999344010436,260.7639559394108,249.67890794003233,260.63592529296875,121977900
2020-05-15,258.2578937473351,261.8797341345246,257.3158484879118,261.8340148925781,111146300
2020-05-18,268.0258296308376,271.4098899711997,267.70573920026675,269.809326171875,119703800
2020-05-19,269.2148573378869,270.91601473788154,267.01980382656944,267.0380859375,95189300
2020-05-20,270.5594441426367,272.43438006323834,270.33079205906915,271.57464599609375,85861700
2020-05-21,271.4466122793838,272.25147207031785,268.611320892823,269.69970703125,78293900
2020-05-22,269.4161483468762,270.3856308209663,268.18142167542106,270.21185302734375,63958200
2020-05-26,276.1476546483194,276.385461718517,270.2301383166859,273.541015625,88951400
2020-05-27,276.32145242701677,277.6476456136954,271.5197588989895,277.6110534667969,104817400
2020-05-28,278.6353508202171,280.6383447830718,276.4311419598092,277.09881591796875,90405200
2020-05-29,276.63237146672736,278.918891827122,273.8977020474156,278.33355712890625,119090800
2020-06-01,277.69336979462093,280.06220196111565,277.18119137546694,279.45855712890625,55758300
2020-06-02,280.37308124642124,281.818177568528,279.0469163460415,281.7724304199219,74267200
2020-06-03,283.7480576450486,286.473600307981,283.47368633170566,285.52239990234375,92567600
2020-06-04,284.5436868628639,286.2723094131286,282.6870337042213,284.7723388671875,75794400
2020-06-05,290.14111331971145,293.83610963798606,290.0770840592824,292.0709228515625,150524700
2020-06-08,292.87583692887944,295.7934392999696,292.3362214439441,295.60137939453125,73641200
2020-06-09,292.9490397309873,295.6745826285939,292.08930565964937,293.397216796875,77479200
2020-06-10,293.9734045940547,294.86057573896727,291.0466469438034,291.7600402832031,95000800
2020-06-11,284.86384198436707,285.4949238306077,274.39159558292613,274.9403381347656,209243600
2020-06-12,281.9188104439579,282.68707794933687,273.1020022913101,278.2329406738281,194678900
2020-06-15,272.57156280032103,281.95545314075946,271.4008652615078,280.8304748535156,135782700
2020-06-16,288.5406401343892,288.6869808136118,281.3975514551438,286.2358093261719,137627500
2020-06-17,287.2510539767532,287.5437353503911,284.3151410483271,285.0468444824219,83398900
2020-06-18,283.537587266253,285.63201913720025,283.0802833432594,285.15643310546875,80828700
2020-06-19,288.606862928956,288.79976795649424,281.588495273941,283.5268249511719,135549600
2020-06-22,282.9297247424216,285.7407390429402,281.79062897041933,285.3457336425781,74649400
2020-06-23,287.9822576249924,288.91008594994315,286.25522305494576,286.659423828125,68471200
2020-06-24,284.6292778033308,285.2447743186567,277.51906654379894,279.3471374511719,132813500
2020-06-25,278.77749712311356,282.60820823682303,276.76568904701736,282.341796875,89468000
2020-06-26,281.2486339410296,281.4599295868436,275.05705756423436,275.6357727050781,127961000
2020-06-29,276.88516190649545,279.82477053732015,274.6069420891826,279.6869812011719,79773300
2020-06-30,279.2552015830545,284.95993198050036,279.0990496919848,283.2696228027344,113394800
2020-07-01,284.3811608808627,286.5123956920647,283.92184448367857,285.25384521484375,72396500
2020-07-02,288.6712011809494,290.01242543532555,286.1633512394865,286.82476806640625,69344200
2020-07-06,290.62796070760163,291.83136787282604,289.8838701103089,291.25262451171875,61713800
2020-07-07,289.718414264675,291.6842738605442,287.8719533827628,288.24859619140625,82910000
2020-07-08,289.0111086325023,290.5636006128082,287.25654430949635,290.453369140625,54638600
2020-07-09,291.0597567120624,291.29861032903085,285.4009725056426,288.7999267578125,83354200
2020-07-10,288.73557224712687,292.01509919724424,287.3117021320966,291.7486877441406,57550400
2020-07-13,294.08201958882603,296.45208065811465,288.5702209738263,289.2224426269531,102997500
2020-07-14,287.8076578345248,293.7420461714256,286.6134463551581,292.97039794921875,93657000
2020-07-15,296.1765111680916,296.7552545262097,293.29198967983916,295.6620788574219,87196500
2020-07-16,293.7696908622151,295.1384452286561,293.12663646975597,294.6883239746094,54622500
2020-07-17,295.68955664678975,296.32341557834684,293.7236688220878,295.5425720214844,62774900
2020-07-20,295.27619796890855,298.6751512770174,294.53210748290684,297.9310607910156,56308800
2020-07-21,299.8877446097255,300.3286704937744,297.5819668813905,298.5649108886719,57292200
2020-07-22,298.20664479704493,300.57673367466816,298.096413320775,300.2643737792969,57792900
2020-07-23,299.9060815666081,300.604251536004,295.32211240358737,296.6816711425781,75738000
2020-07-24,294.8353071395609,295.79066538679007,293.2736196426377,294.77099609375,73766600
2020-07-27,295.4599699891878,297.0951357943914,294.66993094112354,296.92059326171875,48293000
2020-07-28,296.1948119559722,297.3063779975777,294.74338424671515,295.037353515625,57495000
2020-07-29,295.9100858432154,299.2263658690615,295.8733326700447,298.6659851074219,48454200
2020-07-30,295.70796004076783,298.0137378647775,293.631868503502,297.600341796875,61861700
2020-07-31,299.38247841301813,300.05309057149844,295.1843190245131,299.9520263671875,84986800
2020-08-03,301.6055644080118,302.79977597987823,301.0635743540446,302.0373229980469,53077900
2020-08-04,301.18303648166886,303.20404052734375,301.18303648166886,303.20404052734375,41917900
2020-08-05,304.49927818527294,305.344432870868,304.2328667686408,305.0871887207031,42697700
2020-08-06,304.50847479244663,307.2459831711578,304.1869476378153,307.1265563964844,43679400
2020-08-07,306.16200149282446,307.63181988230866,305.2617310710826,307.3470458984375,57308300
2020-08-10,307.79711328642304,308.4493347450377,305.86797873960825,308.265625,44282100
2020-08-11,309.44158091644624,310.07544003010565,304.99539985279966,305.7210998535156,69601100
2020-08-12,308.14622417854946,310.75513826700785,308.1186663127522,309.9834899902344,53774400
2020-08-13,309.2210563466594,310.7276279995597,308.5045236917194,309.42315673828125,41816100
2020-08-14,309.0373370596852,309.96516537922156,308.31160912555913,309.4323425292969,47260400
2020-08-17,310.4428105517088,310.81025811201846,309.4415040352229,310.4152526855469,35481000
2020-08-18,310.81033073952744,311.5085008913745,309.22108532762326,311.0859375,38733900
2020-08-19,311.46260170907806,311.97703410202905,309.23032957168755,309.79071044921875,68054200
2020-08-20,308.0727973930236,311.23289764783453,307.9442033309167,310.7552185058594,42207800
2020-08-21,310.42447869422375,312.07800689641704,310.0845609319981,311.8575439453125,55106600
2020-08-24,314.28274638944663,315.0911479893347,311.8300117530821,315.0176696777344,48588700
2020-08-25,315.578035456616,316.2026992516571,314.42054875121903,316.1200256347656,38463400
2020-08-26,316.7079196553296,319.55565950622474,316.1659295535639,319.2892761230469,50790200
2020-08-27,320.1527714738535,321.4296566689116,318.3338681796613,319.9873962402344,58034100
2020-08-28,321.0071247417891,322.18297388597506,319.82208029637775,322.0543518066406,48588900
2020-08-31,321.8429590612697,322.7156432703783,320.65791507645724,320.8875732421875,66099200
2020-09-01,321.71439669884074,324.01097878208003,320.82332172916597,323.9099426269531,54908700
2020-09-02,325.8115748999467,329.55958516400403,324.6724509289128,328.59503173828125,69540000
2020-09-03,326.9138442060116,327.3823558966591,314.71440196148785,317.2865905761719,148011100
2020-09-04,317.96643711549046,319.52809635719643,307.62262081365446,314.69610595703125,139156300
2020-09-08,309.3129330288969,314.76044843805005,305.79458070733585,306.09771728515625,114465300
2020-09-09,310.08460719165936,314.59509930226375,309.2210897917374,312.1423645019531,91462300
2020-09-10,314.0071032105712,314.65932471702587,305.76696501281884,306.72235107421875,90569500
2020-09-11,308.4953124238538,309.5517346698308,304.0674950426978,306.8785095214844,84680200
2020-09-14,310.0294570524929,312.6843200062255,307.02553709097856,310.9205322265625,65605700
2020-09-15,313.3641091586168,314.19087331685137,310.92973712374885,312.4914245605469,52920900
2020-09-16,313.7223455643582,315.1462154132683,310.97561399935194,311.251220703125,82096000
2020-09-17,306.41925059089203,310.22240503175595,305.8956230024617,308.51373291015625,91523300
2020-09-18,309.3151891223313,309.42586185068205,302.4900987895025,304.9618835449219,105877900
2020-09-21,300.3963948738727,301.7152914916219,296.734822845481,301.5677185058594,99450800
2020-09-22,303.0435505779114,305.1925215366681,300.54406899885316,304.6391296386719,63612100
2020-09-23,305.1923890488942,305.46909895110974,297.07607189061287,297.5741271972656,93112200
2020-09-24,296.26444372300983,301.41092156228456,294.954751030624,298.3673095703125,76681300
2020-09-25,297.51886972503877,303.9750423791619,296.6519238635727,303.19110107421875,71069400
2020-09-28,307.3323168857732,308.93712820601235,306.34543786040797,308.2269592285156,64584600
2020-09-29,308.02395029629054,308.7617872255907,305.85651561479375,306.5482482910156,51304000
2020-09-30,307.21229184325324,312.00831599678094,307.0186145881831,308.8724670410156,104081100
2020-10-01,311.4549953869998,312.4234100301672,308.9832103165565,310.8554992675781,88698700
2020-10-02,305.93029309925635,310.82775782543484,305.4599059080019,307.9040222167969,89431100
2020-10-05,309.9515464147121,313.5485503664023,309.90544216593185,313.3641052246094,45713100
2020-10-06,313.5024779338328,315.58690808900525,308.4021034182183,308.90936279296875,90128900
2020-10-07,311.8515860716545,315.08890456314975,311.8239178856879,314.2864990234375,56999600
2020-10-08,316.2140965427438,317.13640685603946,315.30099019284074,317.07183837890625,45242500
2020-10-09,318.7135321923036,320.3644754439447,318.09560007830606,319.9033203125,59528600
2020-10-12,322.43047714589153,326.51630530793193,321.9416537782736,325.0498352050781,80388500
2020-10-13,324.911520163135,325.08676139819215,321.9693476124568,322.9285583496094,73255500
2020-10-14,323.5002743187641,324.5885935042505,320.17074829875787,320.89935302734375,57727900
2020-10-15,317.0073043045326,320.9824599345007,316.4723766493068,320.50286865234375,60357700
2020-10-16,321.84932413381205,323.50026709141184,320.1338408607783,320.30908203125,89501900
2020-10-19,321.5634563511587,322.1906205529244,314.54468900491094,315.4393310546875,68425600
2020-10-20,316.7766838154975,319.9309973867883,316.02041077038155,316.7029113769531,60051900
2020-10-21,316.65681831436444,318.8150494267142,315.79907639467757,316.10345458984375,63575000
2020-10-22,316.31556530320415,318.418431878702,314.18503054171345,317.8373718261719,55399300
2020-10-23,319.0547837817538,319.1101201460179,316.47232629384683,318.91644287109375,49143900
2020-10-26,315.54994772507445,316.3339169113556,309.54570018199115,313.0228271484375,91473000
2020-10-27,313.36418300170556,313.69620122734307,311.7316756189508,311.9438171386719,65994100
2020-10-28,306.29923020856904,311.9714324418126,300.793037060004,301.2818603515625,127094300
2020-10-29,301.5124642403669,307.49824909412393,299.83385273532434,304.3439636230469,90597700
2020-10-30,302.7759837968387,304.07644452408306,297.5372687463835,301.1711730957031,120287300
2020-11-02,304.546875,306.5390404964642,301.8168162223565,304.546875,86068300
2020-11-03,307.7657776282638,311.9715110465133,304.62992771419084,309.9239807128906,93294200
2020-11-04,314.3786813421589,320.90865415281115,313.2073573716277,316.8504943847656,126959700
2020-11-05,322.10753618912685,324.82836195451813,321.7570538847939,323.02984619140625,82039700
2020-11-06,322.74400475930975,324.20127065202445,320.6411386081411,322.9561462402344,74973000
2020-11-09,335.6933493645221,336.0715000421153,326.5532490529831,327.014404296875,172304200
2020-11-10,326.0274414780705,327.5861480533205,323.2789749451511,326.53472900390625,85552000
2020-11-11,328.71137691264624,329.7812602109788,327.4754845197472,328.9604187011719,58649000
2020-11-12,327.9550663459089,329.00651354142656,323.97070745695135,325.7691955566406,67546200
2020-11-13,327.669173455097,331.01716438135384,327.1526819336186,330.2793273925781,62892200
2020-11-16,332.93559901843656,334.59574638349557,331.65357412637275,334.4020690917969,74541100
2020-11-17,332.0040805209926,333.8025970851637,330.5007100442092,332.60357666015625,66111000
2020-11-18,332.87100914114745,333.41516883301097,328.56380771525403,328.6007080078125,70591300
2020-11-19,327.9734711162287,330.35301874563146,326.63611023732454,329.9841003417969,59940900
2020-11-20,329.7259129229104,329.9288223028838,327.65071486954946,327.7244873046875,70417300
2020-11-23,329.52304728538064,330.94341313374053,327.30027592000744,329.6890563964844,63230600
2020-11-24,332.2253630547063,335.5456855418986,331.37685339761396,335.00152587890625,62415900
2020-11-25,334.918533340122,334.9462015223956,333.3967270217236,334.48504638671875,45330900
2020-11-27,335.573402977946,335.8869851273918,334.41128290018645,335.4166259765625,28514100
2020-11-30,334.64174820647105,334.90922600615437,331.2661181405952,333.93157958984375,83872700
2020-12-01,337.16896165443563,339.1150227531008,336.57866958962217,337.583984375,74231400
2020-12-02,336.4772371080401,338.45096643579234,335.90540924809943,338.294189453125,45927000
2020-12-03,338.1927332221173,339.5854307786495,337.10441382598,338.20196533203125,62882000
2020-12-04,338.7830112476437,341.116455078125,338.690774592366,341.116455078125,50749900
2020-12-07,340.3509588633568,340.9043507086095,339.151966654208,340.41552734375,48944300
2020-12-08,339.1519192516688,341.9741863066491,339.105814998791,341.4115905761719,42458900
2020-12-09,342.0664578235537,342.22323481665705,337.51947467671783,338.34954833984375,74098300
2020-12-10,336.984534864023,339.28107867484596,336.11756086582494,338.2388916015625,57735400
2020-12-11,336.5510258365132,338.24807342601844,335.03845156732064,337.8422546386719,57698600
2020-12-14,340.00042486586045,341.0702798634242,336.1543791823007,336.3296203613281,69216200
2020-12-15,338.8567558775116,340.8766174316406,337.49175481944405,340.8766174316406,63865300
2020-12-16,341.08877636600363,342.32466869787885,340.2125703879291,341.4115905761719,58420500
2020-12-17,343.0440579448397,343.52364911590456,342.2231883566635,343.32073974609375,64119500
2020-12-18,343.6078399615116,343.77455666186626,339.94917441493516,341.9498596191406,136542300
2020-12-21,338.05041026334163,350.54540085962697,335.32725759827747,340.72723388671875,96386700
2020-12-22,341.0515319715881,341.1626764801447,339.0323313550487,340.153076171875,47949000
2020-12-23,341.116302912313,342.35746343749054,340.13448894065533,340.45867919921875,46201400
2020-12-24,340.93110916719627,341.81105028673863,340.34760050896585,341.78326416015625,26457900
2020-12-28,344.32108544977285,345.1083965593925,343.70051933120067,344.7193908691406,39000400
2020-12-29,346.23841072844647,346.4143989143609,343.4782002616362,344.0617370605469,53680500
2020-12-30,344.8768636186617,345.5808164221914,344.16366761858706,344.55267333984375,49455300
2020-12-31,344.35820063241187,347.0257817355218,343.84877891155986,346.3033142089844,78520700
2021-01-04,347.6278318976167,347.75751932664036,337.9115637845254,341.5887451171875,110210800
2021-01-05,340.949602377982,345.0250605268472,340.9032733293273,343.94134521484375,66426200
2021-01-06,342.4407940338875,349.1745889500728,341.89431484994884,345.99755859375,107997700
2021-01-07,348.3596102740043,351.87931845034564,348.1836220385211,351.1383361816406,68766800
2021-01-08,352.5184435013645,353.352055657759,349.28586792897727,353.1390380859375,71677200
2021-01-11,349.9805051233097,352.50912740198214,349.86008915448537,350.758544921875,51034700
2021-01-12,350.9436922668799,351.8421194800152,348.6002738904084,350.83251953125,52547700
2021-01-13,350.75850265414215,352.768431491567,349.98046294933357,351.7773742675781,45303600
2021-01-14,352.51837079015854,353.0185492874925,350.2120377042884,350.54547119140625,49989100
2021-01-15,348.9337700181384,349.7303243022452,346.13653029489757,347.989013671875,107160000
2021-01-19,350.43436384879664,351.2587327237774,348.9616425912402,350.72149658203125,51233300
2021-01-20,352.99994173082,356.40853248612547,352.6109360670709,355.5749206542969,61836100
2021-01-21,356.1307609286557,356.55685258078455,354.9822299475426,355.8992004394531,47840100
2021-01-22,354.0559284746663,355.79726758341997,353.676165944212,354.63946533203125,52860500
2021-01-25,355.3711907354322,356.3900340645269,350.5454507834374,356.0380859375,70402000
2021-01-26,356.9827761467726,357.39032470947745,355.2507088886021,355.4822692871094,42665300
2021-01-27,352.1755899701056,352.26821978545763,344.5711541827748,346.79412841796875,123351100
2021-01-28,348.6002664344002,353.7594388035097,348.1649600290907,349.776611328125,94198100
2021-01-29,347.9241319205002,348.88743108584436,341.1069791400913,342.77423095703125,126765100
2021-02-01,346.1550134441998,349.5080035286614,343.0613698782422,348.4798889160156,75817600
2021-02-02,351.64767805001776,354.95436791269526,348.563305430762,353.40753173828125,64450700
2021-02-03,354.2319040558715,355.3989777290151,352.41647810504685,353.6854248046875,52427100
2021-02-04,354.7134602947919,357.7515314842821,353.7964901947067,357.7052307128906,47142600
2021-02-05,359.56706738711136,359.8171424896875,357.6590115971153,359.1131896972656,48669800
2021-02-08,360.55807565817906,361.7529352971616,359.7059491724851,361.7066345214844,38365200
2021-02-09,360.8730425291398,362.05865913101644,360.4655221555642,361.4658508300781,35551100
2021-02-10,363.1979212677015,363.346123344099,358.918688778351,361.3083801269531,59154400
2021-02-11,362.3828442947827,362.7996644246822,359.4744596490832,361.8919372558594,42913300
2021-02-12,361.09534309546916,363.92036905749677,361.0212279279476,363.6795654296875,50593300
2021-02-16,364.9021274134926,365.09665849859795,362.65136714284495,363.36456298828125,50972400
2021-02-17,361.6233614767793,363.6981342096576,360.61373296897347,363.44805908203125,52290600
2021-02-18,360.854495934064,362.64213560839346,359.14094315746735,361.9011535644531,59712800
2021-02-19,363.15162613106077,363.43875882521473,360.8174787248331,361.2620849609375,83241000
2021-02-22,358.5112150835455,360.88239226830075,358.21481086878566,358.4834289550781,67414200
2021-02-23,356.2881475310484,360.2617324705037,352.157117326697,358.9186706542969,107284100
2021-02-24,357.8349308137793,363.2997792629968,356.8531169079845,362.8736877441406,72433900
2021-02-25,361.6139919181929,362.9755682214557,352.6942806525989,354.12994384765625,146670500
2021-02-26,356.00102164898425,357.1402809088511,350.33242667147107,352.3052978515625,152701600
2021-03-01,357.1494592415147,362.0863423024477,352.4997370530268,360.84515380859375,105348800
2021-03-02,361.0675516711816,361.29911209964035,357.5293015403347,358.02947998046875,79595300
2021-03-03,357.33475007346016,358.298020972788,353.1851775841055,353.2870788574219,119940200
2021-03-04,353.1018549094259,355.6768056530186,344.4507609972597,348.9152526855469,183433000
2021-03-05,352.397907830953,356.38076408471085,345.15471924913305,355.3341064453125,152039600
2021-03-08,356.28809394634715,359.08533337643155,353.28708023548506,353.56494140625,123149200
2021-03-09,357.3903607802828,361.15089977025394,356.8901823543628,358.6130065917969,113633600
2021-03-10,360.947055073006,362.53092013509024,359.5391781585587,360.84515380859375,109899400
2021-03-11,363.29977289296414,366.4675035095816,362.84589526271924,364.5038757324219,86245000
2021-03-12,363.15163038715974,365.1337731463777,362.3458045414346,364.9948425292969,64653600
2021-03-15,365.2449404075043,367.43088589690996,363.1145954350534,367.1715393066406,73427200
2021-03-16,367.78278723665204,368.48671168557286,365.9395470892931,366.7083435058594,73722500
2021-03-17,365.4301814608711,368.7553861785309,364.2908938545459,367.9588317871094,97959300
2021-03-18,365.38382757505207,367.45859988992873,361.92893593764336,362.6051025390625,115349100
2021-03-19,362.30587805219596,363.87635566268045,359.7689461369749,361.9341735839844,113624500
2021-03-22,362.4452457226715,366.1995258918092,362.3894914731642,364.8241882324219,73778600
2021-03-23,364.1923465537259,365.6327121636265,361.17220132844585,361.9527893066406,90686600
2021-03-24,363.3466815716018,364.9729135223698,360.0663405424219,360.11279296875,97588600
2021-03-25,358.68182635051784,362.9285945269233,356.7489171132779,362.13873291015625,116128600
2021-03-26,363.2815089520168,368.37394672216755,362.6867876333157,367.974365234375,114409100
2021-03-29,366.50620018848747,368.69000297943103,365.02865575356833,367.7886047363281,108107600
2021-03-30,366.5248236170681,367.4819761652533,365.22381534174167,366.8128967285156,76262200
2021-03-31,367.379739547907,369.85161555750506,367.35186241979716,368.2997131347656,112734200
2021-04-01,370.2233780414043,372.332851715989,370.0189362834983,372.2770690917969,99682900
2021-04-05,374.92543787321307,378.1593264135541,374.85110832067795,377.6203308105469,91684800
2021-04-06,377.062782829176,378.43809222549146,376.72822894950895,377.3973083496094,62021000
2021-04-07,377.2300830672533,378.17793382855064,376.7747471661256,377.8341064453125,55836300
2021-04-08,379.07932488554803,379.6833482520154,378.1500494419872,379.6275939941406,57863100
2021-04-09,379.50681154051,382.5548338572635,379.3860011955182,382.3875427246094,61104600
2021-04-12,381.79281150001924,382.796416474297,381.1887881496238,382.5269470214844,56704900
2021-04-13,382.42465983562346,384.2832104198822,382.0436535627427,383.66058349609375,56551000
2021-04-14,383.6328097766472,384.6828956772721,381.81143765372315,382.3504333496094,61659900
2021-04-15,384.4783721321406,386.72723094490885,384.4319197085877,386.4577331542969,60229800
2021-04-16,387.7401793717676,388.35350456848977,386.3276909048911,387.7494812011719,82037300
2021-04-19,386.82017754821817,387.26621157931834,384.52486623240225,385.84442138671875,78498500
2021-04-20,384.63640040393466,385.73293861586444,381.55119913988244,383.01947021484375,81851800
2021-04-21,382.4061222414996,386.8480574414504,382.26670824654997,386.64361572265625,66793000
2021-04-22,386.47636655189376,387.303406925715,382.05300649472724,383.11236572265625,97582800
2021-04-23,383.6699439588904,388.66945033208026,383.59561440222234,387.2662353515625,73209200
2021-04-26,387.9167460859348,388.6415798025078,387.3312980150035,388.07470703125,52182400
2021-04-27,388.3720341226582,388.5672023617423,386.8573107884589,387.99102783203125,51303100
2021-04-28,388.26064507972984,389.3757871690241,387.4150008612093,387.879638671875,51238900
2021-04-29,390.59306111989224,390.96476562535156,386.9874678625414,390.3514404296875,78544300
2021-04-30,388.0932978632619,388.9389418978536,386.8945246318917,387.78662109375,85527000
2021-05-03,389.7659458311173,390.1469521204787,388.13044053050237,388.6229553222656,68128300
2021-05-04,386.6436491697438,387.13616403136706,382.55484279938787,386.2254638671875,101591200
2021-05-05,387.8609759000612,388.0932947530025,385.7886815225001,386.34625244140625,60162200
2021-05-06,386.4206161525747,389.5615718594526,384.42267951252586,389.4314880371094,74321400
2021-05-07,390.1934506174759,392.9162206585883,389.51506938475586,392.2657165527344,67733800
2021-05-10,392.6188718952487,392.84188892503846,388.2605678296134,388.3813781738281,81852400
2021-05-11,383.88370947193107,385.9002213981806,381.0587040499787,384.9151916503906,116888000
2021-05-12,382.14593854145664,383.4097394915113,375.42726709184967,376.737548828125,134811000
2021-05-13,378.28009580912413,383.1866681631853,378.2336150294906,381.2630615234375,106394000
2021-05-14,383.9858999881605,387.9631977718594,383.95802285908553,387.1175537109375,82201600
2021-05-17,386.0116643268711,386.9409395879858,384.12520832194707,386.1324462890625,65129200
2021-05-18,386.39274546912407,386.6343661765269,382.6477663005699,382.8057556152344,59810200
2021-05-19,378.1407743642917,381.9786581081242,376.66320145918377,381.8020935058594,106467100
2021-05-20,382.6755962796749,387.1640123182548,382.5548143000937,385.90948486328125,78022200
2021-05-21,387.3870310910262,388.6229832530187,385.1382005063425,385.5935363769531,76578700
2021-05-24,387.82373290586355,390.59298338499224,387.5821122637456,389.5243225097656,51376700
2021-05-25,390.60230787289504,390.95543705465997,388.08397953448286,388.6601257324219,57451400
2021-05-26,389.2456215946333,389.93327638516723,388.2141394088324,389.4314880371094,43088600
2021-05-27,390.4536616740374,390.96475180607416,389.3570951367238,389.6358947753906,56707700
2021-05-28,391.19710514384474,391.4573011473298,390.10056686910303,390.3328857421875,58520200
2021-06-01,392.68387589063093,392.8232615157594,389.55222262273975,389.9889831542969,54216600
2021-06-02,390.6395043968989,391.43869600618797,389.6358994197464,390.6023254394531,49097100
2021-06-03,388.2977009886876,390.2863354413077,386.83873191934526,389.1526184082031,58138800
2021-06-04,390.99259643637595,393.0091363874435,389.2176771468902,392.7117614746094,55938800
2021-06-07,392.70248451426147,392.8790491074856,391.40150463726826,392.3307800292969,51555000
2021-06-08,393.18565368713985,393.2785868878319,390.5929960509878,392.41436767578125,47134300
2021-06-09,393.2507697660974,393.32512768168914,391.6059624638834,391.8289794921875,48436300
2021-06-10,393.0463672069907,394.5982698082267,391.73608531665377,393.650390625,51020100
2021-06-11,394.19863560369777,394.4123507955599,392.91623101558656,394.30084228515625,45570800
2021-06-14,394.41237080126155,395.2858919893771,393.1764469359521,395.1836853027344,42358500
2021-06-15,395.33238351653245,395.36953411673755,393.58534109284255,394.4588623046875,51508500
2021-06-16,394.59823144884797,394.82124847769757,390.22135210226025,392.2564392089844,80386100
2021-06-17,391.84763248811356,393.1021317895134,389.6638292802219,392.12640380859375,90949700
2021-06-18,388.85953482830837,389.5494393113769,386.6313151981734,386.83642578125,118676300
2021-06-21,388.58912956449535,392.5608031135424,387.7780195471861,392.37432861328125,72822000
2021-06-22,392.36500160297555,395.30178987033617,391.64710042623443,394.4720153808594,57700300
2021-06-23,394.54664482628675,395.34842259301394,393.91267704068656,393.99658203125,49445400
2021-06-24,396.13158375367453,396.74688700384473,395.879840335682,396.3273620605469,45110300
2021-06-25,397.0732323076562,398.1826902147583,396.74691613756454,397.73516845703125,58129500
2021-06-28,398.25727348362227,398.7047667692016,397.0639106353862,398.5369567871094,53159600
2021-06-29,398.91927485329046,399.553242746234,398.22003802818597,398.75146484375,35970500
2021-06-30,398.2945621373876,399.75830454102925,398.2665938058792,399.0870361328125,64827900
2021-07-01,399.84209904848785,401.45501492515433,399.77683014233196,401.2965087890625,53441000
2021-07-02,402.45274727158574,404.71826768717443,401.38056141092403,404.3639831542969,57697700
2021-07-06,404.4198543106815,404.63429713848,400.9050347893744,403.62738037109375,68710400
2021-07-07,404.3079918986779,405.33354476274883,402.303519022366,405.0538330078125,63549500
2021-07-08,399.75824909118023,402.50859126674294,398.5835224267415,401.75341796875,97595200
2021-07-09,403.25446917430344,406.34043156356205,401.5576479376436,406.0420837402344,76238600
2021-07-12,405.95820582921755,407.74826443657537,405.529348587086,407.49652099609375,52889600
2021-07-13,406.71336030742225,408.2050710020873,405.8463136021785,406.10736083984375,52911300
2021-07-14,407.7948684980379,408.2796908558834,405.47341158364054,406.71337890625,64130400
2021-07-15,405.3801248896569,406.0513932284904,403.4315887906017,405.3241882324219,55126400
2021-07-16,406.4989460325066,406.54555043309637,401.7534629006535,402.14501953125,75874700
2021-07-19,397.3436335763946,402.21032270665535,393.40926015344803,396.2062072753906,147987000
2021-07-20,396.8681095390226,403.1519362165868,396.07563556513816,401.88397216796875,99608200
2021-07-21,403.0773770798175,405.27765698558056,401.8374096846167,405.1377868652344,64724400
2021-07-22,405.31487664645783,406.2285561812566,404.33595664289896,405.98614501953125,47878500
2021-07-23,407.9067473953741,410.49858385610935,407.2261751560549,410.1629638671875,63766600
2021-07-26,409.57557855601476,411.1791625832427,409.5289741551596,411.1698303222656,43719200
2021-07-27,410.1349462433999,410.1629145724487,406.48025668627827,409.2958679199219,67397100
2021-07-28,409.92046457329195,410.4984956201995,407.7108814317858,409.12799072265625,52472400
2021-07-29,410.05111111743514,411.897078053185,410.04177885549115,410.8249206542969,47435300
2021-07-30,408.2703168786377,410.27478967456426,408.1397790411661,408.8297119140625,68951200
2021-08-02,410.535883503272,411.08594634074757,407.6177308698033,407.9720153808594,58783300
2021-08-03,408.7644786802241,411.4122517302362,406.5828634584257,411.2910461425781,58053900
2021-08-04,410.01369377387937,411.2629930818675,409.03477391711556,409.2678527832031,46732200
2021-08-05,410.42399765718676,411.94367672299376,410.1070137495975,411.8597717285156,38969700
2021-08-06,412.17675592861804,412.9598976629853,411.89704416147674,412.54034423828125,46930000
2021-08-09,412.51233301113086,412.8293168859831,411.4401758119517,412.2046813964844,41222600
2021-08-10,412.6521993404,413.42603723143196,411.9716271529787,412.71746826171875,43339300
2021-08-11,413.78031206478073,413.8362487240308,412.6615219757521,413.7430114746094,44034300
2021-08-12,413.59383009177725,415.1228412890176,412.69881510793675,414.98297119140625,38909400
2021-08-13,415.4304486225805,415.75676472886465,414.94565481885087,415.7381286621094,39470300
2021-08-16,414.4423104279769,416.84767249312245,412.8946629015271,416.7171630859375,73740000
2021-08-17,414.17182810864335,414.84309640590254,411.0112933625558,413.9853820800781,92673900
2021-08-18,412.9785897646633,414.53556963548243,409.21205450053696,409.4544372558594,89351900
2021-08-19,406.741308348979,411.28170912890874,406.60146670220803,410.08831787109375,92812200
2021-08-20,410.4333467352419,413.67778712939463,409.94852436681583,413.3514709472656,72008700
2021-08-23,415.02968007503,417.8918962380203,413.4260958570307,416.987548828125,54973000
2021-08-24,417.6494445800781,418.18087133123964,417.1366823512831,417.6494445800781,38744700
2021-08-25,417.83588293403466,419.03854953793854,417.4629339431671,418.5257873535156,40529700
2021-08-26,418.24606403832706,418.4791429251638,415.9619080185347,416.0551452636719,57829600
2021-08-27,416.85696346783124,420.1480365315559,416.80102680571815,419.7751159667969,77235100
2021-08-30,420.44642785523683,422.4042965877631,420.20401665966153,421.62115478515625,48357400
2021-08-31,421.5278867191652,421.8635067020357,420.3997927296068,420.9964599609375,59300200
2021-09-01,421.9287838685606,422.4415461141893,420.987135922643,421.22021484375,48721400
2021-09-02,422.6373188627889,423.3178910483312,421.322750439352,422.51611328125,42501000
2021-09-03,421.38804973614276,422.92636491207014,420.98713237168766,422.41357421875,47170500
2021-09-07,422.06856215515467,422.16179940000075,420.2318993945348,420.9031677246094,51671500
2021-09-08,420.3717753085308,421.0989803051799,418.47914741318687,420.3904113769531,56181900
2021-09-09,420.1947096773272,421.9381355350653,418.3487142945361,418.59112548828125,57970400
2021-09-10,420.51165319314345,420.93117815889764,415.16947434641764,415.2906799316406,89948200
2021-09-13,418.27405074698356,418.5350979558744,414.05063410526645,416.35345458984375,83738600
2021-09-14,417.7892579298286,417.9943684978522,413.2209172260456,414.10662841796875,78197100
2021-09-15,414.5261935331129,418.05967793066094,413.426067858019,417.5655517578125,78792200
2021-09-16,417.04343662553293,418.01302440036307,413.9667779592012,416.9035949707031,77786700
2021-09-17,416.13472017341735,416.55558909091354,412.4870182961472,412.8424377441406,118425000
2021-09-20,406.7443909772057,408.3156924628671,401.1138511721646,405.958740234375,166445500
2021-09-21,408.2875666376567,409.5782885516768,405.05142823770416,405.5751953125,92526100
2021-09-22,407.838568692879,411.5610822337272,405.687384755819,409.5314636230469,102350100
2021-09-23,411.39277968477785,416.1067119256756,411.1589540771979,414.50732421875,76396000
2021-09-24,412.8799262600289,415.90096352552064,412.66479641554514,415.19012451171875,62094800
2021-09-27,414.16136583806065,415.3211319949362,413.31023699793775,414.00238037109375,61371100
2021-09-28,411.2431502653508,411.57051184242243,404.9298585168966,405.6593933105469,130436300
2021-09-29,407.03421662986824,408.76453162074705,405.7809149533123,406.34210205078125,82329200
2021-09-30,407.81055870084094,408.5120355292715,401.0389781842043,401.3757019042969,140506000
2021-10-01,403.0966548978282,407.819920791209,399.5892707562588,406.1457214355469,129240100
2021-10-04,404.9859246361656,405.8838069157906,398.7755032227819,400.90802001953125,128570000
2021-10-05,402.4044577996425,407.31479494030964,401.6094736685398,405.0794372558594,90682500
2021-10-06,401.4972736297954,406.9687986871979,399.87921865411016,406.7630310058594,113032200
2021-10-07,410.0272637647416,413.10438834176847,409.8495540118839,410.27978515625,72437500
2021-10-08,411.04667737060987,411.4301547502559,408.90482704747944,409.5314636230469,74557400
2021-10-11,408.8768487322521,411.77629222213716,406.5011723645591,406.566650390625,65233300
2021-10-12,407.48324414407466,407.8854173602366,404.7802062753356,405.56585693359375,71181200
2021-10-13,406.58533954701886,407.83864146494665,403.62044662249696,407.0249328613281,72974000
2021-10-14,410.6726817686658,414.02108129500544,410.2050304359614,413.8714294433594,70236800
2021-10-15,415.975750769938,417.388066556168,415.3584477483374,417.0232849121094,66260200
2021-10-18,415.24619873026535,418.5945686911891,414.5914756470946,418.25787353515625,62213200
2021-10-19,419.8759589330048,421.5501296498801,419.26798954865865,421.48468017578125,46996800
2021-10-20,421.94288999812625,423.4393792407502,421.83065829998213,423.14007568359375,49571600
2021-10-21,422.54148695215264,424.468207302538,422.1112559094967,424.2437438964844,41305400
2021-10-22,423.81356137612727,425.2539349972513,421.86811649039765,423.80419921875,58845100
2021-10-25,424.8892329450859,426.4044184794836,423.12152600267797,426.0770568847656,45214500
2021-10-26,427.62030473700503,428.82682438361206,426.0863949710087,426.46051025390625,56075100
2021-10-27,426.9188157990134,427.58287254810574,424.4963573294037,424.5711975097656,72438000
2021-10-28,425.9928970266798,428.74268884325414,425.98356341041193,428.6678771972656,51437900
2021-10-29,426.3763014877547,429.8275696350324,426.08636002655044,429.5376281738281,70162400
2021-11-01,430.5196789876019,430.893822778383,428.55556680181957,430.2765197753906,48433600
2021-11-02,430.44493394260024,432.3249011723894,430.31397788693596,432.0162353515625,48908400
2021-11-03,431.45500068055804,435.05592075419565,431.0154073955712,434.65374755859375,52509800
2021-11-04,435.252290589815,436.7862001540291,434.90623328507866,436.7020263671875,52847100
2021-11-05,438.9187009079529,440.2000606050428,436.71140098602126,438.21722412109375,66390600
2021-11-08,439.3116013484249,439.8073105381087,437.908647580282,438.5914001464844,50405200
2021-11-09,438.9561209854995,439.189946581114,435.73867850639124,437.1416320800781,51149100
2021-11-10,435.45809321974474,437.14165472126496,432.1471431654352,433.6249084472656,69429700
2021-11-11,435.1120049244367,435.18684509775545,433.74647146457994,433.7651672363281,34848500
2021-11-12,435.02780204881316,437.59052122194834,434.0831375901782,437.0386962890625,53466700
2021-11-15,438.32012144161854,438.47910686218404,436.06603927869656,437.1883850097656,46980500
2021-11-16,436.926563287216,440.0504702557984,436.8517516451615,438.91876220703125,48857500
2021-11-17,438.65676324112394,438.8344729553141,437.23511407076285,437.8524169921875,47858300
2021-11-18,438.88131251708705,439.6015136712342,436.16894112064045,439.3396301269531,50625600
2021-11-19,439.2273759676528,440.4713442276694,438.1892039343977,438.5539855957031,57315600
2021-11-22,440.4245466558774,442.90309222744014,437.11356827439874,437.3193359375,72762000
2021-11-23,436.99201694576334,438.7503901392518,434.4012394044777,437.8992614746094,73206500
2021-11-24,435.90706300520714,439.18998377950254,435.09335443045563,439.0683898925781,61858800
2021-11-26,432.42769071205043,433.88676011362156,428.15335206646023,429.2757263183594,112669600
2021-11-29,434.0458252551393,436.37471927780655,431.8572208947111,434.5415344238281,86268800
2021-11-30,432.1097764638972,434.0084394914815,425.84323798535684,426.08642578125,148559600
2021-12-01,431.77307418093795,434.6070397085966,421.1573847437486,421.3537902832031,131939200
2021-12-02,421.5688309159097,429.3692489495653,421.1759913769771,427.8072814941406,127637800
2021-12-03,429.46279691605116,430.5196646058951,419.875947732394,424.0848083496094,137331600
2021-12-06,426.61951391631123,430.9780267874127,424.2157797535011,429.107421875,98977500
2021-12-07,434.36381305031244,438.5446161321875,428.976461819127,437.9834289550781,95484700
2021-12-08,438.3762317093102,439.5921133715834,436.62719230325564,439.1431579589844,72238800
2021-12-09,437.8618166085867,439.24607444800387,435.98187817780683,436.17828369140625,61272600
2021-12-10,438.8720143535406,440.43395358708545,436.3279903422357,440.2843017578125,77159800
2021-12-13,439.76988472108684,440.11594207915067,436.1034863624048,436.38409423828125,87724700
2021-12-14,433.1293144895392,435.607860881952,430.47305830454087,433.3818359375,97264100
2021-12-15,433.43791595601033,440.3965405988758,430.93128345420837,440.15338134765625,116899300
2021-12-16,441.99589716215934,442.276476487203,434.7285786686983,436.2718505859375,116568600
2021-12-17,433.20548381703225,436.19958323758465,429.9298193213432,431.628662109375,135511600
2021-12-20,426.56961576775086,427.4331009530433,423.43473432064894,427.0389099121094,107134800
2021-12-21,430.44595141816603,434.7634631754368,428.28720986125103,434.6226806640625,69806300
2021-12-22,434.36939723729256,439.08110138333143,434.1722730211581,438.9684753417969,58890200
2021-12-23,439.96337355674586,443.1921203922969,439.8601425672733,441.69976806640625,56439700
2021-12-27,443.07001273264143,447.9976015537163,443.0230947726751,447.95068359375,56808600
2021-12-28,448.3824922202725,449.4055502317552,446.8244318978882,447.5846862792969,47274600
2021-12-29,447.68796281982804,449.170920079101,446.6930612795737,448.1572570800781,54503000
2021-12-30,448.57950388680786,449.5838002524032,446.4583137848695,446.918212890625,55329000
2021-12-31,446.43016246165064,447.5752127148281,445.5197306451295,445.7919006347656,65237400
2022-01-03,447.0496946773306,448.504524050065,444.75017001996036,448.37310791015625,72668200
2022-01-04,449.7903556966754,450.5036920806799,446.3738800084919,448.222900390625,71178700
2022-01-05,447.8567704426278,448.6264196779899,439.5221022436826,439.615966796875,104538900
2022-01-06,439.15605445865026,441.90611105914354,436.84710682230235,439.2029724121094,86858900
2022-01-07,439.212494806085,440.38573041712436,436.11513560687246,437.4667053222656,85111600
2022-01-10,434.2849014246999,437.1381897824005,428.5595059644335,436.9223327636719,119362000
2022-01-11,436.6594768734693,440.9957505518421,433.674744093411,440.9018859863281,74303100
2022-01-12,442.62887430153415,444.140016431985,440.1416209152974,442.0938720703125,67605400
2022-01-13,443.1920935855011,443.83972192368026,434.97944444252323,436.00250244140625,91173100
2022-01-14,432.8676006358353,436.52808978679013,431.6568135400959,436.1808166503906,95890900
2022-01-18,431.5065888243464,431.71307940228024,427.3486494050049,428.4561767578125,109709100
2022-01-19,429.9954611015999,431.38455344940263,423.7350645572912,424.00726318359375,109357600
2022-01-20,425.88441828475294,430.5679644846723,417.20247697536684,419.3143005371094,122379700
2022-01-21,418.1974030107011,420.5438737739102,411.05475975634477,411.0829162597656,202271200
2022-01-24,405.4983919140663,413.3356116835618,394.92050974188936,412.8287658691406,251783900
2022-01-25,406.46500881466994,412.7160097440706,400.91794904429946,407.7884216308594,167997300
2022-01-26,413.65470828881433,416.77082885836546,402.5230342303155,406.7654724121094,186391100
2022-01-27,411.34574456850135,414.4712312098772,403.0767833933203,404.7568359375,149878300
2022-01-28,406.1083507585733,414.85599998563714,401.54682568405286,414.80908203125,164457400
2022-01-31,414.1427300497246,422.62757707476004,412.800555532894,422.2803039550781,152251400
2022-02-01,423.0030224285111,425.77186972605006,419.49271090214194,425.1336364746094,123155400
2022-02-02,427.52700300171256,429.986099950846,425.22745003532464,429.2633972167969,117361000
2022-02-03,423.2563876118731,425.1523255868119,418.3381656483604,419.17352294921875,118024400
2022-02-04,418.9389647113515,424.9740816327315,416.5737034611267,421.1446533203125,118454400
2022-02-07,421.90485354850045,423.2939459588078,418.46961678958075,419.79302978515625,84472900
2022-02-08,419.295621029324,424.16689728857614,417.87834332944396,423.2470703125,81012000
2022-02-09,427.26420999418116,429.76085856020444,427.06711445154485,429.4417419433594,92589900
2022-02-10,423.62250082711057,429.6013045752705,419.73675960069767,421.7265625,140103700
2022-02-11,421.8109911505724,423.87586832148435,411.98397004230856,413.4106140136719,153214600
2022-02-14,412.9038039524639,414.48062552290673,408.6050532231465,412.0590515136719,123006300
2022-02-15,416.47986513184117,418.87325423289116,415.96362429591613,418.7043151855469,88482700
2022-02-16,416.6674796900843,420.543853789651,414.7996982172283,419.17352294921875,84863600
2022-02-17,416.0011290518587,419.1454057486569,409.618739738148,410.21942138671875,102259100
2022-02-18,410.4728026773066,411.7211411385126,405.30120069692,407.5632019042969,132642900
2022-02-22,405.36695455226914,408.7552449000615,399.70723904825377,403.1894226074219,124391800
2022-02-23,406.0896264136833,406.65278513498924,395.47419479431903,396.037353515625,132578000
2022-02-24,385.7785993678831,402.42917729930826,385.4219598312815,401.9974060058594,213942900
2022-02-25,403.22697217896933,410.95156547095496,401.5844423836347,410.8670959472656,121804500
2022-02-28,405.4982539845117,411.2893557114207,404.24994429675763,409.8157653808594,145615000
2022-03-01,408.3235351417943,410.32273316160007,400.8805068214816,403.57427978515625,137785900
2022-03-02,405.8175082648305,412.71613952126535,405.06664891646875,410.99853515625,117726500
2022-03-03,413.4200830615283,414.0207648146663,407.1596850828388,408.952392578125,105501700
2022-03-04,405.2355714996603,406.7560802365222,401.60323870750193,405.6297912597656,113978200
2022-03-07,405.04783717447077,405.75177851724425,393.6064415917838,393.6721496582031,137896600
2022-03-08,393.85047743128945,400.974360268534,389.6268294424803,390.68743896484375,164772700
2022-03-09,399.03152381738494,403.1331509298736,396.85399164926844,401.162109375,116990800
2022-03-10,396.57231346186796,400.2421971081939,394.62006242432875,399.3505554199219,93972700
2022-03-11,401.82845214023683,402.4385288577548,393.76598140373204,394.2728271484375,95636300
2022-03-14,395.0423875897676,398.47759507678234,390.2555822065654,391.3912658691406,95729200
2022-03-15,393.9912112622118,400.627037600933,392.7241399369661,399.9981994628906,106219100
2022-03-16,403.48976588827804,408.92417189713063,398.7123259052682,408.86785888671875,144954800
2022-03-17,406.96253340051334,413.9831848144531,406.587103776138,413.9831848144531,102676900
2022-03-18,412.3788286596397,418.83753350872564,411.6444565524196,418.5174255371094,106345500
2022-03-21,418.3480491435097,420.3440338146594,414.90213969461723,418.3951416015625,88349800
2022-03-22,419.77910261257296,424.223004155329,419.77910261257296,423.2909240722656,74650400
2022-03-23,420.76769294259685,422.2552571041615,417.7548676697066,417.839599609375,79426100
2022-03-24,419.8543815321978,424.1476383476217,418.7434134818091,424.1382141113281,64736900
2022-03-25,424.76900301684685,426.48254741421493,422.1986864207948,426.2095031738281,77101300
2022-03-28,425.61638352750333,429.2411804199219,423.73337514000565,429.2411804199219,68529800
2022-03-29,433.11070836365906,435.0408090198134,430.43684015134215,434.55120849609375,86581500
2022-03-30,433.4120635055574,434.2217721023706,429.76844665097167,431.8680114746094,79666900
2022-03-31,431.1053791315065,431.9244832020018,424.7690454159792,425.2209777832031,121699900
2022-04-01,426.79325811561665,426.9344779963225,422.86720176985517,426.42608642578125,89048800
2022-04-04,426.6237972828837,430.1826819640368,425.80469323655575,430.0791015625,59601000
2022-04-05,428.5916034503726,431.04891596697667,423.5074858006422,424.6466979980469,74214500
2022-04-06,420.7488018120138,422.6694495834861,417.5288449887846,420.4004211425781,106898000
2022-04-07,419.5249134891706,424.32659134764117,417.58541685625784,422.5188903808594,78097200
2022-04-08,421.76563401623116,424.2700386147041,419.85438165587385,421.3890380859375,79272700
2022-04-11,418.13139944100146,418.9693519364392,413.68752738112,414.1865234375,89770500
2022-04-12,417.1617012912827,419.67553034639525,411.1078357022038,412.65191650390625,84363600
2022-04-13,412.4071540225824,418.13148789412384,412.22826589543115,417.3782958984375,74070400
2022-04-14,417.6041972684777,418.7151941165963,412.0775719357156,412.18115234375,97869500
2022-04-18,411.2584680800119,414.02649286644555,410.1286514899628,412.3506164550781,66002500
2022-04-19,412.2470573939194,419.72260380527314,412.0775935163657,419.007080078125,77821000
2022-04-20,420.77703385456124,421.3890057859334,417.5382573839223,418.6962890625,65224400
2022-04-21,422.30233899562865,423.68635144045646,411.5315277032449,412.43536376953125,85417300
2022-04-22,411.3526468930056,412.45419083312686,400.55359142974106,401.1184997558594,132471800
2022-04-25,398.8870627211197,403.6134030546147,394.33958173639525,403.4439392089844,119647700
2022-04-26,400.9207048061077,401.11844136754604,391.73164371973945,391.7598876953125,103996300
2022-04-27,392.83320621839357,398.1809719519438,390.7336702250882,392.8614501953125,122030000
2022-04-28,397.58784935923745,404.5079115448034,393.1721919995158,402.7849426269531,105449100
2022-04-29,398.8117805304688,400.95840906428657,387.15595335566474,387.8997497558594,145491100
2022-05-02,387.96562121333255,391.5904179300961,381.3279997296009,390.2346496582031,158312500
2022-05-03,390.73370329446914,394.42438400889665,389.1801982351646,392.0235595703125,100028200
2022-05-04,392.6825909354839,404.52673082205837,389.5097261213919,403.9618225097656,144247900
2022-05-05,399.7155972479429,400.1392856315828,385.4894825550537,389.6038513183594,172929100
2022-05-06,387.0523990067409,390.53594745704976,381.996525832566,387.2783508300781,151770800
2022-05-09,381.4033090134223,382.63667706111244,373.30636816919446,374.8786926269531,155586100
2022-05-10,380.8288967195855,382.32588444676315,371.7245702544529,375.7447814941406,132497200
2022-05-11,374.7846276976837,380.4054095794836,369.03202142087446,369.77581787109375,142361000
2022-05-12,366.5935017624292,372.6473671369606,362.62035271566276,369.3897705078125,125090800
2022-05-13,373.5040939505738,379.59562679786654,372.46843366501673,378.2210388183594,104174400
2022-05-16,376.5828496996567,380.33944215793855,374.3420651693036,376.6864013671875,78622400
2022-05-17,382.7496666304879,384.67034306970953,379.03071388415356,384.4349670410156,83029700
2022-05-18,379.89692735498426,380.17936710911766,367.70443702868755,368.93780517578125,117674500
2022-05-19,365.88736256542336,371.0844842086102,364.4656820097794,366.67822265625,98510700
2022-05-20,370.24649717138874,373.8053816147372,358.2799877872286,366.8382568359375,131432200
2022-05-23,369.851096171746,374.46448991142154,367.5444280343373,373.7018737792969,76414900
2022-05-24,369.59693477146396,372.03542752036105,364.3245048157043,370.8491516113281,91448800
2022-05-25,369.36150985252755,376.08386362206704,368.966094179277,374.1255187988281,91472900
2022-05-26,375.34947110301795,383.22985621992024,375.1423390412836,381.6010437011719,82168300
2022-05-27,384.0489034165838,391.0819395068386,383.8511956199483,390.9689636230469,84768700
2022-05-31,389.3590270440363,392.0988075494602,386.0449428026529,388.7752990722656,95937000
2022-06-01,390.8843163808003,391.89170405110434,383.1263021350257,385.6307067871094,86585800
2022-06-02,385.4707269388475,393.02158154719785,383.2299419693613,392.9745178222656,79609600
2022-06-03,388.2762998678674,389.8203804421854,385.55536785619387,386.5251159667969,71874300
2022-06-06,390.517114758432,392.2400548190691,386.5345416096812,387.7020263671875,57508900
2022-06-07,384.22785213796186,391.8728612940174,383.7664955630781,391.4209289550781,59272400
2022-06-08,389.7168124827089,391.4962691477678,386.37448418684187,387.16534423828125,64350000
2022-06-09,385.3953983656172,387.65500312470635,377.95751953125,377.95751953125,86289800
2022-06-10,371.7812098207837,372.6285579152145,366.95128833036904,366.99835205078125,132893900
2022-06-13,357.63041909690946,359.4757595056047,351.4635486063113,353.0641174316406,170004900
2022-06-14,354.8058760643675,355.8321122307695,348.91205036955256,352.00018310546875,104011800
2022-06-15,355.2860394664343,361.4434854707774,350.352566259201,357.0184326171875,125666800
2022-06-16,348.8367975365555,349.2416375247615,342.7829025276834,345.20257568359375,134473300
2022-06-17,345.61575893672597,349.2751150795737,342.45755440518343,345.9466857910156,111113900
2022-06-21,351.6485465469434,356.0359826472647,351.57288467855716,354.65545654296875,76811900
2022-06-22,350.4475684991193,358.10670044343743,350.0315148923091,354.01239013671875,90059400
2022-06-23,356.1399405915164,358.2107149131913,352.594048691356,357.4826354980469,79292100
2022-06-24,360.64083785574906,368.85785361765244,360.6124718749588,368.848388671875,98050300
2022-06-27,369.76564197484305,370.05876676666566,366.352143463888,367.4395446777344,66009600
2022-06-28,368.99025938902804,371.7607760766396,359.8182072157404,359.9316711425781,86548900
2022-06-29,360.48012203098745,361.46349531064214,357.8230692449071,359.6385498046875,65676000
2022-06-30,355.7616996920369,359.9411371004125,352.2820045953657,356.71673583984375,112508300
2022-07-01,356.0643267434046,360.9245770809683,353.4545407189356,360.4895935058594,74839700
2022-07-05,355.42134927768956,361.1893400506747,352.60353638031745,361.17041015625,81438000
2022-07-06,361.31223262960197,364.8675899225477,358.93886830851153,362.39019775390625,70426200
2022-07-07,364.15839292566767,368.61202540572873,362.4090803527021,367.8177490234375,64525900
2022-07-08,366.191374892305,369.37797430776754,364.66901900062675,367.51519775390625,72397800
2022-07-11,364.84859293448187,365.813065010574,362.62649521077446,363.3167724609375,58366900
2022-07-12,362.7684468745156,365.1418402247089,358.362080869492,360.1019287109375,62219200
2022-07-13,354.6838222143904,361.1326258025633,354.26776850827935,358.2107849121094,84224600
2022-07-14,353.2748467855768,358.4187564891479,350.84475070087467,357.3408203125,89704800
2022-07-15,361.7282870982627,364.2813411355363,359.82770841913714,364.1678771972656,79060400
2022-07-18,367.2409038432845,367.9122512360592,359.94109388829537,361.160888671875,63203600
2022-07-19,365.0661917579055,371.4866296145937,364.41377404289227,370.9192810058594,78506000
2022-07-20,371.10833981504896,374.6920628374867,369.74671494258035,373.28314208984375,71843800
2022-07-21,372.70629094388954,377.13155656097194,370.31399732616205,377.08428955078125,64903900
2022-07-22,377.2073085647602,378.3987087577949,371.3731210571291,373.58575439453125,72197300
2022-07-25,374.20980770925064,374.89062013717165,371.8080487473427,374.03961181640625,53631500
2022-07-26,372.40373641244344,372.61176321867686,368.7254796625264,369.61431884765625,52946400
2022-07-27,372.895505992854,380.95179241182774,372.6023811811029,379.2119445800781,82342100
2022-07-28,380.0156585921788,384.6583882201372,376.4792023544064,383.9681396484375,73966600
2022-07-29,385.39594499465454,390.5493202190506,384.63003453579483,389.56591796875,87003700
2022-08-01,386.88053246496474,390.90867586229285,386.1713539150999,388.412353515625,69997500
2022-08-02,386.85206507545166,390.520885762128,384.67726296854556,385.8497619628906,63435400
2022-08-03,387.9678546966585,393.0550324074595,387.6841948771705,391.8919982910156,67820600
2022-08-04,391.8163247050197,392.49713710795265,389.9913792556796,391.6272277832031,45656600
2022-08-05,387.36267776862576,391.608282965117,387.3059458085889,390.9653015136719,56814900
2022-08-08,392.64844425670384,394.8894434033857,389.4145780273554,390.5114440917969,53886100
2022-08-09,389.78342737869485,390.2845790454968,387.8922846576991,388.9607849121094,44931800
2022-08-10,395.9862990766892,397.27229089166696,394.0384247471789,397.13043212890625,68665700
2022-08-11,399.9671456794408,401.82048597583395,396.392887760029,397.13043212890625,59489700
2022-08-12,399.0594018073081,403.9574535679473,398.1138306323642,403.85345458984375,61694500
2022-08-15,401.6502867542093,406.03775117563913,401.593554788117,405.5176696777344,54048300
2022-08-16,404.4491742905428,408.2314590393534,403.6454330101121,406.31195068359375,59289000
2022-08-17,402.7282345419043,406.1228316979683,401.43280661081104,403.4279479980469,63563400
2022-08-18,403.6264978547886,405.2812474108149,402.34053490810277,404.6004638671875,49023200
2022-08-19,401.8488709739081,402.1136297635589,398.29351392155985,399.1634521484375,68016900
2022-08-22,394.3505254404988,394.52075021683424,389.9536243733682,390.8519287109375,77695600
2022-08-23,390.42636368047374,392.8092217006566,389.3578635500323,389.90631103515625,49105200
2022-08-24,389.6793622511617,392.51607606132626,388.99857863900553,391.15447998046875,49177800
2022-08-25,392.6389975097295,396.7238722445992,391.551596341063,396.6766052246094,50942300
2022-08-26,396.5630774113692,397.1020310073054,383.19268820854865,383.2494201660156,103087000
2022-08-29,380.3088348009509,383.7506997474604,379.3632633855895,380.7154235839844,65370800
2022-08-30,381.86889298823525,382.10528576229547,374.4461541114354,376.5358581542969,85652400
2022-08-31,378.16233169722864,379.40102781992005,373.53850294031076,373.6708679199219,76029700
2022-09-01,371.50548804103204,375.18374505731157,368.8106043103933,374.8433532714844,78740100
2022-09-02,378.4933014446806,379.70363162679985,369.08485490441115,370.8908996582031,99632100
2022-09-06,371.7324851729869,372.6685916150045,367.2788520058578,369.4914855957031,76637400
2022-09-07,369.1794089387667,376.89527448554435,368.96194600017765,376.1293640136719,70964200
2022-09-08,373.8694381880067,379.04168533112323,372.6685442072661,378.58782958984375,80821700
2022-09-09,380.81934883699086,385.329742082949,380.5545900462263,384.4692687988281,76706900
2022-09-12,386.530576252988,389.32002270766344,386.2279865572964,388.60137939453125,69256300
2022-09-13,379.95892093775177,381.1598150143237,370.5883343007562,371.7041015625,122947100
2022-09-14,372.9995686538307,374.63541764024257,369.8318985452489,373.12249755859375,85023700
2022-09-15,371.5716492033494,374.4083627921359,367.6191685285438,368.88623046875,87633800
2022-09-16,364.72387185360486,366.7272091723702,362.7964492553366,366.07208251953125,103084800
2022-09-19,362.9388650171461,368.9109191894531,362.86289235187127,368.9109191894531,73278500
2022-09-20,365.5973646765914,366.6037852771278,361.93248003220094,364.6763916015625,77274900
2022-09-21,366.5942260628629,369.6324950611645,358.3054986149796,358.31500244140625,106746600
2022-09-22,357.5459378785754,359.1790024904426,354.5646626886457,355.30523681640625,89472600
2022-09-23,351.8492165492308,351.8872028833452,344.92770661744225,349.3521728515625,122346900
2022-09-26,347.8900111292315,351.49793062480813,344.6808467381226,345.8961486816406,92581200
2022-09-27,349.41864254939213,351.6783515332495,342.63004074479505,345.01318359375,108294100
2022-09-28,345.96255205200066,353.4822223497359,344.2725226538918,351.80169677734375,110802200
2022-09-29,348.26968056214537,348.55450554926443,341.51906759174875,344.452880859375,112952300
2022-09-30,343.51297496490554,347.4152519853497,338.9935866635343,339.1264953613281,153711200
2022-10-03,342.8294068400838,349.9218411560904,341.05392954790506,348.07989501953125,89756500
2022-10-04,353.57727824953827,358.8942356843234,348.0419645593183,358.8657531738281,103602800
2022-10-05,354.5171835950493,360.2803561426698,352.2005099841954,358.0301513671875,88065700
2022-10-06,356.6344579970455,359.57777574073987,353.8430566051313,354.3367919921875,82333500
2022-10-07,350.32050739462755,354.422161059592,342.6963828386075,344.452880859375,107789500
2022-10-10,345.5637937626023,345.80115762255645,339.5917399082143,341.82293701171875,76042800
2022-10-11,340.1329308775536,344.68083086003986,337.7308096086358,339.658203125,92482800
2022-10-12,340.0664801784366,341.63307591693376,338.29097410138615,338.537841796875,76991800
2022-10-13,331.5593165001294,348.9343679346623,330.5149097513193,347.4721984863281,147254500
2022-10-14,349.921841160499,351.545431058521,338.9176545048849,339.5538024902344,123737000
2022-10-17,345.61129877486803,349.38063819195844,339.22145295922246,348.2792663574219,93168200
2022-10-18,356.1691898052574,356.47302247104045,348.94381953032115,352.3713684082031,97162900
2022-10-19,350.33955250549025,353.05501012296355,347.0734234834684,349.87432861328125,79746900
2022-10-20,349.4280898959749,353.83357711460013,346.18093949129155,346.9405212402344,88283100
2022-10-21,346.6651844936338,355.8559066992739,345.1650575657833,355.3717041015625,131038400
2022-10-24,356.8908558861546,360.85006925134127,354.2513416759188,359.72021484375,85436900
2022-10-25,359.6442798008037,365.77775460734784,359.5303497695806,365.4644470214844,78846300
2022-10-26,362.3311611391799,367.98990714811197,362.0748186150192,362.7109375,104087300
2022-10-27,363.70792288491305,365.54036503352893,360.15693963581714,360.77410888671875,81971800
2022-10-28,360.66966547964233,369.83190549665636,360.4892666119688,369.357177734375,100302000
2022-10-31,366.90762472118575,368.7685495858821,365.7872740661706,366.6892395019531,96631300
2022-11-01,370.42055862920466,370.65792248879427,363.91678308143315,365.0845947265625,85407600
2022-11-02,364.495882411671,368.9868163936691,355.8178760715496,355.92230224609375,126990400
2022-11-03,352.69418764648026,355.28621123903116,350.1496542075025,352.2574462890625,87100100
2022-11-04,357.9447159505611,359.7201930621012,351.29852759073634,357.32757568359375,103505200
2022-11-07,358.61889659631265,361.33435490676914,356.5490901689926,360.7456970214844,68286900
2022-11-08,361.8469568156974,365.65428248614427,358.62831787010947,362.6919860839844,84641100
2022-11-09,360.7266798385477,361.87554204248653,354.72611314844636,355.2198486328125,78495500
2022-11-10,368.43620204058976,375.07291581213747,366.14803974108565,374.7406005859375,141455800
2022-11-11,375.59507007118657,379.16503175995996,373.71513788878525,378.36749267578125,93839900
2022-11-14,376.61106501327595,379.9531383229995,374.8735450242789,375.1488952636719,71903500
2022-11-15,380.8740351133509,381.9754068751759,374.5506585528321,378.3484802246094,93194500
2022-11-16,376.72485992486213,377.6743151924761,374.8354532143345,375.46209716796875,68508500
2022-11-17,370.72435314810673,374.9874276635937,370.42054943643274,374.31329345703125,74496300
2022-11-18,377.63640863793864,377.7028774747301,373.1739853225882,376.0128479003906,92922500
2022-11-21,374.69315056273854,375.81350115294237,372.8132181507224,374.6456604003906,51243200
2022-11-22,376.582607282565,379.84873710757887,375.177402458984,379.68731689453125,60429000
2022-11-23,379.3549636956731,382.5641281776776,379.12710362952333,382.0799255371094,68261600
2022-11-25,381.5197180169349,382.54514625609033,381.2443967643648,381.99444580078125,30545400
2022-11-28,378.91812575407585,380.55119008749443,375.13928309387734,375.89886474609375,67881600
2022-11-29,376.0317967820062,377.21861602317534,373.420794451434,375.2532653808594,52310000
2022-11-30,375.50019965825663,387.0740661621094,373.59181353575764,387.0740661621094,144566700
2022-12-01,388.10894326432475,389.2767840474977,384.29214230054805,386.7892150878906,76398200
2022-12-02,381.91849025775207,387.24492191924827,381.8140640565856,386.34295654296875,85342700
2022-12-05,383.5325239499222,384.4629717064349,378.04467284641726,379.39288330078125,77289800
2022-12-06,379.23152341918535,379.7726910257881,371.8447608883039,373.9240417480469,77972200
2022-12-07,373.0790824780339,375.6426241653655,372.1581093951866,373.2879638671875,65927900
2022-12-08,375.16784142056355,377.2756047091014,373.39233538526526,376.21221923828125,60737900
2022-12-09,374.977955065578,377.52248883512004,373.2784216185342,373.40185546875,81447700
2022-12-12,374.18991841017703,378.7853088378906,373.5253169004451,378.7853088378906,75405800
2022-12-13,389.4856572201214,389.7419997878151,378.8992336233936,381.65264892578125,123782500
2022-12-14,381.31081297545614,385.00420881267286,376.27871036892407,379.2125244140625,108111300
2022-12-15,374.37025027855924,375.2722444929256,368.28426670085497,369.9363098144531,117705900
2022-12-16,367.39054670263704,368.72588221535847,363.4417667501515,365.5687561035156,119858000
2022-12-19,365.75960801740996,366.09344924310705,360.80930355412653,362.46893310546875,79878100
2022-12-20,361.7154089937889,364.5768550701663,360.39913914135377,362.96490478515625,74427200
2022-12-21,365.5497400834467,369.5176155105315,365.0156058055829,368.3921203613281,78167400
2022-12-22,365.3589430278992,368.3730029019242,357.4613534216276,363.1365661621094,100120900
2022-12-23,362.1159860434873,365.36849982820587,360.57080985837734,365.2254333496094,59857300
2022-12-27,365.1109428843461,365.45430239791636,362.11594906692744,363.7851257324219,51638200
2022-12-28,363.7184623700481,365.6833491365976,359.0352537442069,359.26416015625,70911500
2022-12-29,362.09698333590643,366.5989936653744,361.57236734542374,365.73101806640625,66970900
2022-12-30,363.0603000709137,364.91067512789425,360.9523471240934,364.7676086425781,84022200
2023-01-03,366.61805852310664,368.5829161214832,360.380097012264,363.2320251464844,74850700
2023-01-04,365.48293416385536,368.05824707832414,362.4498085414863,366.0361633300781,85934100
2023-01-05,364.09041452635574,364.2048677167,361.26712910136496,361.8584899902344,76970500
2023-01-06,364.9392756207187,371.27262349109685,361.88708397790117,370.1566467285156,104189600
2023-01-09,372.34092442068106,375.51714610031314,369.76564022685335,369.94683837890625,73978100
2023-01-10,369.3649760616946,372.607942270048,368.4302265858901,372.5411682128906,65358100
2023-01-11,374.1150503530879,377.3294038131555,373.3043013861297,377.2530822753906,68881100
2023-01-12,378.3499708858858,380.08589280712,374.2962553998828,378.6265563964844,90157700
2023-01-13,375.4408047607676,380.66772351572655,375.1737376190185,380.0954284667969,63903900
2023-01-17,380.07633872093464,381.7455155288635,378.7219081606364,379.39910888671875,62677300
2023-01-18,380.5818900873673,381.6406112039505,373.20888660482075,373.4091796875,99632300
2023-01-19,371.3775761257745,373.0181398927505,369.3745869323046,370.69085693359375,86958900
2023-01-20,372.08341391228544,377.74908002985853,370.44285016934947,377.5964660644531,91806400
2023-01-23,378.3976232018816,384.05374118740224,377.4438078609924,382.1270446777344,84178800
2023-01-24,380.45784526648146,382.622995482958,379.2751236285282,381.7168884277344,59524900
2023-01-25,377.66323376967637,382.19385709358215,375.38360090426846,381.8600158691406,84800300
2023-01-26,384.5115864864833,386.21892411230044,381.55475308151983,386.0567626953125,72287400
2023-01-27,385.01712054618537,389.3092897646847,384.80727999784443,386.9438171386719,68346200
2023-01-30,384.19682153424986,386.41922765929314,381.79321726738084,382.0888977050781,74202000
2023-01-31,382.60402088774634,387.75461882959763,382.2606321672819,387.7069396972656,86811800
2023-02-01,386.4955975716626,394.5648982225417,383.76769902323576,391.8274230957031,101459200
2023-02-02,395.69982017672226,398.9904947612399,393.8112844222463,397.5311584472656,101654500
2023-02-03,392.580846652655,397.7123777653695,392.1039389895125,393.3057556152344,94736800
2023-02-06,390.8640289856019,392.294752115139,389.2520785976726,390.90216064453125,60295300
2023-02-07,389.9864375049832,397.254505069358,388.7464893203908,396.0145568847656,90990700
2023-02-08,394.0497376684334,395.3850733282182,390.99751692481027,391.68426513671875,76227500
2023-02-09,395.27060073163324,395.4232146721326,387.0677833556222,388.2886657714844,78694900
2023-02-10,387.115514984604,389.57637508525863,386.304795158678,389.1948547363281,70769700
2023-02-13,389.84341318387385,393.8971284439127,389.38557133439986,393.7635803222656,64913500
2023-02-14,392.2470934532471,395.88112833290614,389.6431956576046,393.58245849609375,88389300
2023-02-15,391.3981496403728,394.9367965737248,390.55878744301873,394.8605041503906,61555700
2023-02-16,389.9101917236614,393.83990637535055,389.2902175572194,389.4237365722656,76431500
2023-02-17,387.30627658309317,388.6893205477336,385.3890983264304,388.45086669921875,89257800
2023-02-21,384.4448207915137,385.4940235203808,380.40065293639157,380.6581726074219,82655900
2023-02-22,381.06832644021057,382.60398440393413,378.68378788820354,380.13360595703125,83742300
2023-02-23,383.01415935083475,383.62461525788194,377.9494012488701,382.1557312011719,96242400
2023-02-24,377.15764870927023,378.9031178542997,375.4598586847204,378.07330322265625,108194400
2023-02-27,381.4021421594611,382.7565727740271,378.42624290281987,379.3609924316406,80444700
2023-02-28,378.88415609227326,380.83946629909735,377.85401901216034,377.9589538574219,96438600
2023-03-01,377.1481633851746,378.3690459735666,375.2119192229247,376.50909423828125,99706800
2023-03-02,374.54423904245056,380.27667913690243,374.2103978176706,379.43731689453125,85127800
2023-03-03,381.24957080469574,385.7706758956866,380.60098327540186,385.5226745605469,90120000
2023-03-06,386.34290347544555,388.63208364699216,385.35095644978605,385.7897033691406,72795900
2023-03-07,385.74202541995913,385.9804792628776,379.2656108960152,379.87603759765625,108310600
2023-03-08,379.99057269709033,381.24958704047157,378.2736873246154,380.49609375,74746600
2023-03-09,381.2781550603871,382.93781363415775,372.4935234600931,373.4759521484375,111945300
2023-03-10,372.9322836127058,375.0020758920174,366.5703510301064,368.0869140625,189253000
2023-03-13,364.1763138433217,372.36006758594726,363.0698843092262,367.5623474121094,157790000
2023-03-14,372.4648886988362,375.2786555832206,369.17421414646356,373.6380920410156,149752400
2023-03-15,368.06785035886526,371.5015626213284,365.98851059869224,371.30126953125,172996900
2023-03-16,368.9549017850136,378.1592151165088,368.4493807575096,377.8158264160156,143254200
2023-03-17,376.49072469808146,377.62051539098667,372.019393803673,373.39813232421875,140553400
2023-03-20,374.17363412671835,377.40028401988184,373.47471024400215,376.9885559082031,93055800
2023-03-21,380.3396653906553,382.41735696574256,378.75028553737957,381.9386291503906,91524200
2023-03-22,381.7662673371417,385.3662803866766,375.3896097781942,375.4278869628906,111746600
2023-03-23,378.2811390116393,382.30246432046795,373.74280870365055,376.4428405761719,119351300
2023-03-24,375.16943071668686,378.99925344252387,372.833236516388,378.9130859375,107682400
2023-03-27,381.18227006179575,381.9482521763477,378.73118573368964,379.6216125488281,74010400
2023-03-28,378.9322213165427,379.62159057011246,376.9407263724681,378.76947021484375,62871700
2023-03-29,382.9152109829554,384.51417469094537,381.7183914833068,384.2748107910156,77497900
2023-03-30,386.89823380236453,387.14718161102934,384.66737508830965,386.52484130859375,69840000
2023-03-31,387.44394229612334,392.26952614967655,387.3386069981714,391.97271728515625,112062600
2023-04-03,391.45570713175425,393.8684845968019,391.0631468502778,393.46636962890625,67391100
2023-04-04,394.1078626707281,394.3951168773612,389.9142025392246,391.28338623046875,66601500
2023-04-05,390.555750574138,391.3121487439596,388.612116709327,390.2589416503906,65200200
2023-04-06,389.4642553207361,392.05898137720516,388.4206320852357,391.78131103515625,63743300
2023-04-10,389.311073872341,392.26005398593924,388.6983173778572,392.1834411621094,63681000
2023-04-11,392.80582215030137,393.6866651152167,391.52283489671987,392.2887878417969,59297900
2023-04-12,394.34727662483084,394.6345308679278,390.1057548634186,390.6897888183594,86420400
2023-04-13,391.7716880699347,396.2334348165877,390.6323135315357,395.8791809082031,85814800
2023-04-14,395.2472552060106,397.4302528676945,392.6142522306835,394.9121398925781,78161500
2023-04-17,394.82595033401935,396.34830119021314,393.6004083681965,396.32916259765625,66436400
2023-04-18,397.89947835808357,398.0335361986338,395.21861373940794,396.5877685546875,63560000
2023-04-19,394.6823328652232,397.4206417468214,394.6248878690516,396.5206604003906,55227300
2023-04-20,393.7153643600863,396.09944900781187,392.81535363221457,394.35687255859375,75840400
2023-04-21,394.6536546185458,395.122798546293,392.719604685716,394.6632385253906,73457400
2023-04-24,394.46213502684145,395.4962034683657,393.1312868972539,395.0749206542969,64332100
2023-04-25,393.1121702739636,393.6675109735628,388.74617437711476,388.8036193847656,97766700
2023-04-26,389.4163487256269,390.48869433886614,386.6014268812606,387.15673828125,80447000
2023-04-27,389.6844798717997,395.13240528174725,389.43553203327593,394.86431884765625,92968400
2023-04-28,393.9834220992783,398.2441114946902,393.9259770969372,398.2345275878906,89433100
2023-05-01,397.794121569062,399.8526454839488,397.6026187410231,397.8324279785156,62122300
2023-05-02,397.12387775512695,397.1717680701673,390.4695783796922,393.361083984375,103998500
2023-05-03,393.85893960371277,396.2621626197753,390.42167734881843,390.6610412597656,91531800
2023-05-04,389.6174515879438,389.94298302849234,386.56316548431346,387.89404296875,94901900
2023-05-05,391.51318454758655,396.11854378303155,391.25468204681897,395.0749206542969,87891800
2023-05-08,395.4004926700738,395.6589951973901,393.7823901542241,395.1802673339844,50046800
2023-05-09,393.6387379211536,394.55788714476665,393.21745510632536,393.4472351074219,49220100
2023-05-10,396.27173108441946,396.9036552910025,391.4748691458095,395.2855529785156,96142900
2023-05-11,394.4238259021145,394.8833858662675,392.5280533923099,394.5961608886719,70157100
2023-05-12,395.83132277822824,396.04196418738917,391.6663849084535,394.07916259765625,70481500
2023-05-15,394.6824140250921,395.84092731174917,392.7770864154088,395.4388122558594,54289400
2023-05-16,394.3376626382598,395.25684108298174,392.78658918922883,392.7961730957031,57705500
2023-05-17,394.80685403141115,398.16750358670436,393.16961300605146,397.5643310546875,87287000
2023-05-18,397.2483654807399,401.8154478860798,397.02816936927354,401.3941650390625,97177200
2023-05-19,402.29410167469877,402.8206905269098,399.59407007568564,400.8100280761719,103793300
2023-05-22,400.8292573658007,402.5048047952054,399.59413136502695,400.9728698730469,60745400
2023-05-23,399.3355304215125,400.9057714798649,396.0801875381463,396.4727478027344,86383500
2023-05-24,394.87389632279877,395.2568727625146,392.4419506407974,393.6004638671875,89213700
2023-05-25,397.09513966858555,398.4547395231807,394.86428090134467,397.00897216796875,90961600
2023-05-26,397.6600433469777,402.8686044347789,397.5834597512282,402.1505126953125,93830000
2023-05-30,404.0750097467597,404.6015986704079,400.9249724539097,402.3037109375,72216000
2023-05-31,400.4845749210063,401.38458562978974,398.5122184875182,400.0728759765625,110811800
2023-06-01,400.3026421930234,404.9271694953685,399.0579614953215,403.87396240234375,88865000
2023-06-02,406.43990546910896,410.4995078956091,405.9133165725639,409.71441650390625,91426200
2023-06-05,410.0590507599155,411.3420376561127,408.23030720227825,408.92926025390625,65460200
2023-06-06,408.51760703277364,410.34632157550055,407.8665149969257,409.8197326660156,64022200
2023-06-07,410.2122539217262,411.34204444638556,407.981366150616,408.40264892578125,85373300
2023-06-08,408.4696715682205,411.32289955281317,407.7037188355954,410.8728942871094,61952800
2023-06-09,411.6676745008229,413.6113085442708,410.6240512183047,411.6102294921875,85742800
2023-06-12,412.58679062643665,415.4208510939883,411.86869890795646,415.34423828125,76104300
2023-06-13,416.79956309947863,418.72402891389044,416.1389164228339,418.0825500488281,95899700
2023-06-14,418.41769324198367,420.38046559122165,415.1431821385499,418.5804443359375,100612100
2023-06-15,417.7666014534157,425.0145475724995,417.6708792659641,423.7698669433594,110303100
2023-06-16,425.7476786538035,426.3146724181942,421.85559038647375,422.32647705078125,114165800
2023-06-20,420.39480701035416,421.27892182844886,418.0691445357275,420.13531494140625,76160400
2023-06-21,419.1551327247259,419.9527600379521,417.3964637735576,417.9826965332031,76982300
2023-06-22,417.0312964707104,419.59718287065334,416.69493630245177,419.4914855957031,70637200
2023-06-23,416.051016626355,418.0979773634387,415.60895921346514,416.3200988769531,92074500
2023-06-26,415.75306687518275,417.6654716468784,414.37882655509753,414.61907958984375,72823600
2023-06-27,415.49359948325997,419.77970536315974,415.04192260990584,419.1646728515625,72813700
2023-06-28,418.0883469905335,420.3851802319676,417.47331443133595,419.3761291503906,75636000
2023-06-29,418.96288231167824,421.1924377171977,418.559273599848,421.029052734375,67882300
2023-06-30,424.22929936725353,426.9777806448537,423.9121488642875,425.99755859375,104964000
2023-07-03,425.6515034890419,426.76625174608176,425.37280176090064,426.4875793457031,32793400
2023-07-05,424.68086605187517,426.58368059216104,424.6712465458686,425.8533020019531,58418400
2023-07-06,422.28804318773945,422.94152452145863,420.02003888020397,422.5186767578125,80658300
2023-07-07,421.5287711761449,425.38243934770526,421.21162073773354,421.4518737792969,86134200
2023-07-10,421.0963679775693,422.6916519353673,420.5293742326275,422.5186767578125,62443500
2023-07-11,423.27782759435644,425.69956773672544,422.3071959049608,425.2094421386719,64463800
2023-07-12,428.98627543991233,430.03377528061355,427.5639667416878,428.63067626953125,91924500
2023-07-13,430.4374003996056,432.8207214455181,430.00496246418476,432.0326843261719,72425200
2023-07-14,432.9168067475371,433.76247288793445,431.00437243683245,431.7635803222656,69815800
2023-07-17,431.61937281936156,434.31019499103627,431.5713046172975,433.2626953125,52680200
2023-07-18,432.9359794712025,437.1259784249401,432.5035122667073,436.48211669921875,80668200
2023-07-19,437.2701641275052,438.6347850080483,436.4052296979119,437.4527587890625,65891700
2023-07-20,436.4629408876448,437.35667523001575,433.8393669208048,434.5505065917969,70591600
2023-07-21,436.26110720174216,436.4629408876448,434.54091641230104,434.5505065917969,71275600
2023-07-24,435.6940427674301,437.2989458480087,434.6657528013967,436.49169921875,54023400
2023-07-25,436.2226826187103,438.93271480747865,436.1746144107411,437.68341064453125,55191200
2023-07-26,436.7512409467643,439.1729812727202,435.70374110756154,437.7507019042969,71052900
2023-07-27,441.12379698695344,441.5274350037331,433.94503488324995,434.848388671875,92194400
2023-07-28,438.1062824263063,439.9321998907834,434.8484367232918,439.1057434082031,80011800
2023-07-31,439.5766136336967,440.2973728160184,438.26962173264826,439.9418029785156,62040400
2023-08-01,438.480966642271,439.42276902891086,437.731378400745,438.68280029296875,55291500
2023-08-02,435.578736374447,435.8381990846735,431.83079503236485,432.58038330078125,93933400
2023-08-03,430.5719611647709,433.214745002421,429.92807001647094,431.34075927734375,64276100
2023-08-04,433.14742331097347,435.2424228845315,428.87090725675444,429.3898620605469,100128900
2023-08-07,431.21576252551705,433.29155233174345,430.5238325901082,433.1377868652344,58357500
2023-08-08,430.61032036745866,433.12819688898776,427.90987851511386,431.25421142578125,71361300
2023-08-09,431.52333486681067,431.6867198555809,427.6120079214979,428.3712158203125,78789600
2023-08-10,430.7160393980688,434.08920144153984,427.36211636743525,428.5249328613281,93005500
2023-08-11,426.6606527804213,429.2842270451731,426.06482981785047,428.275146484375,68690900
2023-08-14,427.3621343832933,430.63916015625,427.0546034425639,430.63916015625,47867400
2023-08-15,428.87093856214887,429.2265377401817,425.0557186470054,425.62274169921875,75707500
2023-08-16,425.20939087017297,426.86233279820124,422.3936325530743,422.4993591308594,80107200
2023-08-17,423.96015411160533,424.2196168527754,418.76107448676936,419.280029296875,95711300
2023-08-18,416.4738690425287,420.510132174717,416.1279187140494,419.4818420410156,98852000
2023-08-21,420.4908396707108,422.95102834171905,418.34780142156416,422.2110595703125,68719000
2023-08-22,423.97934005301454,423.97934005301454,420.51010021357035,421.0674743652344,64994200
2023-08-23,422.12457747554333,426.37226398805007,421.98043152181,425.7572021484375,68441000
2023-08-24,427.35254280721006,427.861878130185,419.82780041318796,419.8566589355469,88517300
2023-08-25,421.5768448293855,424.09469222022517,418.0403268045078,422.8165588378906,102325100
2023-08-28,424.9980575834004,426.11283533772524,422.81657028498825,425.497802734375,61595400
2023-08-29,425.3920253511655,431.92692561420495,425.20943069514846,431.6482238769531,83081900
2023-08-30,431.9845986592022,434.0603885077203,431.2830492029172,433.4261169433594,69053900
2023-08-31,434.0412049094315,435.1751923990844,432.60930594923883,432.7919006347656,66084600
2023-09-01,435.5019359140747,435.98244204092543,432.14798320577563,433.59912109375,58944100
2023-09-05,433.1570257317341,433.4741468434639,431.65784909348326,431.72509765625,55166200
2023-09-06,430.91793692058695,431.0236635307652,426.506893701765,428.82293701171875,70758500
2023-09-07,425.83410543618885,428.17897757007677,425.4881551186145,427.50628662109375,70355400
2023-09-08,427.5542931353447,429.67812174261354,427.1987233377208,428.1501159667969,61659700
2023-09-11,430.7640781970579,431.2734134651807,429.0630972437641,430.9659118652344,60180100
2023-09-12,429.5243994362143,431.042785754672,428.02522280308654,428.601806640625,67565400
2023-09-13,428.8228912507801,430.2547901313596,427.72732319853264,429.1015930175781,60199300
2023-09-14,431.56179840958094,433.4934131798962,430.26442594561126,432.8014831542969,83430800
2023-09-15,431.2227284727568,431.5506216241027,427.15295081713646,427.5869140625,111848900
2023-09-18,427.2782463880771,429.12991097005937,426.80569887908393,427.8376159667969,55752200
2023-09-19,426.92147805226983,427.5097785871883,424.27902594225344,426.9504089355469,66514600
2023-09-20,428.2041947836062,428.6188806317765,422.8228144717151,423.0253601074219,82562600
2023-09-21,420.18995642926694,420.45033436985153,415.87907838119946,416.03338623046875,104095800
2023-09-22,417.0556045109426,418.64686172567986,414.6831546971935,415.0978698730469,100829700
2023-09-25,413.8924379607471,416.8820607506406,413.458445268684,416.843505859375,70874500
2023-09-26,413.81523500166236,414.5192590302796,409.8901119465823,410.7195129394531,96168400
2023-09-27,411.88643967289465,412.4458093049011,407.2573219237748,410.8834533691406,104705800
2023-09-28,410.33371196265097,414.9338982169094,409.745411526726,413.2654724121094,92258300
2023-09-29,416.30341993440965,416.47700522910236,410.7484550545368,412.2625732421875,115111300
2023-10-02,411.4331930512835,413.34271968319354,409.35008111589474,412.0986328125,83798600
2023-10-03,409.92869029746174,412.15645644629615,405.22240407493666,406.58221435546875,103760600
2023-10-04,407.0452013606301,410.28557828924926,405.58894477181923,409.5429992675781,87453000
2023-10-05,409.25364146047264,410.22769695288724,406.17722598529116,409.388671875,70142700
2023-10-06,406.9487669268842,415.78269394671395,405.6275407211765,414.2492980957031,113273300
2023-10-09,412.3590425619845,417.47039142005065,411.8093557252524,416.9013977050781,80374400
2023-10-10,417.52823984465374,421.6558795794434,417.1328314591845,419.0712890625,78607300
2023-10-11,420.13214698196236,421.0386578835823,417.7596966141307,420.7879333496094,62451700
2023-10-12,421.39545544096734,421.7715569076046,415.879074957657,418.2225646972656,81154200
2023-10-13,419.717357751377,420.91323616360404,414.5771083892652,416.1394348144531,95143100
2023-10-16,418.3768791839652,421.5787008605216,418.1357786859934,420.5178527832031,75433200
2023-10-17,417.40284337508905,422.54312271495667,417.0556727686725,420.4985656738281,75324700
2023-10-18,418.733716385894,419.68846496991176,413.8152601862858,414.8953857421875,93559800
2023-10-19,415.60905485320427,417.41248188933355,410.57487522165394,411.24993896484375,121323000
2023-10-20,410.8159967559263,411.3560595506144,406.09040315558224,406.1965026855469,123919900
2023-10-23,404.6726536491172,409.3403845890626,402.9270886227728,405.4924011230469,92035100
2023-10-24,407.60452747929617,409.69729291312706,405.7625160007192,408.5496520996094,78564200
2023-10-25,406.8715964855641,406.90052736992106,402.1749337627123,402.6860656738281,94223200
2023-10-26,401.62526644318154,402.4739155692253,396.9479103704744,397.86407470703125,115156800
2023-10-27,399.4456375835296,399.84104590641886,394.64290537878924,396.0605773925781,107367700
2023-10-30,398.8381328209202,401.84706268429056,397.54583752991965,400.7958679199219,86562700
2023-10-31,401.36484674476185,403.63119749728736,399.4649734881191,403.3129577636719,79665200
2023-11-01,404.27734347074426,408.4242604346672,403.746904694568,407.6141662597656,98068100
2023-11-02,411.3946192920617,415.5801501470598,411.3753418460295,415.42584228515625,94938900
2023-11-03,417.72110052299064,420.75896096668146,417.59572355276106,419.2159118652344,100167800
2023-11-06,419.96815874248256,420.62394506807493,418.24187084518337,420.1803283691406,67831700
2023-11-07,420.1803410344543,422.0126990847071,419.04235365317487,421.3761901855469,64256100
2023-11-08,421.97412330805065,422.4949086781329,419.38953276666115,421.684814453125,61746000
2023-11-09,422.8228118894829,422.86139621479384,417.9718704320272,418.3962097167969,83174400
2023-11-10,420.4600141525394,425.23378661631307,418.38652621092507,424.9251708984375,89462200
2023-11-13,423.5943238724324,425.6195446365516,422.8131605648516,424.5201416015625,52236100
2023-11-14,430.43192160638574,434.0387757848984,430.2100985439841,432.7561340332031,97176900
2023-11-15,434.08698805976627,435.3117974864374,432.82362374197305,433.67230224609375,77327600
2023-11-16,433.22870327091186,434.52099852551896,432.16785509736394,434.2027587890625,66665800
2023-11-17,434.2123590781554,435.3503758373704,433.29619481153003,434.7427978515625,83133200
2023-11-20,434.4920035775441,438.92825837478466,434.4823501401847,438.0892333984375,69936200
2023-11-21,437.0476983171483,437.9638920043512,435.87112668099957,437.1344909667969,49244600
2023-11-22,438.7836191839142,440.1337760565273,437.7324245676935,438.8221740722656,59394900
2023-11-24,438.87043049439643,439.2851162959046,438.54253734218906,439.09222412109375,29737400
2023-11-27,438.4653845031241,439.2754786903425,437.9156682731926,438.30145263671875,50506000
2023-11-28,437.9157563598276,440.0277996207469,437.3564160101471,438.7355041503906,62115000
2023-11-29,440.87640839051414,442.0047717825631,438.0314398912728,438.42681884765625,63146000
2023-11-30,439.26578188256724,440.50021512010716,437.20194771836225,440.15301513671875,79752700
2023-12-01,439.5455435028684,443.2874284363199,438.9572723368323,442.75701904296875,89183400
2023-12-04,439.38160552881834,442.77629034785133,438.16644945685704,440.43280029296875,72430900
2023-12-05,439.053743436113,441.3007875532445,438.67761246102566,440.3460388183594,69793500
2023-12-06,442.47728857768345,442.50621946104377,438.1374794863498,438.57147216796875,69124700
2023-12-07,440.6449205313009,442.56407108973934,440.04699600140833,441.9179382324219,66995400
2023-12-08,441.175389249709,444.3482804916818,440.93428871770044,443.81787109375,83194400
2023-12-11,443.32598493677364,445.7177126387657,443.11381530650647,445.5440979003906,65002200
2023-12-12,445.1969357013274,447.67545610374924,444.20360273884916,447.5790100097656,68327600
2023-12-13,447.9550638637653,454.00188308183056,447.5982398420778,453.7511291503906,93278000
2023-12-14,455.6800061214895,456.8662313358376,452.5456992010771,455.20745849609375,119026000
2023-12-15,454.61284974570634,455.7845286924067,452.6181291338484,454.4579162597656,141553700
2023-12-18,456.05563220988086,457.9922563619539,455.00017559306576,457.0142517089844,70375300
2023-12-19,457.5565059029809,459.87078595804843,457.47905393883144,459.7933044433594,55761800
2023-12-20,458.9411749679152,460.81970272542947,452.9957542950649,453.42181396484375,102921000
2023-12-21,456.3945788621247,457.99231764179564,453.98349092636033,457.72119140625,86667500
2023-12-22,458.8443284649097,460.31618167604864,456.7528004658334,458.6409912109375,67160400
2023-12-26,459.04768621247854,461.4781292872484,458.97020470261134,460.5776062011719,55387000
2023-12-27,460.3742993690924,461.5556412930502,459.8417395433534,461.410400390625,68000300
2023-12-28,461.76866793794215,462.4174204811319,461.16831917837936,461.5846862792969,77158100
2023-12-29,461.39101424995863,461.9139110481109,458.3020963459827,460.2484130859375,122283100
2024-01-02,457.19820502535833,458.66036562570554,455.5811109563851,457.67266845703125,123623700
2024-01-03,455.5230751447963,456.2590018309508,453.3347097921151,453.93505859375,103585900
2024-01-04,453.4605375615008,456.03625125353045,452.2501474553143,452.4728698730469,84232200
2024-01-05,452.6761631999303,455.532695393491,451.64975485355063,453.0925598144531,86118900
2024-01-08,453.58644474883687,459.7061845131588,453.4605594436324,459.5609436035156,74879100
2024-01-09,456.91742225203353,459.88045489034096,456.4139106022468,458.8637390136719,65931400
2024-01-10,459.1349189215174,462.3206743518726,458.8541001077607,461.4588623046875,67310600
2024-01-11,462.4562213568548,462.9694256422812,457.2951303185307,461.2555236816406,77940700
2024-01-12,462.6982272154343,463.4341538308624,460.1709469448806,461.5749816894531,58026400
2024-01-16,460.2000527294099,461.5072505223364,458.0697541289019,459.8804931640625,85014900
2024-01-17,456.8690803054333,457.8083443440887,454.980859649715,457.3241882324219,68843900
2024-01-18,458.9895962811143,461.94293616195193,457.4499836944988,461.3909912109375,91856200
2024-01-19,462.514291382207,467.42364106257526,461.4394790826515,467.142822265625,110834500
2024-01-22,468.67274557207963,469.8443949304159,467.4817110595385,468.1304931640625,75844900
2024-01-23,468.67271646916043,469.73783606484966,467.58821172047016,469.4957580566406,49945300
2024-01-24,472.3523319806955,473.2819033399484,469.51518456670595,470.009033203125,81765000
2024-01-25,472.12958588323926,472.8364643322263,470.0090096373567,472.5653381347656,72525000
2024-01-26,472.1393159497028,473.6208323517754,471.12260001612924,471.96502685546875,76641600
2024-01-29,472.2748334350306,475.8479071625746,471.7325810664014,475.70263671875,61322800
2024-01-30,475.0152182659358,476.0416268075263,474.5794659669119,475.33477783203125,58618400
2024-01-31,473.13665425188526,473.58206954437225,467.55916709172027,467.57855224609375,126011100
2024-02-01,469.27310972065493,473.72735140437555,468.4693941088524,473.69830322265625,91891600
2024-02-02,474.1340104537586,480.33120193919586,473.79509531108175,478.6850891113281,99228200
2024-02-05,478.0556601095021,478.71410519650345,474.6956161898589,476.94207763671875,75757100
2024-02-06,477.88133742102303,478.6560047672627,476.457917569754,478.3267822265625,55918600
2024-02-07,480.5636415654776,482.73265130891053,479.66308881437243,482.3162841796875,70556500
2024-02-08,482.31629753326854,482.9069537723974,481.50291885696174,482.5293273925781,52343600
2024-02-09,483.03279181896556,485.7537463849515,482.69387668269746,485.3180236816406,63979400
2024-02-12,485.2889926510743,487.5451468627196,484.38843993132826,485.1050109863281,56502300
2024-02-13,478.85933620825733,481.3382125850776,475.1700698212499,478.423583984375,113099200
2024-02-14,481.04773757037634,483.2554877979955,478.73345765408254,482.7713317871094,68387800
2024-02-15,483.4685762738627,486.28636814510776,482.9940832312684,486.1023864746094,61683000
2024-02-16,485.8021854224716,486.9350940149201,482.94565294822615,483.68157958984375,75532900
2024-02-20,481.9482785767016,482.616416260608,478.78190878597854,481.0187072753906,71736700
2024-02-21,479.7212407380355,481.6094317883095,477.9201646887193,481.4544982910156,59293400
2024-02-22,488.03896587947617,492.37698495204523,487.08031685540794,491.4183654785156,76402500
2024-02-23,493.1323109036816,493.9650747069926,491.03109011668937,491.75732421875,61321800
2024-02-26,492.1930670722987,492.6288193715667,489.8303829996231,489.9562683105469,50386700
2024-02-27,490.6437622032437,491.089177503547,488.75554175218684,490.866455078125,48854500
2024-02-28,489.3171901171775,490.7987065984109,488.9589193319282,490.2177429199219,56506600
2024-02-29,491.9703479594554,493.5874126583201,489.3365378000111,491.9800109863281,83924800
2024-03-01,492.85151281479995,497.02490613181874,492.4448087227075,496.5988464355469,76844800
2024-03-04,495.80491059914067,497.90613146747353,495.775832865413,496.0663146972656,49799300
2024-03-05,494.0716145533947,494.51705944817036,488.91052345565936,491.10858154296875,72855600
2024-03-06,494.37174481528393,495.84359816125266,492.3092648064121,493.59710693359375,68382400
2024-03-07,496.8797004283906,499.54255878511856,493.65520448812254,498.49676513671875,58652100
2024-03-08,499.12617653924883,501.7986682913954,494.9333685962926,495.5046691894531,86532500
2024-03-11,494.30394494541804,495.6595759026315,492.38667645201275,495.0785827636719,62557200
2024-03-12,497.17992269457994,500.98538263864816,494.67196803265733,500.4044189453125,73114400
2024-03-13,500.72385457506516,500.89814366049285,498.18688160759467,499.6199645996094,55104100
2024-03-14,500.5882438210127,500.74320684304695,495.60147230683197,498.6322937011719,110171800
2024-03-15,495.57751113868864,497.0247990949515,493.5474544938414,495.2084045410156,107646300
2024-03-18,499.25883960128044,500.69637526560086,497.74358168127196,498.1515197753906,88893300
2024-03-19,497.4619309272195,501.2014919888328,496.46144212802193,500.9198303222656,60755300
2024-03-20,500.9781262063219,505.68900816762243,500.30791251207177,505.5530090332031,69594600
2024-03-21,508.37962905466236,509.0789516033181,506.9420338967823,507.2237548828125,60256100
2024-03-22,507.13617688228,507.62183717523607,506.0288571860112,506.26202392578125,79070800
2024-03-25,504.8924815953154,506.00952410002293,504.70792829326916,504.8633728027344,48512100
2024-03-26,506.2814877823347,506.6214856104456,503.53269278700975,503.930908203125,65463700
2024-03-27,506.7477422439313,508.2047232896313,504.5913794682458,508.16583251953125,82999800
2024-03-28,508.2046941865004,509.5645075137889,507.7870334248163,508.0686950683594,96294900
2024-04-01,508.80690155295423,509.3411160418204,506.02887949837907,507.18475341796875,62477500
2024-04-02,503.37728547043406,504.0960533819684,501.6677513647756,503.9601135253906,74230300
2024-04-03,502.8721678960329,506.0095743423354,502.82361371377027,504.5137023925781,59155800
2024-04-04,508.50584318362684,508.8457817223291,498.0544227328248,498.35552978515625,96858100
2024-04-05,499.70568326072845,505.51416224528475,499.26857707601863,503.5617980957031,74546500
2024-04-08,504.26113435269997,505.2615637846118,503.0372608598177,503.8434143066406,48401800
2024-04-09,505.5723596612767,505.8151898052063,499.59871440672913,504.42620849609375,68049200
2024-04-10,498.75376772780487,501.3569002653356,497.4036769200619,499.37542724609375,82652800
2024-04-11,500.89069371082206,504.5817008252079,497.393962609765,503.1441650390625,70099000
2024-04-12,499.61825717169796,501.0266841379513,494.4799620247676,496.19921875,92561100
2024-04-15,500.3564247602264,500.5215326754904,489.13765316276323,489.98272705078125,92101400
2024-04-16,490.4587076764823,491.97396569301293,487.80699132637494,489.0891418457031,73484000
2024-04-17,491.53678239318253,491.7019199393697,484.8055376860778,486.19451904296875,75910300
2024-04-18,487.5835926622845,489.6719263116465,484.26166270979206,485.1941223144531,74548100
2024-04-19,485.1163881622374,486.1071245547147,479.6964023315547,480.9591369628906,102212600
2024-04-22,483.55258680560587,487.972113920127,481.2214229780645,485.3883972167969,67961000
2024-04-23,487.3893089914972,491.5756989172583,485.2038373746558,491.1483154296875,64633600
2024-04-24,492.03223509825074,492.81900253172324,488.7006120510912,490.91522216796875,55928100
2024-04-25,484.8638422405587,489.8078608662871,483.2223079459974,489.05023193359375,69122400
2024-04-26,491.82824557353393,495.2570064811488,491.1968930428971,493.6834716796875,64306100
2024-04-29,495.4609621651781,496.1020373711397,492.70241499072074,495.43182373046875,46415400
2024-04-30,493.9748340493992,494.94615471248864,487.58355712890625,487.58355712890625,77483600
2024-05-01,487.00076428433056,493.6154557030375,485.5340605810027,486.00030517578125,80242800
2024-05-02,489.69131460230034,491.3814327412964,485.22323354848663,490.54608154296875,62550200
2024-05-03,496.5003104757314,497.8504308833997,493.9748706361785,496.6265869140625,72756700
2024-05-06,499.0159955422608,501.7939584375333,498.57888938265427,501.755126953125,47264700
2024-05-07,502.7166843877577,503.69772767350116,501.63853275647114,502.3087463378906,52561300
2024-05-08,500.4826885782833,502.89154482386346,500.36613484283316,502.3573303222656,42047200
2024-05-09,502.54195892504737,505.2908133815383,501.89119059047965,505.2519226074219,43643700
2024-05-10,506.8449849004542,507.65119789241925,504.6886808381149,505.90283203125,52233200
2024-05-13,507.57334496613424,507.6801760152973,504.8342134653113,505.97064208984375,36716400
2024-05-14,506.1648891476387,508.8069121408392,505.630674647656,508.2920837402344,57535900
2024-05-15,510.7495145476232,514.8776269913382,510.1181324599974,514.5862426757812,59504900
2024-05-16,514.6834008229457,516.2763809484062,513.381805041238,513.5275268554688,50244800
2024-05-17,513.644148566722,514.3338076754613,512.1968900639675,514.2658081054688,59187600
2024-05-20,514.3823996621339,516.3153187057068,513.993847600682,514.8583374023438,37764200
2024-05-21,514.1007280315008,516.2764772503131,513.8967293104672,516.1210327148438,33437000
2024-05-22,515.4313778215733,516.1404229953789,512.468802117107,514.6348876953125,48390000
2024-05-23,517.6751921338202,517.7820232011699,509.6714583671514,510.8759460449219,57211200
2024-05-24,512.7115556042107,515.062194143986,511.7694030777515,514.2559814453125,41291100
2024-05-28,515.0623074329295,515.2954149429256,511.9929004587325,514.615478515625,36269600
2024-05-29,510.60381121104734,512.1870685483111,510.3027041932999,511.0117492675781,45190300
2024-05-30,509.4771735375275,510.13766452658996,506.3786580054075,507.6219177246094,46377600
2024-05-31,508.5739213312315,512.3717598545443,503.49387285830494,512.2454833984375,90785800
2024-06-03,513.8481892705336,514.1298509823358,507.6122665558144,512.6631469726562,46835700
2024-06-04,511.36162485784064,513.9744804630104,509.90464350071375,513.2362670898438,34632700
2024-06-05,515.5479441376007,519.355504956824,513.5664118243003,519.3360595703125,47610400
2024-06-06,519.6371847519142,520.0645682770622,517.4031587596616,519.3263549804688,30808500
2024-06-07,518.3550094881825,521.4924158492759,517.2671349822953,518.6950073242188,43224500
2024-06-10,517.8886903629937,520.6180987720378,517.2961990482391,520.2975463867188,35686100
2024-06-11,518.7533115423322,521.6089970919911,516.791224537173,521.5507202148438,36383400
2024-06-12,526.096381978746,528.5149607902181,524.804508979413,525.8341064453125,63251300
2024-06-13,527.572819593174,527.7476501909825,524.1149205499801,526.8928833007812,44760900
2024-06-14,525.3679678522572,527.2426097707814,524.3674790309985,527.2135009765625,40089900
2024-06-17,526.5334956885656,532.7985255135613,526.0769441713737,531.4094848632812,55839500
2024-06-18,531.4678314025467,532.8859810291509,531.0501705974204,532.7597045898438,41376400
2024-06-20,533.6824639158926,534.3429548976981,529.5446281232266,531.3124389648438,70328200
2024-06-21,530.4929829849066,531.7110509477889,529.1482311958065,530.6001586914062,64338600
2024-06-24,530.4247748607555,532.9778406049528,528.7584364421938,528.8753662109375,45528700
2024-06-25,530.0934194702492,531.272530660959,528.5830271026286,530.9119873046875,37936200
2024-06-26,529.8010101320955,532.2858564645144,529.1578965249615,531.5745239257812,38550600
2024-06-27,531.4381433443106,532.9875518697215,530.6975485510812,532.41259765625,35041500
2024-06-28,533.182464345906,536.2228169116169,529.0800492248655,530.3175659179688,76144500
2024-07-01,531.6915058832783,531.9351194589271,528.6609672764391,531.408935546875,40297800
2024-07-02,529.8108184673043,534.9851684570312,529.7621076471618,534.9851684570312,40434800
2024-07-03,534.6733620352073,537.7331629819162,534.6344052723863,537.3726196289062,32789900
2024-07-05,537.6746952876072,540.8708746254604,537.041276170241,540.4713745117188,41488400
2024-07-08,541.2508572097279,542.0401627530802,540.0327894282602,541.094970703125,36110500
2024-07-09,542.0499170234392,542.9463982576794,541.3288304126829,541.6211547851562,27289700
2024-07-10,542.83922140572,547.3216870432971,542.546897033872,546.9806518554688,38701200
2024-07-11,547.097658299037,547.9649369537367,541.6309836132551,542.2643432617188,53054200
2024-07-12,543.3849335691044,549.270615886068,542.9172145567801,545.6846313476562,53084400
2024-07-15,547.6725298408394,550.4107438001307,545.3338159394242,547.185302734375,40584300
2024-07-16,548.4910822924977,550.722561208659,547.7407334557406,550.4302368164062,36475300
2024-07-17,544.5251174294385,546.191455897242,542.3910598728387,542.712646484375,57119000
2024-07-18,544.2424632762184,545.2266716040288,536.3688561297039,538.5418701171875,56270400
2024-07-19,538.3080696139889,539.9256971843263,533.9132708630742,534.9656982421875,65509100
2024-07-22,538.8732057821688,541.0852359846874,536.9438053796708,540.4810791015625,43346700
2024-07-23,540.3738971671513,542.517708645555,539.1461346384042,539.6333618164062,34439600
2024-07-24,534.8390224206132,535.1411009025868,526.4879411580819,527.4039306640625,74515300
2024-07-25,527.5208430163394,533.474804346627,523.7205067049787,524.6559448242188,61158300
2024-07-26,528.4271869821433,533.2117321557627,527.6573299030541,530.531982421875,53763800
2024-07-29,532.0715719711993,533.0752290029756,528.8558251034021,530.84375,39515800
2024-07-30,532.3054207151831,533.3578480228961,524.7631538745112,528.1542358398438,46853600
2024-07-31,534.9559286681133,539.3604813512061,533.5917282671721,536.7391967773438,65663400
2024-08-01,538.4542082657176,540.6954412129795,525.6498647611072,529.138427734375,76428700
2024-08-02,522.0639142511643,523.272228120303,515.096541908473,519.2867431640625,82789100
2024-08-05,498.5698494257554,510.2048370125756,497.23482195550594,504.1632080078125,146267400
2024-08-06,505.95616721920055,516.2172002386701,504.64067761587216,508.8113708496094,84826300
2024-08-07,514.9698561147811,518.0102083711349,504.8160585530724,505.41046142578125,70698300
2024-08-08,510.52636582888704,517.7178438799879,508.50929760994603,517.09423828125,63276600
2024-08-09,516.2756321007693,520.8555792219031,515.05756422153,519.3743896484375,45619600
2024-08-12,520.563206135425,522.0443360943832,517.3864758873478,519.647216796875,42542100
2024-08-13,522.8239227343687,528.4270341942479,522.5803091926349,528.193115234375,52333100
2024-08-14,528.9825863254481,531.0387304630773,526.3223446492491,529.859619140625,42446900
2024-08-15,535.4627188062373,539.2240986986848,534.8585618069728,538.9415283203125,60846800
2024-08-16,537.3335322529779,540.8416031495808,537.1776457463574,540.1497192382812,44430700
2024-08-19,540.5589895349276,545.3143310546875,539.7112190916396,545.3143310546875,39121800
2024-08-20,544.8660675368706,546.5128974468605,543.0925538279611,544.4275512695312,33732300
2024-08-21,545.4702606482219,547.7504502285475,540.5589732888145,546.2985229492188,41514600
2024-08-22,548.1889915317105,548.79314842079,540.8026115148097,542.0109252929688,56121500
2024-08-23,545.236462053231,548.7055171032431,543.053634385247,547.77001953125,50639400
2024-08-26,548.7931322733509,549.504464836925,544.7686315002069,546.4641723632812,35788600
2024-08-27,545.1974719043471,547.7018267996916,544.0573769322793,547.214599609375,32693900
2024-08-28,546.8735985635415,547.3023608968704,540.8611718363641,544.0379028320312,41066000
2024-08-29,545.9963772385526,549.2802828145968,542.9463311315743,544.08642578125,38715200
2024-08-30,546.4447596496766,549.7871307787254,542.9074857644326,549.2803955078125,62700100
2024-09-03,546.1524958910724,546.4838365970718,535.4725124240279,537.9768676757812,60600100
2024-09-04,536.1447696240151,540.2666922950722,535.4236829556569,536.8756103515625,47224900
2024-09-05,536.8170931187602,539.652728695669,533.1238736044508,535.5697631835938,44264300
2024-09-06,535.8913798019039,537.5089477091443,525.659610039857,526.5560913085938,68493800
2024-09-09,530.7365485093424,533.718376233379,528.8168426461983,532.4515380859375,40445800
2024-09-10,534.351804730089,535.1216617767944,529.4990408120743,534.7708129882812,36394600
2024-09-11,534.6830473314077,541.1728863269274,526.1663268863584,540.2568969726562,75248600
2024-09-12,540.831888043875,545.1097566752126,538.619857760852,544.8076782226562,51819600
2024-09-13,545.4118431545087,548.6470386001909,545.1584755178029,547.653076171875,39310500
2024-09-16,547.389917673041,548.7249152296453,545.5969551700833,548.4618530273438,36656100
2024-09-17,550.6640853659264,552.1063181322738,546.4641898322706,548.6859741210938,49321000
2024-09-18,549.3389057758787,554.1624668793891,546.5032696834501,547.0587158203125,59044900
2024-09-19,556.4231220387844,558.2453466994866,553.5679782684008,556.3938598632812,75315500
2024-09-20,555.0313424308147,556.46815521981,552.4215262762143,555.4320678710938,77503100
2024-09-23,556.4975550473902,557.4652143001452,555.2854753286341,556.820068359375,44116900
2024-09-24,557.6117584874984,558.471913246618,554.7967173955426,558.4132690429688,46805700
2024-09-25,558.2569249779147,558.9900073797687,556.0771860686909,557.1817016601562,38428600
2024-09-26,561.4238456875147,561.7464186568862,557.0449191197562,559.3907470703125,48336000
2024-09-27,560.4562017753216,561.2674367221593,557.5531642883332,558.5794677734375,42100900
2024-09-30,557.5530628987858,561.423758958094,555.2658795088603,560.8177490234375,63557400
2024-10-01,560.465907913519,561.1109941219235,553.232804974523,555.793701171875,72668800
2024-10-02,554.904357347643,557.0449605610858,552.5193933091881,556.0283813476562,38097800
2024-10-03,554.5620734708386,556.9470368946191,552.7342597435006,555.01171875,40846500
2024-10-04,559.4396258955153,560.4268531332793,555.2854920412735,560.055419921875,42939100
2024-10-07,558.413299806086,559.0584457401652,553.8486566717974,554.9922485351562,49964700
2024-10-08,557.553120131347,560.8373745453375,556.683241044493,560.2410888671875,37398700
2024-10-09,560.2313175326061,564.6787318135322,559.6350914993983,564.12158203125,37912200
2024-10-10,562.7825341526946,564.5517040960426,561.5313781232933,563.1343994140625,44138100
2024-10-11,563.0561277259117,567.2396131412746,562.9192713637127,566.5065307617188,42268000
2024-10-14,568.1094778484854,572.0681703246292,567.6305402513053,571.1395874023438,36217200
2024-10-15,571.4035256005812,571.7065305951428,565.4899467305453,566.7020263671875,54203600
2024-10-16,566.7021056174783,569.6832957534668,565.900594951752,569.1652221679688,30725400
2024-10-17,572.6937458614649,572.8990304200946,569.0283336899422,569.2140502929688,34393700
2024-10-18,570.8952748825009,572.1855071059618,569.4388940141822,571.403564453125,37416800
2024-10-21,570.6802188403536,571.6576620923939,567.5035282712228,570.4652099609375,36439000
2024-10-22,567.9432944740728,571.3154850600835,567.2884243093201,570.162109375,34183800
2024-10-23,568.1485895916966,568.5884509212708,561.462852493989,564.9523315429688,49314600
2024-10-24,566.897492764615,566.9757049256177,563.5644376745634,566.1741943359375,34979900
2024-10-25,568.3930757936422,571.2765455255891,565.0404523577657,565.978759765625,47268200
2024-10-28,569.4389192842264,569.5659916825215,567.4253885260767,567.7283935546875,30174700
2024-10-29,566.7703610094676,569.7613345267463,565.3824085036434,568.6470947265625,42899700
2024-10-30,568.1779150746601,570.1621533327376,566.2230287475197,566.9268188476562,41435800
2024-10-31,562.5772452055423,562.6456733933426,555.617853906816,555.8133544921875,60182500
2024-11-01,558.432953502388,562.5675198682408,557.7487312114673,558.1592407226562,45667500
2024-11-04,558.2959404133777,559.5861724591027,555.0801741045641,556.9568481445312,38217000
2024-11-05,557.8658847297456,563.7305435334926,557.6508758763042,563.6914672851562,39478300
2024-11-06,575.9095457320777,578.57794657906,572.1854895240832,577.7080078125,68182000
2024-11-07,579.7020264980958,583.1915058614667,579.6238143381844,582.1749267578125,47233200
2024-11-08,582.7222620683345,586.1140207981344,582.7222620683345,584.6967163085938,46444900
2024-11-11,586.2802708315078,586.6321361059588,583.5336575099662,585.2539672851562,37586800
2024-11-12,585.175669871058,585.7718958867575,580.9628921945897,583.4358520507812,43006100
2024-11-13,583.8952929846365,585.7133231848053,581.5396809070076,583.7193603515625,47388600
2024-11-14,583.846484643943,584.3254223529462,579.2818407813407,579.9660034179688,38904100
2024-11-15,576.4177743775998,576.886987680586,570.689971552463,572.537353515625,75988800
2024-11-18,572.9967827127789,576.1930413945956,572.1366874944769,574.88330078125,37001700
2024-11-19,571.520745912538,577.7079174505996,570.8560917990914,576.984619140625,49412000
2024-11-20,577.0630094223009,577.4637349458769,571.4427101629503,577.1802978515625,50032600
2024-11-21,580.0147564203452,581.6959299076706,574.1989580735773,580.2786254882812,46750300
2024-11-22,580.2688429124006,582.7027263378066,579.7703970458107,582.0771484375,38226400
2024-11-25,585.9967993093868,587.3065398623395,581.7742372889147,584.0516967773438,42441400
2024-11-26,585.2929516850081,587.7659115133398,584.5794372696156,587.1012573242188,45621300
2024-11-27,586.9155638447446,587.2967213513849,583.807301635719,585.3223266601562,34000200
2024-11-29,586.13348818314,589.7402555167076,585.8598351444666,588.9583129882812,30177400
2024-12-02,589.3689531396692,590.6885373789082,588.8802314936704,590.0140991210938,31746000
2024-12-03,589.7794288278096,590.5320194756874,588.7531254655074,590.2876586914062,26906600
2024-12-04,591.9688854405287,594.1974247464545,591.3042312735546,593.9530639648438,42787600
2024-12-05,593.9530901421784,594.7546007001943,592.6237817496434,592.9756469726562,28762200
2024-12-06,593.738143242676,595.3313805479372,593.3276337729875,594.0997924804688,31241500
2024-12-09,593.9825191407734,594.1486677967985,590.4539631589937,591.0404052734375,34742700
2024-12-10,591.7147337183083,592.135027098725,588.5478275712469,589.2026977539062,37234500
2024-12-11,592.1155929499696,594.7057817338718,591.841880207483,593.7576904296875,28677700
2024-12-12,592.8974892997352,593.4643633790662,590.6982421875,590.6982421875,31543800
2024-12-13,592.7215354493896,593.4350498406591,589.2124883774769,590.5809326171875,35904700
2024-12-16,592.3306244931046,594.0705021581772,591.5584657830842,593.102783203125,43695200
2024-12-17,590.5613981975558,591.5192734247074,589.2907339933267,590.6591186523438,55773500
2024-12-18,590.3561165933274,592.7312963771194,572.674202761188,573.055419921875,108248700
2024-12-19,578.020816522432,579.6238377441589,572.6350947579137,572.8794555664062,85919500
2024-12-20,570.561095027684,584.2717241370053,569.7176190978377,579.7603759765625,125716700
2024-12-23,579.5052219390004,583.8302272741931,576.3374142722774,583.2319946289062,57635800
2024-12-24,584.5756905048978,589.7539893082886,583.997031715741,589.7147216796875,33160100
2024-12-26,587.9493923534018,590.8719573339298,586.5567683514358,589.7539672851562,41219100
2024-12-27,586.0271828680434,586.2626090728168,579.3778441686201,583.5459594726562,64969300
2024-12-30,576.5631199685903,580.338917958557,573.150128529516,576.88671875,56578800
2024-12-31,578.5441892688881,579.2601650774656,573.1599745686183,574.7880249023438,57052700
2025-01-02,578.0342139844852,579.740679758371,569.3154835989945,573.375732421875,50204000
2025-01-03,576.2099775379395,581.1822402167261,575.1311355296597,580.5447998046875,37888500
2025-01-06,584.7816606701658,588.145567536734,582.1630605707853,583.88916015625,47679400
2025-01-07,585.909501046868,586.2331597023842,575.4745472605013,577.2888793945312,60393100
2025-01-08,577.3575056942733,579.2012884483527,573.92494033326,578.1322631835938,47304700
2025-01-10,574.5917674597674,574.6604259424307,567.4029789022777,569.3056030273438,73105000
2025-01-13,564.6765795569504,570.5413429214275,564.2646286559713,570.1882934570312,47910100
2025-01-14,573.1010128011978,573.7286961683375,567.2067990118115,570.9728393554688,48420600
2025-01-15,578.9561398854404,582.4965717179379,577.8479067851994,581.3589477539062,56900200
2025-01-16,582.7221292073649,582.8986539701259,579.5445637592774,580.2409057617188,43319700
2025-01-17,585.4583566167607,587.8120797540519,584.1343312340456,586.06640625,58070600
2025-01-21,589.0968201243991,591.4407861448484,587.1353543049476,591.4309692382812,42532900
2025-01-22,594.2456150117687,596.1090313180756,593.69640702557,594.755615234375,48196000
2025-01-23,594.1280457618639,598.001953125,593.8534716457165,598.001953125,41152100
2025-01-24,598.0606782414739,599.0120202031255,595.1086628774257,596.256103515625,34604700
2025-01-27,583.3497595871564,588.1357411390088,583.1830517473746,587.8218994140625,70361100
2025-01-28,589.0477983536082,593.7062796977629,585.7427332202798,592.8726806640625,44433300
2025-01-29,592.0880784150642,592.4902124528912,587.6747800612517,590.2149047851562,37177400
2025-01-30,592.3234809305729,594.9125703683252,589.1458559611356,593.3826293945312,39281300
2025-01-31,595.7952259985301,598.2078504382997,589.4694869358445,590.2246704101562,66566900
2025-02-03,581.2509121761593,588.7240915852041,579.1129217803689,586.252685546875,65857200
2025-02-04,586.3115788306599,590.695426254437,585.7721876960313,590.1854858398438,33457800
2025-02-05,589.0673886644034,592.7255030106178,587.0470814039787,592.578369140625,30653100
2025-02-06,594.3143418590737,594.7655005585997,591.0190935628144,594.6380004882812,35771500
2025-02-07,595.1969654236844,596.4130645632996,588.4887264849536,589.1948852539062,50788500
2025-02-10,592.3920797831685,593.8337283102429,591.1268961231351,593.1962280273438,26048700
2025-02-11,590.940628411795,594.1868520894046,590.8229452462591,593.6474609375,30056700
2025-02-12,587.6552840737671,592.9021822024266,586.9785758420322,591.735107421875,45076100
2025-02-13,592.8335121773658,598.1883363356536,591.5782049635822,597.9823608398438,40921300
2025-02-14,598.1882471856823,599.2180047928703,597.3350143232245,597.952880859375,26910400
2025-02-18,599.1101412981178,599.7083740234375,596.6583089558027,599.7083740234375,26749000
2025-02-19,598.3254799134808,601.4147523000511,597.815479705502,601.1205444335938,31011100
2025-02-20,599.7574359511714,599.8947529370754,595.3245635051746,598.6198120117188,36554000
2025-02-21,598.4040443652323,598.5413613568134,587.9200057904889,588.3809814453125,76519800
2025-02-24,590.4209369132893,591.4114868830001,584.9974543500997,585.70361328125,50737200
2025-02-25,585.6446767168586,586.3704094872951,578.200887648266,582.7907104492188,58266500
2025-02-26,584.448255315712,588.0279549899641,580.4566645097497,583.0850219726562,43321600
2025-02-27,585.3504072406853,586.4979078319449,573.3855137517263,573.7777709960938,74196700
2025-02-28,574.2779596736045,583.2614467800305,571.2180777869312,582.7318725585938,88744100
2025-03-03,584.6932674866979,585.8309510440972,568.726968794248,572.5223999023438,74249200
2025-03-04,568.5406690059347,574.1112244792533,561.2243803057662,565.7455444335938,109648200
2025-03-05,565.5789075488999,573.611113090913,562.0384758390375,571.826171875,71230500
2025-03-06,564.3921877543482,568.9918277562862,559.1354734261878,561.6755981445312,80094900
2025-03-07,559.9004915315724,566.2654391000913,554.7320094861279,564.82373046875,81158800
2025-03-10,556.6542444695278,558.5666258451241,544.8854490052353,549.779296875,99326600
2025-03-11,548.6219753669684,553.1529563050404,541.3841622094388,545.208984375,88102100
2025-03-12,551.3386407379146,552.2605321303586,543.022044250635,548.1022338867188,69588200
2025-03-13,547.7295040716507,548.3375536768395,539.0892496749408,540.7957153320312,74079400
2025-03-14,545.3953255555126,552.966614210826,540.8643446212099,551.9662475585938,62660300
2025-03-17,551.9466761244148,558.7333912461695,551.5151512314662,556.2227172851562,49008700
2025-03-18,553.9178933850532,554.1336857355857,548.2884964881091,550.2107543945312,66041400
2025-03-19,551.9859243939003,559.9494708906026,550.8090329217521,556.2030639648438,66556000
2025-03-20,552.4763694984304,559.5768672502725,551.760393662907,554.5947265625,62958200
2025-03-21,550.1543252489805,555.6727731535583,548.9247213465745,554.777587890625,83763000
2025-03-24,561.4863807824129,565.7654388953832,560.8961948547495,564.712890625,58766800
2025-03-25,565.9129505962637,567.0048245728844,564.3292350043083,566.0703735351562,38355700
2025-03-26,565.8047238585734,566.926137079624,557.9352585138073,559.3124389648438,51848300
2025-03-27,557.925492752828,561.5848258877031,555.7220517439531,557.8271484375,42164200
2025-03-28,556.3023922676962,557.0303082338021,546.0130443195492,546.5933837890625,71662700
2025-03-31,540.8585640195936,551.5610423029548,537.9468400615768,550.2625732421875,95328200
2025-04-01,548.3541875419536,553.7545984642982,544.6456828297712,551.8167114257812,54609600
2025-04-02,545.993387136237,558.1615443859063,545.7573127576624,555.3088989257812,76014500
2025-04-03,536.2155597389653,539.02887941269,527.9428100585938,527.9428100585938,125986000
2025-04-04,515.1253171649706,517.2894320138223,496.81898890573984,497.035400390625,217965100
2025-04-07,481.20796639726615,514.6335008889374,473.9385334512268,496.1501159667969,256611400
2025-04-08,513.344881818952,516.413968489066,481.1784603514281,488.3790283203125,165816600
2025-04-09,485.3885871028413,539.668212890625,485.00493628771113,539.668212890625,241867300
2025-04-10,523.4866290700438,524.7949444304113,501.0094937975821,516.0205078125,162331200
2025-04-11,514.4762531561482,527.6772672784797,511.5842216231333,525.2279052734375,97866300
2025-04-14,535.1728543881914,535.3991423599505,525.1491197771261,530.3233032226562,68034000
2025-04-15,530.8642755383438,534.3661851955569,528.0509561027874,528.837890625,56892900
2025-04-16,523.0046778330362,529.1133721339063,511.80051174858437,517.0828857421875,83484800
2025-04-17,519.0305887702018,522.5029590498531,515.3614098145464,517.8206176757812,79868100
2025-04-21,512.656330465215,513.1875578394483,500.1635713405903,505.4951477050781,69368100
2025-04-22,511.6529994400941,520.6635112296127,510.71848838241135,518.64697265625,75948100
2025-04-23,531.6119173418257,536.5303334599773,525.1688042348989,526.6836547851562,90590700
2025-04-24,527.9624225863133,538.4976913582739,526.7131857388315,537.769775390625,64150400
2025-04-25,537.7303874976484,542.0585570888795,534.8186639244827,541.6552734375,61119600
2025-04-28,542.393043710064,544.5177728075638,536.1269871108482,541.86181640625,47613800
2025-04-29,539.953448479556,546.3867741937128,539.5993369831574,545.2752075195312,47775100
2025-04-30,538.6354556420874,547.4394329210733,532.6841838633078,545.49169921875,93101500
2025-05-01,551.2265660956555,554.8662060499098,548.7575115851928,549.3575439453125,63186100
2025-05-02,555.515484099159,559.1059523751104,553.2038522212841,557.5123901367188,60717300
2025-05-05,553.390643044351,557.4040871519024,552.5348434974896,554.3153076171875,38659200
2025-05-06,548.8263293740373,554.157875203981,547.872185543118,549.68212890625,48264700
2025-05-07,551.0101522781708,554.6202527049248,546.9671688153295,551.9938354492188,55588000
2025-05-08,556.0170826268422,561.0043636579312,552.5348657113146,555.8400268554688,65130800
2025-05-09,557.2368112120467,558.2401872369107,553.577538715433,555.1317749023438,37603400
2025-05-12,571.9821994255728,573.4872634297448,567.6244903747194,573.4774169921875,78993600
2025-05-13,573.890562385163,579.4680890959,573.3299158219985,577.2646484375,67947200
2025-05-14,578.2187618347115,579.3696542531599,575.9857819804191,578.0023803710938,66283500
2025-05-15,576.0056112365808,581.3273116616126,575.5530952883486,580.82568359375,71268100
2025-05-16,581.6027608803485,584.799731658972,579.6649335656915,584.504638671875,76052100
2025-05-19,578.5040593733968,585.8226647003453,578.5040593733968,585.1439208984375,68168500
2025-05-20,583.4127701733858,584.3570677411167,579.9796649330231,583.1766357421875,60614500
2025-05-21,578.8385171464103,582.910979810613,572.3265394745135,573.3495483398438,95197700
2025-05-22,573.1528910764564,577.0482985987975,571.9232869387653,573.575927734375,70860400
2025-05-23,566.5818333658885,572.3167232636762,566.2080289447406,569.6607666015625,76029000
2025-05-27,576.507266661779,581.6617574386509,568.9919119990551,581.50439453125,72588500
2025-05-28,581.9075989404909,583.0978771602481,577.412159762467,578.1400756835938,68445500
2025-05-29,583.3830758060808,583.5208058445248,576.507140791797,580.4221801757812,69973300
2025-05-30,579.3204944032111,581.4846092815853,573.7233350319688,579.7730102539062,90601200
2025-06-02,578.1695751189003,583.1174697772985,575.5136188023458,583.038818359375,61630500
2025-06-03,582.6748967264019,587.3375451970118,582.1928415555221,586.3637084960938,63606200
2025-06-04,587.2196435839252,588.1934805096547,585.7735978159724,586.2064208984375,57314200
2025-06-05,587.8786382444381,589.2262795230108,581.4059855081334,583.3733520507812,92278700
2025-06-06,588.8918048716712,591.0264408134955,587.1211869788787,589.364013671875,66588700
2025-06-09,589.9344673159251,591.4395314497265,588.7245561772476,589.8951416015625,53016400
2025-06-10,590.426305457828,593.6232758793388,589.3147986704665,593.2396850585938,66247000
2025-06-11,594.3315085062023,595.1873080200999,589.4918043518763,591.5476684570312,73658200
2025-06-12,590.2197163908625,593.898681640625,589.7377212700143,593.898681640625,64129000
2025-06-13,588.7343136581344,592.0296279060182,585.7635715930306,587.2587890625,89506000
2025-06-16,590.6034249017806,594.5873299052357,590.4263090889528,592.84619140625,79984100
2025-06-17,590.4164759991057,591.9313264126861,587.0227571759267,587.7802124023438,82209400
2025-06-18,588.6753335186196,591.4099413940326,586.7374465360585,587.691650390625,76605000
2025-06-20,590.3564623402502,591.421997724495,584.9104595060545,586.3114624023438,94051400
2025-06-23,587.0613164924151,592.4875691139825,583.9535897573912,592.1028442382812,87426000
2025-06-24,596.2266384998721,599.6993983536543,595.3189312980566,598.643798828125,67735300
2025-06-25,599.7586945360007,600.4493204937829,597.4204779573378,598.9793090820312,62114800
2025-06-26,600.8241399898848,604.0996298621668,600.2124582889446,603.66552734375,78548400
2025-06-27,604.6620460106875,608.1249909093486,602.6395460052738,606.664794921875,86258400
2025-06-30,609.1016996773074,610.9169938229498,606.7930496988761,609.5653686523438,92502500
2025-07-01,608.0953617899536,610.5322734636828,607.2666588703396,609.3681030273438,70030100
2025-07-02,608.9636353224103,612.1700572103479,608.3420779544849,612.130615234375,66510400
2025-07-03,614.1037538406599,617.8824153010514,614.0840027457131,616.9550170898438,51065800
2025-07-07,615.0014177796149,615.6624771771144,609.5850422388708,612.3573608398438,74814500
2025-07-08,613.0184402574613,613.7682592313246,611.2130216520668,612.0220336914062,59024600
2025-07-09,614.4193967168262,616.3432013077288,612.5842913923066,615.6920776367188,66113300
2025-07-10,615.8302548644143,618.4644365752275,614.6562088976586,617.4285278320312,57529000
2025-07-11,614.389851486408,616.4814202079069,613.196114561925,615.258056640625,63670200
2025-07-14,614.8042291186631,616.7774117864018,613.4624793566222,616.43212890625,51898500
2025-07-15,619.1057784945341,619.4411858079188,613.7189684346675,613.7979125976562,74317300
2025-07-16,615.3764310442137,616.3531467698953,609.7627242916457,615.8499755859375,88987500
2025-07-17,616.0276278697462,619.9739930445255,615.8105464724214,619.6187744140625,68885700
2025-07-18,620.8618249379944,621.0295285799061,618.0599396747441,619.1649169921875,65621600
2025-07-21,620.3389892578125,623.0718060276608,619.9147622533486,620.3389892578125,63375000
2025-07-22,620.6645066309135,621.2860639110608,617.7935527028395,620.427734375,60046300
2025-07-23,623.0817490356008,625.7061157226562,621.2861455699198,625.7061157226562,70511000
2025-07-24,626.0907872079496,627.6200518287297,625.488980993582,625.9132080078125,71307100
2025-07-25,626.5741923360653,629.0307946350387,626.327544551562,628.5571899414062,56865400
2025-07-28,628.9321516432593,629.4846403177779,627.0181622678288,628.3994140625,54917100
2025-07-29,629.7904764849706,630.1061928990167,625.8342963044605,626.741943359375,60556300
2025-07-30,627.393143596463,629.129553977157,623.0718687407492,625.9527587890625,80418900
2025-07-31,630.8856625012866,631.2703873241156,622.3121821287813,623.6046142578125,103385200
2025-08-01,617.9020886786027,617.9415908673775,610.9860743719428,613.3834838867188,140103600
2025-08-04,617.2805351933534,622.7561046288977,617.191775701563,622.706787109375,73218000
2025-08-05,623.3184070376644,624.1274190145356,618.6320990296246,619.5496215820312,68051400
2025-08-06,620.6151401423151,624.9462896680084,619.7074931606843,624.295166015625,64357500
2025-08-07,627.7087670325432,628.4388348760696,620.6743670535704,623.7722778320312,74205800
2025-08-08,625.5580704635792,629.099959687417,625.2423540250035,628.63623046875,64051600
2025-08-11,628.912516593768,630.3825280073482,626.1500127592028,627.3931274414062,58742300
2025-08-12,629.7312404986845,634.2300937128912,628.251353780633,634.072265625,64730800
2025-08-13,636.2625497647373,637.5254154950222,634.0624705008762,636.2428588867188,60092800
2025-08-14,634.1709312549185,636.9630011917295,633.7270133914775,636.302001953125,59327500
2025-08-15,637.328112699525,637.4268079608856,633.9046697471923,634.8123168945312,68592500
2025-08-18,634.2399697526556,635.3646981112688,633.5690949992928,634.674072265625,43804900
2025-08-19,634.4965103700933,635.4732259966958,629.9187128752989,631.2308959960938,69750700
2025-08-20,630.8265133126017,631.0829764734092,624.4629872631401,629.5537719726562,88890300
2025-08-21,627.7482676486437,629.4155489420286,625.3113561107211,627.0280151367188,54805800
2025-08-22,629.2084140029245,637.8312114652382,628.70524285572,636.6571655273438,84083200
2025-08-25,635.404241216521,636.6374803454853,633.736899505491,633.8552856445312,51274300
2025-08-26,633.5889446007113,636.8545593934813,632.9673872646679,636.5092163085938,51581600
2025-08-27,635.9270971923372,638.6895405097797,635.7790844255956,637.95947265625,48341100
2025-08-28,638.5612839961418,640.7712386679527,636.6867968305069,640.21875,61519500
2025-08-29,638.7881685836082,639.1532627231435,634.5162720889837,636.400634765625,74522200
2025-09-02,628.9518765829083,631.9017745733,626.406454480519,631.6847534179688,81983500
2025-09-03,634.05255551225,635.5719445130327,631.8722274787872,635.1082153320312,70820900
2025-09-04,635.7791465574808,640.4457643382553,634.8813749728572,640.4161376953125,65219200
2025-09-05,642.7444163544111,643.4646688785257,634.7037341963564,638.561279296875,85178900
2025-09-08,639.922799046398,641.1264716601992,638.5514227841185,640.1300048828125,63133100
2025-09-09,640.2680535026645,642.1327252974712,638.5415189260096,641.60986328125,66133900
2025-09-10,644.855788891868,645.7733115580726,641.9058905935132,643.4647216796875,78034500
2025-09-11,645.4082598463015,649.502637640468,644.8262047273438,648.81201171875,69934400
2025-09-12,648.7824254618777,650.272187984056,648.0918597139254,648.594970703125,72780100
2025-09-15,650.7951046545995,652.1762963553084,650.4991393056443,652.0480346679688,63772400
2025-09-16,652.6005288851532,652.9064300011956,650.3708830930857,651.1502685546875,61169000
2025-09-17,651.1601352003632,652.8471677889224,645.5266771850337,650.3412475585938,101952200
2025-09-18,653.0148488941834,655.9746224265324,651.4165760040546,653.3798828125,90459200
2025-09-19,655.2605944120114,657.4568701129051,653.321492861841,656.615966796875,97945600
2025-09-22,655.131983947701,660.1676217378205,655.1022751701781,659.7224731445312,69452200
2025-09-23,659.6037107504653,660.2171487108257,654.9143129749383,656.1312255859375,81708900
2025-09-24,657.4173382288552,657.5162467217733,652.6289715744526,654.043701171875,68082200
2025-09-25,650.9175557518951,652.3718368923554,647.4252038153534,651.0263671875,89622100
2025-09-26,652.4707616041429,655.3002210405111,650.8581544995363,654.756103515625,69179200
2025-09-29,657.2689261670223,658.1791500054463,654.7956099654933,656.59619140625,73499000
2025-09-30,655.8542079251938,659.5345338964465,654.5482897020846,659.0695190429688,86288000
2025-10-01,656.0916952927918,662.2255322042525,655.9828838603935,661.3153686523438,72545400
2025-10-02,663.2938778298502,663.4125921637317,659.6630669539827,662.0769653320312,56896000
2025-10-03,662.8389040732001,665.5001949823258,661.0284195287326,662.0672607421875,70494400
2025-10-06,664.451431246289,665.3319462864663,662.314512664693,664.4415283203125,54623300
2025-10-07,665.3616291701808,665.8068381763353,660.5436138980969,661.9781494140625,72020100
2025-10-08,663.0960778489103,666.0245059882836,662.2749199573431,665.925537109375,60702200
2025-10-09,666.3410972158545,666.7466945063586,662.0671995495462,663.996337890625,66501900
2025-10-10,664.9560020556908,666.7565834688588,645.8719162752307,646.0499877929688,159422600
2025-10-13,653.5985074660624,658.0306703959724,652.72789540716,655.9629516601562,79560500
2025-10-14,650.1556317834018,658.7232324647772,646.1983260713891,655.16162109375,88779600
2025-10-15,659.70272543157,663.076302337462,651.8969246006144,658.0703125,81702600
2025-10-16,659.7027147054259,661.5725563129243,650.0963324960569,653.5886840820312,110563300
2025-10-17,652.46076337718,658.6539563270334,651.1152939599514,657.298583984375,96500900
2025-10-20,660.197387427611,665.0352086527322,660.1479331778372,664.1348876953125,60493400
2025-10-21,664.2733620876278,665.8068060270512,662.8289237149189,664.1249389648438,56249000
2025-10-22,664.8274246920023,664.8274246920023,656.2202718491607,660.6722412109375,80564000
2025-10-23,660.9887422368442,665.5297769315139,660.672150546298,664.5899047851562,65604500
2025-10-24,669.2398161192735,671.2283116328227,668.4384640813665,670.0213623046875,74356500
2025-10-27,675.442806418656,678.2228112394536,674.8393317954225,677.926025390625,63339800
2025-10-28,679.7167206093349,681.5568533012904,677.520444889974,679.7266235351562,61738100
2025-10-29,681.368983551386,682.338564675443,675.5814471238866,680.05322265625,85657100
2025-10-30,676.600418646911,678.6186229721906,672.5738525390625,672.5738525390625,76335800
2025-10-31,677.7282029402567,677.7678146457715,671.9901213244605,674.780029296875,87164100
2025-11-03,678.3514739521635,678.4800912258883,672.6826525168186,676.04638671875,57315000
2025-11-04,668.8934850512616,672.702428076588,667.3798469971412,668.0327758789062,78427000
2025-11-05,667.7755543304748,673.5927987432043,666.9742023136038,670.3478393554688,74402400
2025-11-06,669.2496813312496,670.150002278421,661.5824008089137,663.1554565429688,85035300
2025-11-07,660.7809522833221,663.9171603670279,654.1525138805237,663.8082885742188,100592400
2025-11-10,670.0113821047929,674.898656794851,667.8250094695628,674.1665649414062,75842900
2025-11-11,672.6925273614432,676.2738842563608,671.485517700804,675.7099609375,58953400
2025-11-12,677.4808612736824,677.6490902522322,673.6818813898049,676.0859375,62312500
2025-11-13,673.2367288900627,673.5928719621189,663.3632690735044,664.8670043945312,103457800
2025-11-14,658.2780414721369,668.4482860302248,656.1905771441307,664.7581176757812,96846700
2025-11-17,662.5519561070769,666.5191649555097,655.1022987242936,658.56494140625,90456100
2025-11-18,655.0330052616243,658.0207904035176,648.8596179987588,653.0346069335938,114467500
2025-11-19,653.7272650457925,660.2172451791961,651.7189030472904,655.5574951171875,94703000
2025-11-20,665.7276649913678,668.3494043558474,644.9320631333248,645.5652465820312,165293500
2025-11-21,648.0583498819193,657.4569521849606,643.9031662606766,651.9959106445312,123956200
2025-11-24,655.6167748873626,662.9081062970187,654.5285399004904,661.59228515625,80437900
2025-11-25,661.4933747936815,668.9924864834618,657.3876457131933,667.815185546875,81077100
2025-11-26,670.3973686817876,674.4239350690651,669.4970476879164,672.4254760742188,71879600
2025-11-28,673.5928610720755,676.3728662652451,673.2367180057771,676.0958862304688,49212000
2025-12-01,671.5647168500374,675.7000943604489,671.4954567492206,673.0091552734375,61201200
2025-12-02,674.6414676887413,676.5212120744054,672.0791460292079,674.2556762695312,62953800
2025-12-03,673.3059439079583,677.5995871066391,672.4353317565424,676.5905151367188,57238500
2025-12-04,677.9854656605314,678.0547257643626,674.0677712084201,677.085205078125,61970300
2025-12-05,678.1535936302283,681.0424704296607,677.2731389541586,678.3712768554688,79241000
2025-12-08,679.2617413091358,679.3111955598065,674.2953027143022,676.3333129882812,55231500
2025-12-09,675.8584445640498,678.0745263345831,675.3044241214166,675.7495727539062,58310100
2025-12-10,675.2747265375898,681.616283144729,674.0380683519487,680.2312622070312,85671300
2025-12-11,677.8271327535609,681.8932499368323,674.8888018222121,681.8140869140625,86173700
2025-12-12,680.8247713558317,681.5272148787925,671.9208332382598,674.4832153320312,113160300
2025-12-15,678.4207075198718,678.4405133715769,671.999988545765,673.4641723632812,90811000
2025-12-16,671.9802275249427,673.8105178026394,667.7755898483048,671.6240844726562,122030600
2025-12-17,672.6331978735437,673.1773153631458,664.035948310003,664.2338256835938,110625200
2025-12-18,670.3676386439364,673.47413846835,667.6965052957117,669.2496948242188,108650100
2025-12-19,671.3463691548195,675.8114935895343,671.2272434527378,675.3153686523438,103599500
2025-12-22,678.639344063116,680.0483218496023,675.3153313921905,679.5224609375,69556700
2025-12-23,678.6195066727895,682.8663651395233,678.5699062922599,682.6282348632812,64840000
2025-12-24,682.6183200290311,685.4760045408373,682.4694583215327,685.0294799804688,39445600
2025-12-26,685.287420330769,686.2994739503212,683.9280429419551,684.9599609375,41613300
2025-12-29,682.2114479341877,683.8586166189733,680.7528697076866,682.51904296875,62559500
2025-12-30,682.1221392108215,683.2235219572843,681.2588867271484,681.685546875,47160700
2025-12-31,681.8145855439083,682.0328514439952,676.4266760541103,676.635009765625,74144800
2026-01-02,680.3956585252009,681.5466416904673,674.5512924418268,677.8753051757812,89377200
2026-01-05,681.2192280630002,684.0868448237256,681.0604947255163,682.3900756835938,71927200
2026-01-06,682.5984906991714,686.9544824498945,682.4496895461597,686.4484252929688,69273800
2026-01-07,686.8254142672773,688.5817158514149,683.9776620917838,684.2356567382812,75588300
2026-01-08,683.4815439165204,685.2675815209567,682.1618346683338,684.1661987304688,64019200
2026-01-09,685.2775150455628,689.9212370510019,683.8387406584166,688.6908569335938,80125500
2026-01-12,685.3271398200249,690.6952455853734,685.2775394384523,689.7723999023438,63976000
2026-01-13,690.0998903120652,690.6952766040527,685.9919610896558,688.3932495117188,78309700
2026-01-14,685.6445758579941,686.3589666067269,680.7229953056234,685.009521484375,94676700
2026-01-15,689.1870202593807,690.0602050162862,685.8927433241695,686.8750610351562,77862000
2026-01-16,688.2839991969948,688.869453251486,684.7515921796883,686.2994995117188,79289200
2026-01-20,676.2083446056304,679.4629532027941,671.3264922720098,672.3286743164062,111623300
2026-01-21,674.3826370735425,683.402154325963,672.8743979165272,680.0880737304688,127844500
2026-01-22,684.5035112839386,685.7736201181282,681.5962265907631,683.6402587890625,77112200
2026-01-23,682.8167804315336,685.6050001770944,681.8344021762991,683.8883666992188,63059600
2026-01-26,685.138576123168,688.7503800429489,684.5729864520383,687.3612060546875,60473800
2026-01-27,688.8000086063018,691.1318321418594,688.1947507195304,690.099853515625,55506100
2026-01-28,691.6477064811113,692.4316225777728,688.5618241580821,690.0303344726562,61172200
2026-01-29,690.9928952881424,691.657685737667,679.5224893166136,688.6610717773438,97486200
2026-01-30,686.4285189892349,688.8298072906449,681.7947290319643,686.6071166992188,101835100
2026-02-02,684.2356737126761,691.5286859406688,684.0768798206813,690.0204467773438,79286500
2026-02-03,690.8142565672537,691.5584439188771,678.7286612443456,684.18603515625,107904600
2026-02-04,684.9996810996682,686.0911923060062,676.4762885369656,680.8719482421875,105204600
2026-02-05,675.6625626456348,678.3912495205631,670.5524520913757,672.3682861328125,113610800
2026-02-06,676.1786564838608,686.944543957853,675.5733380016845,685.2676391601562,89127600
2026-02-09,684.0769172088077,690.4769412520913,683.0053309088385,688.5718383789062,73885200
2026-02-10,689.5640655604284,691.1417089533321,686.2995246985826,686.7559814453125,65185700
2026-02-11,690.9928885783248,691.7370759669038,683.8387453470867,686.5972290039062,76353900
2026-02-12,688.859502308346,689.9608850687785,675.0970022106213,675.9900512695312,118829000
2026-02-13,676.4068370573647,680.961290747747,672.2691719299015,676.4663696289062,96267500
2026-02-17,674.8688419019007,679.6316291710169,670.5426469985775,677.5578002929688,81354700
2026-02-18,678.7188252184603,683.8090722697287,677.5380453641048,680.97119140625,73570300
2026-02-19,678.5401770095443,680.8620077880265,676.2678860499572,679.1751708984375,58649400
2026-02-20,677.0319102464942,684.7119142291095,676.4464562003476,684.0867919921875,100034000
2026-02-23,682.4992209190492,684.6523861034582,675.0970153480879,677.1013793945312,90558100
2026-02-24,676.6151751251432,683.0151380016027,674.7298762460771,682.0228881835938,73798700
2026-02-25,684.8310015582731,688.3038760705598,684.7516046120257,687.7780151367188,56369500
2026-02-26,687.9070203801248,687.9268241953206,679.046175727848,683.9578247070312,71671000
2026-02-27,677.795973699009,681.5367144347911,676.35719931042,680.6734619140625,83308900
2026-03-02,673.4400139353526,683.2831159083878,672.765291276125,681.0604858398438,87477200
2026-03-03,669.8281362739899,677.3196100252792,664.4699632194659,675.0573120117188,105003100
2026-03-04,676.3472549970834,681.7649608594664,674.3528231531807,679.8201293945312,79182200
2026-03-05,676.7937758642711,680.2170498641997,670.3738880206191,676.0297241210938,106606500
2026-03-06,668.1909311447467,670.8700177972564,664.5692556037578,667.1689453125,100687000
2026-03-09,661.2253729422058,674.650481531912,657.2563736570586,673.0133056640625,102667700
2026-03-10,672.4674947413112,678.0637980596332,669.5304741395607,671.9317016601562,81505300
2026-03-11,672.3286912573745,674.8093159596237,668.1215614523004,671.08837890625,68441700
2026-03-12,665.9583993556241,666.4446526664856,660.7094193200438,660.89794921875,108882200
2026-03-13,664.0831110227487,667.1293254881115,656.2343803863124,657.1571655273438,97200200
2026-03-16,663.1999840519829,666.8613885560293,661.9497395049242,663.844970703125,82023100
2026-03-17,667.1788836379297,669.2129836950214,664.5097291491037,665.5912475585938,87128000
2026-03-18,663.1801174312507,664.5295627375546,656.0657027257738,656.3038330078125,82062600
2026-03-19,651.8783782687178,657.8418097710767,650.0923405870744,654.6864624023438,111272500
2026-03-20,653.2009461223761,653.3800315656541,641.4703334037762,645.3009643554688,163617500
2026-03-23,654.7531040433624,659.2801583045331,650.6439158314106,652.07666015625,134802700
2026-03-24,648.0371459178807,653.7183875512989,646.604401549905,649.8877563476562,96457500
2026-03-25,655.3501116680137,657.5589538580906,650.9424473291369,653.5094604492188,90653800
2026-03-26,648.7734634761676,651.5493793651953,641.5699644768796,641.838623046875,96494400
2026-03-27,639.2616275919053,639.420794428861,629.9189411370072,630.89404296875,103649400
2026-03-30,636.8836547011163,637.1423539459004,626.108284608157,628.78466796875,99275900
2026-03-31,635.7195686416,648.2560368761451,634.7643854444117,647.0621337890625,152534100
2026-04-01,650.6041659517412,655.2008748639518,649.7086779392242,651.9373779296875,97841500
2026-04-02,643.1618697673937,654.8825248659317,641.858474913505,652.5244750976562,68358700
2026-04-06,652.554231190157,656.3947609217337,652.2159789115307,655.6087646484375,39105800
2026-04-07,653.3402849463747,656.285326673986,647.7784337275787,655.8972778320312,69980400
2026-04-08,672.980811715349,673.6673363432215,668.0756676404139,672.6027221679688,93606100
2026-04-09,671.4386399182858,677.7267318686964,670.3740257373166,676.4830322265625,57134400
2026-04-10,677.885949822129,678.5923930707559,675.0304203424645,676.0353393554688,42253500
2026-04-13,673.9955829678383,682.840788741459,673.1698101905051,682.6417846679688,54185800
2026-04-14,684.2238203737314,691.0791070995066,684.193942434314,690.959716796875,63480500
2026-04-15,691.7557051691649,696.7504224001667,690.7010502942645,696.412109375,58240400
2026-04-16,697.5264615426626,699.2378238459212,695.0092450197437,698.1234130859375,49972400
2026-04-17,702.5808909886877,708.7993894133457,702.2028014262665,706.5607299804688,70661900
2026-04-20,705.20752199003,706.3317705126415,702.5808139687996,705.1477661132812,43546800
2026-04-21,706.7000123508461,707.6949720613851,699.098505587723,700.53125,58941400
2026-04-22,705.5756906371417,707.8640857857167,704.6503246823615,707.6253051757812,42518500
2026-04-23,705.9239069650033,708.7694771316526,698.7403270820959,704.8792114257812,56174000
2026-04-24,707.1675680011435,710.8687887329964,705.4363479344694,710.3414916992188,45182000
2026-04-27,709.5754490929214,712.0230720129201,708.7098389427747,711.5653686523438,33135900
2026-04-28,708.2322548988411,709.2869098023077,705.6752010599358,708.1029052734375,43117400
2026-04-29,707.4163145996059,708.6102783309316,704.7995658491443,707.993408203125,41859200
2026-04-30,711.0280636665188,716.1620290590424,706.8691393587039,715.0377197265625,67240900
2026-05-01,717.6146516977453,721.216400793299,716.8385540170647,717.0177001953125,43049800
2026-05-04,716.4406056700121,718.4802608161392,711.3861936216806,714.3909912109375,51950600
2026-05-05,718.1320898558575,721.3855668152729,717.8534719876392,720.1220092773438,36933200
2026-05-06,724.489821452625,730.8874657022126,724.1515691652952,730.1312866210938,53288900
2026-05-07,731.3451201928577,732.4196936796947,726.0718458933673,727.8926391601562,51724600
2026-05-08,731.2257166531052,734.359863963193,730.8675457398152,733.9021606445312,47227100
2026-05-11,732.7380586745534,737.0561496205491,732.7380586745534,735.5736694335938,44024000
2026-05-12,733.1758744234386,735.1160580011854,728.1413807257971,734.4593505859375,54185300
2026-05-13,734.7478704606156,740.1604537310201,731.7629913201908,738.5685424804688,44200200
2026-05-14,739.9018102364839,745.7521781705404,739.8122371427646,744.3989868164062,45307600
2026-05-15,738.0511867146383,739.712813256131,734.2405345152865,735.4443969726562,60410800
2026-05-18,736.1010471042457,737.682999009625,729.6935042484962,734.927001953125,47843900
2026-05-19,731.0764945153984,733.9320239063612,727.8428755921286,730.03173828125,54255900
2026-05-20,732.0018002736176,738.1307251173267,730.1909663879147,737.5138549804688,45768000
2026-05-21,734.9170485709385,741.1156280791548,733.3151780259534,738.9764404296875,43332200
2026-05-22,742.4787264390759,745.1651298094138,740.7275876279662,741.8817749023438,41762000
2026-05-26,746.2297301040182,748.3390397979183,744.5979816306177,746.8068237304688,41123600
2026-05-27,747.0952952420212,747.5927750592914,744.4486686067338,746.6774291992188,42106300
2026-05-28,746.4685193943138,751.3438462445121,745.4536410614309,750.7965698242188,41562600
2026-05-29,752.0900813404212,754.2590862562773,750.8861582097875,752.6671142578125,55075700
2026-06-01,751.5527103892452,756.4479556154175,750.886104424133,754.7166748046875,43634900
2026-06-02,753.2144012702464,756.5674107365072,752.9357833937803,755.7415771484375,31581900
2026-06-03,754.3287420712209,754.9754294579049,749.7718095132926,750.4384155273438,51402500
2026-06-04,748.3091480570178,754.4878695071194,747.6823186029123,753.2740478515625,49923000
2026-06-05,748.5181345185488,749.0255736853693,731.82274221843,733.83251953125,93989400
2026-06-08,739.6132273185567,741.5832888174093,734.4693026781229,735.4940795898438,49319100
2026-06-09,739.881935268434,743.1354731343894,718.9480036644643,733.3350830078125,87683500
2026-06-10,729.69352181897,734.6583610930755,721.6741489247238,721.7736206054688,60341300
2026-06-11,725.0868662900759,736.2702039965386,720.7587550057447,734.04150390625,86330500
2026-06-12,736.9766163198905,740.6877965432628,731.3252525489901,738.0113525390625,57079500
2026-06-15,748.0604304424444,752.8661028247,747.9709180763429,751.0254516601562,60176400
2026-06-16,750.7468576807364,751.6323864215939,746.100412710964,746.5481567382812,67093100
2026-06-17,747.5032315039188,748.3589429763433,735.4940609532621,737.225341796875,85945200
2026-06-18,745.907751654771,746.3765582049119,742.0173878962117,744.8902587890625,80875700
2026-06-22,745.8479411927095,748.321778689857,741.2892538871644,742.546142578125,46628100
2026-06-23,731.9922892059834,737.7978798883457,730.4860198600484,731.7628784179688,66846800
2026-06-24,733.3489180103626,738.1171068570358,729.0296875445486,731.4237060546875,57439500
2026-06-25,737.0796452204372,737.5385276888334,727.7927091295785,732.4810791015625,53934400
2026-06-26,727.144386135875,734.7056273477464,714.8050317832251,727.1842651367188,71034000
2026-06-29,734.7055914816465,739.7231001504891,730.27658724538,739.1644897460938,58035200
2026-06-30,739.4537599262709,746.1671307285668,739.0547872797607,744.9202270507812,55626000
2026-07-01,743.1545925484338,747.5835968507926,740.541087308444,743.9127197265625,47100900
2026-07-02,745.5486859530862,749.4489739445169,738.1969465958291,742.9351806640625,57447800
2026-07-06,746.885320136641,750.5462122974698,745.5585975722108,749.4190673828125,50673300
2026-07-07,748.3616416292718,749.0998597580657,743.364102770238,745.85791015625,43721500
2026-07-08,741.3191472958572,744.3017921335774,737.6782249675691,743.5536499023438,43767400
2026-07-09,745.4987759890873,750.1073272936331,743.7431866839036,749.8480224609375,41441700
2026-07-10,750.187115173852,753.5487626123848,746.2468873823584,753.0799560546875,42191300
2026-07-13,750.6060836597362,752.0425191788765,746.1471851864706,747.3142700195312,44013600
2026-07-14,749.0499474324819,751.4739818301254,746.8055207475287,749.9677124023438,35143100
2026-07-15,752.3717122204262,753.7084197839658,748.3417413555546,752.9403076171875,43844800
2026-07-16,750.8953984161742,752.7009125511715,746.0274814662645,748.8604125976562,46409800
2026-07-17,740.241827732839,745.438883195828,738.9649691671198,741.4487915039062,62651000
2026-07-20,745.2094908804986,746.8753371556621,739.6732506975046,740.2518310546875,50422300
2026-07-21,744.4413918284653,747.1845799829406,742.3366329839115,746.426513671875,34324300
2026-07-22,744.7705725456777,748.1621748950539,744.5211918106933,745.55859375,32836200
2026-07-23,737.5385562389782,740.7206569606348,733.3888874570794,736.3515014648438,55437300
2026-07-24,736.6806667930385,741.8777222786117,735.4636571620507,737.099609375,44782000
2026-07-27,743.0648074406847,743.6833276942111,734.0472217265344,737.25927734375,41461200
2026-07-28,737.3589950224286,740.9500533043114,734.156924420905,739.0248413085938,47322200
2026-07-29,738.1370526174048,740.8403618199718,727.2939826612791,727.6531372070312,70697200
2026-07-30,734.2267392747757,740.6109103701467,732.7703947650456,739.852783203125,66811300
2026-07-31,742.835410914187,747.0449895804718,735.8527500027326,745.1796264648438,62445900
2026-08-03,747.5836183167282,756.7009928898597,746.9451890027125,755.793212890625,59927500
2026-08-04,758.7458651152236,771.494176400126,758.6361522059436,769.4193725585938,69154800
2026-08-05,773.928165423025,774.9256883846499,767.6039039413469,767.8831787109375,44689100
2026-08-06,768.3021872511085,769.9081846177485,765.5589990885744,766.65625,38416900
2026-08-07,769.1101628301597,772.0029428489042,767.703621378493,771.3446044921875,43586300
2026-08-10,770.6861849056471,773.1301282404592,769.7086319253093,771.1151733398438,39249500
2026-08-11,772.6115040483734,772.6912620504304,767.2946895097219,768.6513061523438,36740600
2026-08-12,772.7910096110111,772.9805414027246,769.369513273419,770.5764770507812,33179100
2026-08-13,772.9506321027081,777.4394855444215,772.1925048911166,775.9531860351562,35634500
2026-08-14,776.6114939657781,776.8708596736758,773.509212209858,774.4169921875,31367900
2026-08-17,774.2573577843602,774.8559080861019,770.5964655970525,770.7560424804688,34356600
2026-08-18,766.7959149360092,767.5939211307613,765.0202948350139,765.5490112304688,43920900
2026-08-19,768.4517358705159,770.5564946026684,766.1973243479778,767.1549682617188,40306000
2026-08-20,764.0627220124634,766.2472997692572,760.1523881029335,760.7109985351562,45520300
2026-08-21,764.1524418077088,765.9479709365374,762.2770937955632,763.8232421875,39188700
2026-08-24,762.8856098637509,763.3244615010249,760.1922857963137,761.5787963867188,32430900
2026-08-25,764.262137078792,764.8806573052586,761.159855395616,764.0127563476562,27422300
2026-08-26,762.8356805789958,765.449185749943,762.0376744224566,764.182373046875,28751600
2026-08-27,766.5964060257239,770.4468300957561,765.2596984507333,769.18994140625,34557100
2026-08-28,769.8483393622295,773.3795487683207,766.4068729286823,767.4442749023438,36744300
2026-08-31,765.4292990280279,766.097622354185,762.8257178677422,765.1499633789062,38810800
2026-09-01,760.1224772031874,762.7758614763637,757.5987149009983,759.89306640625,41126300
2026-09-02,760.5614001563074,764.5315220914426,759.8431519587122,763.2646484375,29566200
2026-09-03,765.99791709853,772.112737807933,765.5490195828438,771.2548217773438,43531600
2026-09-04,770.0977256925568,770.9555808433835,767.0951717806925,768.2822265625,34054200
2026-09-08,767.1649647963771,767.7934091111229,763.2447069992287,764.0626831054688,44746100
2026-09-09,762.1873669257697,762.5763546117217,759.055130192088,760.5115356445312,32812400
2026-09-10,756.1523365872063,758.2271404471661,754.7657651010062,755.9528198242188,42740400
2026-09-11,762.8257171109622,764.4816392943262,761.7084962835214,762.3967895507812,45512700
2026-09-14,757.119891309806,761.6287143614769,756.0525344863368,758.9952392578125,43992400
2026-09-15,758.2371341657202,758.4665449596201,754.2769973083872,755.513916015625,46195000
2026-09-16,757.6187023523285,759.7833101686804,747.7432005092232,752.1821899414062,59217700
2026-09-17,761.2596848801362,761.6786274833105,758.0775841455181,760.7109985351562,49652800
2026-09-18,761.3099975585938,762.0,757.969970703125,761.6900024414062,65308100
